ticker,period,year,quarter,period_order,revenue,cost_of_sales,gross_profit,ebit,net_profit,interest_expense,cash,current_assets,total_assets,receivables,inventory,payables,short_term_debt,long_term_debt,liabilities,current_liabilities,equity,fixed_assets,cfo,capex,depreciation,investing_cashflow,financing_cashflow,company_name,sector,segment,sub_sector_id,market_cap,shares_outstanding,exchange,total_debt,net_debt,ttm_revenue,revenue_qoq,revenue_yoy,ttm_revenue_yoy,ttm_cost_of_sales,cost_of_sales_qoq,cost_of_sales_yoy,ttm_cost_of_sales_yoy,ttm_gross_profit,gross_profit_qoq,gross_profit_yoy,ttm_gross_profit_yoy,ttm_ebit,ebit_qoq,ebit_yoy,ttm_ebit_yoy,ttm_net_profit,net_profit_qoq,net_profit_yoy,ttm_net_profit_yoy,ttm_interest_expense,interest_expense_qoq,interest_expense_yoy,ttm_interest_expense_yoy,ttm_cfo,cfo_qoq,cfo_yoy,ttm_cfo_yoy,ttm_capex,capex_qoq,capex_yoy,ttm_capex_yoy,ttm_depreciation,depreciation_qoq,depreciation_yoy,ttm_depreciation_yoy,ttm_investing_cashflow,investing_cashflow_qoq,investing_cashflow_yoy,ttm_investing_cashflow_yoy,ttm_financing_cashflow,financing_cashflow_qoq,financing_cashflow_yoy,ttm_financing_cashflow_yoy,cash_qoq,cash_yoy,current_assets_qoq,current_assets_yoy,total_assets_qoq,total_assets_yoy,receivables_qoq,receivables_yoy,inventory_qoq,inventory_yoy,payables_qoq,payables_yoy,short_term_debt_qoq,short_term_debt_yoy,long_term_debt_qoq,long_term_debt_yoy,total_debt_qoq,total_debt_yoy,net_debt_qoq,net_debt_yoy,liabilities_qoq,liabilities_yoy,current_liabilities_qoq,current_liabilities_yoy,equity_qoq,equity_yoy,fixed_assets_qoq,fixed_assets_yoy,fcf,ttm_fcf,fcf_yoy,ttm_fcf_yoy,gross_margin,ebit_margin,net_margin,cfo_margin,fcf_margin,roa,roe,cfo_to_net_profit,fcf_to_net_profit,accrual_ratio,receivables_to_revenue,inventory_to_revenue,payables_to_cogs,receivables_growth_spread,inventory_growth_spread,debt_to_equity,liabilities_to_assets,equity_to_assets,net_debt_to_ebitda,interest_coverage,cash_to_short_term_debt,current_ratio,quick_ratio,debt_growth_spread,interest_growth_spread,capex_to_revenue,capex_to_depreciation,asset_growth,fixed_asset_growth,gross_margin_yoy_delta,ebit_margin_yoy_delta,net_margin_yoy_delta,cfo_margin_yoy_delta,fcf_margin_yoy_delta,valid_for_yoy_view,valid_for_qoq_view,growth_ttm_revenue_yoy_score,growth_ttm_gross_profit_yoy_score,growth_ttm_ebit_yoy_score,growth_ttm_net_profit_yoy_score,growth_revenue_yoy_score,growth_net_profit_yoy_score,profitability_gross_margin_score,profitability_ebit_margin_score,profitability_net_margin_score,profitability_roa_score,profitability_roe_score,cash_cfo_to_net_profit_score,cash_fcf_to_net_profit_score,cash_cfo_margin_score,cash_fcf_margin_score,cash_accrual_ratio_score,wc_stress_receivables_growth_spread_score,wc_stress_inventory_growth_spread_score,wc_stress_receivables_to_revenue_score,wc_stress_inventory_to_revenue_score,balance_debt_to_equity_score,balance_net_debt_to_ebitda_score,balance_liabilities_to_assets_score,balance_interest_coverage_score,balance_cash_to_short_term_debt_score,balance_current_ratio_score,balance_quick_ratio_score,balance_equity_yoy_score,balance_equity_to_assets_score,leverage_stress_debt_to_equity_score,leverage_stress_net_debt_to_ebitda_score,leverage_stress_liabilities_to_assets_score,leverage_stress_debt_growth_spread_score,leverage_stress_interest_growth_spread_score,leverage_stress_interest_coverage_score,capital_fcf_margin_score,capital_asset_growth_score,capital_fixed_asset_growth_score,capital_capex_to_revenue_score,capital_capex_to_depreciation_score,growth_score,profitability_score,cash_conversion_score,working_capital_stress_score,balance_sheet_resilience_score,leverage_stress_score,capital_allocation_score,preliminary_health_score,rolling_consistency_score,transmission_score,matrix_consistency_score,corporate_health_score,sector_health_score,sector_growth_score,sector_cash_conversion_score,sector_working_capital_stress,sector_leverage_stress,sector_diffusion_label,sector_diffusion_score,breadth_diffusion_score,diagnostic_flags,primary_flag,flag_count,sector_health_percentile,historical_health_zscore,stress_flag
ACB,2025Q4,2025,4,8104,8206.046,-8987.152,7093.272,5423.672,2784.685,-8987.152,8624.548,,1025850.127,6743.073,,,,,931330.408,,94519.719,5438.55,49350.984,-323.105,,-213.69,,Asia Commercial Joint Stock Bank,Banks,Banks,banks-151,127902749315100.0,5136656599.0,HOSE,,,33797.883,-0.021303057426862084,-0.04115889424717257,0.00844774088931994,-31850.134,-0.08544494518758793,-0.39593559264905637,-0.3783135372712372,26905.695,0.04779554811062806,0.0018333992204557364,-0.03198476457851577,22873.523999999998,-0.04356756764382454,-0.06792879672710493,0.011558738582910828,15624.698999999999,-0.3494621884978913,-0.38735709615335534,-0.06939160803174894,-31850.134,-0.08544494518758793,-0.39593559264905637,-0.3783135372712372,28160.073999999997,5.332598576723655,0.31534001834349673,2.364312645612767,-701.864,-2.3438030384567625,0.22877431674424148,0.23688868593298104,,,,,-304.23199999999997,-2.607537801850598,0.3687037288696403,0.5851249812494034,,,,,0.27101342142617985,0.5140218055142777,,,0.08149387818349652,0.187318698751691,0.14144931176920864,0.5682845274114235,,,,,,,,,,,,,0.08656378121351527,0.1931811379889815,,,0.03395725013810565,0.13249243563015828,0.007007604934467888,0.004837067680147568,49027.87899999999,27458.209999999995,0.32148430211963586,2.6854228801833324,0.7960763400476888,0.6767738677597054,0.4622981563667759,0.8331904693557285,0.8124239615836292,0.016535334338175414,0.17557676547510187,1.8022794551114232,1.7573592937694351,-0.012219499388919993,0.19951169722671683,,,0.5598367865221036,,,0.9078620584895635,0.09213794151043664,,0.7181609973760236,,,,,-0.389872275854148,0.020766507772099218,,0.187318698751691,0.004837067680147568,-0.033250882624567435,0.0020813837707857052,-0.03866823876678299,0.5834428581615081,0.5901191853505672,True,True,17.647058823529413,5.88235294117647,17.647058823529413,11.76470588235294,23.52941176470588,17.647058823529413,58.82352941176471,58.82352941176471,82.35294117647058,70.58823529411765,52.94117647058824,11.76470588235294,11.76470588235294,23.52941176470588,17.647058823529413,11.764705882352942,58.82352941176471,,23.52941176470588,,,,58.82352941176471,58.82352941176471,,,,29.411764705882355,58.82352941176471,,,41.17647058823529,,47.05882352941176,41.17647058823529,17.647058823529413,29.411764705882355,23.52941176470588,52.94117647058824,,15.686274509803923,64.70588235294119,15.294117647058822,41.1764705882353,51.470588235294116,43.13725490196077,30.88235294117647,38.083333333333336,80.77228824018572,58.333333333333336,69.55281078675952,37.80986735289424,49.95573920891706,50.0,50.0,50.0,50.0,Mixed / Divergent,0.0,24.97786960445853,"[""Margin Compression""]",Margin Compression,1,11.76470588235294,-1.7610645841012387,False
ANV,2025Q4,2025,4,8104,2118.93,-1693.547,425.384,295.192,251.571,-17.992,45.722,3476.486,5824.715,1258.075,1421.516,315.489,1600.293,53.171,2297.847,2230.874,3526.869,1102.108,313.687,-67.845,0.0,-299.652,-140.878,Nam Viet Corporation,Food & Beverage,Non-financial,farming-fishing-5,5751124200000.0,266255750.0,HOSE,1653.464,1607.742,6951.508,0.059421034027087746,0.5570944935527984,0.4154207896701177,-5328.576,-0.11963017198919737,-0.38567269740071874,-0.22470830132841657,1622.933,-0.12739595641328605,2.0682852588377005,1.896175926305965,1149.922,-0.14119467945211853,25.515045360639544,8.640364849683943,999.478,-0.11130147874437427,46.11067415730337,19.895592908513116,-68.099,-0.11453880939106734,0.17871000136942525,0.25449390230551966,902.2839999999999,-0.07051572662488703,0.686779445926181,0.2387221838580229,-206.72499999999997,-1.3358581511447751,-0.39012396270873884,-0.286171132776288,0.0,,,,-726.078,0.1478395395264448,-8.59254753825469,-5.5440141321099885,-353.7969999999999,-2.264296227160139,-19.446734397677794,0.19291870263660957,-0.7294043842621087,-0.7913095075083298,0.04220802094197507,0.34458641763064846,0.03398929036461227,0.19794125008663657,0.06467741266653648,1.2802201785643081,-0.04915635733659755,-0.1401854009176897,0.24753450116651507,1.1005013415714027,0.09204156641058425,-0.014882401572452388,-0.32047235037765026,-0.5190799649062509,0.07113155025617664,-0.04701129087105124,0.16952803280441522,0.06055780571790434,0.09855949086170014,0.11244799879162092,0.11589395857603677,0.14956588683118757,-0.004146484848176802,0.2610850525656365,0.009099316040543023,0.026748748830813594,245.842,695.559,0.7923346675123761,0.2252875790512096,0.23346488272760385,0.1654205101972119,0.14377858732234788,0.12979687285118566,0.10005872107174443,0.1870458144139049,0.3161122930221459,0.9027552382343582,0.6959222714256842,0.016686481656184048,0.1809787171359078,0.20449030627599077,0.05920700014412856,0.8647993888941905,-0.5556061905878074,0.46881922747910393,0.39449947336479124,0.6055006983174284,1.3981313515177551,16.88603356877487,0.028571017932341142,1.5583515698331687,0.9211501859809205,-0.4624320805411689,-8.385870947378423,0.029738151779441235,,0.19794125008663657,0.026748748830813594,0.11936578892979285,0.14113308613995254,0.13403934697169287,-0.018514988082431044,-0.01552654757385527,True,True,100.0,100.0,94.44444444444444,94.44444444444444,100.0,94.44444444444444,55.55555555555556,66.66666666666666,66.66666666666666,100.0,100.0,66.66666666666666,55.55555555555556,44.44444444444444,55.55555555555556,66.66666666666667,100.0,0.0,66.66666666666666,77.77777777777779,55.55555555555556,55.55555555555556,66.66666666666667,66.66666666666666,0.0,55.55555555555556,33.33333333333333,88.88888888888889,66.66666666666666,44.44444444444444,44.44444444444444,33.33333333333333,11.11111111111111,5.555555555555555,33.33333333333334,55.55555555555556,88.88888888888889,77.77777777777779,44.44444444444444,,97.22222222222223,77.77777777777777,57.777777777777786,61.111111111111114,54.32098765432098,28.7037037037037,66.66666666666667,72.75925925925925,62.41546661876928,100.0,81.20773330938464,73.07039240850196,50.02985935093874,50.0,50.0,50.0,50.0,Mixed / Divergent,0.0,25.01492967546937,"[""Healthy Growth""]",Healthy Growth,1,100.0,1.400283839955153,False
BCM,2025Q4,2025,4,8104,1376.455,-336.411,1040.043,1291.523,1247.075,-407.441,2349.813,31384.545,60908.206,6473.958,22192.828,322.846,9672.435,14275.456,37590.843,21678.288,23317.363,774.861,219.77,70.922,53.638,-1476.101,1736.701,Becamex Investment And Industrial Development Group,Real Estate,Real Estate,real-estate-holding-development-160,56614500000000.0,1035000000.0,HOSE,23947.891,21598.078,6950.951000000001,0.6616146617993587,-0.32658790284349176,0.3267108028727855,-2788.818,-0.05631175877692903,0.4374943567346311,-0.6019735028123967,4162.133,1.0396719401773264,-0.2807164597774602,0.1897342535327861,3797.8329999999996,2.16621926076287,-0.2981402542409725,0.46642971600671845,3516.0209999999997,1.9524534430591924,-0.232891180439963,0.46803902722536406,-1375.904,-0.32435243602370184,-0.14379998708652308,-0.062491360863766866,-167.66800000000026,1.2722368461800504,3.505386518314163,0.7402795354809925,-22.237000000000066,2.3294966726028683,2.0154343966554036,0.9304870005032868,227.80599999999998,0.10737659227450091,-0.10552646499683159,-0.13111171290062973,-1714.0990000000002,-7.656539738085789,-5.04043458689692,-0.3297701585469261,2026.42,5.5930861755247125,-0.07339376607301014,-0.27820576204391406,0.25697301090925434,0.06560813881036025,-0.006627569290512054,-0.010075111738386362,0.04685615934269731,0.036192932387840195,-0.09834910745174595,-0.19715532702181393,-0.00043567163897431486,0.054054317203512905,-0.3687386348082827,-0.438622421300096,0.30524294887434594,0.14544888693831323,-0.03730354876004611,-0.05982304689663596,0.07683898027363027,0.013537439518862989,0.06030719636604323,0.008177608156509319,0.041462695041654354,-0.01340401915858714,0.08110374647990162,-0.011457645572191139,0.055669837143154016,0.12757567991024799,-0.03482478615976948,-0.2704917955617233,148.848,-189.9050000000003,1.9446887911502067,0.8033026470064256,0.5987861229348328,0.5463760282585791,0.505833086724392,-0.024121591419648942,-0.027320722013433888,0.05875263487116489,0.15983162139278922,-0.04768685966323872,-0.05401133838506662,0.06047935478513355,0.9313773036236335,3.1927757798896867,0.11576445648299745,-0.5238661298945995,-0.2726564856692726,1.027041136684281,0.6171720605266227,0.3828279394733774,5.3651303557025365,2.7602456276019254,0.2429391358018948,1.4477409378452761,0.4240056687133226,-0.3131733633539225,-0.5289210768704853,0.003199130593784946,0.09761375907570506,0.036192932387840195,-0.2704917955617233,-0.06893947675183909,0.05205777269612688,0.048696588196743995,0.099096946550391,0.15695576410019035,True,True,61.111111111111114,38.88888888888889,55.55555555555556,50.0,16.666666666666664,22.22222222222222,88.88888888888889,77.77777777777779,88.88888888888889,77.77777777777779,83.33333333333334,44.44444444444444,55.55555555555556,38.88888888888889,50.0,33.33333333333334,22.22222222222222,38.88888888888889,44.44444444444444,61.111111111111114,16.666666666666657,27.777777777777786,22.222222222222214,25.0,11.76470588235294,5.555555555555555,5.555555555555555,55.55555555555556,22.22222222222222,83.33333333333334,72.22222222222221,77.77777777777779,11.11111111111111,52.94117647058824,75.0,50.0,27.77777777777778,0.0,77.77777777777777,96.66666666666667,40.74074074074074,83.33333333333334,44.44444444444444,41.66666666666667,21.36891793754539,62.06427015250545,50.44444444444444,48.43088235294118,73.79614562526162,65.83333333333333,69.81473947929747,48.167752407650404,49.84532322977395,50.0,50.0,50.0,49.8469212246302,Mixed / Divergent,0.0,24.922661614886977,"[""Accounting Profit Risk"", ""Margin Compression""]",Accounting Profit Risk,2,50.0,0.4077879595820285,False
BID,2025Q4,2025,4,8104,30183.214,-24549.724,19246.76,20365.494,11542.62,-24549.724,13075.066,,3330903.761,32942.508,,,,,3157292.456,,173611.305,13123.582,81115.922,-408.329,,-352.358,,Joint Stock Commercial Bank for Investment and Development of Vietnam,Banks,Banks,banks-151,305034732299000.0,7280065210.0,HOSE,,,91325.00200000001,0.4268201234715611,0.14303594298622732,0.12662258012392807,-91697.82800000001,-0.054903057616101036,-0.17854624230587873,-0.14221318201286792,63356.693,0.2685193814277798,0.2307112681599636,0.09221411010175633,60860.35,0.47793868078467233,0.2087966446779634,0.14627441580128875,30482.979,0.896302064594351,0.45255544538718884,0.19055362246195798,-91697.82800000001,-0.054903057616101036,-0.17854624230587873,-0.14221318201286792,192956.38400000002,2.795667611575871,0.3385281905040512,0.9520757238283919,-1822.98,0.041485720724315854,-0.5345003175509867,-0.46444328051746914,,,,,-1638.6930000000002,0.15868467926402394,-0.4827885133315378,-0.45217556981319323,,,,,0.24243470361549047,0.21370087321043857,,,0.08428908761457266,0.20650303867493233,0.03015925944005448,0.2783097669866052,,,,,,,,,,,,,0.08722809941452496,0.20697110021652929,,,0.03348243620785191,0.19805376831244115,0.09269857768977151,0.08282014489162677,80707.59300000001,191133.404,0.33766387927829244,0.9582950519919973,0.6937497028469816,0.6664149867743775,0.3337856921152873,2.1128538710571285,2.0928924151570234,0.010008044041117112,0.1914024086053497,6.329971358770415,6.270168148592039,-0.0487775740933513,0.36071729842392997,,,0.15168718686267713,,,0.9478786187002056,0.05212138129979433,,0.6637054696649957,,,,,-0.28848759781415667,0.01996145590010499,,0.20650303867493233,0.08282014489162677,-0.021855482027307804,0.011425080794345233,0.017923818643568012,0.8934396595188507,0.8888349110094611,True,True,52.94117647058824,76.47058823529412,52.94117647058824,52.94117647058824,58.82352941176471,76.47058823529412,5.88235294117647,41.17647058823529,17.647058823529413,5.88235294117647,70.58823529411765,82.35294117647058,91.17647058823529,88.23529411764706,88.23529411764706,64.70588235294117,35.294117647058826,,58.82352941176471,,,,11.764705882352942,41.17647058823529,,,,58.82352941176471,11.76470588235294,,,88.23529411764706,,70.58823529411765,58.82352941176471,88.23529411764706,47.05882352941176,70.58823529411765,64.70588235294117,,61.76470588235295,28.23529411764706,82.94117647058823,47.05882352941177,30.88235294117647,72.54901960784314,67.6470588235294,51.13235294117648,49.36557906239046,85.0,67.18278953119523,50.74038589795917,49.95573920891706,50.0,50.0,50.0,50.0,Mixed / Divergent,0.0,24.97786960445853,"[""Margin Compression"", ""High Leverage Stress""]",Margin Compression,2,52.94117647058824,1.2405828274753543,True
BMP,2025Q4,2025,4,8104,1286.058,-681.649,604.409,326.071,261.343,0.0035,297.408,2758.364,3378.834,129.177,524.732,111.185,54.9,0.0,501.376,483.662,2877.458,266.434,-101.757,-65.377,24.07,128.691,-532.096,Binh Minh Plastics Joint Stock Company,Construction & Materials,Non-financial,building-materials-fixtures-43,11223134599800.0,81860938.0,HOSE,54.9,-242.508,5509.578,-0.16069542971630696,0.2215631313539077,0.19366576401868507,-2970.014,0.14593489975855856,-0.1344895995952347,-0.13055013756865108,2539.563,-0.1767418039764795,0.33732415245799346,0.27704404950956096,1534.8390000000002,-0.258408746142177,0.12949273956659105,0.24891288427425268,1228.7350000000001,-0.2545431726191665,0.1315754151241584,0.24019189270480706,0.0139,0.0,-0.05405405405405408,-0.3285024154589372,1215.81,-1.244827694062224,-1.5937022299497066,0.3500674584006528,-122.731,-6.97086076566691,-0.28621456255287325,-0.12599313748876131,92.525,0.043120260021668515,0.04217180464149637,-0.16728915608434652,-378.899,1.505715734085738,7.913667132266037,-0.5258558547674567,-1043.7269999999999,,-0.13240345448431734,-0.07677983377763828,-0.6294069050078565,-0.41010724493378264,-0.1866083508198307,0.06249766477807407,-0.14909092557466258,0.05572231795394148,-0.3725007286505393,-0.2732780881335336,0.28743945944089233,0.13190274038793393,-0.3616404379553662,-0.35468237615717224,0.0,0.0,,,0.0,0.0,0.6756262213774663,0.4602212908409809,-0.390528796887099,0.005172455272295656,-0.3993097169939033,0.005534303534303488,-0.08600217710947573,0.06505498947144,0.020874682933184292,0.004656880304978577,-167.13400000000001,1093.079,-2.3862563762285904,0.38092266254988577,0.46093602813137413,0.2785765080374577,0.22301798794753427,0.22067207325134516,0.19839613850643367,0.3735137732130435,0.44047335466630533,0.9894810516506812,0.8895970245821921,0.003825284106884263,0.023445897308287493,0.09523996211688081,0.037435850470738524,-0.4669438521522187,-0.061763023630751146,0.01907934016760627,0.14838728389734446,0.8516127161026557,-0.14901890419107217,110420.07194244605,5.417267759562842,5.703081904305073,4.618167232488805,-0.19366576401868507,-0.5774152997331898,0.022275934744911494,1.3264631180761954,0.05572231795394148,0.004656880304978577,0.03009454197083311,0.01232315723034999,0.008366579129893359,0.025564267877531244,0.026903060239942433,True,True,62.5,62.5,25.0,25.0,75.0,25.0,87.5,87.5,87.5,100.0,93.75,37.5,62.5,75.0,87.5,37.5,0.0,62.5,6.25,37.5,100.0,100.0,100.0,100.0,100.0,100.0,100.0,12.5,100.0,0.0,0.0,0.0,37.5,62.5,0.0,87.5,37.5,75.0,75.0,37.5,45.833333333333336,91.25,60.0,26.5625,90.27777777777777,16.666666666666668,62.5,75.015625,75.72481199482233,100.0,87.86240599741117,75.65791067968621,49.966615192625994,50.0,50.0,50.0,50.0,Mixed / Divergent,0.0,24.983307596312997,"[""Healthy Growth""]",Healthy Growth,1,100.0,0.09994623165120806,False
BSI,2025Q4,2025,4,8104,565.655,-248.859,316.796,120.868,95.063,-131.099,1064.106,16234.965,16627.752,220.71,0.0,2.498,9603.48,0.0,11099.994,11080.578,5527.758,25.722,303.044,0.951,2.198,1.254,0.42,BIDV Joint Stock Securities Company,Financial Services,Securities,investment-services-154,8600076302150.0,245365943.0,HOSE,9603.48,8539.374,2097.191,-0.17773261755346917,0.7759689800788057,0.4836729481794649,-897.03,0.06007236633379161,-1.1478173061985397,-0.6362472274106933,1200.16,-0.2513511533544287,0.5633515759552701,0.387003201238891,617.268,-0.5509236553866275,0.06756876115105365,0.19816219217010023,493.666,-0.5590524518989926,0.042906354221520115,0.19505966026691568,-380.83299999999997,-0.2498474621515463,-1.8252877031162447,-1.2457556655010347,-4249.312,1.2181597763143117,1.5776502768697045,-1.0172390302582628,-2.704,1.202555910543131,1.3438177874186552,0.5488069414316703,8.5,-0.040593627237014394,-0.1400625978090767,-0.08177595333261313,2.34,1.532032244378447,4.26890756302521,1.349397590361445,5026.645,-0.9997610173831403,-0.9992037809032538,2.1949854191084675,0.40126786306868156,2.7411350260517375,-0.0022745853192885305,0.6631734996421633,-0.0019729155370069008,0.6119885340418898,-0.1996359179292288,0.7963618605786841,,,7.326666666666668,2.1821656050955416,-0.030251255672489104,0.9692033870327783,,,-0.030251255672489104,0.9692033870327783,-0.06608920354973352,0.8594573949443876,-0.011369876031949982,1.113007107702886,-0.01054668283880069,1.1165319262568447,0.017446623587720287,0.09203612411352147,-0.048108948264377074,-0.0676718982203051,302.09299999999996,-4252.016,1.5728173749149097,-1.0127962614769666,0.5722702414801514,0.2943308454022548,0.23539391500344986,-2.0261921780133525,-2.027481521711661,0.036645475111577085,0.09323565295892967,-8.607665911770306,-8.61314329931573,0.2852446921267529,0.10524077206129534,0.0,0.002784745214764278,0.3126889123992192,,1.7373191807600838,0.667558308543452,0.33244169145654806,13.646229912683294,1.620836429616131,0.11080420847442803,1.465173116420461,1.465173116420461,0.48553043885331343,-1.443917857671135,0.0012893436983088334,0.31811764705882356,0.6119885340418898,-0.0676718982203051,-0.03988543023988245,-0.07013626597203043,-0.05684888714976705,-0.5359342178813977,-0.5329837703644855,True,True,62.5,62.5,25.0,37.5,62.5,37.5,50.0,25.0,25.0,50.0,37.5,18.75,12.5,12.5,12.5,18.75,62.5,,37.5,50.0,57.142857142857146,28.57142857142857,62.5,16.666666666666664,42.857142857142854,57.14285714285714,57.14285714285714,37.5,62.5,42.857142857142854,71.42857142857143,37.5,85.71428571428571,50.0,83.33333333333334,12.5,93.75,25.0,93.75,85.71428571428572,47.916666666666664,37.5,15.0,50.0,46.89153439153439,61.805555555555564,62.142857142857146,38.9563492063492,59.01772701101553,58.333333333333336,58.67553017217443,38.10398699716339,48.55445128821865,50.0,50.0,50.0,53.973765432098766,Mixed / Divergent,0.0,24.277225644109325,"[""Accounting Profit Risk"", ""Working Capital Absorption"", ""Leverage-Funded Growth"", ""Margin Compression""]",Accounting Profit Risk,4,25.0,-0.7834790943721958,False
BVH,2025Q4,2025,4,8104,10549.602,-10332.904,216.698,-1869.115,858.52,531.335,4194.618,150465.591,291911.212,14365.534,68.126,2965.484,,201463.628,266301.161,64837.533,25610.051,1707.798,-7974.533,-33.083,58.2,-17792.257,24659.908,Bao Viet Holdings,Insurance,Insurance,life-insurance-139,49809857464400.0,742322764.0,HOSE,201463.628,197269.01,40934.015,0.08205585239421842,0.007855069750023556,0.027894284473945524,-39302.658,-0.08713019686045495,0.006473510681975218,0.03651746534743353,1631.357,-0.11493313946364529,2.2270737155621743,2.6833506515752035,-7502.477,0.05128145260226771,0.017809708529711164,0.06691539878497779,2954.2799999999997,0.13062533911385268,0.5321548716392871,0.40044531267406097,1741.976,0.22815675360818083,0.6576401476272632,0.688293336770702,5911.819000000001,-2.9924751238342715,-3.9286050576941443,-0.29781667988249694,-119.77399999999999,-0.13605302015727483,0.24383442664167676,0.11454298134074588,239.029,-0.02618589475445491,-0.4895811408124605,-0.3390708297387573,-24268.171000000002,-7.608463770415898,-0.47876946747531274,-0.12128889281726372,21085.034999999996,17.01903038841166,1.9779940394007232,1.1311443513599784,-0.20880940340682422,1.8650040161520351,0.08341086772794398,0.2411914216187664,0.07009495351422484,0.1616677098392226,0.02949181973204112,0.24534154248606707,-0.20476724097679413,-0.32199442675159234,0.016211496496441612,0.21837727951381325,,,0.018803246536645914,0.07803756026909918,0.018803246536645914,0.07803756026909918,0.02507377221766451,0.06392724726823973,0.07707998071068588,0.16942142303958319,0.3098953550967677,0.5875805585773406,0.0024922902977023535,0.08674250199027098,-0.027587220028150946,-0.0967080953625178,-8007.616,5792.045000000001,-3.988776248689455,-0.30080935034684014,0.039853334689988265,-0.1832822165135768,0.07217176228620623,0.1444231405104044,0.14149711431922818,0.01087736886819732,0.12015144479806364,2.0011031452672063,1.960560610368686,-0.010131638931361094,0.3509436833889859,0.0016642882453626892,0.07545250501887174,0.21744725801212156,-0.3498887112255379,7.866584412502732,0.9122676692528001,0.08773233074719994,-27.15914122328679,-4.30687736225987,,2.3206557072429015,2.3196049886722245,0.05014327579515365,0.6213779379857243,0.0029260261911762133,0.5010856423279183,0.1616677098392226,-0.0967080953625178,0.06418873676841616,0.0186231011336144,0.01919936751789341,-0.06699133833477863,-0.06652064900532434,True,True,20.408163265306122,97.95918367346938,23.46938775510204,65.3061224489796,24.489795918367346,65.3061224489796,2.0408163265306123,2.0408163265306123,20.408163265306122,5.1020408163265305,40.816326530612244,72.44897959183673,78.57142857142857,53.06122448979592,67.3469387755102,58.16326530612245,64.28571428571429,17.142857142857142,62.244897959183675,11.39240506329114,1.8987341772151893,98.10126582278481,8.16326530612244,2.1505376344086025,,68.35443037974683,86.07594936708861,31.63265306122449,8.16326530612245,98.10126582278481,1.89873417721519,91.83673469387756,58.44155844155844,97.87234042553192,97.84946236559139,67.3469387755102,50.0,13.26530612244898,91.83673469387755,72.0,49.48979591836735,14.081632653061224,65.91836734693877,38.766468612761564,38.06751263183918,74.33334932109322,58.88979591836735,43.00658277612623,46.80288902332268,92.5,69.65144451166134,42.557591772925,42.7374708486281,49.48979591836735,65.91836734693877,38.766468612761564,74.33334932109322,Weakening,0.0,21.36873542431405,"[""Accounting Profit Risk"", ""Working Capital Absorption"", ""Leverage-Funded Growth"", ""High Leverage Stress""]",Accounting Profit Risk,4,29.591836734693878,-1.311903895959189,True
BWE,2025Q4,2025,4,8104,1390.372,-874.793,515.58,311.397,277.944,-98.062,1061.535,3794.456,15148.256,1391.639,852.685,396.944,2004.141,5066.103,8858.978,2972.406,6289.278,4729.509,305.178,-250.987,156.003,-261.295,-6.717,Binh Duong Water - Environment Corporation - Joint Stock Company,Utilities,Non-financial,water-124,9434938827600.0,219928644.0,HOSE,7070.244000000001,6008.709000000001,4542.868,0.5390129486018654,0.1678508641884055,0.14747923590767167,-2585.1929999999998,-1.1808488625740106,-0.25894131801330905,-0.1412421172985703,1957.675,0.026452687972956093,0.04015736117415651,0.15582083101845431,1168.9479999999999,-0.08406989843490331,0.8331488785541884,0.5965592549240812,1026.42,-0.009327739778515054,0.8598414132289472,0.5538139910169988,-389.28,0.03594250771741487,0.27050771805839696,-0.10642458418126616,1088.373,-0.16679043760306655,-0.13730356834930987,0.4608543337471896,-1429.819,0.5283174531581817,0.13158695998173117,-1.2373608318402667,638.846,-0.006995455181983794,-0.02343094662777173,0.00498681718359679,-1121.804,0.3738062428853873,0.7856863989868915,0.37018595112081004,88.28399999999971,0.6784431997702141,-1.0048528573482463,-0.9363645537503427,0.036284882551744294,0.05450357019394684,0.00199185986052495,-0.15180658685873968,0.016151900201455998,0.06681427723814704,0.20715232454451135,-0.18711060850507547,-0.22753614391797455,-0.3085085677676768,-0.04883267876441021,0.0948246378570404,-0.053168591219654025,-0.18614356651955466,0.01861764372350467,0.13082807700188895,-0.0028131827214784096,0.01839764765464066,-0.009415868314016178,0.012274400464971382,-0.005480479629250793,0.01982099961585365,-0.04654514450791032,-0.125228558740148,0.04826960655875415,0.14086492204948262,0.035921288092677445,-0.04638498027445187,54.191,-341.4459999999999,-0.16282770233736604,-4.222404681011697,0.4309337185231884,0.2573149825176518,0.2259409694492554,0.2395783896868674,-0.07516088955259098,0.06994872968419658,0.17393992173872813,1.0603583328462032,-0.3326571968589855,-0.004089777727548305,0.3063348968096805,0.18769750738960495,0.153545209197147,-0.33458984441274714,-0.4559878036753485,1.1241741897877626,0.5848183447652323,0.41518165523476763,3.3237797005632284,3.0028462803123714,0.5296708165742829,1.2765604698685173,0.9896935344633271,-0.129081588253031,-0.7029838391053473,0.3147392792394584,2.2381278117104904,0.06681427723814704,-0.04638498027445187,0.0031100621333645107,0.07237753117263973,0.0590853660869905,0.05139314685522159,-0.10192523750123864,True,True,40.0,40.0,60.0,60.0,40.0,60.0,100.0,80.0,80.0,40.0,60.0,60.0,20.0,80.0,20.0,60.0,0.0,0.0,40.0,100.0,0.0,20.0,0.0,0.0,25.0,20.0,0.0,80.0,0.0,100.0,80.0,100.0,50.0,40.0,100.0,20.0,40.0,60.0,0.0,0.0,50.0,72.0,48.0,35.0,16.11111111111111,78.33333333333333,24.0,44.31666666666666,52.198480530145694,85.0,68.59924026507285,44.00274152895122,50.24451396123666,50.0,50.0,50.0,48.05555555555555,Mixed / Divergent,0.0,25.12225698061833,"[""High Leverage Stress""]",High Leverage Stress,1,40.0,-0.15880253003551678,True
CII,2025Q4,2025,4,8104,824.707,-355.441,469.266,144.507,135.781,-350.454,763.14,9188.856,37544.774,3160.724,2467.241,495.641,3958.704,16219.581,25578.307,7407.838,11966.467,15673.024,-458.572,-53.738,186.545,-388.436,-86.895,Ho Chi Minh City Infrastructure Investment Joint Stock Company,Construction & Materials,Non-financial,heavy-construction-9,11759742592500.0,671985291.0,HOSE,20178.285,19415.145,2965.962,0.15426614377328599,0.1087245272466707,-0.020404968321287343,-1304.623,0.030103172675749752,0.047590848923639274,0.04320604663169877,1661.339,0.3484151454112348,0.2661238101405168,-0.0017233433100570814,488.989,0.5464721809017262,4.266098174264786,-0.23797049367844125,376.96900000000005,1.4191743724054375,0.7119208220387065,-0.39183246107085007,-1287.214,-0.08238644260436906,-0.11825013162303173,0.009497851960321747,-453.1300000000001,-8.777679782903665,-2.4957515583055807,-1.959340298728657,-199.325,0.42168700630636446,0.37954763251780954,0.5153686432023964,902.798,-0.21842071083514544,-0.1706162191001245,-0.08089805051814128,-1434.437,-2.6350105651291806,0.4578497724268744,0.303088456995827,1298.8969999999997,0.8625155252478106,-1.08379581189699,-0.25223498148285683,-0.5503119249188146,-0.43546800216006687,-0.05177812189067824,0.07482496828637637,-0.010501555257396815,0.023815853509653342,-0.05150413191395622,-0.16149823981493508,0.029438566420465523,0.07529699617428649,-0.2820054091404913,-0.2737711835847182,-0.10088652993699371,-0.19411330974868057,0.017073990658103354,0.0508864410765968,-0.008447536175822189,-0.008263810879002582,0.04085068522739147,0.022139486488117248,-0.01834315368578776,-0.07146763708956182,-0.08915675686974399,-0.17335617812599952,0.006687234835840501,0.31148189039788543,-0.00678066185328119,-0.03629722262428539,-512.31,-652.4550000000002,-3.3289782335933653,-11.688449126025926,0.5601349578989886,0.16486691333199818,0.12709839168539586,-0.1527767382050074,-0.21998090332917286,0.01015867333631678,0.035747155413771076,-1.2020351806116685,-1.7307921871559733,0.022109575090264233,1.065665709810173,0.831851857845785,0.37991128471596775,-0.14109327149364773,0.09570196449557383,1.6862357954106253,0.6812747627672496,0.3187252372327505,13.949796197262943,0.37988166691785513,0.1927752112812678,1.2404234541846082,0.9073652798562819,0.01214115744228476,0.247468345638763,0.06720416512416544,0.22078582362831994,0.023815853509653342,-0.03629722262428539,0.010482295833548982,-0.047070823787697946,-0.07762307906030488,-0.3087790805438386,-0.24014212573147053,True,True,0.0,0.0,0.0,0.0,37.5,62.5,100.0,62.5,62.5,0.0,0.0,0.0,12.5,0.0,0.0,25.0,50.0,87.5,100.0,100.0,0.0,12.5,37.5,0.0,0.0,50.0,37.5,100.0,37.5,100.0,87.5,62.5,62.5,100.0,100.0,0.0,12.5,50.0,25.0,87.5,16.666666666666668,45.0,7.5,84.375,30.555555555555557,85.41666666666667,35.0,17.28125,48.44724195159002,25.833333333333332,37.14028764246168,15.387429761938733,49.966615192625994,50.0,50.0,50.0,50.0,Mixed / Divergent,0.0,24.983307596312997,"[""Leverage-Funded Growth"", ""High Working Capital Stress"", ""High Leverage Stress"", ""Internal Consistency Breakdown""]",Leverage-Funded Growth,4,0.0,-1.432533106595568,True
CMG,2025Q4,2025,4,8104,2563.141,-2056.549,506.591,195.369,165.837,-34.612,473.873,5728.659,10048.216,2016.372,277.749,778.854,1209.171,2364.446,6056.743,3622.612,3991.473,2413.179,240.791,-354.01,107.446,-1662.846,1297.245,CMC Corporation,Technology,Non-financial,computer-services-137,6369839833800.0,232900908.0,HOSE,3573.617,3099.744,9111.141,0.059091404931631834,0.11287868031919585,0.14566709775742687,-7412.871,-0.027383758281569907,-0.10736708680818799,-0.14253058977367236,1698.269,0.21078733645954326,0.1358262464378681,0.15956200352593036,595.9019999999999,0.38549748244805343,0.09469431666003623,0.27066936479539044,501.779,0.42886560631386667,0.0979746952773787,0.2694363699380435,-92.581,-0.8099670553783402,-0.42465527886396376,-0.29183992409231724,637.701,0.20678491061539306,-0.4793753135108021,-0.13715050388058414,-1019.152,-0.7454823361191233,-0.9573378745238108,-0.8640932968496217,318.288,0.024016926214665536,-0.37469955945085576,-0.32994821270683333,-2590.278,-2.0962418979132416,-6.480289882454554,-3.1988892779333957,1737.837,1.9304681764274014,12.184207123089257,35.079244617013785,-0.18703400618294239,-0.28281580831218284,0.2980604974344275,0.4450116258597056,0.1715015521945305,0.30162706362329805,0.0721755831537842,0.18571477295046201,-0.2954109589041095,0.30543230997725185,-0.0658456401356277,-0.14065360082883435,-0.013589975771517975,0.35164068656766473,1.3699894052188066,1.6516427775989662,0.6072100134428249,1.0005850127023332,0.8894000171888649,1.7539938429827329,0.28549000747513276,0.4650983619326283,-0.0032826685500763203,0.1450095090534343,0.03256528306553025,0.11315895816652564,0.018246484293246712,0.0775294836279465,-113.219,-381.451,-1.4019975784775653,-2.9832532651193744,0.18639476658302181,0.06540366349286,0.05507312421133643,0.0699913435649827,-0.041866435828399544,0.056481357923600754,0.13244461337250352,1.2708802082191564,-0.7601972182972982,-0.013526978321325897,0.2213083959517255,0.030484546337280923,0.10506779357147858,0.04004767519303515,0.15976521221982498,0.8953128331320293,0.6027679938408967,0.39723200615910326,3.3906999639024713,6.436547455741458,0.3918990779633319,1.5813614596318897,1.5046905382083424,0.8549179149449064,-0.5625092888877077,0.11185777939338225,3.2019805961896144,0.30162706362329805,0.0775294836279465,0.0022335482790380723,0.006434094057593084,0.005369596036296394,-0.02294117805190317,-0.0660514448096317,True,True,51.02040816326531,50.0,55.10204081632652,51.02040816326531,43.87755102040816,35.714285714285715,26.53061224489796,16.3265306122449,15.306122448979592,60.204081632653065,46.93877551020408,59.183673469387756,27.55102040816326,40.816326530612244,30.612244897959183,63.265306122448976,46.93877551020408,77.14285714285715,48.97959183673469,21.518987341772153,30.37974683544303,32.91139240506328,45.91836734693877,63.44086021505376,40.78947368421053,48.10126582278481,65.82278481012658,45.91836734693878,45.91836734693878,69.62025316455697,67.08860759493672,54.08163265306123,98.05194805194806,44.680851063829785,36.55913978494624,30.612244897959183,76.53061224489795,68.36734693877551,18.367346938775512,10.666666666666671,47.789115646258495,33.06122448979592,44.285714285714285,48.64505295789202,46.57784731261093,61.6804053855465,40.90884353741497,41.94540936578402,62.342734662525764,92.5,77.42136733126289,42.029307608264425,48.513195036690206,45.408163265306115,47.142857142857146,49.22177731852234,51.0706283685547,Mixed / Divergent,0.0,24.256597518345103,"[""Healthy Growth"", ""Accounting Profit Risk"", ""Working Capital Absorption"", ""Leverage-Funded Growth""]",Healthy Growth,4,27.55102040816326,-1.0670297536168043,False
CTD,2025Q4,2025,4,8104,10007.247,-9636.224,371.023,283.949,227.85,-60.657,1846.994,32364.954,34442.242,16354.425,7569.293,8056.902,5062.239,179.918,25056.904,24847.828,9385.337,555.14,815.575,-364.684,27.978,-1916.121,1339.843,Coteccons Construction Joint Stock Company,Construction & Materials,Non-financial,heavy-construction-9,8073636484000.0,111823220.0,HOSE,5242.156999999999,3395.1629999999996,30699.047999999995,0.3429344897109091,0.45335938190980385,0.34023162190779976,-29593.688000000002,-0.35150880613185875,-0.44073227447853536,-0.34150587412513245,1105.3609999999999,0.15295788390962128,0.8816843834949489,0.3069950468650048,773.2370000000002,0.46651964404687507,1.3963558721263882,1.0648120208393972,781.3459999999999,-0.22715030968258382,1.1782149822186532,1.1037573538320697,-178.002,-0.36157938449796845,-0.5868825868564254,-0.5385054192812323,-830.9019999999998,1.973170178746152,18.093856815095755,0.03051043636843121,-622.7,-5.682131339783055,-1.9176820731092643,-0.41818289480576565,110.58800000000001,0.005643219151001043,-0.08804067929202376,1.0354868396834165,-2196.2,-0.7730943446859111,-5.900953784059606,-1.746977161890539,2394.928,0.6460331481124301,2.9463208027874894,0.852172830321174,0.148818150266151,-0.2548263965796945,0.10510074459618968,0.30311012747708543,0.10470756006031354,0.2720174885849031,0.03265319369409666,0.1927279036379079,0.09856786779264183,0.5338352705638232,0.05228002874377636,0.12922771769888713,0.3318334471205262,0.9219293862872899,,8.685508182601206,0.379168393206444,0.9762990704660333,0.548025939930358,18.52331472142513,0.14326674129996989,0.3626701454397769,0.13642286565589523,0.3557237357671348,0.01345169793766479,0.08016865448158934,0.0891291126326735,0.22400742597725018,450.891,-1453.6019999999999,6.480158489006648,-0.12149052489943138,0.03600636084871427,0.025187654027577673,0.02545179902647144,-0.027066051038455653,-0.047350067663336014,0.025401735369877946,0.08646026052628768,-1.06342388647283,-1.8603819562652142,0.04681019313434937,0.5327339466683136,0.2465644211507797,0.27225069075540703,-0.14750371826989186,0.19360364865602342,0.5585475513559076,0.7275050213049429,0.2724949496609425,3.841442593273554,4.3439792811316735,0.36485713139976206,1.3025264823951614,0.9979005408440528,0.6360674485582335,-1.6033174401206294,0.020284016624880358,5.630809852786921,0.2720174885849031,0.22400742597725018,-0.0009156332437806475,0.00883880964429586,0.009237331218392621,0.010350316133181135,0.009235393000781147,True,True,100.0,87.5,75.0,75.0,87.5,75.0,0.0,0.0,0.0,25.0,37.5,12.5,0.0,12.5,12.5,0.0,37.5,100.0,75.0,62.5,62.5,25.0,12.5,37.5,12.5,62.5,50.0,25.0,12.5,37.5,75.0,87.5,100.0,25.0,62.5,12.5,100.0,87.5,87.5,0.0,83.33333333333333,12.5,7.5,68.75,33.333333333333336,64.58333333333333,57.5,35.58333333333333,54.495039928417725,73.33333333333333,63.91418663087553,35.028208044692754,49.966615192625994,50.0,50.0,50.0,50.0,Mixed / Divergent,0.0,24.983307596312997,"[""Accounting Profit Risk"", ""Working Capital Absorption"", ""Leverage-Funded Growth""]",Accounting Profit Risk,3,12.5,-0.7219442933200926,False
CTG,2025Q4,2025,4,8104,23424.582,-20632.309,17959.696,14262.131,11093.587,-20632.309,12583.484,,2767699.3,33305.817,,,,,2588058.119,,179641.181,10826.743,-2378.836,-787.796,,-760.506,,Vietnam Joint Stock Commercial Bank For Industry and Trade,Banks,Banks,banks-151,268347937208350.0,7766944637.0,HOSE,,,87294.78899999999,0.04110437878759864,0.10051759781356477,0.06575744845024532,-76689.083,-0.04130006121937073,-0.27881546718770556,-0.2357668261720335,66453.245,0.045644554713811625,0.10100068311014912,0.0649081674131449,60744.009999999995,-0.13446383221448446,-0.030794782432008654,0.023268057947580967,34857.441999999995,0.3032170595043996,0.1230404775296481,0.3678936662856608,-76689.083,-0.04130006121937073,-0.27881546718770556,-0.2357668261720335,82644.0,-1.035628813886388,-2.4242770053514353,-0.1912607624683616,-2004.95,-0.3369923459430104,-0.07965770921729218,-0.4719777634043254,,,,,-1915.192,-0.3277708814548273,-0.05237769059924861,-0.4410525626719777,,,,,0.05498398930753692,0.12881172354568698,,,0.002226416292162463,0.16027229572420723,0.18326417006242082,0.1994791712247018,,,,,,,,,,,,,-0.001393626150862168,0.15699305293668306,,,0.05745304654434581,0.2096665716483547,0.08492758610357859,0.082440817515662,-3166.6319999999996,80639.05,-4.36684479242643,-0.20022053305830265,0.761250995176814,0.6958492104265239,0.3993072484544295,0.9467231772563195,0.9237555978284112,0.013528761219649433,0.21245088339351398,2.3709140791226164,2.3133955153679957,-0.01726580557360404,0.381532705233986,,,0.1337217227744565,,,0.9350936783486559,0.06490632165134413,,0.7920815795906699,,,,,-0.2590348841196145,0.022967579427908353,,0.16027229572420723,0.082440817515662,-0.0006071096592751291,-0.02889390380472301,0.08819777792369221,-0.30086965731532145,-0.3072079985463466,True,True,35.294117647058826,41.17647058823529,23.52941176470588,94.11764705882352,52.94117647058824,47.05882352941176,35.294117647058826,70.58823529411765,52.94117647058824,29.411764705882355,88.23529411764706,29.411764705882355,29.411764705882355,29.411764705882355,29.411764705882355,29.411764705882348,29.411764705882355,,64.70588235294117,,,,11.764705882352942,64.70588235294117,,,,64.70588235294117,11.76470588235294,,,88.23529411764706,,82.35294117647058,35.294117647058826,29.411764705882355,17.647058823529413,64.70588235294117,35.294117647058826,,49.01960784313726,55.294117647058826,29.411764705882355,47.05882352941177,38.23529411764706,68.62745098039215,36.76470588235294,41.25490196078432,47.53564161572431,92.5,70.01782080786215,41.004686481400356,49.95573920891706,50.0,50.0,50.0,50.0,Mixed / Divergent,0.0,24.97786960445853,"[""Healthy Growth"", ""Accounting Profit Risk"", ""Working Capital Absorption"", ""Margin Compression""]",Healthy Growth,4,23.52941176470588,-0.3984377166846571,False
CTR,2025Q4,2025,4,8104,3999.528,-3700.916,298.612,184.626,163.851,-26.133,1705.198,6625.395,8185.545,2713.743,424.972,436.509,1760.32,502.591,6118.369,5599.951,2067.176,134.02,276.396,-73.165,92.802,-407.785,261.845,Viettel Construction Joint Stock Corporation,Construction & Materials,Non-financial,heavy-construction-9,10065957352000.0,114385879.0,HOSE,2262.911,557.713,13939.518,0.008663423767318238,0.14210913626655858,0.10547579174114427,-12957.576,0.004498820623077889,-0.13895470451902314,-0.10509557155003042,981.941,0.20634253741895098,0.18270609389976325,0.11051410166225216,727.281,-0.11316377260609553,-0.03514483854278261,0.07819609064021861,599.7180000000001,-0.030123120634544802,0.08712902819153527,0.11425768549037404,-92.826,-0.10414906202467467,-0.7271165157623422,-0.5260908164271856,1455.416,-0.39626086975515884,-0.48208055225553065,0.2760773634220309,-369.592,0.06150590046177511,0.5899144685955138,0.538494004412872,354.738,0.03916957807041123,-0.06065145656618813,0.11210455860730649,-1030.983,-16.440552820901175,-0.9972132022705792,-0.7189754004061584,394.1829999999999,1.8355190942972381,2.3363529651934267,1.8316974364384424,0.08265852280302989,0.9224806026756021,0.06675216276137895,0.22207269248157468,0.05173308547405977,0.15187838662767383,-0.03293982063860523,-0.07600493978992619,-0.16438183777321602,-0.30387236273096585,-0.13078048926192537,-0.2815813771299068,0.4506701124806647,0.6731393985016718,-0.07613986456181103,-0.12275076494500951,0.2875994685527167,0.39254090557487487,2.0567153544709664,-0.24433740490078543,0.08786901837032893,0.16736145096681196,0.10577021617404503,0.2035277857237574,-0.042412378001355534,0.10836792108363086,-0.10355114681507144,-0.29735709379931524,203.231,1085.824,-0.4279244029590264,2.1964203709155115,0.0704429665358587,0.052174042172763786,0.04302286492258915,0.1044093490176633,0.07789537629636836,0.07843653230426786,0.30502622043065036,2.426833945287618,1.81055762875218,-0.1045376941914069,0.19467983039298775,0.03048685040616182,0.033687550819690354,-0.18148073153107047,-0.40934815447211015,1.0946871480706046,0.7474601874401765,0.25253981255982344,0.5154373444458923,7.834884622842738,0.9686863752045084,1.18311660227027,1.1072280811028525,0.28706511383373057,-0.6042869070674042,0.026513972721294955,1.041873157090585,0.15187838662767383,-0.29735709379931524,0.000319593867955964,-0.0013200681101106157,0.00033907975996716466,0.013958714064815345,0.05095541133814907,True,True,25.0,25.0,12.5,12.5,50.0,12.5,12.5,25.0,25.0,75.0,75.0,75.0,75.0,25.0,50.0,100.0,12.5,12.5,37.5,12.5,37.5,75.0,0.0,50.0,87.5,25.0,62.5,37.5,0.0,62.5,25.0,100.0,87.5,50.0,50.0,50.0,75.0,0.0,50.0,50.0,22.916666666666668,42.5,65.0,18.75,41.666666666666664,62.5,45.0,45.791666666666664,44.21278097598605,100.0,72.10639048799302,45.64615157088197,49.966615192625994,50.0,50.0,50.0,50.0,Mixed / Divergent,0.0,24.983307596312997,"[""Healthy Growth""]",Healthy Growth,1,25.0,-1.2139325775447305,False
CTS,2025Q4,2025,4,8104,399.885,-196.205,203.68,26.84,25.141,-118.872,733.418,12312.369,12410.699,162.691,0.0,937.193,8422.953,0.0,9555.262,9534.204,2855.436,62.825,171.098,-2.939,2.782,-2.939,304.234,Vietinbank Securities Joint Stock Company,Financial Services,Securities,investment-services-154,5912877576400.0,212693438.0,HOSE,8422.953,7689.535,2095.8419999999996,-0.3875352077082481,2.0040792103009446,1.0303687005145081,-849.278,-0.06781136901684404,-4.397253869861828,-1.3857799002738955,1246.564,-0.5658679443949476,0.06712492403126774,0.8432906334886461,714.179,-0.9204971593433611,-0.6283269172182678,1.5048804868211072,577.37,-0.9070627985036006,-0.5677864117727961,1.4984962373478388,-374.202,-0.25710659898477156,-0.5737548653586463,-0.4889759863119989,-1649.04,1.3963345000359044,-0.3737330849222006,-8.03652882960884,-10.324,0.23363754889178615,0.47006851785070325,0.42507100295149525,9.533999999999999,0.18686006825938575,0.22988505747126436,0.012962175945601348,-10.13800000000001,0.1967750751571467,0.46987734487734484,0.4353661932609298,2092.3619999999996,0.42219916042595745,2.90305630965934,26.29690027657468,1.809761517096064,1.442821266079125,0.08981788141752463,0.4319460473042087,0.08907671942233927,0.4268251238600702,0.32900111096588686,0.7653294849119455,,,1.982477970168633,393.773799494524,0.037473153092255004,0.33051606082275714,,,0.037473153092255004,0.33051606082275714,-0.021400553393909276,0.27513760793929776,0.11276760715757235,0.4825362637355819,0.11324991260229372,0.48460606694785446,0.016646603868506287,0.26744400239867655,0.00044588117266757644,0.08543538355217692,168.15900000000002,-1659.364,-0.3717369618579001,-7.278483159801036,0.5947795683071531,0.3407599427819464,0.2754835526723866,-0.7868150366296697,-0.7917409804746733,0.0547041447743576,0.22604972843455168,-2.856123456362471,-2.874004537818037,0.1793944080023212,0.07762560345674914,0.0,1.1035173406116725,-0.2650392156025626,,2.9497957579858203,0.7699213396441248,0.23007857978023638,10.625116586271078,1.9085387036947958,0.08707373767846029,1.2913892968935845,1.2913892968935845,-0.699852639691751,-1.993856473133106,0.004925943845003584,1.0828613383679464,0.4268251238600702,0.08543538355217692,-0.060364985273530514,0.06455182592619385,0.051615621838003,-0.6100298292132276,-0.5975597428445324,True,True,87.5,87.5,87.5,87.5,93.75,12.5,62.5,50.0,50.0,87.5,87.5,50.0,50.0,62.5,62.5,62.5,37.5,,12.5,50.0,0.0,57.142857142857146,12.5,33.33333333333333,28.57142857142857,0.0,0.0,62.5,12.5,100.0,42.857142857142854,87.5,0.0,16.666666666666664,66.66666666666667,62.5,62.5,50.0,50.0,28.57142857142857,76.04166666666667,67.5,57.5,33.333333333333336,22.94973544973545,52.28174603174603,50.71428571428571,59.68204365079365,69.52771084793125,65.83333333333333,67.68052209063228,59.27993103753073,48.55445128821865,50.0,50.0,50.0,53.973765432098766,Mixed / Divergent,0.0,24.277225644109325,"[""Accounting Profit Risk"", ""Margin Compression""]",Accounting Profit Risk,2,87.5,1.5388169686578437,False
DBC,2025Q4,2025,4,8104,3729.046,-3276.895,452.15,179.765,148.581,-63.406,426.189,9449.734,15976.735,706.755,6358.115,872.127,4770.218,1106.441,7907.672,6646.289,8069.062,4362.085,61.726,-342.392,164.935,-314.77,66.153,DABACO Group,Food & Beverage,Non-financial,farming-fishing-5,8390093340600.0,384866667.0,HOSE,5876.659,5450.469999999999,15999.738,-0.22973424610110707,0.03262375132710866,0.17874615160706622,-13253.171,0.21775306272498973,-0.06366483064725283,-0.13858094421704054,2746.567,-0.30669492123171105,-0.14765069041896423,0.4205560540899793,1605.456,-0.5033265365891396,-0.3005878851309028,0.9209441899866468,1506.768,-0.566763666476166,-0.3779838405827438,0.95917475747091,-260.319,-0.014885716114988151,0.08236247593962105,0.011024956215499473,1104.918,1.2911191812479366,-0.9312380733827423,-0.01856689473726287,-878.0279999999998,-0.08219022213231861,-0.2501853048675846,-0.008885492850125474,656.0889999999999,0.008782928335953169,-0.0033958319486154537,0.02641084969344821,-1302.0860000000002,0.2937610360355308,-0.10296230368693614,0.24029441023142634,183.94999999999993,-0.9270850899904438,1.0927747002314003,-0.5775760512374187,-0.30480888275565077,-0.029915872278823242,0.02417422680255952,0.20560923892658206,0.026659335069457647,0.13137213774459416,-0.31848359695400236,0.7575461422539205,0.13804089749315127,0.15250430413962335,0.3051768466610595,0.14355265280005022,-0.0037673416443603095,-0.03210819115578056,0.08235958166748024,0.4476584364455179,0.011385066980397276,0.03230419555790077,0.04868095969314198,0.037507516522072105,0.034848002031045336,0.07507277571159228,0.028721694744522536,0.03513560995119832,0.018758959366361787,0.19257561246689367,-0.017933950703586485,-0.08929172411546936,-280.666,226.8900000000001,-1.4499265795025358,-0.11206687382105915,0.17166324848569395,0.10034264311078094,0.09417454210812702,0.06905850583303301,0.014180857211536845,0.1001231598166155,0.20313496156625938,0.7333033353508966,0.1505805804211399,0.02515219786771203,0.04417291083141486,0.39738869473987637,0.06580515712051101,0.5787999906468543,-0.026241847467442875,0.7282951847439021,0.4949491870522982,0.5050507503566904,2.4100648008330583,6.16726401069457,0.089343715528305,1.4218060635040097,0.4651646956670107,-0.14644195604916546,-0.9099192337711474,0.05487764862149617,1.3382757522226403,0.13137213774459416,-0.08929172411546936,0.02922086267325602,0.038769534935401556,0.0375140126346808,-0.013883925546056997,-0.004644469124153609,True,True,77.77777777777779,88.88888888888889,66.66666666666666,66.66666666666666,66.66666666666666,11.11111111111111,22.22222222222222,44.44444444444444,44.44444444444444,55.55555555555556,77.77777777777779,44.44444444444444,44.44444444444444,33.33333333333333,44.44444444444444,44.44444444444444,88.88888888888889,33.33333333333333,11.11111111111111,100.0,22.222222222222214,22.222222222222214,22.222222222222214,44.44444444444444,11.11111111111111,44.44444444444444,0.0,77.77777777777779,22.22222222222222,77.77777777777779,77.77777777777779,77.77777777777779,44.44444444444444,22.22222222222222,55.55555555555556,44.44444444444444,77.77777777777779,0.0,11.111111111111114,25.0,62.962962962962955,48.88888888888889,42.222222222222214,58.33333333333333,29.629629629629626,59.25925925925927,31.666666666666668,43.935185185185176,73.1977157790764,92.5,82.84885788953821,44.32837456343556,50.02985935093874,50.0,50.0,50.0,50.0,Mixed / Divergent,0.0,25.01492967546937,"[""Accounting Profit Risk"", ""Working Capital Absorption""]",Accounting Profit Risk,2,22.22222222222222,0.09314505929828792,False
DCM,2025Q4,2025,4,8104,4198.621,-2932.476,1266.145,482.868,434.023,-17.919,3590.268,14447.095,17643.638,1258.875,4808.86,1765.886,2225.616,56.801,6849.276,5935.262,10794.362,2175.474,1241.059,-371.57,96.02,238.118,280.141,PetroVietnam Ca Mau Fertilizer Corporation,Chemicals,Non-financial,specialty-chemicals-57,20673070000000.0,529400000.0,HOSE,2282.417,-1307.851,16630.93,0.4050528239124833,-0.003588496875223992,0.23598713842616292,-12582.272,-0.2577652898545442,0.13887599272333248,-0.14989533089711649,4048.6579999999994,0.9279448421200093,0.5663578433252467,0.6107746813686973,2202.211,0.2744649347153048,0.2519945343148059,0.6641774408431025,1961.8379999999997,0.323369962923212,0.16649958475890497,0.37383132412001374,-70.406,0.05619930475086907,-0.14939063502245034,-0.5864353312302839,-775.8419999999994,1.34344924540233,0.485335848270761,-15.371968953188789,-694.635,-1.1515219946612933,-0.18925614279907427,0.16526870840673633,342.066,0.11645969954885808,0.21727665724318906,0.2742356061509119,2590.1219999999994,-0.9058114789763063,1.2950141301210074,25.716059824651957,-127.40599999999984,1.3294388951476908,1.9781254582655392,0.8012576026306392,0.8499022046715046,0.8863900027742049,0.06830259022668166,0.1181215217590342,0.06894749829709491,0.12173753104725345,-0.08700694204710616,1.3814230557505063,0.04616827809698431,0.6299557231618061,0.5133294712088907,0.09579518849080149,0.15828336311943197,0.8105802991796476,-0.21408805379527907,-0.5247851949768672,0.1447848077393778,0.6922398804823706,-25.69320670644214,-1.3586429404879778,0.15088524192400635,0.23373233032000626,0.17005016701309922,0.26802058653244265,0.022744839878623822,0.06064402731720196,0.06288515084550593,0.11780942701498422,869.489,-1470.4769999999994,0.6621786955507719,-0.8896287891151571,0.24344146719395723,0.13241658764723319,0.11796321672931097,-0.046650548105247235,-0.088418206317987,0.11757218558941593,0.1870952818484137,-0.39546690399513085,-0.7495404819358171,0.1551652782719754,0.07569480480045312,0.2891515988582719,0.1403471487502416,1.1454359173243434,0.3939685847356432,0.21144528967992737,0.3882008914488044,0.6117991085511956,-0.5140364040550618,31.278740448257246,1.6131569866499882,2.4341124283982745,1.6238937725074312,0.4562527420562077,-1.2506127720733864,0.041767658212739756,2.0307046008664997,0.12173753104725345,0.11780942701498422,0.05664282558900288,0.03407058485359768,0.011835909741171866,-0.05066248812866507,-0.030584749058417862,True,True,100.0,100.0,75.0,75.0,50.0,75.0,25.0,25.0,25.0,75.0,75.0,25.0,25.0,25.0,25.0,25.0,100.0,25.0,0.0,100.0,25.0,50.0,0.0,50.0,50.0,25.0,0.0,25.0,0.0,75.0,50.0,100.0,75.0,25.0,50.0,25.0,75.0,100.0,25.0,25.0,79.16666666666667,45.0,25.0,56.25,25.0,62.5,50.0,44.72916666666667,59.27908491418474,73.33333333333333,66.30620912375903,44.2912082910085,49.869246726155225,50.0,50.0,50.0,50.0,Mixed / Divergent,0.0,24.934623363077613,"[""Accounting Profit Risk"", ""Working Capital Absorption"", ""Leverage-Funded Growth""]",Accounting Profit Risk,3,25.0,-0.32428624839462195,False
DGC,2025Q4,2025,4,8104,2740.573,-2024.507,716.066,744.24,656.933,-11.966,1040.52,16123.562,19550.157,1220.348,1681.124,203.843,1546.2,0.0,4144.126,4080.51,15406.031,2244.427,785.727,-455.89,81.148,332.268,-414.032,Ducgiang Chemicals Group Joint Stock Company,Chemicals,Non-financial,specialty-chemicals-57,17033061823050.0,379778413.0,HOSE,1546.2,505.68000000000006,11261.997,-0.02703254428206466,0.1335858412467829,0.14161492635051096,-7709.398,-0.04291359533237899,-0.26603297490142863,-0.20168648279271925,3552.599,-0.18211836945882015,-0.12516874990073532,0.02989198103949952,3619.018,-0.17711889893325314,-0.14154515873409512,0.060726976858153474,3188.9739999999997,-0.18331936836923202,-0.16333132529353256,0.026250868088518852,-40.772,-0.002765440375429437,-1.0216252745396182,-0.8828853791447308,2035.8820000000003,1.7951768225655547,0.8345120160260376,-0.3473636901605847,-775.321,-34.548458311869894,-1.4708413727318053,-0.48528073593446774,315.312,0.0250877946489476,0.17541064341377213,-0.14432488907583546,-1756.9480000000005,1.626504661055299,-0.4066229612419437,-0.5249140311865871,648.242,-2.046460255276128,0.6307324578028496,1.222595212349697,2.069443911821188,7.986889153754469,-0.005787725596864273,0.26951643211784304,0.006475109478386381,0.2356890813809444,0.17970937156821787,0.24573991672255585,-0.10126129555309518,0.7071963019229677,-0.44534931812492523,-0.3491062476450791,-0.21106609655791733,0.7882400835483532,,,-0.21106609655791733,0.7882400835483532,-0.6880188195576811,-0.3247399070863049,0.21405685093657367,0.9545533009911132,0.21849625299509565,0.9872520080668454,-0.03778031868107086,0.12444442076412444,-0.03273591862047151,-0.10061210055680112,329.837,1260.5610000000001,0.3529276646362723,-0.5146967954598916,0.3154501817040087,0.3213478035911393,0.28316239118159947,0.18077451095041142,0.11193050397722537,0.18031361820516317,0.21912040750818865,0.6384128562979818,0.39528732438709135,0.058981214319659914,0.10835982286267702,0.14927405858836582,0.026440845316326903,0.1041249903720449,0.5655813755724567,0.10036329279098555,0.21197405217768842,0.7880259478223117,0.12853014363309637,88.7623368978711,0.672953046177726,3.9513595114336195,3.5393708139423747,0.6466251571978422,-0.9436123560028842,0.06884400697318602,2.4589010250164915,0.2356890813809444,-0.10061210055680112,-0.03422011633034927,-0.024505047456557794,-0.031831166832261726,-0.13544277100787133,-0.1513719693197031,True,True,50.0,0.0,0.0,0.0,100.0,50.0,100.0,100.0,75.0,100.0,100.0,50.0,50.0,50.0,50.0,50.0,50.0,75.0,100.0,0.0,50.0,25.0,100.0,75.0,25.0,75.0,87.5,100.0,100.0,50.0,75.0,0.0,100.0,50.0,25.0,50.0,100.0,0.0,0.0,0.0,33.333333333333336,95.0,50.0,56.25,70.83333333333333,50.0,30.0,55.020833333333336,59.962982830129896,77.5,68.73149141506495,54.704139072240466,49.869246726155225,50.0,50.0,50.0,50.0,Mixed / Divergent,0.0,24.934623363077613,"[""Accounting Profit Risk"", ""Working Capital Absorption"", ""Leverage-Funded Growth"", ""Margin Compression""]",Accounting Profit Risk,4,75.0,-0.7075229143595138,False
DGW,2025Q4,2025,4,8104,7990.149,-7297.77,692.378,213.294,161.539,-39.881,1742.002,10701.199,11256.853,3513.555,4436.218,3524.411,2899.171,0.0,7784.383,7779.849,3472.47,126.863,1224.608,-3.867,21.56,22.525,-214.092,Digiworld Corp.,Retail,Non-financial,specialty-retailers-74,8846748000000.0,221168700.0,HOSE,2899.171,1157.1689999999999,26631.546000000002,0.08111777103922174,0.363540627462732,0.20620304749007257,-24320.55,-0.08274330519219832,-0.3894525083759135,-0.21501187157654908,2310.994,0.06427509710819714,0.13954617497625876,0.12069548282412124,652.05,0.19846268816056364,0.2287653239929948,0.15866855735502633,555.0,-0.04110670529015108,0.10277572977253473,0.23799369180872,-151.082,0.19443715030197745,-0.4269204622705642,-0.4976704534189811,-126.22500000000014,2.651038127595319,1.8578016120826855,-0.5243644707445229,-0.6990000000000003,-2.337136929460581,-0.16863100634632813,0.9898610426155319,59.677,0.9723721525935414,0.3884595569294177,0.08028311791752657,0.507999999999992,1.6260770470843293,-0.10144407212382331,1.0081749569527365,460.78099999999984,-1.6348074898815437,0.04695512820512809,3.564809494561237,1.4580731099527855,0.23839239505667306,0.2358456955062641,0.37694389505105896,0.22143572274685444,0.32444097907080593,-0.2456945040790039,0.3339343252167159,0.470342696308945,0.26718600839455187,1.0478307959229445,0.5306662138322387,-0.08895160509779917,0.16592756554286014,,,-0.08895160509779917,0.16592756554286014,-0.5321828950294112,0.07153711171712557,0.3137862117292518,0.41861136006863814,0.3145149599098949,0.4184401158694805,0.055163417282221884,0.15287886881768553,-0.027057082160578505,-0.2624544349939247,1220.741,-126.92400000000013,1.8709469549981776,0.16358148760766164,0.08677656190143825,0.024484121199723062,0.020839946730843186,-0.00473967977675799,-0.004765926844802781,0.056184959266157616,0.17117824142578214,-0.2274324324324327,-0.22869189189189212,0.060516469389801944,0.13193207033493284,0.1665775618133472,0.1449149381901314,0.12773127772664333,0.0609829609044793,0.8349016694168704,0.6915239099240259,0.30847609007597415,1.6258607584087719,4.315868204021657,0.6008621085130887,1.375502146635494,0.8052831102505975,-0.04027548194721242,-0.6563390107740075,2.62470680447917e-05,0.011713055280929006,0.32444097907080593,-0.2624544349939247,-0.006620935474441134,-0.0010044634509546804,0.0005351524313277033,-0.0009892537463872635,0.002107038541715748,True,True,50.0,0.0,0.0,0.0,100.0,0.0,0.0,50.0,50.0,50.0,0.0,0.0,0.0,0.0,0.0,0.0,50.0,50.0,100.0,0.0,100.0,100.0,50.0,50.0,100.0,50.0,50.0,0.0,50.0,0.0,0.0,50.0,100.0,100.0,50.0,0.0,50.0,50.0,100.0,100.0,25.0,30.0,0.0,50.0,61.111111111111114,50.0,60.0,32.416666666666664,73.58481404264916,65.83333333333333,69.70907368799124,32.15755070627543,50.217214208368205,50.0,50.0,50.0,50.0,Mixed / Divergent,0.0,25.108607104184102,"[""Accounting Profit Risk"", ""Working Capital Absorption""]",Accounting Profit Risk,2,0.0,-1.4317534884695589,False
DIG,2025Q4,2025,4,8104,2959.702,-2305.709,653.993,563.102,423.985,-29.732,3279.178,16660.836,19017.962,6204.539,6639.048,529.069,723.041,1514.451,8989.434,7215.469,10028.528,1336.804,801.9,0.0005,0.0,388.207,739.646,Development Investment Construction Joint Stock Corporation,Real Estate,Real Estate,real-estate-holding-development-160,10512891721200.0,796431191.0,HOSE,2237.492,-1041.6859999999997,4724.1230000000005,1.2098097057745307,5.851495095826419,3.238869891437868,-3596.562,-1.276638601694957,-6.926694604973201,-3.1813924558354207,1127.5610000000001,1.0025629405532526,3.6349610205527996,3.4332473598540556,838.2370000000001,1.273331745384519,3.566185533571197,5.159929158797465,645.261,1.1943235396104939,3.8890695448622594,5.335342804685274,-96.05000000000001,0.32594255140674244,-1.4241337138198122,-1.0279971284996414,1614.038,-0.05093066550838944,0.26216083067464757,0.998150454463298,0.10650000000000076,-0.9999191461836999,1.00000942951438,1.0016223379946987,0.0,,,,726.723,27.24967253674865,1.2607999602290592,1.2344405381219155,153.80600000000004,8.79674488225497,3.6299639441133755,-0.8002273007708742,1.4300593661142575,3.1764136501071105,0.004018524116206789,0.04223003014495965,0.0002381474067229743,0.025817446202461264,0.10014023619044107,0.04387827996456093,-0.23293350035597452,-0.18585300135898658,0.013899535468440846,0.036238143084061356,-0.08187135245506112,-0.5402371427899219,-0.3922895114884874,-0.33486421260439064,-0.31774961153514963,-0.41876440430347067,-1.5396908949705024,-1.3399339115474658,-0.16655619827791698,-0.14370138425242962,-0.1005244168997173,-0.0937456943158627,0.21889691504536474,0.24712599724099724,-0.012733688515752021,0.5873986949835835,801.8995,1613.9315,0.3770912256961019,1.1747581253705601,0.23868154999351204,0.1774375900034779,0.13658852659001466,0.3416587586733029,0.3416362148064307,0.034361428565418704,0.07141856659597244,2.50137231290904,2.501207263417439,-0.05094010599032641,1.3133737203709555,1.4053503687351068,0.14710409552233494,-3.1949916114733075,-3.4247228927968547,0.22311270407780684,0.4726812473387001,0.5273187526612999,-1.242710593781949,8.727090057261842,4.535258719768311,2.309044082927943,1.388930920498723,-3.657634295741339,-6.187926287297106,2.254386687222173e-05,,0.025817446202461264,0.5873986949835835,0.010465086127501327,0.05533637122552196,0.045199471454735934,-0.38313502352229195,-0.32425460214178803,True,True,97.22222222222221,100.0,94.44444444444444,94.44444444444444,94.44444444444444,77.77777777777779,22.22222222222222,22.22222222222222,16.666666666666664,44.44444444444444,33.33333333333333,88.88888888888889,94.44444444444444,88.88888888888889,88.88888888888889,88.88888888888889,2.7777777777777777,0.0,66.66666666666666,33.33333333333333,88.88888888888889,97.22222222222223,66.66666666666667,62.5,88.23529411764706,55.55555555555556,66.66666666666666,83.33333333333334,66.66666666666666,11.11111111111111,2.7777777777777777,33.33333333333333,0.0,0.0,37.5,88.88888888888889,22.22222222222222,100.0,100.0,,93.05555555555556,27.77777777777777,90.0,25.69444444444444,75.08169934640523,14.120370370370368,77.77777777777777,79.88725490196077,66.76387114840462,100.0,83.38193557420232,80.30248476141523,49.84532322977395,50.0,50.0,50.0,49.8469212246302,Mixed / Divergent,0.0,24.922661614886977,"[""Healthy Growth""]",Healthy Growth,1,100.0,2.600111639598131,False
DPM,2025Q4,2025,4,8104,3414.363,-2746.001,668.362,234.368,232.709,-49.409,1168.353,14509.794,17776.666,1389.576,3434.095,671.029,4164.181,0.0,6243.698,6028.412,11532.968,2462.684,-1224.004,-72.446,55.018,2042.031,-436.279,Petrovietnam Fertilizer and Chemicals Corporation,Chemicals,Non-financial,specialty-chemicals-57,17440076788650.0,679925021.0,HOSE,4164.181,2995.8279999999995,16564.378,-0.0843172613323136,0.07911567433766592,0.22734170994940633,-13625.637999999999,0.08775489119006083,0.009086736273546663,-0.1748254075634176,2938.7400000000007,-0.06991740942520586,0.7012857095584396,0.5482274151639611,1335.3429999999998,-0.33103273078097756,43.674435542607426,1.0084060660844032,1095.639,-0.025306700286072105,15.94790596094553,0.9767386056514381,-142.017,-0.4389015085328207,-0.9366964565694574,-1.9804822766479884,-2072.08,0.4133146463794347,-2.6072262171401626,-3.186132730692983,-129.45900000000006,-23.753140703517584,-42.11577752553916,-0.5147958765781682,350.716,-0.4573144869354218,-0.44771579718728355,-0.10949624212878331,2080.77,0.34011848252589466,16.423175372433917,1.546390417967912,155.15299999999996,-2.151545145487563,-13.336462604269757,-0.9407937039147142,0.4835531536930963,0.1626421019950006,-0.07527030564120528,0.09759921159335386,-0.055346410931766274,0.07397044734485624,0.015456455414070971,1.1273817871172989,0.05791932679499359,0.9842403441411925,-0.2903106739641998,-0.02894094016450856,-0.10293367146352256,0.2168759091836239,,,-0.10293367146352256,0.2168759091836239,-0.22276364379775962,0.23942354394538282,-0.16486266583006212,0.16216958743217721,-0.17351932904446413,0.1595956619313335,0.016843338507055064,0.031586509855779765,-0.009925334851401258,-0.09167010300152477,-1296.4499999999998,-2201.5389999999998,-2.8009921367882207,-3.5529056108427275,0.17741324183739351,0.08061534215169443,0.06614428866571385,-0.12509253290404262,-0.13290803916694002,0.06383177674634517,0.09647765198871966,-1.89120686649526,-2.009365311019414,0.1781953376409277,0.08388941619178214,0.20731807738268226,0.049247528812962744,0.9000400771678925,0.7568986341917863,0.3610675933549802,0.3512299775447207,0.6487700224552793,1.776822756499031,9.402698268517149,0.2805720980908371,2.4069015190069956,1.8372498429105377,-0.010465800765782435,-2.9888883427323916,0.007815506262897409,0.36912772727791165,0.07397044734485624,-0.09167010300152477,0.03677067894793959,0.03135111538229617,0.0250758114668225,-0.1953221585259426,-0.19680526253640368,True,True,75.0,75.0,100.0,100.0,75.0,100.0,0.0,0.0,0.0,0.0,0.0,0.0,0.0,0.0,0.0,0.0,75.0,100.0,25.0,50.0,0.0,0.0,25.0,0.0,0.0,0.0,25.0,0.0,25.0,100.0,100.0,75.0,50.0,0.0,100.0,0.0,50.0,25.0,100.0,75.0,87.5,0.0,0.0,62.5,8.333333333333334,70.83333333333333,50.0,28.125,43.8989965659275,65.83333333333333,54.86616494963042,27.1150394156354,49.869246726155225,50.0,50.0,50.0,50.0,Mixed / Divergent,0.0,24.934623363077613,"[""Accounting Profit Risk"", ""Working Capital Absorption"", ""High Leverage Stress""]",Accounting Profit Risk,3,0.0,-1.3058041868493169,True
DSE,2025Q4,2025,4,8104,434.824,-333.267,101.557,11.699,9.272,-28.724,510.579,13285.836,15139.227,339.71,0.0,3.981,9321.821,27.044,10836.897,9511.869,4302.33,105.801,-1315.345,-15.988,9.757,-13.719,1097.478,DNSE Securities Joint Stock Company,Financial Services,Securities,investment-services-154,9635620635000.0,428249806.0,HOSE,9348.865,8838.286,1457.912,-0.11162142614892394,0.8587067568896166,0.8056605549583112,-877.229,-0.24881307917427023,-1.2979018278850727,-1.0912395882501587,580.683,-0.5437506458032895,0.14227066180771136,0.4968602906680003,339.252,-0.9316918513674475,-0.6790838019476066,0.5887046923293061,272.529,-0.9322256902059105,-0.7197690936017168,0.49929856797839023,-66.827,-1.0749837462977678,-4.358955223880597,-1.3832738944365193,-4656.101,-0.09565244191441502,-2.7688973582429166,-0.6697876482146462,-23.098,-4.69664739884393,-0.529220468675275,-0.4879855697996521,35.414,0.056752951370085465,0.23600202685583982,0.36528008018813374,-14.106,-3.08939993908011,-0.6564839410770344,-0.37969483568075113,4089.0840000000003,-0.41294949713235457,4.456886007219643,0.20744864462318435,-0.31204204989180323,-0.5329338195070814,0.17777712965450868,0.6257667758233774,0.08065001633549441,0.4232272583182198,0.06111624768854008,0.16692715937000832,,,-0.226990291262136,1.2153589315525877,0.01124157291547568,0.4328193560058832,-0.1472266893702898,0.4743498882407458,0.010698269723144303,0.4329361191562829,0.038852264073389174,0.6273443181964645,0.11533016690590359,0.6401022663501756,0.014128047370411493,0.4435873153185968,0.002159765835914617,0.06762866643505874,-0.05143538524986995,0.09968818210165273,-1331.333,-4679.199,-2.815930359917124,-0.6687811746378872,0.3982977024676386,0.23269717239449295,0.18693103561806199,-3.1936776705315544,-3.209520876431499,0.021145556769021866,0.06541640612904502,-17.084790976373156,-17.169545259403584,0.32555360983754317,0.23301132029916755,0.0,0.00453815366341058,-0.6387333955883029,,2.1729772007261183,0.7158157414510001,0.28418425854899987,23.58977329141155,5.076570847112694,0.0547724527214157,1.3967639798235234,1.3967639798235234,-0.37272443580202835,-1.9719785867658253,0.015843205899944576,0.6522279324560908,0.4232272583182198,0.09968818210165273,-0.08216828020291861,-0.03177747004332071,-0.03819690402118045,0.2598739239456145,0.26325634263386055,True,True,87.5,75.0,75.0,62.5,75.0,0.0,12.5,0.0,0.0,12.5,0.0,18.75,12.5,12.5,12.5,18.75,12.5,,75.0,50.0,14.285714285714292,7.142857142857139,25.0,83.33333333333334,0.0,14.285714285714285,14.285714285714285,12.5,25.0,85.71428571428571,92.85714285714286,75.0,28.57142857142857,33.33333333333333,16.666666666666657,12.5,37.5,62.5,12.5,71.42857142857143,62.5,5.0,15.0,45.833333333333336,21.759259259259256,55.357142857142854,39.28571428571429,31.638888888888893,64.9812225386341,58.333333333333336,61.657277935983714,30.935614067893546,48.55445128821865,50.0,50.0,50.0,53.973765432098766,Mixed / Divergent,0.0,24.277225644109325,"[""Accounting Profit Risk"", ""Margin Compression""]",Accounting Profit Risk,2,12.5,-1.1390489553533931,False
DXG,2025Q4,2025,4,8104,1437.098,-597.162,839.936,99.205,63.381,-61.728,3391.569,33993.613,38102.43,14270.316,15658.33,817.097,2224.879,2570.907,17240.308,14479.745,20862.121,376.792,168.293,-52.306,19.939,-1017.646,312.634,Bluemarq Group Joint Stock Company,Real Estate,Real Estate,real-estate-holding-development-160,16739157270000.0,1268117975.0,HOSE,4795.786,1404.217,4164.323,0.34523335913783626,-0.09717151880324643,-0.1316133493456637,-1748.131,-0.27159366036578747,0.2557282163261643,0.2978891663741424,2416.1910000000003,0.4030009805051522,0.06397915455348115,0.047943984535373935,695.123,-0.5299700086704792,-0.6349106459400577,0.022904593868367462,574.4350000000001,-0.6125784702653472,-0.6967706439575161,0.2668714768386603,-292.046,-0.03474981141563994,0.46949018529340986,0.29904642125954956,1401.9470000000001,-0.8144116505368281,1.2560742174423771,2.0095689438515865,-98.241,-1.2651134592066517,-0.06075846684242537,-0.42194850120858607,67.033,0.32168898316319766,7.105284552845529,0.14985333722146932,-1054.5089999999996,-0.75641235853632,-2.062449969605595,-8.243754273391911,1795.0529999999999,-0.049189800734775246,-0.7241811913088588,-0.2749451882824907,-0.1366294587796367,1.715255800473789,0.058236645252649155,0.30077547672429505,0.0821563290690572,0.3056211389402747,0.08863887451727531,0.2868249447340313,0.06992010821148083,0.16799036864618386,-0.09855278080553559,0.12132165760246791,0.03282520211979743,-0.3112612282133888,-0.3856359793761219,-0.22689300786486644,-0.24342749579102274,-0.2684654737972806,-0.4174685952501158,-0.7353884044916719,0.060453569540430165,0.23311589444401806,0.21729778671524744,0.38346253521299006,0.1007731908038537,0.3723020249395468,0.0035235931594884773,0.019061837379375852,115.98700000000001,1303.7060000000001,1.1641680136557804,1.8943287865941165,0.5802121977569944,0.16692341108026443,0.137941989610316,0.3366566426283456,0.31306553310105867,0.017074478295600066,0.03185606682179286,2.4405668178296933,2.269544857120475,-0.02171808989610374,3.4268033483473785,3.7601141890290446,0.46741176719593663,0.418438294079695,0.2996037179918476,0.22988007786935952,0.45247266381697965,0.547527309937975,1.8424272721070227,2.380183258801696,1.524383573219038,2.347666550757627,1.2662711256310104,-0.13685212445161687,0.2761418273911821,0.023591109527286908,1.4655617382483255,0.3056211389402747,0.019061837379375852,0.0994150039047117,0.025215120069850633,0.04338860788827034,0.6262338291028338,0.61704985497476,True,True,16.666666666666664,27.77777777777778,16.666666666666664,33.33333333333333,27.77777777777778,5.555555555555555,77.77777777777779,16.666666666666664,22.22222222222222,11.11111111111111,5.555555555555555,83.33333333333334,88.88888888888889,83.33333333333334,83.33333333333334,72.22222222222223,77.77777777777779,83.33333333333334,88.88888888888889,72.22222222222221,83.33333333333334,66.66666666666667,72.22222222222223,18.75,76.47058823529412,61.111111111111114,50.0,100.0,72.22222222222221,16.666666666666664,33.33333333333333,27.77777777777778,33.33333333333333,88.23529411764706,81.25,83.33333333333334,72.22222222222221,66.66666666666666,44.44444444444444,40.0,21.296296296296294,26.666666666666668,82.22222222222223,80.55555555555556,66.75290486564995,46.76606753812636,61.33333333333333,44.14987745098039,65.98309893671762,86.66666666666667,76.32488280169215,44.21225467180935,49.84532322977395,50.0,50.0,50.0,49.8469212246302,Mixed / Divergent,0.0,24.922661614886977,"[""Leverage-Funded Growth"", ""High Working Capital Stress""]",Leverage-Funded Growth,2,22.22222222222222,-0.0016812225927845489,True
DXS,2025Q4,2025,4,8104,1597.074,-1013.004,584.07,48.913,40.244,-29.437,795.551,16217.514,16918.311,9831.726,5113.029,487.472,2047.1,946.419,8110.915,7063.043,8807.396,217.212,-87.027,-31.61,12.049,-103.997,333.372,Dat Xanh Real Estate Services Joint Stock Company,Real Estate,Real Estate,real-estate-services-170,4418556836120.0,579103124.0,HOSE,2993.519,2197.968,3938.736,0.8482278318410483,1.577884166842876,0.6156358418728357,-2097.304,-1.4541014584039926,-3.422092038519631,-0.6645586900067937,1841.431,0.2941085236966301,0.49588552724925794,0.5633023208035242,586.985,-0.6621073646543565,-0.4653557336014953,0.7536126239435484,498.426,-0.5920320340615338,-0.3834227056840815,1.0091422490416357,-96.21700000000001,-0.25072229775662813,-0.16929493545183716,0.016769196182222987,-240.904,-4.401377855014896,0.055717106833619114,-2.1042385739103326,-67.005,-0.8857006502416033,-0.10586342009515813,-0.6956422714849684,43.56,0.14230185817216529,0.06299073665637393,-0.10442237710479232,-180.21700000000004,-0.3831043608942559,-0.31071032466223036,-1.6209950697363256,800.5860000000002,-0.04159934682988245,0.7360502840716768,12.30938289666174,0.21792306526455035,0.9119869450065612,-0.003264716252895668,0.13597713351976856,-0.0023671967758855527,0.12275871304937143,-0.0628692878780499,0.06620802827568796,0.06096939225453172,0.16449430760695397,0.11092322452877058,0.6784607544727091,0.09418804469542486,0.11592942786198474,0.04368754845319213,1.5040123187312975,0.07770167131801688,0.3530665396249135,0.0345886179474083,0.22360171685288185,-0.022674643762319018,0.20124224945520705,-0.031161353792535183,0.11879510476661151,0.017095372279779055,0.05903783277718412,0.011036068534404423,0.07072718668664714,-118.637,-307.909,0.01746641710698498,-2.723560988989459,0.46751825966502963,0.14902877471351217,0.1265446579816469,-0.061162768969537436,-0.07817457174078181,0.031164451119413832,0.05821438442813745,-0.48332952133315676,-0.6177627170332206,0.04369998872818923,2.4961627283473686,1.2981395554309811,0.2324279169829457,-0.5494278135971478,-0.45114153426588177,0.33988695410084885,0.479416355450612,0.5205836445493879,3.485822582052034,6.1006371015517,0.3886234184944556,2.2961086319310247,1.572195581989236,-0.2625693022479222,-0.7368434277613255,0.017011802771244377,1.5382231404958675,0.12275871304937143,0.07072718668664714,-0.015650764645377013,0.011725799923058472,0.02478477257273115,-0.15065136687772512,-0.1514540442017583,True,True,83.33333333333334,66.66666666666666,72.22222222222221,61.111111111111114,83.33333333333334,16.666666666666664,50.0,11.11111111111111,11.11111111111111,33.33333333333333,22.22222222222222,38.88888888888889,50.0,33.33333333333333,38.88888888888889,38.888888888888886,16.666666666666664,11.11111111111111,88.88888888888889,27.77777777777778,72.22222222222223,44.44444444444444,61.11111111111111,56.25,23.52941176470588,50.0,77.77777777777779,22.22222222222222,61.111111111111114,27.77777777777778,55.55555555555556,38.88888888888889,22.22222222222222,41.17647058823529,43.75,38.88888888888889,50.0,77.77777777777779,61.11111111111111,33.33333333333334,63.88888888888891,25.555555555555554,40.0,36.11111111111111,52.0742556281772,38.22848583877996,52.22222222222223,50.96575435729847,59.12664828545734,65.83333333333333,62.47999080939533,50.33588697851259,49.84532322977395,50.0,50.0,50.0,49.8469212246302,Mixed / Divergent,0.0,24.922661614886977,"[""Accounting Profit Risk"", ""Margin Compression""]",Accounting Profit Risk,2,61.111111111111114,0.08703255367241367,False
EIB,2025Q4,2025,4,8104,1843.157,-2497.933,1690.894,473.728,-472.482,-2497.933,2135.895,,273270.407,1308.543,,,,,247264.064,,26006.343,3852.166,7695.604,-150.914,,-113.223,,Vietnam Export Import Commercial Joint Stock Bank,Banks,Banks,banks-151,39862220989800.0,1862720607.0,HOSE,,,7291.556,0.10221302892599296,-0.394254485437876,-0.1479473008605766,-9542.308,-0.04366113444579397,-0.2839872523066642,-0.30527908296913375,5979.6849999999995,0.15418912960083433,0.11383354686990516,0.009480841222076358,3038.194,-0.3663213765944696,-0.7717441006058999,-0.4109160484879367,1136.939,-2.0625022487676756,-1.3291401486864545,-0.6582488779020345,-9542.308,-0.04366113444579397,-0.2839872523066642,-0.30527908296913375,13948.657,0.23183963491106888,7.096715274709088,2.2420766136752,-450.162,-0.1872148274017432,-0.2933342474675623,-0.49920071402880073,,,,,-402.69599999999997,0.10382301725502616,0.17471736896197335,-0.3711647354854966,,,,,-0.4153701168277124,0.019047001082552126,,,0.06868467680996966,0.13972846183965654,-0.013805515423243436,-0.04105062514702558,,,,,,,,,,,,,0.07897427791337298,0.15184092047971184,,,-0.020158671466316284,0.03613380332586364,0.010821516870178072,0.02021241856462933,7544.6900000000005,13498.494999999999,8.048842971836493,2.170689720666573,0.8200835322392093,0.41667292961886326,0.15592542935965933,1.912987707973442,1.851250268118355,0.004432178947166179,0.04449358525202322,12.268606319248436,11.872664232645725,-0.04688293233302792,0.1794600494050927,,,0.10689667571355103,,,0.9048329334833537,0.09516706651664628,,0.31839194459034437,,,,,0.10563696551880297,0.06173743985508717,,0.13972846183965654,0.02021241856462933,0.12789170587596765,-0.18600397819503633,-0.2328273043103324,3.2252790127556628,3.1986293044993177,True,True,0.0,17.647058823529413,0.0,2.941176470588235,2.941176470588235,5.88235294117647,94.11764705882352,0.0,0.0,5.88235294117647,0.0,94.11764705882352,91.17647058823529,64.70588235294117,64.70588235294117,58.82352941176471,23.52941176470588,,17.647058823529413,,,,70.58823529411765,0.0,,,,0.0,70.58823529411765,,,29.411764705882355,,100.0,100.0,64.70588235294117,5.88235294117647,35.294117647058826,5.882352941176478,,4.901960784313726,19.999999999999996,74.70588235294117,20.588235294117645,35.294117647058826,76.47058823529412,27.941176470588236,33.69607843137255,50.81678409438637,45.0,47.90839204719319,32.34039151395513,49.95573920891706,50.0,50.0,50.0,50.0,Mixed / Divergent,0.0,24.97786960445853,"[""Leverage-Funded Growth"", ""High Leverage Stress""]",Leverage-Funded Growth,2,5.88235294117647,-0.6240302814172104,True
EVF,2025Q4,2025,4,8104,498.143,-1017.06,458.345,386.627,158.124,-1017.06,7.134,,83058.158,1372.805,,,,,73181.869,,9876.289,238.982,-3350.906,-4.839,,-11.765,,EVN General Finance Joint Stock Company,Financial Services,Securities,consumer-finance-129,10419751487400.0,760565802.0,HOSE,,,2213.5730000000003,-0.29667938775020375,0.5229678953917459,0.47366791737346287,-3610.23,-0.13722868017693649,-0.4150242501648676,-0.27459889763045625,1891.74,-0.26258098665761404,0.5681548362374822,0.3097653937625274,1933.047,-0.4116367864159374,0.38670420716617054,0.4328641984642855,894.337,-0.37694699139836635,0.20697972642892024,0.5946924241424625,-3610.23,-0.13722868017693649,-0.4150242501648676,-0.27459889763045625,1546.4309999999996,-13.318458981228662,-1.7018249723037027,1.3091261344875622,-192.016,0.9734683583169761,-1.017931609674729,-67.139105748758,,,,,-107.29,0.9262955445296446,-2.387709365416372,0.876001299045017,,,,,-0.09901490275322049,0.6362385321100917,,,0.1596711437025117,0.393626903173048,-0.6022170638638062,-0.2991290709767076,,,,,,,,,,,,,0.18193537540106128,0.4465286206009868,,,0.01763016367024443,0.09648971465900351,0.005469492851793621,2.6592506392687074,-3355.745,1354.4149999999995,-1.700505216330446,1.270590383559219,0.8546092674603457,0.8732700480173907,0.4040241726837108,0.698613056809059,0.6118682329428482,0.01253830883352925,0.09472164474794552,1.7291367795361252,1.5144347153254305,-0.007851052993494024,0.6201760682841722,,,-0.7727969883501704,,,0.8810918850379514,0.11890811496204866,,0.5354359694534697,,,,,-0.7074630960947417,0.08674482386621085,,0.393626903173048,2.6592506392687074,-0.10694481340330786,-0.024868138661916395,0.03066223020912212,4.029045309599183,3.944176545926677,True,True,50.0,50.0,50.0,75.0,37.5,50.0,93.75,93.75,87.5,0.0,62.5,100.0,100.0,100.0,100.0,100.0,0.0,,100.0,,,,0.0,0.0,,,,50.0,0.0,,,100.0,,83.33333333333334,100.0,100.0,25.0,93.75,0.0,,52.083333333333336,67.5,100.0,50.0,12.5,94.44444444444446,54.6875,52.197916666666664,52.009168263903746,77.5,64.75458413195187,51.64950715546972,48.55445128821865,50.0,50.0,50.0,53.973765432098766,Mixed / Divergent,0.0,24.277225644109325,"[""Margin Compression"", ""High Leverage Stress""]",Margin Compression,2,50.0,0.6589170006685937,True
FPT,2025Q4,2025,4,8104,20225.45,-13178.175,7047.275,3482.048,2994.965,-207.026,10522.106,58137.438,88141.992,14402.017,2193.77,3837.081,19169.697,1903.79,44393.951,41524.929,43748.041,17288.542,4108.451,-972.289,814.011,-3293.492,-51.149,FPT Corporation,Technology,Non-financial,software-177,124185669120900.0,1703507121.0,HOSE,21073.487,10551.381000000001,70112.825,0.17558925354562327,0.14866305410471653,0.11557948112735457,-44224.296,-0.233258513399506,-0.1734536049426513,-0.12959877902795788,25888.529,0.08105842335154606,0.10500943149193187,0.09241909636827428,12951.676,0.040542963492446626,0.1921249625540291,0.1747465619526967,11232.339,0.0321962843256665,0.19758073867803141,0.1914539308837561,-809.76,0.11369406163975969,-0.5351862013733371,-0.4679165178676634,10136.044000000002,-0.05422834149014056,-0.23869019426463836,-0.1339511053610209,-5097.919,-0.17090914783873715,-0.16014280310759035,-0.5564682082195528,2914.1789999999996,0.10873642531317294,0.26535386681631,0.14944239296524486,-11624.744000000002,-2.001560250077466,-0.06126786614233106,-0.3737888086158371,2801.3230000000017,0.9849666158294197,0.9478690616451481,2.27462295804012,0.06785326208023462,0.1295339779978186,0.08398677925336874,0.276737323744454,0.06531058377374307,0.2241944013441334,0.10132305433029289,0.2653856372837241,0.06996677585308811,0.18150624987545486,0.2842483256091517,-0.1326499865616705,0.13387106209435143,0.3269681006224597,-0.29001075916440267,2.7991004078895907,0.0758447123247612,0.4098473214724159,0.0839339990111295,0.8734982458894087,0.1124134163209926,0.22390253916084432,0.14438005774134122,0.19200567432988627,0.02142203536898124,0.22449071500584694,0.017540487283496962,0.1668729170928633,3136.1620000000003,5038.125000000002,-0.3120156964636668,-0.40224887897750294,0.3692409912166569,0.18472620380080249,0.16020377156390433,0.14456761655232123,0.07185739556208158,0.14027974974308424,0.2826613875273211,0.9023983339534181,0.44853747736780397,0.012437828725268635,0.2054120198408779,0.03128914003964325,0.08676409456014857,0.14980615615636955,0.06592676874810029,0.4817012720638166,0.5036640311010897,0.4963359688989103,0.665037024478038,15.994462556806955,0.5488926611620413,1.400061105462697,1.3472309127849444,0.29426784034506137,-0.6426630798203601,0.07271022099023966,1.7493499884530088,0.2241944013441334,0.1668729170928633,-0.00782828078878528,0.009303887821278667,0.0102021343009841,-0.04165358603750094,-0.06224964871946821,True,True,38.775510204081634,35.714285714285715,39.795918367346935,39.795918367346935,55.10204081632652,48.97959183673469,48.97959183673469,44.89795918367347,45.91836734693878,91.83673469387756,92.85714285714286,45.91836734693878,53.06122448979592,54.08163265306123,55.10204081632652,41.83673469387755,60.204081632653065,65.71428571428571,47.95918367346938,25.31645569620253,59.49367088607595,72.15189873417722,59.183673469387756,78.49462365591397,55.26315789473685,29.11392405063291,56.9620253164557,82.6530612244898,59.183673469387756,40.50632911392405,27.848101265822784,40.816326530612244,72.72727272727273,39.361702127659576,21.50537634408603,55.10204081632652,69.38775510204081,82.6530612244898,23.469387755102048,30.666666666666657,43.027210884353735,64.89795918367346,50.00000000000001,49.798501679152665,61.38885652236198,40.4608513515629,52.25578231292517,54.6313983128626,59.230884271040686,92.5,75.86544213552034,54.637500295555874,48.513195036690206,45.408163265306115,47.142857142857146,49.22177731852234,51.0706283685547,Mixed / Divergent,0.0,24.256597518345103,"[""Healthy Growth"", ""Accounting Profit Risk"", ""Working Capital Absorption"", ""Leverage-Funded Growth""]",Healthy Growth,4,66.3265306122449,-0.9530212246573153,False
FRT,2025Q4,2025,4,8104,14912.762,-12038.094,2874.668,417.781,348.336,-106.474,2869.852,21787.052,23714.236,728.878,11926.663,5995.965,10051.508,0.0,18575.165,18574.474,5139.071,1574.318,202.55,-133.658,109.502,-777.175,2282.363,FPT Digital Retail Joint Stock Company,Retail,Non-financial,specialty-retailers-74,21645356873500.0,170301785.0,HOSE,10051.508,7181.656,51082.869,0.13751765171358454,0.3026922211444658,0.2737443227057957,-41073.164000000004,-0.13884070176182137,-0.28431172876418653,-0.2629568483625462,10009.704000000002,0.13201041491102747,0.38574212771413896,0.3200083712896417,1212.835,0.29629307857233733,1.5904722339343733,1.2330226683556238,984.239,0.31012486836166697,1.602202268007351,1.4099051452692613,-388.59700000000004,-0.06602989617437098,-0.3496856302606226,-0.5333504320719726,2747.327,-0.7761581646185128,1.1824613682755936,3.38116371673654,-534.3599999999999,0.07786455458659898,-0.201582235807075,-0.09109620088780686,402.557,0.048508177256884485,0.26280949799914666,0.26414146330740523,-5263.903,0.5511182551500037,-0.7431623759089543,-28.303326189217007,3288.621,6.800764501510957,0.5379048065694879,3.7705214814256043,1.469297392734901,0.3680378417827931,0.2244035114507335,0.5533156297458199,0.2036544970391886,0.497815323494952,0.07777707129749711,0.7473766982238024,0.13487937700241406,0.16531245462754576,0.21267871491710721,0.8723114250384082,0.12693317122879064,0.14217152069764502,,,0.12693317122879064,0.14217152069764502,-0.07418681618582534,0.07147923435844383,0.15669075675610378,0.35459208471656695,0.15668647858422288,0.354596321052868,0.4106789584452496,1.4243027926035021,0.01196370008214925,0.08875277233549775,68.89200000000002,2212.9670000000006,1.0564072206351585,15.114111162082834,0.19595030968209717,0.02374249966265599,0.019267496506509846,0.05378176781730878,0.0433211180836378,0.04977592869367437,0.2711818688407379,2.7913210104456336,2.2484040969723824,-0.07434724019782886,0.014268540790064083,0.2334767649796647,0.1459825447097282,0.4736323755180067,-0.10843186807824992,1.9558998114639785,0.783291732442909,0.21670826755709102,4.445766724114023,3.1210611507551524,0.2855145715448866,1.1729566070080908,0.5308569707007584,-0.13157280200815066,-1.7663731004275964,0.010460649733670987,1.3274145027909088,0.497815323494952,0.08875277233549775,0.006867725117754603,0.010199478097889628,0.009083749508791985,0.03814568894614391,0.039896788459913846,True,True,100.0,100.0,100.0,100.0,50.0,100.0,50.0,0.0,0.0,0.0,100.0,100.0,100.0,100.0,100.0,100.0,100.0,0.0,0.0,100.0,0.0,0.0,0.0,0.0,50.0,0.0,0.0,100.0,0.0,100.0,100.0,100.0,0.0,0.0,100.0,100.0,100.0,100.0,0.0,0.0,91.66666666666667,30.0,100.0,50.0,16.666666666666668,66.66666666666667,60.0,59.91666666666667,73.10908754922163,100.0,86.5545437746108,60.49982421060642,50.217214208368205,50.0,50.0,50.0,50.0,Mixed / Divergent,0.0,25.108607104184102,"[""Healthy Growth""]",Healthy Growth,1,100.0,1.9353141555125255,False
FTS,2025Q4,2025,4,8104,370.194,-183.828,186.366,164.292,128.057,0.0,2913.631,13750.839,13919.681,86.742,0.0,1.224,8758.1,0.0,9499.715,9499.715,4419.966,132.797,1688.957,0.316,3.594,0.316,670.932,FPT Securities Joint Stock Company,Financial Services,Securities,investment-services-154,8367926917350.0,346498009.0,HOSE,8758.1,5844.469000000001,1205.809,0.3016300526004894,0.16169908305247507,0.050585973065539545,-620.1030000000001,-0.0362169749102327,-0.6012891986062718,-0.5289854893790147,585.704,0.7416569319190695,-0.08584069928286227,-0.21083720479018683,509.414,0.8659791472639301,-0.0790032794237183,-0.22952994148278882,396.755,1.3234931233443405,-0.1972002281945673,-0.300646728372321,0.0,,,,-876.0350000000001,1.8627299841803269,2.632220998105841,0.7038220975049022,-4.204999999999997,-0.10734463276836152,1.1352739726027397,0.006849315068493343,15.529,-0.03387096774193557,-0.20592134334953602,-0.188916745012013,-4.295999999999998,0.20152091254752846,1.1352739726027397,-0.001165229550221162,3229.755,-0.4566221472808511,-0.4076403597603128,0.4189240839996487,4.2587206731437375,4.151717309239433,0.0175742480474126,0.4353451434328563,0.01706538930458176,0.4262609762877655,1.6183102417821247,1.2978013245033113,,,0.2897787144362487,0.2605561277033986,0.08301182173418413,0.5993801240117211,,,0.08301182173418413,0.5993801240117211,-0.2241247311902184,0.1902301028700695,0.0112305309662449,0.683871325682538,0.0112305309662449,0.683871325682538,0.02983659955590879,0.07333639471302486,-0.02408965643946347,-0.06872514849541021,1688.641,-880.2400000000001,2.628239815793331,0.7028258284678702,0.4857353030206276,0.42246657638149987,0.32903635650422247,-0.7265122419885738,-0.7299995272883186,0.0335107855226109,0.09293933486258678,-2.207999899182115,-2.2185983793524975,0.0914381586761938,0.07193676610474793,0.0,0.001973865631999845,1.2472153514377717,,1.9814858304339897,0.6824664300855745,0.3175335699144255,11.133530688093757,,0.3326784348203377,1.4475001618469607,1.4475001618469607,0.5487941509461816,,0.0034872852997448168,0.27078369502221633,0.4262609762877655,-0.06872514849541021,-0.16090782191348252,-0.15359404314419767,-0.16525028630705418,1.850532042083989,1.8507337166526474,True,True,0.0,0.0,0.0,0.0,0.0,25.0,25.0,75.0,75.0,37.5,25.0,62.5,62.5,75.0,75.0,87.5,93.75,,0.0,50.0,42.85714285714286,42.85714285714286,50.0,,100.0,28.57142857142857,28.57142857142857,25.0,50.0,57.14285714285714,57.14285714285714,50.0,100.0,,,75.0,50.0,12.5,75.0,100.0,4.166666666666667,47.5,72.5,47.916666666666664,45.982142857142854,66.07142857142857,62.5,41.0907738095238,63.85490054134723,33.333333333333336,48.59411693734028,39.73434093859628,48.55445128821865,50.0,50.0,50.0,53.973765432098766,Mixed / Divergent,0.0,24.277225644109325,"[""Working Capital Absorption"", ""Leverage-Funded Growth"", ""Margin Compression""]",Working Capital Absorption,3,37.5,-1.3987243721362275,False
GAS,2025Q4,2025,4,8104,43683.071,-39778.314,3904.756,1763.598,1387.43,-54.246,6876.468,69902.466,93568.198,24881.282,4398.771,11925.123,1439.827,1531.863,25914.809,20573.719,67653.389,15950.791,491.071,-804.209,594.017,-895.763,-4359.743,PetroVietnam Gas Joint Stock Corporation,Utilities,Non-financial,gas-distribution-71,203170369455200.0,2412949756.0,HOSE,2971.69,-3904.778,135129.056,0.22395364993716055,0.7511672124047366,0.30478631852900184,-118078.501,-0.2592935481643689,-0.9031813757053625,-0.37444789311446064,17050.553,-0.04816233880517773,-0.03447020752645982,-0.03420141554858101,14362.991999999998,-0.4504303917697838,-0.3135237454647792,0.09171099551891247,11571.631000000001,-0.4689913579963411,-0.3239762047108201,0.09268176375716256,-219.80700000000002,-0.017157000618777056,0.05197483397413486,0.31061703769217736,13040.223,-0.8659490838494185,-0.7067047397664608,0.44326712458624384,-2314.736,-0.6422885592458871,-0.19669150197834298,-0.20217548466441182,2788.367,-0.22402045183186015,-0.0021619206321474758,0.02223770937442387,-6468.62,0.48109823103841987,-1.1787942605430197,-1.8661424070505912,-5264.540999999998,-5.470333405065265,0.6698510751259543,0.683096252811675,-0.40929203881913867,0.23500161548625412,-0.003681999169963758,0.22014072316882577,-0.0031578993459440738,0.1430985771025678,0.0859427459205157,0.3027928963955493,0.846246539419143,-0.0435273174252129,0.14852162472960653,0.9753359692960587,0.030294291698479643,0.5418513005579173,-0.19853934859279274,-0.33128378803117925,-0.1018910007464874,-0.07842628905079785,0.5313647051594338,-0.6662867345366837,-0.05720818495576212,0.2776057309728522,-0.06736691109143628,0.41152856003664795,0.01922470338318199,0.09878667707091615,-0.02947322358142637,-0.12462359995427412,-313.1379999999999,10725.487000000001,-1.3124206821138664,0.5085592963470615,0.1261797684725926,0.10629092236091695,0.08563392169334773,0.09650199139998432,0.0793721744048889,0.13192826241523217,0.17909361440639565,1.1269131378281936,0.9268777236329088,-0.01569541822318731,0.18412976998818076,0.03255236978788632,0.10099317741169495,-0.0019934221334525493,-0.3483136359542147,0.04392522006547226,0.27696171940812625,0.7230382805918737,-0.2276658077065497,65.34365147606763,4.775898771171814,3.3976582454538238,3.1838529047665127,-0.3832126075797997,0.21890604217326487,0.01712981699509541,0.8301403653105921,0.1430985771025678,-0.12462359995427412,-0.04428810984979212,-0.020745392057105433,-0.0166227216712026,0.00925932097222125,0.010721424324216675,True,True,80.0,0.0,20.0,20.0,100.0,0.0,20.0,40.0,20.0,100.0,80.0,80.0,80.0,40.0,80.0,80.0,60.0,20.0,20.0,0.0,80.0,80.0,80.0,100.0,100.0,100.0,100.0,40.0,80.0,20.0,20.0,20.0,0.0,100.0,0.0,80.0,100.0,20.0,60.0,60.0,36.666666666666664,52.0,72.0,25.0,84.44444444444444,26.666666666666668,64.0,65.28333333333333,53.931351170555956,79.16666666666667,66.54900891861132,64.86689662829481,50.24451396123666,50.0,50.0,50.0,48.05555555555555,Mixed / Divergent,0.0,25.12225698061833,"[""Healthy Growth"", ""Leverage-Funded Growth"", ""Margin Compression""]",Healthy Growth,3,80.0,0.02631671380303537,False
GEE,2025Q4,2025,4,8104,7228.395,-6054.384,1174.011,725.511,572.235,-61.836,1212.885,12222.867,16345.96,4260.807,5605.178,606.456,4466.889,1047.943,7948.906,6772.07,8397.055,1526.791,-1284.006,-117.245,84.142,233.781,1427.062,GELEX Electricity Joint Stock Company,Industrial Goods & Services,Non-financial,electronic-equipment-2,67252417155000.0,640499211.0,HOSE,5514.832,4301.947,25463.15,0.12170762739678584,0.11536241356915146,0.20509254732526697,-21352.367,-0.12640121451614714,-0.12306168675244113,-0.18193112336160844,4110.782999999999,0.09811068739775465,0.0772749420304882,0.34165599965012605,4262.527,-0.6707067827927726,-0.09589363733111353,0.9697926982500032,3417.1300000000006,-0.6806148652910096,-0.11453409113768141,0.9844513668209103,-230.635,-0.015903266083984957,-0.11706048124864507,0.1435536757360942,-471.8410000000001,-3.5983766292898816,-3.263127931345057,-1.882637055937267,-268.30400000000003,-0.8551424050632911,-2.517701770177018,-0.801157342140949,354.013,-0.08803000086707709,-0.07612407356574259,-0.11281830233741245,630.674,-0.5184856399017944,-0.6397832977144873,-0.37665097439982764,358.9369999999999,2.309535148984122,2.2370981556161986,1.1811359469597378,0.45134714058700764,0.7536134657897285,0.19527199896968636,0.7815569896008878,0.07955221654816394,0.2668078557159206,-0.0566132942293161,0.8912459885215122,0.3519363189474671,0.52308411341929,-0.3129332007060364,-0.4612368908492464,0.4902893575282002,0.5034497405500267,-0.24496628821665462,1.3111716380878866,0.2575803735777394,0.6103965579973591,0.21196080884026713,0.5741504623895254,0.11895384391021636,0.3359887593427039,0.21441763519895382,0.25860660010790587,0.04472779215266144,0.20761214921484158,-0.3544199533951715,-0.377549664230339,-1401.2510000000002,-740.1450000000002,-3.623923045377686,-2.919368599576266,0.16144047378270163,0.16739983073578876,0.13419902879258852,-0.018530346795270818,-0.029067299214747593,0.23365608944126973,0.4452143944311362,-0.13808107973650405,-0.2165984320175118,0.23791634140790757,0.1673322821410548,0.2201290099614541,0.028402284393107335,0.6861534411962452,0.317991566094023,0.6567578752312567,0.48629178096606135,0.5137082802111348,0.9318552422376932,18.48170052247057,0.2715279023051614,1.804893776939695,0.9772032775798243,0.4053040106720922,-0.826239022513909,0.010536952419476773,0.757893071723355,0.2668078557159206,-0.377549664230339,0.01643257917862398,0.06498687701612449,0.05270433854209562,-0.043830420786182725,-0.04731746005529647,True,True,60.0,80.0,100.0,100.0,20.0,40.0,40.0,60.0,60.0,100.0,100.0,0.0,40.0,0.0,40.0,0.0,80.0,80.0,60.0,80.0,80.0,80.0,60.0,80.0,20.0,40.0,0.0,60.0,60.0,20.0,20.0,40.0,60.0,0.0,20.0,40.0,60.0,0.0,100.0,100.0,66.66666666666667,72.0,16.0,75.0,53.333333333333336,26.666666666666668,60.0,53.01666666666667,55.40411233169389,73.33333333333333,64.36872283251361,52.47725156684064,49.68595034193157,50.0,50.0,50.0,50.0,Mixed / Divergent,0.0,24.842975170965786,"[""Accounting Profit Risk"", ""Working Capital Absorption"", ""Leverage-Funded Growth"", ""High Working Capital Stress""]",Accounting Profit Risk,4,60.0,0.2710359705294031,True
GEX,2025Q4,2025,4,8104,11635.803,-8987.899,2647.904,1116.72,541.242,-357.292,8659.542,39414.126,73592.591,4996.929,14454.964,3144.844,12168.371,16668.39,43418.986,21795.269,30173.605,13017.057,2500.595,-1856.121,789.507,-2688.75,4162.801,Gelex Group Joint Stock Company,Industrial Goods & Services,Non-financial,electronic-equipment-2,42132777727600.0,1308471358.0,HOSE,28836.761,20177.218999999997,39512.528,0.18236416477655573,0.14802966418379834,0.17066161851760933,-31095.987999999998,-0.12215425574417586,-0.16289497858686228,-0.15212480892545827,8416.539,0.44565520637640055,0.10028817126556433,0.2446476627528437,4539.264999999999,-0.10507040221825081,-0.14693767798868196,0.2677230688110853,2956.123,-0.30723506869513806,-0.4674010163073641,0.10744006923085574,-1197.93,-0.10427316614846363,-0.3914919635937359,-0.11223661756322387,546.2200000000003,1.884884774721248,-0.4147088459751499,-0.7823156904707819,-5837.248,-0.5004231790568806,-0.4231328349626223,-0.5220553053381272,3238.0780000000004,0.2740436285473609,0.10898119313800252,0.10329419765731114,-5016.737,-2.4673315113228056,-1.2021046838183083,-4.190161041024806,9049.008000000002,1.241639625338039,3.465689268023108,12.499565383149072,0.849447048021745,1.1254572060982737,0.23235482950916,0.7265007156715511,0.12783792820815684,0.3683417475609735,-0.3926199540976067,0.23772450640172993,0.4557420581796743,0.6644363586117955,-0.03240630490097442,-0.0021148598972745955,0.2297151691372731,0.47691181910954916,0.34183620691390115,1.006648704202126,0.29212293161495717,0.7428610972857207,0.14414992856866593,0.6178736494245292,0.15399135783277162,0.4224373203852476,0.09236404107258159,0.28227438015050826,0.09221836892531095,0.29734524019538944,-0.0746351108929479,-0.06162765978229589,644.4739999999997,-5291.027999999999,-0.782869772197787,-2.990581342641373,0.2130093776839589,0.11488166487348012,0.07481482835013746,0.013823969957072862,-0.133907605203089,0.0464160959675347,0.1106508089244474,0.18477580263067547,-1.7898538051359836,0.03274654373834996,0.12646442161331717,0.3658324266166923,0.10113343239005625,0.0670628878841206,0.4937747400941862,0.9556949194502944,0.5899912669197909,0.41000873308020913,2.5943588960908626,3.7892573021795926,0.7116434895024157,1.808379882808512,1.1451642097190906,0.5721994787681114,-0.3799596863743092,0.14773157516016186,1.8026891260803473,0.3683417475609735,-0.06162765978229589,0.012661994001570392,0.008795754592685973,-0.0042710296379318,-0.06051850828256145,-0.09462498435689792,True,True,40.0,40.0,80.0,40.0,80.0,0.0,60.0,40.0,20.0,0.0,20.0,20.0,0.0,20.0,20.0,40.0,40.0,100.0,20.0,100.0,20.0,20.0,20.0,40.0,60.0,60.0,40.0,80.0,20.0,80.0,80.0,80.0,80.0,40.0,60.0,20.0,80.0,20.0,60.0,60.0,46.666666666666664,28.0,20.0,65.0,40.0,70.0,48.0,31.816666666666663,48.0829193168049,77.5,62.791459658402445,31.198388408135074,49.68595034193157,50.0,50.0,50.0,50.0,Mixed / Divergent,0.0,24.842975170965786,"[""Accounting Profit Risk"", ""Working Capital Absorption"", ""Leverage-Funded Growth"", ""High Leverage Stress""]",Accounting Profit Risk,4,0.0,-0.29341966449044354,True
GMD,2025Q4,2025,4,8104,1614.392,-848.835,765.556,901.912,659.975,-34.356,1618.301,6110.316,19777.416,1395.698,86.478,565.556,307.522,2081.64,4917.377,2350.293,14860.039,5629.5,-116.741,-285.097,124.595,-402.936,-69.955,Gemadept Group Corporation,Industrial Goods & Services,Non-financial,transportation-services-47,31262091489700.0,426495109.0,HOSE,2389.162,770.8609999999999,5945.566000000001,0.03453773671960707,0.14376480723670046,0.2304501735814697,-3230.1530000000002,0.05078982034187153,-0.04959269371160648,-0.1978858131423732,2715.412,0.14906595501334363,0.2701179937087719,0.2715698578305579,2899.439,0.4574565386716137,0.33647281968452014,0.19881624999741576,2224.188,0.5261760672652895,0.7640730246979579,0.156272873968592,-107.943,-0.4423173803526449,-0.042702358189930005,0.22614293805157468,1491.9009999999998,-1.2252082975640903,-1.2020184365768949,-0.02287233032250644,-1657.187,0.6092640079162218,0.4425351523316589,-0.11977239494787591,416.673,0.27452484707133945,0.26543774121470654,0.02744215177637943,-2827.02,0.7131458447238929,0.58519647103635,-1.0549355174955406,-1015.9000000000001,0.8937030188008369,-1.0219462535607173,-1.4344072429999457,-0.26616816496808793,-0.5917831495311803,-0.0011981732842992103,-0.08440042867623442,0.023548203722848708,0.09887640486895864,0.07117404127982348,0.12956374513599794,0.015607934326885736,0.036657875809158386,-0.19227978771415669,0.16205281834115157,-0.010731588056282973,-0.27134394844090615,0.0024671119957120737,0.19268246986408963,0.0007485208649666714,0.10232570800822906,3.233174080175729,1.4289868186588934,-0.042216565948374404,0.16362090495174214,-0.08573599191502367,0.11878331535569558,0.047345606086598525,0.07900950092238379,0.4152074657190219,0.39580274836400114,-401.83799999999997,-165.28600000000006,-7.046677500902846,-4.524898168091953,0.45671211117663135,0.4876640844622698,0.3740918862897157,0.2509266569406512,-0.02779987641210274,0.11775894964507069,0.15536397868605945,0.6707620938517787,-0.07431296275314858,0.03702642448336022,0.23474602754388732,0.01454495669546011,0.17508644327373965,-0.10088642844547177,-0.19379229777231133,0.1607776399510122,0.2486359694309914,0.7513640305690086,0.23245927761185384,26.860833958663367,5.2623909834093165,2.5998103215216144,2.563015760162669,-0.12812446557324064,0.027326688054158915,0.27872653335275394,3.977188346737129,0.09887640486895864,0.39580274836400114,0.01476903348146208,-0.012868301028285456,-0.023998769284293175,-0.06505328935515653,-0.03750408944908001,True,True,80.0,60.0,60.0,60.0,60.0,100.0,100.0,100.0,100.0,80.0,60.0,40.0,60.0,100.0,60.0,20.0,0.0,40.0,80.0,20.0,100.0,100.0,100.0,100.0,100.0,100.0,100.0,0.0,100.0,0.0,0.0,0.0,20.0,80.0,0.0,60.0,0.0,80.0,20.0,0.0,70.0,88.0,56.0,35.0,88.88888888888889,16.666666666666668,32.0,75.08333333333334,52.41577824577107,85.0,68.70788912288553,74.76087654802592,49.68595034193157,50.0,50.0,50.0,50.0,Mixed / Divergent,0.0,24.842975170965786,"[""Accounting Profit Risk"", ""Margin Compression""]",Accounting Profit Risk,2,100.0,0.9462459217976122,False
GVR,2025Q4,2025,4,8104,8505.655,-6023.205,2482.45,1413.877,1135.975,-48.454,7886.876,32960.823,86514.046,2587.879,6671.525,973.732,1390.945,1586.424,23912.619,11352.714,62601.426,35439.75,2487.033,-418.014,1235.117,-173.779,-1676.32,Viet Nam Rubber Group - Joint Stock Company,Chemicals,Non-financial,commodity-chemicals-11,140200000000000.0,4000000000.0,HOSE,2977.3689999999997,-4909.5070000000005,29367.028,-0.08486268563994907,-0.08425152343834112,0.1190873663932824,-20791.233999999997,0.0937248866291881,0.021498202106785734,-0.07855720540055836,8575.793,-0.06262224860400595,-0.207558938691758,0.2312611485233124,6282.441,-0.3453818552214274,-0.3484641955920276,0.32547660641045106,6257.861999999999,-0.4806451480171044,-0.46448227826320615,0.29651854924289334,-242.816,0.16861412810349855,0.4434860509722397,0.3119508082911831,6835.421,-0.32183374594489506,1.6908279158551098,14.750108296927094,-962.783,-2.0461276124406096,-1.7048744346160567,-0.6145977102091401,3237.949,0.6486955848510574,0.5307167785367981,0.19758637052751948,1182.685,-5.403258500988192,-1.1377472199521395,2.9158750575077588,-6092.177,0.1387636013154468,-1.7533758367122412,-17.421537681913378,0.05320371526222604,0.364781541536941,0.06626979517164576,0.19119921637239298,0.01973894065217759,0.03754167347105545,-0.17299603543628425,0.019221173064994178,0.29576606649703185,0.533151710555646,0.2701062017546377,-0.01643629722708196,-0.021546524101788585,-0.6586582752015125,-0.12856254545534448,-0.46474268460682766,-0.08163802886019723,-0.5770053845925442,-0.15615227795467207,-4.896647514824223,0.1437927745277935,-0.04297921439240045,0.3792471111073315,-0.020816602428329063,-0.020827356697163867,0.07199432054591973,0.008903522521538728,0.002903289670509911,2069.019,5872.638,1.551059935008018,37.18228418983803,0.29202114017121517,0.21392838934876215,0.2130914302938656,0.2327583506236995,0.199973861842608,0.07366622304880838,0.10343694258647051,1.0922933423587802,0.9384415955481282,-0.006675898616509059,0.08812192367576317,0.22717739772645704,0.04683377619625656,-0.09986619332828822,0.4140643441623636,0.047560721699853925,0.2764015799237964,0.7235984085173869,-0.5156833911215822,25.873257940168685,5.6701566201395455,2.903343024408084,2.3156839853448257,-0.6960927509858267,-0.013525798119267962,0.032784488781091504,0.2973434726735968,0.03754167347105545,0.002903289670509911,0.026604523170584427,0.03331067291738801,0.029161992749147103,0.21622024658689487,0.20615888380591982,True,True,25.0,50.0,50.0,50.0,25.0,25.0,75.0,50.0,50.0,25.0,25.0,75.0,75.0,75.0,75.0,75.0,25.0,50.0,75.0,75.0,75.0,75.0,75.0,25.0,75.0,50.0,50.0,50.0,75.0,25.0,25.0,25.0,25.0,75.0,75.0,75.0,0.0,75.0,50.0,100.0,37.5,45.0,75.0,56.25,61.111111111111114,41.666666666666664,60.0,53.854166666666664,71.61506913253243,100.0,85.80753456626621,54.391274563133855,49.869246726155225,50.0,50.0,50.0,50.0,Mixed / Divergent,0.0,24.934623363077613,"[""Healthy Growth""]",Healthy Growth,1,50.0,0.6944405811339462,False
HAG,2025Q4,2025,4,8104,1838.193,-1271.715,566.478,1344.568,931.161,887.863,679.529,8802.389,26892.471,7291.767,753.244,1419.905,6208.196,1693.343,12707.833,10218.686,14184.638,8471.812,2436.859,-405.086,291.865,-2123.749,-479.353,Hoang Anh Gia Lai Joint Stock Company,Food & Beverage,Non-financial,farming-fishing-5,19581318922350.0,1267399283.0,HOSE,7901.539,7222.01,7440.773999999999,-0.030184577966186642,0.1565850472652593,0.2866521990990912,-4660.682,-0.1223810755208724,-0.262344615916055,-0.2906411470957761,2780.093,-0.256935754255897,-0.026511200281832983,0.280020424390848,2738.2329999999997,1.693240498519744,3.5249558296454597,1.2771263082174982,2242.9529999999995,1.1550811545164403,3.454889484259879,1.1157498853905492,324.2800000000001,5.360284837323512,4.627854618260567,1.4528449437574622,1105.4589999999998,47.594753245759954,7.414491746490514,2.412220020669893,-1573.5300000000002,0.1762677191933611,-0.4614651956504485,-0.9821727524781413,675.039,2.567944549033031,5.554492577870601,0.3840622648511552,-3535.701,-4.236248292593925,-3.849698223692861,-8.303537640361244,2960.0619999999994,-1.4318511057697505,-0.4542594502760755,6.280571611284653,-0.19655770112985538,3.5389989913766033,-0.25045556527049684,0.04351101636705864,-0.030689291402019977,0.20697873004292136,-0.2745450290917535,-0.03253054154015664,0.007700458067554224,0.08465018762833758,0.2393480942002485,0.43815810263869026,-0.007729967862526396,0.08000218498698222,-0.1992650619273516,0.3912337982437691,-0.056115093303963165,0.13438705500131354,-0.04033115040642357,0.05960434938959858,-0.12116371127455687,-0.019093123156529997,-0.12357071982707936,-0.08128788713815666,0.06779299809523759,0.5210383686760827,0.11176388298714166,0.29005679451841615,2031.773,-468.07100000000037,4.092138364301292,0.7031178050287258,0.37362954445330554,0.368003785627678,0.301440817850401,0.1485677430869423,-0.06290622454061909,0.09122648237853205,0.19080626310225493,0.49285874469951,-0.20868515746874788,0.04229786098867596,0.9799742607422293,0.10123194173079307,0.30465605677452356,-0.3191827406392478,-0.20200201147075358,0.5570490413643266,0.47254240787319246,0.5274575921268075,2.115861261569544,8.444039102010604,0.10945675684208424,0.8614012603968846,0.7876888476659327,-0.15226514409777764,0.17571863553996403,0.21147396762756138,2.3310208743494822,0.20697873004292136,0.29005679451841615,-0.0019357714267231318,0.16006939114725682,0.11812543928718611,0.2839255560057309,0.20972188692305496,True,True,88.88888888888889,77.77777777777779,77.77777777777779,77.77777777777779,88.88888888888889,77.77777777777779,88.88888888888889,100.0,100.0,44.44444444444444,55.55555555555556,33.33333333333333,11.11111111111111,66.66666666666666,11.11111111111111,11.111111111111114,11.11111111111111,11.11111111111111,100.0,11.11111111111111,33.33333333333334,33.33333333333334,33.33333333333334,55.55555555555556,22.22222222222222,5.555555555555555,22.22222222222222,100.0,33.33333333333333,66.66666666666666,66.66666666666666,66.66666666666666,33.33333333333333,88.88888888888889,44.44444444444444,11.11111111111111,100.0,88.88888888888889,0.0,0.0,81.48148148148148,77.77777777777779,26.666666666666664,33.333333333333336,37.65432098765432,61.11111111111111,40.0,56.74074074074074,62.277755666776386,85.0,73.6388778333882,56.67343111618362,50.02985935093874,50.0,50.0,50.0,50.0,Mixed / Divergent,0.0,25.01492967546937,"[""Accounting Profit Risk"", ""Leverage-Funded Growth""]",Accounting Profit Risk,2,55.55555555555556,1.1205833016968092,False
HCM,2025Q4,2025,4,8104,1398.219,-850.063,548.157,401.456,318.989,0.0,3701.563,46331.258,46499.006,655.784,0.0,4.316,30889.148,0.0,31955.862,31955.862,14543.144,35.668,-7629.302,-7.686,5.697,-7.686,4629.451,Ho Chi Minh City Securities Corporation,Financial Services,Securities,investment-services-154,29320823617650.0,1079956671.0,HOSE,30889.148,27187.585,5136.153,-0.1601743536517684,0.18338693569409423,0.20109063076660091,-3152.415,0.126991723467907,-0.07089424380313128,-0.23364568271068917,1983.739,-0.20692009982999954,0.41367936206647554,0.15274952989059049,1474.213,-0.2700083280903943,0.41040405566348953,0.1381019141127407,1178.617,-0.2759070768336754,0.40492842986126387,0.13366055695345386,0.0,,,,-11715.420999999998,-70.04426937832905,-6.677865165529004,0.11009901435328717,-18.021,-5.066298342541438,-1.270605612998523,0.03424437299035366,23.844,-0.06222222222222224,-0.22458146182115152,-0.22205546492659045,-18.014,-5.1,-1.270605612998523,-0.004684885666480738,13411.052000000003,-0.1595357618186826,3.9715188187485917,0.08309418562148191,-0.4482772652069577,0.8288851722749384,0.0390264373580614,0.4863025047446987,0.03880133257155924,0.4837123352768892,-0.47705834554065335,0.17555404579359002,,,-0.23011059579022478,-0.2846013591911156,0.03448656034615563,0.5119600858938409,,,0.03448656034615563,0.5119600858938409,0.17439450028725312,0.4771104956691935,-0.06391346206404752,0.5293035465293906,-0.06391346206404752,0.5293035465293906,0.36883709390376096,0.39249566878100256,0.02467752592720279,-0.14032296939021457,-7636.987999999999,-11733.442,-6.697939352700538,0.10999164942228255,0.3862305114353096,0.287026690988372,0.2294746671292697,-2.2809719648149107,-2.284480621975241,0.03028359577131888,0.09433809128443389,-9.939972866503707,-9.955262820746688,0.2772970673824726,0.12767999707173833,0.0,0.0013691090798641677,-0.025536584973010895,,2.1239663170494634,0.6872375293355734,0.3127624706644267,18.148565108003233,,0.11983376815702394,1.4498516109501287,1.4498516109501287,0.31086945512723996,,0.00350865716032992,0.755787619526925,0.4837123352768892,-0.14032296939021457,-0.01619676055427194,-0.015885609791682243,-0.013649141842207807,0.7976335207037963,0.798488509091039,True,True,12.5,12.5,12.5,12.5,25.0,75.0,0.0,12.5,12.5,25.0,50.0,18.75,12.5,12.5,12.5,50.0,50.0,,50.0,50.0,28.57142857142857,7.142857142857139,37.5,,57.14285714285714,42.857142857142854,42.857142857142854,93.75,37.5,71.42857142857143,92.85714285714286,62.5,71.42857142857143,,,12.5,75.0,0.0,62.5,42.85714285714286,25.0,20.0,21.25,50.0,43.41517857142857,74.55357142857143,38.57142857142857,26.186383928571427,64.67586562969997,50.833333333333336,57.75459948151665,25.287975184852726,48.55445128821865,50.0,50.0,50.0,53.973765432098766,Mixed / Divergent,0.0,24.277225644109325,"[""Accounting Profit Risk"", ""Leverage-Funded Growth"", ""Margin Compression"", ""High Leverage Stress""]",Accounting Profit Risk,4,0.0,-1.2157709016173843,True
HDB,2025Q4,2025,4,8104,12330.286,-9121.953,9755.61,8510.363,5220.156,-9121.953,4126.643,,931101.281,22318.435,,,,,852836.677,,78264.604,1860.436,48695.947,-175.683,,-172.029,,Ho Chi Minh City Development Joint Stock Commercial Bank,Banks,Banks,banks-151,128885865317250.0,5005276323.0,HOSE,,,42687.208,0.2956769108584454,0.3044980015617643,0.25431879423312964,-33246.226,-0.08982526625110838,-0.3132570396453928,-0.22505977864912874,34746.19,0.25662828361363865,0.18921501235523847,0.12603637493066425,31072.753,0.21083596476176558,0.440756291993461,0.40910382723949545,17052.703999999998,0.37415305870222226,0.6126584343222774,0.2872250228870813,-33246.226,-0.08982526625110838,-0.3132570396453928,-0.22505977864912874,75411.39,0.8708201793547453,3.2734531181603708,7.6259437204435905,-350.338,-1.7782996489230474,-0.13347527339591592,0.35260224559639874,,,,,-122.01199999999999,-1.8172840719268941,-0.13384347688535603,0.896607360154023,,,,,0.12147186144833218,0.3288796288991114,,,0.19076197033724565,0.33516785947855265,-0.4071197846525064,-0.5380762295138121,,,,,,,,,,,,,0.19523537973295513,0.3310823084688762,,,0.1441013838149117,0.3813693535238142,0.059462944001712904,0.053518067281376876,48520.264,75061.052,3.3167521545609513,8.152397227494118,0.813971951503598,0.7279172017996586,0.3994804251428203,1.7666039437388363,1.7583968480674586,0.020943250629541638,0.25277895469351835,4.4222540894394236,4.401709664344142,-0.06267705478540739,0.5228366071634388,,,-0.7923950237469417,,,0.9159440486260055,0.08405595137399452,,0.9346249706658434,,,,,-0.6341636058886242,0.008207095671377711,,0.33516785947855265,0.053518067281376876,-0.09273083313108799,0.07995911012972623,0.010212195986560313,1.5097179031603063,1.5174118733740918,True,True,94.11764705882352,88.23529411764706,94.11764705882352,82.35294117647058,88.23529411764706,94.11764705882352,82.35294117647058,88.23529411764706,58.82352941176471,88.23529411764706,100.0,58.82352941176471,58.82352941176471,58.82352941176471,58.82352941176471,70.58823529411765,2.941176470588235,,76.47058823529412,,,,35.294117647058826,76.47058823529412,,,,100.0,35.294117647058826,,,64.70588235294117,,5.88235294117647,23.529411764705884,58.82352941176471,82.35294117647058,52.94117647058824,94.11764705882354,,90.19607843137254,83.52941176470588,61.17647058823529,39.705882352941174,61.76470588235294,31.372549019607842,72.05882352941177,77.29901960784314,58.63469264689851,92.5,75.56734632344926,77.32628040423853,49.95573920891706,50.0,50.0,50.0,50.0,Mixed / Divergent,0.0,24.97786960445853,"[""Healthy Growth"", ""Margin Compression""]",Healthy Growth,2,100.0,1.7844449992742142,False
HDC,2025Q4,2025,4,8104,175.292,-143.1,32.192,57.068,30.937,-29.774,498.805,3153.981,6084.132,1164.762,1481.37,82.522,976.773,1223.803,3147.24,1918.407,2936.892,298.85,-460.531,-3.596,4.274,104.365,574.665,Ba Ria - Vung Tau House Development Joint Stock Company,Real Estate,Real Estate,real-estate-holding-development-160,3515680449600.0,199754571.0,HOSE,2200.576,1701.771,456.4969999999999,0.7184142420202339,0.06338758697669912,-0.16427389295312572,-359.93699999999995,-0.6878383638229361,-0.41902344214826864,-0.10458575387363164,96.56,0.8689114658925978,-0.49699214050219537,-0.5618298233433618,815.9419999999999,-0.9154966283350164,0.7186050713726433,5.276911478486972,641.369,-0.94256716617409,14.848872950819672,8.586264105821687,-80.57600000000001,-0.5602368600324898,-0.9612673736907978,-0.4475423972405865,-1015.556,0.20502020545521393,-11.706288504010228,-6.637539576893863,-12.467,0.49727387110303367,-1.9355102040816325,-4.6081871345029235,16.376,0.040408958130477214,0.07332998493219482,0.020247959628683525,902.1800000000001,-0.8392881341316185,47.947818263607736,15.701386738800986,601.895,1.935648824545092,11.818445377360266,2.1394645288156093,0.7795016874415819,47.45118989800874,0.02686936769014543,0.3591312711530624,0.12578297950764158,0.2474188482866916,-0.13461847079242056,0.25574039135356585,0.03371324378583676,0.08872950322678783,-0.009529982236305114,-0.6114856594037777,0.12441938502873863,-0.1691563744003267,0.6161789176197143,1.8994437099900023,0.3534418550584872,0.37732096071782184,0.264688374374352,0.07203102882841216,0.2474088612782607,0.20802926992539722,0.113092423351879,-0.10439518884942464,0.019282394641646675,0.292584114582531,-0.0008826066315851253,-0.011078829112038982,-464.127,-1028.0230000000001,-12.106173725771717,-6.604170365110362,0.21152384353018755,1.787398383779083,1.4049796603263551,-2.2246717941191294,-2.2519819407356465,0.11702202680306152,0.24625412819079898,-1.5834192173304291,-1.602857325502168,0.27233547858593476,2.551521696747186,3.2450815668010966,0.22926789966021835,0.4200142843066916,0.2530033961799135,0.7492873418566295,0.5172866071939267,0.4827133928060732,2.0446163605737233,10.12636517077045,0.5106662448695859,1.6440624956018197,0.8718749462444624,0.5415948536709476,-5.7244538757275585,0.027310146616516654,0.7612970200293112,0.2474188482866916,-0.011078829112038982,-0.19191757653615849,1.5494190052045682,1.2824941780735228,-1.9812404797229433,-2.004480897215358,True,True,5.555555555555555,5.555555555555555,100.0,100.0,33.33333333333333,88.88888888888889,16.666666666666664,97.22222222222221,97.22222222222221,100.0,94.44444444444444,22.22222222222222,27.77777777777778,2.7777777777777777,2.7777777777777777,5.555555555555557,83.33333333333334,77.77777777777779,88.88888888888889,66.66666666666666,38.888888888888886,55.55555555555556,55.55555555555556,68.75,41.17647058823529,27.77777777777778,38.88888888888889,88.88888888888889,55.55555555555556,61.111111111111114,44.44444444444444,44.44444444444444,88.88888888888889,5.88235294117647,31.25,2.7777777777777777,66.66666666666666,55.55555555555556,38.888888888888886,53.333333333333336,55.555555555555564,81.11111111111111,12.222222222222223,79.16666666666667,52.33750907770516,46.003540305010894,43.44444444444444,45.975095315904134,54.35366466897321,46.666666666666664,50.51016566781993,44.74673668003948,49.84532322977395,50.0,50.0,50.0,49.8469212246302,Mixed / Divergent,0.0,24.922661614886977,"[""Accounting Profit Risk"", ""High Working Capital Stress""]",Accounting Profit Risk,2,27.77777777777778,-0.3420952714017413,True
HDG,2025Q4,2025,4,8104,884.861,-276.469,608.393,406.488,373.38,-69.715,267.892,3638.963,14732.81,1401.748,782.184,49.051,681.144,4020.932,6355.256,2240.378,8377.554,8059.776,558.368,-29.924,129.275,-118.533,-415.214,Ha Do Joint Stock Company,Real Estate,Real Estate,real-estate-holding-development-160,8657135019000.0,369963035.0,HOSE,4702.076,4434.184,2785.7200000000003,0.24189274536497735,0.1751735147324832,0.02506133139633935,-1031.32,-0.27361050328227576,-0.385615051521591,0.08483705659205362,1754.4009999999998,0.22799761825466514,0.09930542756679218,0.10291961717194052,1059.961,0.12896712428448034,1.1438222869167602,0.27568585681704655,944.191,0.1090846442659569,4.824517556438726,1.1110042904637234,-292.549,0.03579381215163954,0.05043722247950098,0.1464553926231088,1345.0220000000002,1.9416121843670484,0.19670458734472387,0.2805257590918221,-130.272,,-9.641062662431418,-6.4373144553551045,526.337,-0.04774006305430327,-0.0420739072121405,0.002346197427181175,-512.4629999999997,-0.07628118984491333,-0.4172316080203738,-3.4024139856535442,-891.046,-1.4946168080555624,-0.2753212767525861,-0.06917094932919277,0.10120811769590296,-0.19386609773198485,0.12408491483711427,0.1274289618036569,0.017399250071853507,0.06378972087019455,0.16481041836842383,0.10628041436939356,0.0009098203008933293,-0.0872274579546569,0.16726952548664994,0.21269284018987344,-0.016473829439768498,0.07954278903758738,-0.039541418058312065,-0.054577722267340194,-0.03626708948347035,-0.037250947479632555,-0.04348139342195314,-0.025816547820777896,-0.008989993307248449,-0.01824795755912432,0.06566276607939849,0.04695453058554141,0.03837507092883371,0.13578844630971804,-0.014729108987191646,-0.05712407597638621,528.4440000000001,1214.7500000000002,0.1410396761133605,0.17611349555744255,0.6297836824950102,0.3804980400040205,0.3389396637135103,0.4828274198411901,0.43606320807547067,0.06606852460098118,0.11987036560365658,1.4245232161713044,1.2865511321332233,-0.0272066903733911,0.5031905575578306,0.28078342403400197,0.047561377651941204,0.08121908297305422,-0.11228878935099626,0.5612707480011468,0.43136753952572526,0.5686324604742747,2.7953032784508336,3.623191328632127,0.39329715889738437,1.624262959197064,1.27513258923271,-0.062312278875971905,-0.12923046419393774,0.046764211765719446,0.24750682547493336,0.06378972087019455,-0.05712407597638621,0.04445825168495743,0.07475362385646744,0.17435736299593207,0.096323896344651,0.05600504674050499,True,True,27.77777777777778,33.33333333333333,44.44444444444444,77.77777777777779,50.0,83.33333333333334,94.44444444444444,55.55555555555556,66.66666666666666,88.88888888888889,72.22222222222221,72.22222222222221,83.33333333333334,94.44444444444444,94.44444444444444,77.77777777777777,66.66666666666666,61.111111111111114,22.22222222222222,11.11111111111111,50.0,50.0,83.33333333333334,31.25,29.411764705882355,22.22222222222222,55.55555555555556,61.111111111111114,83.33333333333334,50.0,50.0,16.666666666666664,44.44444444444444,70.58823529411765,68.75,94.44444444444444,33.33333333333333,16.666666666666664,33.33333333333334,80.0,52.77777777777777,75.55555555555556,84.44444444444444,40.27777777777778,51.80192447349311,50.074891067538125,51.55555555555556,64.56738834422657,59.4262255061527,100.0,79.71311275307635,64.79917706262475,49.84532322977395,50.0,50.0,50.0,49.8469212246302,Mixed / Divergent,0.0,24.922661614886977,"[""Healthy Growth""]",Healthy Growth,1,94.44444444444444,0.848539901595065,False
HHV,2025Q4,2025,4,8104,1205.947,-751.837,454.11,234.933,201.708,-229.834,586.763,1864.835,40753.441,1192.993,46.153,1036.822,979.82,17479.169,28575.631,3558.782,12177.81,27486.499,1493.675,-3.574,111.314,-1198.628,-182.907,Deo Ca Traffic Infrastructure Investment Joint Stock Company,Construction & Materials,Non-financial,heavy-construction-9,6429203978000.0,547166296.0,HOSE,18458.989,17872.226000000002,3801.548,0.320105788250542,0.19404239729892953,0.1491111164177082,-2184.5009999999997,-0.4348499855911357,-0.10452512751804058,-0.11054788698598102,1617.046,0.16575961390357855,0.3790914778214419,0.20566924296265593,773.634,0.38102460100520225,0.7559176351881611,0.3791373639596761,678.499,0.32350856932888905,0.5813909730225556,0.3704143565506308,-905.217,0.016799209448967074,-0.18308307638456356,-0.1363906840812883,1820.583,487.22233072916663,0.517584544498575,0.5914952204869991,-74.72400000000003,0.7164842138664128,0.9765516336438786,0.7109792606230321,430.612,0.007932052373277229,0.5012812559005205,0.2340645042958922,-1387.3139999999999,-90.19202678027997,-6.372270675211887,-1.07081881078015,-155.4400000000001,-1.2978266331658295,0.7923217629152411,0.6629669059694143,0.23627173567231266,0.8993150640589899,0.11574900904943537,0.4535534927732902,0.01756683932048643,0.04747501314759306,0.19764705646140893,0.3582792902749819,-0.720130496213063,-0.31842280144724217,0.06882034344196544,0.14838661085826996,-0.1502591752010482,-0.09335026057088704,0.001398300360669649,-0.02416702722468939,-0.007999530090618013,-0.0281036125671927,-0.014393141427721893,-0.04343833327445872,0.017920672121294907,0.021406966231297793,-0.00023289061641840176,-0.03266314174595556,0.016737439197684906,0.11420179297976034,-0.0023130483439988926,-0.011387788742376594,1490.1009999999999,1745.8590000000002,0.7913635680581851,0.971824129803039,0.42536514072688286,0.20350499322907406,0.17847966144318053,0.47890569841548764,0.45924949520563735,0.017034915552514178,0.05872559557340783,2.6832508227720306,2.573119488753852,-0.028024234812466513,0.3138176869001786,0.012140580626628941,0.47462647075922604,0.2091681738572737,-0.46753391786495035,1.5157888815805143,0.701183269407852,0.298816730592148,14.841009229011348,0.854639274339744,0.5988477475454675,0.5240093380263248,0.5110405751181163,-0.1772147289849009,-0.5155280480409644,0.01965620320985031,0.1735297669363604,0.04747501314759306,-0.011387788742376594,0.019953943088009685,0.03394258699085334,0.02882203268405678,0.1331202667780454,0.19161472384155404,True,True,50.0,50.0,50.0,50.0,62.5,50.0,75.0,75.0,75.0,12.5,25.0,87.5,100.0,100.0,100.0,50.0,87.5,0.0,50.0,0.0,12.5,0.0,25.0,12.5,37.5,6.25,12.5,50.0,25.0,87.5,100.0,75.0,50.0,75.0,87.5,100.0,25.0,62.5,100.0,100.0,52.083333333333336,52.5,87.5,34.375,20.13888888888889,79.16666666666667,77.5,54.76041666666667,45.532783186301764,92.5,69.01639159315089,54.46040162613987,49.966615192625994,50.0,50.0,50.0,50.0,Mixed / Divergent,0.0,24.983307596312997,"[""High Leverage Stress""]",High Leverage Stress,1,50.0,0.5489702884146659,True
HPG,2025Q4,2025,4,8104,46176.485,-39779.834,6396.65,4567.441,3888.35,-1236.525,8300.89,103682.043,257921.581,15064.704,52828.227,21183.376,64694.957,27479.194,126701.571,94208.649,131220.011,133608.058,6892.334,-1887.091,2880.256,-2964.948,-4718.384,Hoa Phat Group Joint Stock Company,Basic Resources,Non-financial,steel-58,203054449182000.0,8443012440.0,HOSE,92174.151,83873.261,156116.095,0.2683263486757754,0.3387987909419336,0.1243093088283273,-131618.307,-0.3119930950221067,-0.320445382974409,-0.09356075114282604,24497.787,0.050825650485497365,0.4654715596590903,0.3243801651775596,17905.834,-0.0007840692186106689,0.38290007959915207,0.3496514586636953,15514.930999999997,-0.030880911767256904,0.3839544076475106,0.29075707336358064,-3114.856,-0.5224503012826986,-1.1982940232145112,-0.3617684309560233,15693.896,-0.16903756378249946,1.2268678030939426,1.374869255726115,-25749.851000000002,0.8567626768406057,0.739965845809525,0.27455046026588453,8468.262999999999,0.32782335618092934,0.7012453426641496,0.22450345020750678,-25171.66,0.7872796144075855,0.6735775852530665,0.15497702994987575,10891.164999999997,-2.1658843259140066,-2.0799273454351037,-0.3886415806005571,-0.08706818968425081,0.2051853419876689,0.08651788860703237,0.19622623672103137,0.04773197032385638,0.14892385623308838,0.09743498216496524,0.9698088339130206,0.15791305720874269,0.14616676902165876,1.4834496488143536,0.5080526646525009,-0.055305127812139296,0.15769233068002494,-0.03092460368749652,0.01472468526456529,-0.04816606010509529,0.11102548940746916,-0.04413487460772548,0.10250053883982557,0.0678119160028265,0.15348666838124672,0.13281555188430358,0.25235419977307355,0.029047324660686505,0.14455229351879742,0.2759664449850059,0.981481443855818,5005.243,-10055.955000000002,2.2026026373321153,0.6518829577909313,0.15692031625566857,0.11469563083806317,0.09938072688789709,0.10052708530789219,-0.06441331369452971,0.06432242094566737,0.12620564292708442,1.0115350174615667,-0.6481469366508948,-0.0006938736933378358,0.09649680258784336,0.33839065088067954,0.160945513453535,0.8454995250846933,0.021857460193331457,0.7024397444990307,0.49124067287723394,0.5087593309999134,3.180137731350575,5.748527058714752,0.12830814618208958,1.100557582563359,0.5397998648722795,-0.013283819420858142,-0.7114198896197186,0.1649403990024219,3.040747671629944,0.14892385623308838,0.981481443855818,0.02370556648109781,0.01914995154035032,0.01281550197921677,0.05293560736504195,0.14362156945762963,True,True,66.66666666666666,100.0,66.66666666666666,66.66666666666666,100.0,66.66666666666666,66.66666666666666,100.0,100.0,66.66666666666666,66.66666666666666,33.33333333333333,33.33333333333333,100.0,33.33333333333333,33.33333333333334,100.0,0.0,66.66666666666666,66.66666666666666,33.33333333333334,66.66666666666667,33.33333333333334,66.66666666666666,0.0,0.0,33.33333333333333,66.66666666666666,33.33333333333333,66.66666666666666,33.33333333333333,66.66666666666666,0.0,0.0,33.33333333333334,33.33333333333333,33.33333333333333,100.0,33.33333333333334,66.66666666666667,77.77777777777777,79.99999999999997,46.66666666666667,58.33333333333333,37.03703703703704,33.33333333333333,53.333333333333336,61.916666666666664,59.13045904729042,92.5,75.81522952364521,61.95036107607613,49.71731732908809,49.99999999999999,50.0,50.0,50.0,Mixed / Divergent,0.0,24.858658664544045,"[""Healthy Growth""]",Healthy Growth,1,66.66666666666666,-0.004867044515001934,False
HSG,2025Q4,2025,4,8104,8383.072,-7444.556,938.517,81.26,62.35,-52.211,858.258,13455.528,21058.291,2186.949,9439.963,2398.918,6143.207,0.0,9681.983,9665.004,11376.308,4185.099,-957.801,-384.107,230.601,-351.083,1739.311,Hoa Sen Group,Basic Resources,Non-financial,steel-58,10050420664800.0,807262704.0,HOSE,6143.207,5284.9490000000005,34699.224,0.0031656347101183422,-0.17987200321513244,-0.14154037276239156,-30445.984999999997,-0.015428892550440294,0.17432671727549054,0.15194703819460165,4253.24,-0.08453263725909066,-0.22135320305512732,-0.0588700749741496,652.8949999999996,-0.15751713269675383,-0.5543685699870577,0.10975603537512543,631.827,-0.2927952452248083,-0.6233424955447489,0.09531313383468051,-188.094,-0.10947958945153959,-0.06100510069296257,-0.198715211614079,2747.5860000000007,-1.7792023638004015,-46.38773995646151,4.605703854668768,-2840.849,0.7031043235756069,-1.313716395703951,-2.0332673474530307,905.9359999999999,0.011168407482438357,0.01262482105688415,-0.04833857169269047,-2809.4790000000003,0.7259069865484155,-1.2183797650716224,-2.1364438634311025,-576.8819999999998,8.675722311219378,0.6198321785128892,-1.392986648664151,1.0060678164976358,-0.4268184362056368,0.1485067181805704,-0.07023856099721246,0.11107704446193677,0.063539683678841,-0.0006424917346591157,-0.07319631405774034,0.15069536281359774,-0.03170799481018067,0.17044941133993957,0.753748866859666,0.3949577484873519,-0.04161942918136959,,,0.3949577484873519,-0.04161942918136959,0.3292008244394229,0.0757883406216917,0.271533400793101,0.11544585308485487,0.2720012697633909,0.11558081972821632,0.0033231533832841407,0.02302434895696339,0.015385455220377044,0.05392519297581147,-1341.9080000000001,-93.26299999999947,-6.205842394952344,0.9450933871038962,0.12257449907237117,0.018815838648149584,0.018208678096086527,0.07918292351437026,-0.0026877546310545577,0.03092757920240017,0.056170940479439116,4.348636572985961,-0.14760844345050064,-0.1004715434885006,0.06302587631354523,0.2720511271375982,0.07879258956476529,0.06834405870465123,0.1098323779522109,0.5400000597733465,0.4597705958190054,0.5402294041809945,3.39032839352053,3.471110189586056,0.13970846172040108,1.3921906292020159,0.4154747375169219,0.09992094358102196,-0.3084712469892045,0.08187067814542481,3.1358164373642294,0.063539683678841,0.05392519297581147,0.010767132220643363,0.0042607136322324775,0.0039374943332016465,0.09803509378224012,0.0393350312772159,True,True,33.33333333333333,33.33333333333333,33.33333333333333,33.33333333333333,33.33333333333333,33.33333333333333,33.33333333333333,16.666666666666664,16.666666666666664,33.33333333333333,33.33333333333333,66.66666666666666,66.66666666666666,33.33333333333333,100.0,100.0,66.66666666666666,100.0,0.0,33.33333333333333,100.0,33.33333333333334,100.0,33.33333333333333,33.33333333333333,33.33333333333333,0.0,0.0,100.0,0.0,66.66666666666666,0.0,33.33333333333333,66.66666666666666,66.66666666666667,100.0,0.0,33.33333333333333,66.66666666666667,33.33333333333334,33.33333333333332,26.666666666666664,73.33333333333333,50.0,48.14814814814814,38.888888888888886,46.66666666666667,46.88888888888888,54.11426526963251,73.33333333333333,63.72379930148292,46.31801178719023,49.71731732908809,49.99999999999999,50.0,50.0,50.0,Mixed / Divergent,0.0,24.858658664544045,[],No Major Flag,0,33.33333333333333,-0.39686705152533575,False
HT1,2025Q4,2025,4,8104,1979.769,-1706.266,273.503,106.609,85.023,-7.405,518.18,1657.314,7600.348,308.39,682.597,1108.584,589.339,28.432,2511.539,2460.076,5088.809,4545.786,316.25,-75.576,148.754,-66.561,-523.666,VICEM Ha Tien Cement Joint Stock Company,Construction & Materials,Non-financial,building-materials-fixtures-43,5265940771800.0,381589911.0,HOSE,617.7710000000001,99.59100000000012,7363.988,0.060681830114663396,0.0742379617049169,0.06968693448781467,-6443.9310000000005,-0.04956483066564392,-0.041204777811272374,-0.03284710140955341,920.056,0.13572962041716316,0.33932226629450063,0.42589294985346743,357.993,-0.01790830285666912,1.2781161185546082,3.0298189923004184,273.931,-0.008535945425922679,4.136100036245017,3.538061395225552,-42.394999999999996,0.23517868209047718,0.4175711813748624,0.21334867236932448,796.8880000000001,7.320449276520905,0.13690287883581143,0.393199809784889,-219.19299999999998,0.10983380643337538,-2.626444573568339,-1.0059576648882134,582.286,0.014783029873044688,0.016593086669491393,0.04215057227487079,-195.625,0.1652851105453906,-2.4297589895605105,-1.1166039124037046,-931.7969999999999,-27.009039435780274,-3.658769890027316,-2.898895351269929,-0.3460337092122949,-0.38930955846390464,-0.222756127667078,-0.12955968896977135,-0.06599832895089505,-0.07576079644369037,-0.44710383454171243,-0.09833285578120707,0.018424523459972923,0.05646526773912954,0.03601624230756649,-0.019116271703228414,-0.465834427788186,-0.6100682153514314,,,-0.44006420801802604,-0.5912563931215635,-0.6796934299057,-0.8497590043371674,-0.19851755974007032,-0.24984595423399597,-0.2093502055786654,-0.2605729540971259,0.0169917338591219,0.043788670498889896,-0.023252246131394087,-0.10405847505781217,240.674,577.6950000000002,0.03872663475772648,0.24849528757566783,0.12493991027687715,0.048614011864223566,0.03719872981867976,0.10821419046310235,0.07844866124170764,0.03462286706070841,0.05498340347490308,2.9090829442450845,2.1089069875260567,-0.06880698094350418,0.041878123647132504,0.0926939316033649,0.1720353616449338,-0.16801979026902175,-0.013221666748685128,0.12139795382377291,0.3304505267390388,0.6695494732609613,0.1059164354409703,8.444226913551127,0.8792562514953192,0.673684065045145,0.3962141820008813,-0.6609433276093782,-2.816470319931094,0.029765529221394707,0.3764352912486304,-0.07576079644369037,-0.10405847505781217,0.031211562974935866,0.035709766431971435,0.028430449312724572,0.025128257740767893,0.011235345506041008,True,True,12.5,100.0,100.0,100.0,25.0,100.0,25.0,12.5,12.5,37.5,12.5,100.0,87.5,37.5,62.5,87.5,25.0,75.0,6.25,25.0,87.5,87.5,87.5,75.0,50.0,6.25,0.0,0.0,87.5,12.5,12.5,12.5,0.0,0.0,25.0,62.5,0.0,12.5,37.5,75.0,72.91666666666667,20.0,75.0,32.8125,53.47222222222222,10.416666666666666,37.5,62.515625,62.087697987822544,100.0,81.04384899391127,62.81698282951121,49.966615192625994,50.0,50.0,50.0,50.0,Mixed / Divergent,0.0,24.983307596312997,"[""Healthy Growth""]",Healthy Growth,1,87.5,0.8930288412632266,False
IMP,2025Q4,2025,4,8104,640.779,-354.35,286.429,134.702,107.49,-3.16,189.193,1507.411,2782.634,404.234,677.715,80.783,112.779,100.0,476.112,372.432,2306.522,781.043,162.492,-2.885,26.023,13.247,-160.167,Imexpharm Corporation,Health Care,Non-financial,pharmaceuticals-120,7099813148200.0,154008962.0,HOSE,212.779,23.585999999999984,2441.086,0.11721169135492505,-0.017297541016289955,0.1070087373969385,-1439.521,-0.022103511236360205,0.08282170478428771,-0.06665713271629398,1001.5649999999999,0.262552619399202,0.07797598886003536,0.17065704487597563,445.00300000000004,0.32515494343334966,-0.1139133924048968,0.10344545420732255,349.139,0.3979347656453207,-0.10878036647044195,0.08812822958156462,-16.502000000000002,0.3626462283178701,-1.6245847176079737,-16.02992776057792,54.17099999999995,5.80021269681841,1.2091824942558427,-0.749517956969857,-26.88,0.6693030719853279,0.9013911200738285,0.7222279632117392,104.71699999999998,-0.007286182955672502,-0.010005326029064964,-0.008699685713203937,-76.58399999999996,-0.7565918821086673,1.172231323296149,0.39792452830188707,49.654000000000025,-0.47453554528548547,-7.866640832595217,2.490932020177759,0.08954527654281176,0.16798059055579911,-0.09198453602037443,0.06943167435709702,-0.06227634303699994,0.1109308333636088,-0.1842917737841078,0.05341967764212273,-0.09930186475074852,-0.03881392518884323,-0.4759998962157674,0.04853070972431344,-0.4442905994698097,0.30952602122570305,-0.4117647058823529,,-0.42946431923120243,1.4706695153387055,-0.8816569828702171,1.3109107446514017,-0.38038682876931607,0.480185414898479,-0.37025576511408487,0.15785448474617383,0.04888012139881486,0.05652600705687587,-0.02993739031506053,-0.09055310190484289,159.607,27.29099999999995,2.603192161820481,-0.7716176975154192,0.41029484418000844,0.1822971415181604,0.14302609576229597,0.022191352537354256,0.011179860111442183,0.13206425602246544,0.15553092106919017,0.1551559693990071,0.07816657548999095,0.10600316103375437,0.16559596835179097,0.27762848174951643,0.056117972575599806,-0.053589059754815774,-0.14582266258578175,0.09225101689903674,0.17110119404851662,0.8288988059514834,0.042905479153023326,26.966610107865712,1.6775552186133944,4.047479808394552,2.2277784937921554,1.3636607779417669,-16.13337321478524,0.011011492425912074,0.2566918456411089,0.1109308333636088,-0.09055310190484289,0.022307619907758314,-0.0005886800633505829,-0.0024816976946557823,-0.0758836266361053,-0.04301086610333352,True,True,36.734693877551024,51.02040816326531,28.57142857142857,23.46938775510204,20.408163265306122,27.55102040816326,55.10204081632652,42.857142857142854,41.83673469387755,88.77551020408163,56.12244897959183,25.510204081632654,43.87755102040816,29.591836734693878,45.91836734693878,16.326530612244895,36.734693877551024,38.57142857142858,34.69387755102041,67.08860759493672,89.87341772151899,82.27848101265823,97.95918367346938,88.17204301075269,84.21052631578947,94.9367088607595,81.0126582278481,13.26530612244898,97.95918367346938,10.126582278481013,17.72151898734177,2.0408163265306123,98.05194805194806,2.127659574468085,11.827956989247312,45.91836734693878,34.69387755102041,16.3265306122449,72.44897959183675,85.33333333333333,31.292517006802715,56.938775510204074,32.244897959183675,44.27215189873418,81.07416762430165,23.64941370133614,50.94421768707483,52.727176017920414,58.88499038993802,92.5,75.69249519496901,52.837224450733785,53.01694692259663,31.292517006802715,32.244897959183675,44.27215189873418,23.64941370133614,Mixed / Divergent,0.0,26.508473461298315,"[""Accounting Profit Risk"", ""Leverage-Funded Growth""]",Accounting Profit Risk,2,59.183673469387756,-1.0134344207741766,False
KBC,2025Q4,2025,4,8104,1648.414,-1046.814,601.6,523.335,645.596,-262.393,8368.535,55045.529,69581.174,17214.87,27073.128,595.319,2287.01,26351.226,42855.33,11947.552,26725.844,514.727,-2128.138,42.319,60.937,-638.169,1716.263,Kinh Bac City Development Holding Corporation,Real Estate,Real Estate,real-estate-holding-development-160,28629344673600.0,941754759.0,HOSE,28638.235999999997,20269.700999999997,6687.125999999999,0.22350620172242436,1.1097241793275918,1.409103190677627,-3497.4970000000003,-0.857166174054664,-1.642915752506419,-1.343684643977412,3189.6299999999997,-0.23228683070750583,0.5615509606549378,1.485169065639449,2601.169,0.22545105431384724,0.4479487151110029,1.7851892381540775,2208.151,1.0697088411995153,24.051259167281053,4.219807910966758,-680.631,-0.24170909916901687,-2.0974348683200925,-1.5336080494042237,-17343.896,0.7021965081726225,0.4478933880699781,-16.05766118670084,-130.04399999999998,3.038782097605627,1.1078735260080244,0.7548208535380578,181.751,0.7952744306631706,0.3975414535697084,0.10099406950611522,-3575.1,0.7411803592503519,0.5408588558038274,-0.9072326641401209,22721.495,0.9252120381348945,-0.5872685113931064,2.5241362634267426,-0.1114863623786945,0.2745185984359513,-0.03755782378152959,0.5258470518032639,0.04543072596772142,0.5555844102130731,-0.14956739997251334,0.29349013021633047,0.07898819419607289,0.9547844952884811,-0.148963149121829,0.12434440518167784,-0.12128483195174193,5.1564158887058404,0.07977568918855128,1.7051602817588492,0.06039942863759121,1.8319416014508656,0.1524439136162601,4.7153389327751185,0.058310574460039906,0.7793355280309309,-0.1229908337801247,0.6844938137507108,0.025419549293133194,0.29454907665842617,0.42155614534628416,0.2605754701501492,-2170.457,-17473.940000000002,0.48892904909015567,-29.119009764606687,0.4769806939483419,0.3889816043543968,0.33020927076893725,-2.593624824775248,-2.613071744124457,0.0386340612471935,0.09322845848967981,-7.854488212083323,-7.913380923677775,0.28099622176538724,2.5743301382387593,4.048544621411351,0.17021286937487007,-1.1156130604612966,-0.45431869538914593,1.0715559067096252,0.6159040949783342,0.3840959050216658,7.283608943124487,3.8217022145626633,3.6591597763018084,4.607264232873814,2.341266311291217,0.4228384107732386,-3.318797287558301,0.01944691934920921,0.7155063796072648,0.5555844102130731,0.2605754701501492,0.014599390571338078,0.052524457627033505,0.1778074541945332,-3.0085836794946883,-2.8369473190091554,True,True,97.22222222222221,94.44444444444444,83.33333333333334,88.88888888888889,77.77777777777779,97.22222222222221,55.55555555555556,61.111111111111114,61.111111111111114,50.0,55.55555555555556,0.0,0.0,2.7777777777777777,2.7777777777777777,0.0,2.7777777777777777,5.555555555555555,88.88888888888889,77.77777777777779,11.111111111111114,11.111111111111114,27.777777777777786,37.5,82.35294117647058,97.22222222222221,88.88888888888889,94.44444444444444,27.77777777777778,88.88888888888889,88.88888888888889,72.22222222222221,77.77777777777779,11.76470588235294,62.5,2.7777777777777777,100.0,88.88888888888889,55.55555555555556,60.0,89.81481481481482,56.666666666666664,1.1111111111111112,43.75,53.1318082788671,67.00708061002179,61.44444444444444,51.5099128540305,71.03787135297684,73.33333333333333,72.18560234315508,51.365326051932605,49.84532322977395,50.0,50.0,50.0,49.8469212246302,Mixed / Divergent,0.0,24.922661614886977,"[""Accounting Profit Risk"", ""Leverage-Funded Growth""]",Accounting Profit Risk,2,66.66666666666666,-0.021611155932635486,False
KDC,2025Q4,2025,4,8104,2468.358,-1998.149,470.21,551.097,460.604,-52.112,1741.698,6359.055,13980.822,2940.422,1499.47,516.16,3267.881,376.017,6243.051,5141.631,7737.771,2522.099,470.684,-16.009,93.35,913.7,-249.718,KIDO Group Corporation,Food & Beverage,Non-financial,food-products-87,14838083379200.0,289806316.0,HOSE,3643.8979999999997,1902.1999999999996,9054.523000000001,0.01604944166548676,-0.03131978057944419,0.08895702127444641,-7383.532,-0.020997876911992674,0.042722623453463136,-0.08547080796695518,1670.993,-0.0044546636347854215,0.020332436420449625,0.1046346592310097,677.15,7.376352748054474,16.889274816594167,5.916398549614417,584.659,5.90747128160523,35.083352918135525,7.849887987406153,-195.472,-0.041844099242288005,-0.1792446425742798,-0.4951315215811655,95.30700000000019,2.07769364562491,102.02682979180082,-0.819186455726701,-68.488,-1.2714245175936436,0.6034333275533206,0.3425614836715495,374.04699999999997,-0.03060323789941538,0.014508504048252935,0.20741725873250022,790.925,4.341671969746842,2.9892622943681477,1.515633790971837,-498.3770000000002,0.4976311707749844,-1.5423605862371532,-3.857961257469236,1.868933550105503,0.28759722416282435,0.2256758264855866,0.0094931860989911,0.06928751626686101,0.03718874575421187,-0.038936444902028126,-0.12260152490260479,0.08783687706580698,0.17657167069457955,0.3650909514061897,-0.2536219205180225,-0.05225188280441569,0.025018192539804012,-0.07047737233855834,-0.5691811144872342,-0.054165590546582515,-0.10269062447979728,-0.41389363565271897,-0.29762580388835147,0.07680991588429129,0.004615432395469387,0.102641360854023,0.12214639103213669,0.06329441113554207,0.06505081921046257,-0.00555793225678625,-0.027232937324941572,454.675,26.819000000000187,11.09760593408546,-0.9365871651608902,0.1845478773426275,0.07478582803312774,0.06457093322309744,0.010525899597361471,0.002961945096389968,0.04258203926482092,0.07793927282371445,0.16301296995342618,0.04587118303147679,0.0350016615618166,0.32474620695093487,0.1656045271517892,0.06990692259476901,-0.2115585461770512,0.08761464942013314,0.47092347395651796,0.4465439156581781,0.5534560843418219,1.8095561536039388,3.4641790128509453,0.5329747319440336,1.2367777851035984,0.945144643791046,-0.1916476457542437,-6.411530071195583,0.0075639545009715025,0.18309998476127334,0.03718874575421187,-0.027232937324941572,0.0026192142193366408,0.06301112304117236,0.05662563818618881,-0.052866764474592626,-0.047902062442884925,True,True,66.66666666666666,66.66666666666666,94.44444444444444,94.44444444444444,33.33333333333333,94.44444444444444,33.33333333333333,11.11111111111111,11.11111111111111,11.11111111111111,11.11111111111111,11.11111111111111,33.33333333333333,11.11111111111111,33.33333333333333,33.33333333333334,33.33333333333333,77.77777777777779,77.77777777777779,55.55555555555556,44.44444444444444,44.44444444444444,44.44444444444444,33.33333333333333,66.66666666666666,33.33333333333333,44.44444444444444,33.33333333333333,44.44444444444444,55.55555555555556,55.55555555555556,55.55555555555556,22.22222222222222,5.555555555555555,66.66666666666667,33.33333333333333,44.44444444444444,55.55555555555556,100.0,100.0,75.0,15.555555555555557,24.444444444444446,61.111111111111114,43.20987654320988,43.518518518518526,66.66666666666666,44.2037037037037,64.2168189212099,92.5,78.35840946060495,44.37237066050742,50.02985935093874,50.0,50.0,50.0,50.0,Mixed / Divergent,0.0,25.01492967546937,"[""Accounting Profit Risk""]",Accounting Profit Risk,1,33.33333333333333,-0.27406597892462564,False
KDH,2025Q4,2025,4,8104,1816.336,-526.744,1289.593,957.621,793.018,0.0,2546.646,31619.492,34064.27,5478.04,23264.372,113.159,1801.815,8347.586,12893.459,3498.975,21170.811,66.632,119.914,-325.439,3.249,-216.743,265.239,Khang Dien House Trading and Investment Joint Stock Company,Real Estate,Real Estate,real-estate-holding-development-160,25418167462350.0,1122214899.0,HOSE,10149.401,7602.754999999999,4673.7919999999995,0.6538546989557877,-0.11291360810342216,0.4255515717908791,-1898.0410000000002,-0.6331982525277267,0.5378911630273627,-0.23326534709691865,2775.7520000000004,0.6624443582164207,0.42078862128991046,0.5956751958987025,2020.543,0.453649984061205,0.8631954969871607,0.7883332876044281,1633.866,0.5079139919072683,1.0170158000223826,1.0330845068494687,0.0,,,,-3174.679,1.1682387223767854,-0.9034349469920558,0.12964024051225637,-675.732,-0.0035895459101072985,-4.319629926279484,-5.751581156017384,13.651999999999992,-0.12070365358592686,-0.36666666666666664,0.007378984651711902,-566.4159999999999,0.13979608440787888,0.7619095743453812,0.3830872214223011,3192.1240000000003,-0.6995105869557828,1.4993984376323861,-0.1881030173823646,0.07081298912303081,-0.177338684121011,0.0335067148781434,0.09624168544354514,0.02972721272005301,0.10750309190668214,0.1616548137601865,0.8149373755097227,0.0077073828112748915,0.04898251585487549,-0.21327215211874717,-0.6075079168530987,0.09120887107030602,0.6380136363636364,0.013923679632326312,0.39168044578662337,0.026834644471160518,0.42985438855958813,0.012900205397680872,0.8994602740677465,0.0149872373421396,0.14058145733397057,0.034910970105085974,-0.16337417741567573,0.03891579426682762,0.08828143144290104,-0.02614694318995632,-0.09148918764146047,-205.52500000000003,-3850.411,-1.1740825567626447,-0.027424777186026553,0.5938972038122365,0.4323134191679904,0.34958038355151455,-0.6792512375390263,-0.8238302004025854,0.05041085594564437,0.080437974908826,-1.9430473490482085,-2.3566259411726542,0.14116095838836412,1.1720761214876487,4.977622453031715,0.059618838581463725,0.38938580371884357,-0.3765690559360036,0.4794053945311778,0.37850389865979817,0.6214961013402021,3.7374760040212465,,1.4133781770048535,9.036787059067297,2.3878764495316482,0.004302816768709028,,0.1445789628635592,49.496923527688274,0.10750309190668214,-0.09148918764146047,0.06331861579331988,0.08769920297411415,0.10446274896220242,0.4332860308252222,0.3192339568481798,True,True,66.66666666666666,72.22222222222221,77.77777777777779,66.66666666666666,22.22222222222222,55.55555555555556,83.33333333333334,66.66666666666666,72.22222222222221,66.66666666666666,50.0,11.11111111111111,11.11111111111111,16.666666666666664,16.666666666666664,16.666666666666657,72.22222222222221,22.22222222222222,61.111111111111114,91.66666666666666,55.55555555555556,38.888888888888886,88.88888888888889,,70.58823529411765,97.22222222222221,94.44444444444444,38.88888888888889,88.88888888888889,44.44444444444444,61.111111111111114,11.11111111111111,50.0,,,16.666666666666664,38.88888888888889,11.11111111111111,16.666666666666657,3.3333333333333286,60.18518518518517,67.77777777777779,14.44444444444444,61.80555555555555,71.67075163398692,41.66666666666667,17.333333333333332,48.45385348583877,51.488045975415154,73.33333333333333,62.41068965437424,47.82052104930183,49.84532322977395,50.0,50.0,50.0,49.8469212246302,Mixed / Divergent,0.0,24.922661614886977,"[""Accounting Profit Risk"", ""Working Capital Absorption""]",Accounting Profit Risk,2,38.88888888888889,-0.6736208283308615,False
KOS,2025Q4,2025,4,8104,540.73,-489.902,50.828,12.678,0.818,-29.412,1.428,3367.637,4868.254,746.729,2582.733,133.453,1042.181,1016.576,2530.66,1496.643,2337.595,1013.769,-83.818,0.0,21.091,39.096,41.108,KOSY Joint Stock Company,Real Estate,Real Estate,real-estate-holding-development-160,8247938863500.0,216481335.0,HOSE,2058.757,2057.329,1555.288,0.5371910224155332,0.24147637261969826,0.08086650677900971,-1381.684,-0.5854177116875131,-0.22145097511232115,-0.08652425382670614,173.60399999999998,0.18868101028999076,0.4744720352750058,0.03785451241092349,41.343,-0.0317702764625018,10.67403314917127,0.23811092477240056,18.959,-0.926827086501476,1.2878254750175933,-0.12788076728460376,-99.49600000000001,-0.28841773260907655,-0.6030085022890779,-0.052756322082319375,-31.748999999999967,-3.9564389263165323,-0.9714460438423183,-1.9301555679254665,-3.43,1.0,,0.8548885222382329,69.45599999999999,0.6064437504760455,0.1296127684644637,-0.04932931836846446,-4.213000000000008,2.896575143106626,1.3561888449554491,0.9674203875837109,-4.137000000000079,3.3188176895306856,-0.7724111967401895,-1.0310266467672144,-0.7167790559301864,-0.9657972264137387,0.011967322673276097,0.012680925716598623,0.004892298628996323,0.0034928717177157152,0.10926760283017893,0.06310168193324102,-0.010439922742732628,0.014066473569706322,-0.14416448089884754,-0.07698000456485199,0.0248013931731762,0.15572137979369188,0.007183011237201855,-0.12515501197497092,0.016025386359766868,-0.002426632877289936,0.017853370426020147,0.017465259884451752,0.009124814526969428,-0.0007952069630754388,0.010679153366121328,0.10657441288398312,0.00035005479769775044,0.008177224962100365,-0.016307401208063496,-0.04600364182166363,-83.818,-35.17899999999997,-0.9714460437959489,-4.351657774709557,0.1116217703730756,0.026582214998122536,0.012190025255772565,-0.020413582564772548,-0.02261896189001649,0.00390120420022999,0.008143498066031962,-1.6746136399599119,-1.8555303549765265,0.010416054708731297,0.48012265252480574,1.6606139827478898,0.0965872080736261,-0.01776482484576869,-0.06680003320930339,0.8807158639541923,0.5198290804054184,0.48017112500703535,18.56811884583796,0.4155242421805902,0.001370203448345345,2.250127117823021,0.5244430368498032,-0.08329313965629964,-0.29086724685471993,0.002205379325243942,0.04938378253858559,0.0034928717177157152,-0.04600364182166363,-0.004625961443757362,0.003376034281519117,-0.0029177599202648598,-0.04413473033668873,-0.029913286062820277,True,True,38.88888888888889,22.22222222222222,38.88888888888889,11.11111111111111,55.55555555555556,61.111111111111114,0.0,0.0,0.0,0.0,5.555555555555555,16.666666666666664,16.666666666666664,44.44444444444444,55.55555555555556,61.11111111111111,55.55555555555556,66.66666666666666,16.666666666666664,44.44444444444444,22.222222222222214,0.0,50.0,3.125,0.0,44.44444444444444,16.666666666666664,5.555555555555555,50.0,77.77777777777779,100.0,50.0,38.88888888888889,58.82352941176471,96.875,55.55555555555556,11.11111111111111,27.77777777777778,88.88888888888889,96.66666666666667,37.96296296296297,1.1111111111111112,38.888888888888886,45.83333333333333,21.334876543209873,70.39419934640523,56.0,28.85684232026144,53.58803404823315,52.5,53.04401702411657,27.75517625221162,49.84532322977395,50.0,50.0,50.0,49.8469212246302,Mixed / Divergent,0.0,24.922661614886977,"[""High Leverage Stress""]",High Leverage Stress,1,0.0,-0.7699979160716282,True
LPB,2025Q4,2025,4,8104,6957.275,-6424.496,4781.426,4992.846,3730.588,-6424.496,1085.336,,605584.514,1301.554,,,,,558392.04,,47192.474,3260.158,51942.312,-74.169,,-502.052,,Fortune Vietnam Joint Stock Commercial Bank,Banks,Banks,banks-151,154741212780000.0,2987282100.0,HOSE,,,21881.293,0.3069914610260669,0.25299887492100404,0.09777347769439056,-23257.395,-0.05375662955129409,-0.294635114991761,-0.24083838851992423,16034.237000000001,0.1290136803676561,0.060955458263742934,0.041607424523067746,15691.168,0.2888412538982003,0.2793699145847543,0.11111616233607909,11422.379,0.35067671633815034,0.39732026476730997,0.17503307306936614,-23257.395,-0.05375662955129409,-0.294635114991761,-0.24083838851992423,56241.284,1.9723822812470655,0.6192777376336285,0.048218223465368665,-722.513,0.7687515784156916,0.8334826329720956,0.34763219578085885,,,,,-1043.171,-0.663393235793045,-0.5540085864010474,0.06456996102864282,,,,,-0.13821116262598263,-0.06628446365400763,,,0.1232223052429289,0.19132067722615317,-0.20454384330866696,-0.1525022448154367,,,,,,,,,,,,,0.1265003505465277,0.20086350370625017,,,0.08583585167012779,0.08893228391515123,0.05517966152383218,0.1934158849134285,51868.143,55518.771,0.6397341569201156,0.056561549469632134,0.7327828844483734,0.7171042405949227,0.5220157236594748,2.5702907044844197,2.5372710378678263,0.020508530547439157,0.25234245760452684,4.923780238775127,4.860526077798679,-0.07400933142091543,0.05948249950311437,,,-0.25027572250982727,,,0.9220712007837111,0.07792879921628908,,0.6746743562638894,,,,,-0.3519545508560033,0.03301966661659345,,0.19132067722615317,0.1934158849134285,-0.03951346878101203,0.008611247016116708,0.034323053974945616,-0.12151230197289653,-0.09896804587660446,True,True,41.17647058823529,29.411764705882355,41.17647058823529,47.05882352941176,76.47058823529412,70.58823529411765,23.52941176470588,82.35294117647058,100.0,82.35294117647058,94.11764705882352,64.70588235294117,64.70588235294117,88.23529411764706,88.23529411764706,88.23529411764706,17.647058823529413,,0.0,,,,29.411764705882348,47.05882352941176,,,,11.76470588235294,29.411764705882355,,,70.58823529411765,,64.70588235294117,52.94117647058824,88.23529411764706,35.294117647058826,100.0,17.64705882352942,,50.98039215686274,76.47058823529412,78.82352941176471,8.823529411764707,29.411764705882355,62.74509803921569,60.294117647058826,63.50980392156863,76.53968867052222,92.5,84.51984433526111,63.98468961855461,49.95573920891706,50.0,50.0,50.0,50.0,Mixed / Divergent,0.0,24.97786960445853,"[""Healthy Growth"", ""Margin Compression""]",Healthy Growth,2,88.23529411764706,0.8262134231090736,False
MBB,2025Q4,2025,4,8104,19527.946,-11577.489,14555.292,13298.487,8902.952,-11577.489,4965.786,,1615763.927,28125.764,,,,,1473741.402,,142022.525,5616.547,125435.814,-854.117,,2082.583,,Military Commercial Joint Stock Bank,Banks,Banks,banks-151,202180497715900.0,8054999909.0,HOSE,,,67693.015,0.2520567499753474,0.17897382988425592,0.22160402439692095,-37477.998999999996,-0.2481965954361081,-0.5838099245707669,-0.3428318438975675,51610.117,0.12045457134754534,0.30632377260532007,0.2541271954253549,48011.862,0.20332747948952834,0.1750939917058968,0.25011448740315695,27382.978,0.5348750207096322,0.3950923448615413,0.1930923717316831,-37477.998999999996,-0.2481965954361081,-0.5838099245707669,-0.3428318438975675,137357.399,11.055285670502016,7.137646949146638,8.394194639817954,-1780.261,-0.8882941798099583,0.06156870156039531,0.2265438181236792,,,,,904.8999999999999,3.6812980956782932,3.291014958933887,1.4042964709729966,,,,,0.12310848935624512,0.4826933033477588,,,0.21617657828774525,0.43139830515148825,0.8162532459196276,0.958533011230428,,,,,,,,,,,,,0.23277200029018558,0.4566383109481304,,,0.06711045159451169,0.21324990049298048,0.0967487768224252,0.0342756429709988,124581.697,135577.138,7.589408296560415,7.493755077095212,0.7624142165923619,0.7092587322340422,0.4045170391657101,2.029122192297093,2.0028231568648556,0.019954330183288654,0.21138455621477772,5.016160002757918,4.951146584567976,-0.06806342137133255,0.4154898995117886,,,0.736928986833507,,,0.9121019335642094,0.08789806643579065,,1.2810679140046939,,,,,-0.5929463313007244,0.026299035432237727,,0.43139830515148825,0.0342756429709988,0.019771621292633657,0.01617555435999618,-0.009666853624353655,2.364355974588258,2.379593884977363,True,True,88.23529411764706,100.0,82.35294117647058,64.70588235294117,70.58823529411765,64.70588235294117,41.17647058823529,76.47058823529412,70.58823529411765,76.47058823529412,82.35294117647058,70.58823529411765,70.58823529411765,70.58823529411765,70.58823529411765,82.35294117647058,76.47058823529412,,70.58823529411765,,,,47.05882352941176,94.11764705882352,,,,70.58823529411765,47.05882352941176,,,52.94117647058824,,11.76470588235294,5.882352941176478,70.58823529411765,94.11764705882352,41.17647058823529,29.411764705882348,,78.4313725490196,69.41176470588236,72.94117647058825,73.52941176470588,64.70588235294117,23.529411764705884,58.8235294117647,69.1078431372549,45.16836609031757,100.0,72.58418304515878,68.98594576973578,49.95573920891706,50.0,50.0,50.0,50.0,Mixed / Divergent,0.0,24.97786960445853,"[""High Working Capital Stress""]",High Working Capital Stress,1,94.11764705882352,1.615622360074658,True
MSB,2025Q4,2025,4,8104,3847.603,-3077.304,3043.554,2644.271,1851.246,-3077.304,1458.54,,407673.941,11435.399,,,,,365227.883,,42446.058,497.775,6921.11,-70.056,,-68.945,,Vietnam Maritime Commercial Joint Stock Bank,Banks,Banks,banks-151,44460000000000.0,3120000000.0,HOSE,,,14044.494,0.13043903637169196,-0.0954644427716437,-0.01221993720741802,-10653.757000000001,-0.1636232184370495,-0.3548007908754353,-0.26256379772304356,10947.493999999999,0.08107011788374743,-0.030388274261924555,0.06877141449082036,8976.791000000001,0.2728929979286319,0.11914261469083905,-0.0012809979189623865,5628.52,0.45289091581180385,0.14488155668358713,0.019774514406245492,-10653.757000000001,-0.1636232184370495,-0.3548007908754353,-0.26256379772304356,11693.307999999997,0.6534475781116739,-0.2724306149939776,1.8182132810436344,-188.824,-0.4298310066127846,0.26924521216672925,-0.2647033214335949,,,,,-170.10399999999998,-0.4178628717147205,-0.2803870224896464,-0.488627711802851,,,,,-0.2352121028757019,0.21233027010493,,,0.1461860878313905,0.27339176777032087,0.7026256295847196,0.5285767715767089,,,,,,,,,,,,,0.1590031861110229,0.2890523319950564,,,0.04659713016387388,0.15287546101986063,0.07988701619044096,0.150275913704176,6851.054,11504.483999999997,-0.27246304415374345,1.8762008145726041,0.779486537571236,0.6391679899610482,0.40076345933146473,0.8325901951326973,0.8191454957366208,0.015466748100493744,0.14202026995614572,2.077510251362702,2.0439625336678198,-0.014876565289219693,0.8142264861945185,,,0.5407967087841269,,,0.8958823370071622,0.1041176629928377,,0.8425939318871267,,,,,-0.26128279980408115,0.013444699396076499,,0.27339176777032087,0.150275913704176,0.05906938326803113,0.007000787831952016,0.012573570850189952,0.5407684225363704,0.5378245305538696,True,True,11.76470588235294,47.05882352941176,11.76470588235294,23.52941176470588,11.76470588235294,52.94117647058824,47.05882352941176,23.52941176470588,64.70588235294117,52.94117647058824,17.647058823529413,23.52941176470588,23.52941176470588,17.647058823529413,23.52941176470588,17.64705882352942,52.94117647058824,,88.23529411764706,,,,82.35294117647058,70.58823529411765,,,,35.294117647058826,82.35294117647058,,,17.647058823529413,,76.47058823529412,29.411764705882348,23.52941176470588,76.47058823529412,94.11764705882352,70.58823529411765,,26.470588235294116,41.17647058823529,21.176470588235297,70.58823529411765,67.64705882352942,41.1764705882353,66.1764705882353,39.088235294117645,64.87900796349682,71.66666666666667,68.27283731508174,38.75077064009466,49.95573920891706,50.0,50.0,50.0,50.0,Mixed / Divergent,0.0,24.97786960445853,"[""Accounting Profit Risk"", ""High Working Capital Stress""]",Accounting Profit Risk,2,17.647058823529413,-1.2859914927484346,True
MSN,2025Q4,2025,4,8104,23245.825,-15990.388,7255.437,2642.686,2295.343,-1231.475,12101.85,36234.495,128963.171,5639.277,11262.216,8362.579,24330.984,40546.194,83884.527,40257.475,45078.644,35484.22,-1155.039,-594.851,859.742,-3859.884,3850.231,Masan Group Corporation,Food & Beverage,Non-financial,food-products-87,113580746946900.0,1520491927.0,HOSE,64877.178,52775.328,81621.329,0.09837535991838148,0.023976092185148293,-0.01871163335566307,-56040.719,-0.08613205360784074,-0.022469288459850183,0.04239882032703551,25580.61,0.12635795191866733,0.02731269486615296,0.037511430402123964,7922.094000000001,0.2375004858340166,-0.21501446143088707,0.17181223004226445,6763.5109999999995,0.23025085863501682,0.48416224933044855,0.5830765680238479,-5418.157999999999,0.2679700215303809,0.19322927756031252,0.15403486124109375,1369.570000000001,-1.9212460888242666,-1.260544124082487,-0.8562200972509258,-1878.231,-0.04053505644786051,0.6153135785639131,0.39398218952666736,3428.706,0.022234323612851596,-0.11731797690169825,-0.17039841953275559,16898.879999999997,-1.5625638642128232,-0.6132956273359009,2.580289103595938,-24783.811999999998,1.712871615266461,0.14525855709648874,-3.562547297212764,-0.08777607044608847,-0.34998726492069504,0.12480251268893325,-0.3236004676751466,0.06272670921638696,-0.12617530630779802,0.0675153744761832,-0.7420818819386696,0.09259003969318423,0.04401618333099106,0.20922006223538384,0.16613107649649986,0.016967923044263304,-0.08955123239393142,0.09556723501725901,0.044327129413549625,0.0647063030564931,-0.010254456981580111,0.10714311712544762,0.12451860408849216,0.07025525013971705,-0.21480210420930787,0.06960197922254181,-0.3143249249410366,0.04899552166897132,0.10615978747744312,-0.000954554919623634,-0.042255323042491105,-1749.8899999999999,-508.6609999999989,-1.606158332273933,-1.0791547116303633,0.31340594809476824,0.09705911551623965,0.08286450469337493,0.016779560156390018,-0.0062319617461754255,0.048913850143329066,0.15760061303707618,0.20249394138636,-0.07520664932754585,0.04182543712421587,0.0690907274984459,0.1379812867295998,0.14922326389138585,-0.7233702485830066,0.06272781668665413,1.4391998570320792,0.6504533530739562,0.3495466469260437,4.649480917644571,1.462137870471847,0.4973843228042072,0.9000687449970473,0.6203140907371861,0.00845717637408296,-0.0177773688011707,0.023011521902565443,0.547795874011945,-0.12617530630779802,-0.042255323042491105,0.016983564793086048,0.015780751550504596,0.03149998063573065,-0.09773983277719847,-0.08349017464260972,True,True,33.33333333333333,44.44444444444444,55.55555555555556,55.55555555555556,55.55555555555556,66.66666666666666,66.66666666666666,33.33333333333333,33.33333333333333,22.22222222222222,44.44444444444444,22.22222222222222,22.22222222222222,22.22222222222222,22.22222222222222,22.222222222222214,0.0,66.66666666666666,22.22222222222222,44.44444444444444,11.111111111111114,11.111111111111114,11.111111111111114,11.11111111111111,55.55555555555556,5.555555555555555,11.11111111111111,44.44444444444444,11.11111111111111,88.88888888888889,88.88888888888889,88.88888888888889,77.77777777777779,66.66666666666666,88.88888888888889,22.22222222222222,5.555555555555555,33.33333333333333,66.66666666666667,75.0,51.85185185185185,40.0,22.22222222222222,33.33333333333333,19.135802469135808,83.33333333333333,40.55555555555556,34.83333333333333,71.43997299440214,64.16666666666667,67.8033198305344,34.47424580863352,50.02985935093874,50.0,50.0,50.0,50.0,Mixed / Divergent,0.0,25.01492967546937,"[""Accounting Profit Risk"", ""High Leverage Stress""]",Accounting Profit Risk,2,11.11111111111111,-0.8958338582012219,True
MWG,2025Q4,2025,4,8104,42320.711,-33566.132,8754.579,2492.184,2083.594,-384.666,4999.926,77201.651,83945.62,10182.836,27266.852,13113.9,29930.943,0.0,50769.502,50769.502,33176.117,2598.189,-611.872,-349.745,433.342,-422.067,523.245,Mobile World Investment Corporation,Retail,Non-financial,specialty-retailers-74,116152301143900.0,1468423529.0,HOSE,29930.943,24931.017,155928.145,0.06193346882794614,0.22406454853645325,0.1606878484905676,-124926.26800000001,-0.03681349909434385,-0.19934932535704483,-0.1692624012906394,31001.878,0.17068201156242815,0.3290754822134429,0.1273734045450761,8664.081,0.13775445218565596,1.5008118007124582,0.657548576681471,7072.6230000000005,0.1681525577097955,1.4451196041983514,0.8944750861773629,-1470.675,0.008689870579685531,-0.18918601415896363,-0.29320123527570363,6096.139999999999,-1.2204295167873098,-5.76402254819521,-0.2842665656021669,-888.461,-1.9222857238348288,-4.565377209872221,-1.9249937448147802,1890.8809999999999,-0.05655957380568282,-0.46246421323700887,-0.3509754858551119,-6660.775000000001,-1.4149648761447822,0.9473600582888574,0.43280148053947753,667.1719999999997,1.1213371540118864,-0.8275600694841517,-0.7580497527449016,-0.09270677881460739,0.02094895751400968,0.02763736991530541,0.17262827295462277,0.04554976230841917,0.19176988211552842,-0.11569981593789398,0.1537452967947955,0.13134460623438285,0.22576979768102712,0.03424795388641707,0.4285860572249269,0.042685459263566004,0.09636161899927133,,,0.042685459263566004,0.09636161899927133,0.07485306844883505,0.11284701120367589,0.04698170793448338,0.19976517739695854,0.04698170793448338,0.19976517739695854,0.043365988200218815,0.17973885319447047,-0.003286842617090972,-0.27559025480472055,-961.617,5207.678999999999,-15.660360099400851,-0.3659676012362448,0.1988215661771645,0.05556457431081477,0.04535821932595941,0.039095828402242586,0.03339794108369595,0.09162414072041788,0.23076310178976717,0.8619348154143094,0.7363150842339538,0.011632328166734622,0.06530466966050293,0.17486805861764085,0.10497311902409506,-0.006942551695772098,0.06508194919045951,0.9021834291216179,0.6047903630945843,0.3952096249929419,2.3620186410903234,5.891227497577643,0.16704872947036786,1.520630456450016,0.9835589681379975,-0.06432622949129628,-0.9507498119571747,0.00569788731854663,0.46986616291559336,0.19176988211552842,-0.27559025480472055,-0.005875276013129649,0.016655834551142903,0.01756860394123523,-0.02430494452844105,-0.027741812115089297,True,True,0.0,50.0,50.0,50.0,0.0,50.0,100.0,100.0,100.0,100.0,50.0,50.0,50.0,50.0,50.0,50.0,0.0,100.0,50.0,50.0,50.0,50.0,100.0,100.0,0.0,100.0,100.0,50.0,100.0,50.0,50.0,0.0,50.0,50.0,0.0,50.0,0.0,0.0,50.0,50.0,33.333333333333336,90.0,50.0,50.0,72.22222222222223,33.333333333333336,30.0,57.66666666666667,48.81501248899152,92.5,70.65750624449576,57.45497233410067,50.217214208368205,50.0,50.0,50.0,50.0,Mixed / Divergent,0.0,25.108607104184102,"[""Healthy Growth"", ""Accounting Profit Risk""]",Healthy Growth,2,50.0,-0.2956624161611267,False
NAB,2025Q4,2025,4,8104,3946.451,-4184.273,2327.558,2694.709,1140.093,-4184.273,1231.315,,418333.322,1809.341,,,,,394902.555,,23430.767,2369.533,37163.273,-288.675,,-287.784,,Nam A Commercial Joint Stock Bank,Banks,Banks,banks-151,24602926269900.0,2058822282.0,HOSE,,,11534.617999999999,0.5203562296854732,0.5684476011177391,0.27425295206186684,-13739.756,-0.11806283135213451,-0.6980697080314187,-0.45027653380286237,8616.622,0.13275620579197522,0.15706743037013796,0.08551491467430601,7716.86,0.6356312336722703,1.288204834704989,0.5231747034324852,4182.234,0.10543753333010149,0.17925365538812904,0.15944723354790147,-13739.756,-0.11806283135213451,-0.6980697080314187,-0.45027653380286237,118612.421,-0.16352555710796376,5.329297314015348,7.8522334099949,-848.31,-2.435012315710563,-0.7157503714710254,-0.2663668106234428,,,,,-808.8589999999999,-4.190160150050497,-0.7325948223961469,-0.011291177603184622,,,,,-0.04821332500572011,0.07211736464171623,,,0.10937668179962574,0.7065844963751184,-0.6560716528715741,0.9677508463866658,,,,,,,,,,,,,0.1129617750410763,0.7485908968034733,,,0.05224955326889501,0.21475111663494578,0.06599686076281926,0.08291409747599282,36874.598,117764.111,5.465397254994715,8.251438986116648,0.7470227449231522,0.6690173874852207,0.36258105816768277,10.283168545330241,10.209623847100964,0.012607299520957715,0.19580068025459219,28.36101973251616,28.158183162395982,-0.27353830302812937,0.15686180504633965,,,0.6934978943247989,,,0.9439901968889775,0.056009803111022556,,0.5616446172697681,,,,,-0.9734512372353475,0.07354469822927817,,0.7065844963751184,0.08291409747599282,-0.12988454129436522,0.10933281613391654,-0.03590191748107263,8.80293669100046,8.803394681440054,True,True,100.0,64.70588235294117,100.0,41.17647058823529,100.0,58.82352941176471,29.411764705882355,47.05882352941176,29.411764705882355,17.647058823529413,76.47058823529412,94.11764705882352,91.17647058823529,88.23529411764706,88.23529411764706,100.0,70.58823529411765,,11.76470588235294,,,,11.764705882352942,5.88235294117647,,,,82.35294117647058,11.76470588235294,,,88.23529411764706,,0.0,94.11764705882354,88.23529411764706,100.0,76.47058823529412,0.0,,77.45098039215686,40.0,92.35294117647058,41.1764705882353,27.941176470588236,60.7843137254902,66.1764705882353,61.34803921568626,56.88524161414171,92.5,74.69262080707085,61.33156373626273,49.95573920891706,50.0,50.0,50.0,50.0,Mixed / Divergent,0.0,24.97786960445853,"[""Healthy Growth"", ""Margin Compression""]",Healthy Growth,2,76.47058823529412,0.8222737703147042,False
NKG,2025Q4,2025,4,8104,3136.451,-3064.631,71.819,-27.292,-9.344,-48.677,838.864,9702.8,16493.912,1423.364,5303.103,1470.09,4600.985,2266.131,8858.428,6568.227,7635.484,1804.723,794.252,-860.021,91.745,-231.259,-71.403,Nam Kim Steel Joint Stock Company,Basic Resources,Non-financial,steel-58,6109342525650.0,447570881.0,HOSE,6867.116,6028.252,14808.145999999999,-0.16872265143584106,-0.2981955747927334,-0.2814726482411442,-14022.972000000002,0.1470486975549218,0.2647744745023556,0.253193439208983,785.173,-0.6011761635300454,-0.7612693917304054,-0.5713592397315389,126.75500000000005,-1.4611771067439463,-2.753195863043618,-0.7726176018426665,197.1870000000001,-1.1886457239764194,-1.5074124355145262,-0.5647153355246165,-219.641,0.11009342035503389,0.2775427816613978,-0.05677416871550855,1326.81,3.909821472726373,3.432086158310314,3.3694601250439757,-3430.76,-0.8062621158373816,-3.3130225023946713,-2.8790633515371487,362.151,0.01706094938252446,0.012258092989385927,-0.021663019693654282,-3028.6669999999995,0.47609025622437195,0.5743062151634968,-1.2600069844804247,2149.8580000000006,-1.6769532694331464,-1.329952311417534,0.4264960951237151,1.4101062744748767,1.1411389949564046,-0.000348540718838871,-0.04896616678613236,0.0012665537063937043,0.22004638479258148,-0.2798078494530621,-0.26741666486527105,0.05035901259059494,-0.2073661946379656,0.024895059262497084,0.7175172529818129,-0.06244300721010376,-0.27103362413921167,0.10602215235282107,,-0.01282358879068403,0.08800542995372372,-0.08777015432201514,0.018307828277368175,0.002140277248430865,0.15831587596707442,-0.02920616846622392,-0.13812827824372673,0.00025492766263832345,0.30045217441066513,0.00856884189584152,-0.10716725744491913,-65.769,-2103.9500000000003,-2.2565359477124187,-0.4566326477627628,0.05302304555884309,0.008559815658219474,0.013316116683344432,0.08960000799559918,-0.142080581863523,0.013140106829714253,0.029197984939687466,6.728689010938852,-10.669821032826704,-0.0684872697271575,0.09612033808958935,0.3581206587239213,0.10483441028050257,0.01405598337587316,0.07410645360317861,0.8993687891952887,0.537072587752378,0.46292741224762207,12.330083901608898,0.5771008145109522,0.18232269829177886,1.4772327448488,0.6698454544887075,0.36947807819486794,0.7158434331271579,0.23168058985912215,9.47328600500896,0.22004638479258148,-0.10716725744491913,-0.0358590954762822,-0.018489163182212647,-0.00866488755839009,0.11677077815635693,-0.07199511152921989,True,True,0.0,0.0,0.0,0.0,0.0,0.0,0.0,16.666666666666664,16.666666666666664,0.0,0.0,100.0,0.0,66.66666666666666,0.0,66.66666666666667,33.33333333333333,33.33333333333333,33.33333333333333,100.0,0.0,0.0,0.0,0.0,66.66666666666666,66.66666666666666,66.66666666666666,100.0,0.0,100.0,100.0,100.0,100.0,100.0,100.0,0.0,100.0,0.0,0.0,0.0,0.0,6.666666666666666,46.666666666666664,50.0,33.333333333333336,100.0,20.0,15.166666666666668,59.72990418950317,37.5,48.61495209475159,13.840347204631449,49.71731732908809,49.99999999999999,50.0,50.0,50.0,Mixed / Divergent,0.0,24.858658664544045,"[""Leverage-Funded Growth"", ""High Leverage Stress""]",Leverage-Funded Growth,2,0.0,-1.248390969561542,True
NLG,2025Q4,2025,4,8104,1704.152,-918.937,785.215,560.051,504.868,1.505,6814.305,19246.03,26564.516,1891.019,8677.574,463.43,1016.904,4504.698,11740.272,6453.837,14824.244,107.731,371.324,0.493,13.808,795.533,2286.246,Nam Long Investment Corporation,Real Estate,Real Estate,real-estate-holding-development-160,12976354995250.0,485097383.0,HOSE,5521.602000000001,-1292.7029999999995,5645.087,-0.0921932923116589,-0.7324109242603605,-0.21552976980426758,-3287.8060000000005,0.12462431996555405,0.7485511283412979,0.2055910553166443,2357.28,-0.05104809324978399,-0.7106769300947356,-0.22898388417750162,1148.8830000000003,0.770072692793932,-0.6734023246971667,-0.3504904607351568,946.3090000000002,1.157113070823079,-0.6212330026070484,-0.317920929169829,-264.554,1.0114584602265806,1.0292898429441644,-0.15252982025076023,-872.6410000000001,1.8496339007871132,-0.8738483417378042,-1.712316388792523,-9.077999999999998,-0.9762432536622977,1.0273327049952874,0.7028477905073651,51.65,-0.037233300794868265,0.12875010218262073,0.031143940906368437,970.3479999999998,4.437905860800853,0.2406553133090047,-0.076691783696038,1273.304,15.655467082401454,5.967904154386779,1.0302244672132457,1.027341706925082,0.25187156894336415,-0.22903874749235695,-0.3013949175416065,-0.06420066749617843,-0.12380710752654342,-0.2559387570170645,-0.32389839628594774,-0.5139059523732166,-0.5177363417733246,-0.037548545201553415,-0.5489003576246868,-0.29497555060535907,-0.6562726363470737,-0.18831433026667949,0.1254095028904103,-0.21031673558420239,-0.2068008584751435,-1.3560212956809623,-1.851646961629529,-0.16260028413869013,-0.2545474725427114,-0.07857614003026747,-0.3689108479474807,0.0318213218914232,0.01752483333363085,-0.14007136072286658,-0.24618829374103487,370.831,-881.719,-0.8732390659033388,-1.7381335677361294,0.41758080964916927,0.20351909545415334,0.16763408606457264,-0.15458415432747094,-0.15619227834752591,0.033272336388103015,0.06438972046907497,-0.9221522779557205,-0.9317453389960361,0.0684729207940397,0.3349849169729359,1.5371904808552994,0.14095418038655563,-0.10836862648168016,-0.30220657196905704,0.37247106833913424,0.44195316790262623,0.5580468320973738,-1.0767742327782737,4.342716420844139,6.701030775766444,2.9821066134766028,1.6375461605243513,0.008728911329124067,0.19796064048439654,0.0016081240200549606,0.17575992255566308,-0.12380710752654342,-0.24618829374103487,-0.007286721843802524,-0.04228895201633398,-0.025164602104631312,-0.324826856921255,-0.32218959632058053,True,True,5.555555555555555,5.555555555555555,2.7777777777777777,5.555555555555555,5.555555555555555,11.11111111111111,44.44444444444444,27.77777777777778,27.77777777777778,38.88888888888889,27.77777777777778,27.77777777777778,38.88888888888889,27.77777777777778,33.33333333333333,27.777777777777786,50.0,27.77777777777778,11.11111111111111,38.88888888888889,66.66666666666667,88.88888888888889,77.77777777777777,43.75,97.05882352941177,88.88888888888889,83.33333333333334,11.11111111111111,77.77777777777779,33.33333333333333,11.11111111111111,22.22222222222222,55.55555555555556,82.35294117647058,56.25,33.33333333333333,0.0,5.555555555555555,94.44444444444444,86.66666666666667,6.018518518518519,33.33333333333333,31.111111111111114,31.944444444444443,70.58369644153959,43.4708605664488,44.0,38.06877723311547,80.6191592149181,33.333333333333336,56.976246274125714,37.1637226275661,49.84532322977395,50.0,50.0,50.0,49.8469212246302,Mixed / Divergent,0.0,24.922661614886977,"[""Leverage-Funded Growth""]",Leverage-Funded Growth,1,5.555555555555555,-1.0750060322361448,False
NT2,2025Q4,2025,4,8104,2522.019,-1889.979,632.041,622.134,552.84,-18.237,22.304,8033.412,9273.311,3894.77,354.104,1234.302,1762.306,0.0,4413.91,4413.91,4859.401,896.787,-29.615,-4.338,40.544,-221.094,268.518,PetroVietnam Power Nhon Trach 2 Joint Stock Company,Utilities,Non-financial,conventional-electricity-110,6606754865550.0,287876029.0,HOSE,1762.306,1740.002,7958.219999999999,0.30794036210279113,0.4137369123814839,0.3389386167958627,-6710.409,-0.09649876511981277,-0.11429031299524571,-0.13886983816644624,1247.8110000000001,2.0893356404090175,6.197824849106024,23.223225205287974,1266.9070000000002,1.631411096918275,5.963900735417576,39.04890307896566,1130.2849999999999,1.5805548164848553,6.414401244585116,12.635305329698166,-64.691,-0.14582809751193754,-0.796040969076226,-0.8520183223590034,1003.205,-1.0422360655924743,-1.1969828991040488,0.9010572114555558,-8.334000000000001,-11.32857142857143,-37.150000000000006,-7.547692307692298,556.351,-0.764649883033128,-0.7639400767381066,-0.19025690212510793,-1372.3190000000002,-9.05018409927724,-1.666162486592024,-19.528946266156055,334.46,1.3861129444854257,1.626884906043606,1.825712987833781,3.963061860258122,-0.6084132167562063,0.14430183860915421,0.39135323422376767,0.1140878793994963,0.06616166046609005,0.24082586855771834,0.30318400539105017,0.007726479770283005,0.06465423932651822,-0.18064593646049978,-0.4521167797675485,0.3635347950487987,0.7686856491364351,,,0.3635347950487987,0.7686856491364351,0.35097518556476903,0.8521792353914851,0.15680444993534437,-0.021038345960214838,0.15680444993534437,-0.021038345960214838,0.07793283783717841,0.16001628042434138,-0.03865482619853649,-0.37795222065536543,-33.952999999999996,994.8710000000001,-1.226017320916238,0.8887540959953222,0.1567952381311399,0.15919476968467827,0.14202736290275966,0.12605896796017202,0.1250117488584131,0.12578877777380845,0.24982867290100955,0.8875681797068883,0.8801948181210936,0.013703843211987586,0.48940215274269877,0.044495377106941,0.18393841567630229,-0.03575461140481251,-0.2742843774693445,0.36265910139953467,0.47597993855700516,0.5240200614429948,0.9543366874024409,19.58397613269234,0.012656144846581693,1.8200217041126803,1.7397971413100857,0.42974703234057243,-39.90092140132466,0.0010472191017589364,0.014979751991099147,0.06616166046609005,-0.37795222065536543,0.14812838235597847,0.15387247598034234,0.12808077965918557,0.037274043877810886,0.03639086461804879,True,True,100.0,100.0,100.0,100.0,80.0,80.0,60.0,60.0,60.0,80.0,100.0,40.0,60.0,60.0,100.0,0.0,40.0,40.0,100.0,20.0,60.0,60.0,40.0,75.0,0.0,40.0,40.0,100.0,40.0,40.0,40.0,60.0,100.0,0.0,25.0,100.0,20.0,0.0,100.0,100.0,93.33333333333333,72.0,52.0,50.0,50.55555555555556,44.166666666666664,64.0,67.99166666666667,61.968294804631036,100.0,80.98414740231551,68.29698688581337,50.24451396123666,50.0,50.0,50.0,48.05555555555555,Mixed / Divergent,0.0,25.12225698061833,"[""Healthy Growth"", ""Accounting Profit Risk""]",Healthy Growth,2,100.0,1.1281115138329134,False
OCB,2025Q4,2025,4,8104,3743.488,-3309.42,2481.941,2621.312,1276.755,-3309.42,1160.354,,322949.48,2723.579,,,,,289024.802,,33924.678,694.141,1173.908,-24.281,,16.471,,Orient Commercial Joint Stock Bank,Banks,Banks,banks-151,30625101266000.0,2663052284.0,HOSE,,,11589.739,0.2771174682323047,0.16334779222700307,0.15102229269537246,-11869.500000000002,-0.08790176004702133,-0.34856871815434576,-0.269798783509337,9248.846,0.023810555069488256,-0.06506116046674226,0.07461375886376513,7387.181999999999,0.407932899921367,0.21564991965422337,0.17905863417714185,4010.0820000000003,0.03975272427584068,0.10477089559858588,0.26364519837248357,-11869.500000000002,-0.08790176004702133,-0.34856871815434576,-0.269798783509337,17111.681000000004,-0.7684088460549775,1.2905697048184392,6.583895975655911,-532.727,0.5552767500641049,0.7454795123638612,-0.9148996588797306,,,,,-490.22799999999995,1.310849831090645,1.4685917496443812,-1.2538389392574065,,,,,-0.026051061322437414,0.47295290273606394,,,0.024710390660367912,0.15046400591136044,-0.07587167017226926,-0.6160100349098577,,,,,,,,,,,,,0.02304646608200341,0.16054956276614116,,,0.03910893992882535,0.07115751943139235,-0.09995474755228353,0.10092512850769304,1149.627,16578.954000000005,1.2779951545441202,7.381179677440714,0.7980202142602176,0.6373898497627944,0.3460027874657057,1.4764509364706146,1.4304855355241395,0.01328585527382307,0.12226656911762374,4.267164860967931,4.134317951602986,-0.04056857128241855,0.23499916607267862,,,-0.7670323276052302,,,0.8949536069852165,0.10504639301478362,,0.6223667382787815,,,,,-0.44885741768647885,0.04596540094647515,,0.15046400591136044,0.10092512850769304,-0.05674183308808589,0.015156226303736697,0.03083764283436241,1.2523671743246476,1.2340310023754901,True,True,70.58823529411765,58.82352941176471,70.58823529411765,76.47058823529412,64.70588235294117,41.17647058823529,64.70588235294117,17.647058823529413,23.52941176470588,23.52941176470588,11.76470588235294,52.94117647058824,52.94117647058824,41.17647058823529,41.17647058823529,47.05882352941176,2.941176470588235,,41.17647058823529,,,,88.23529411764706,29.411764705882355,,,,5.88235294117647,88.23529411764706,,,11.76470588235294,,41.17647058823529,70.58823529411765,41.17647058823529,11.76470588235294,88.23529411764706,11.764705882352942,,63.72549019607843,28.235294117647054,47.05882352941177,22.05882352941176,52.94117647058823,41.1764705882353,38.23529411764706,53.26960784313725,60.81592250143566,92.5,76.65796125071783,53.351399385896066,49.95573920891706,50.0,50.0,50.0,50.0,Mixed / Divergent,0.0,24.97786960445853,"[""Healthy Growth"", ""Margin Compression""]",Healthy Growth,2,64.70588235294117,0.0026548685795955177,False
PAN,2025Q4,2025,4,8104,4303.331,-3419.247,884.084,523.218,448.224,-72.858,2628.695,10385.639,15707.095,1984.494,3268.451,661.858,3343.508,465.204,6622.775,5791.402,9084.32,3751.265,3364.344,-15.861,134.059,-848.261,-2623.877,The PAN Group Joint Stock Company,Food & Beverage,Non-financial,food-products-87,6093237150000.0,250750500.0,HOSE,3808.712,1180.0169999999998,17588.133,-0.16246663893917218,0.009160777221501446,0.08691960118732166,-14220.578,0.17068049493627752,-0.0783920850035796,-0.11098282984106717,3367.5559999999996,-0.12910741005982393,-0.1915667575305626,-0.004163076193343345,1373.1259999999997,0.7210212620388399,-0.013380751781020309,0.013916630177385718,1172.54,0.6826551642584436,0.0036071498142687067,0.004687811945994627,-414.5210000000001,0.18257396416510524,0.1535914683023733,-0.17098312400775165,8941.078000000001,0.0067599230823095135,0.3802068867907112,6.140961508385543,-286.154,0.8135535441401198,0.8905171461704126,0.11522204941577331,508.631,0.4053189928087719,0.18078284919055077,-0.025626044045302113,-921.1550000000001,-3.37218639988042,-5.335294177774143,-2.034675451878277,-8350.1,0.12474911244932631,-1.9515756911049242,-4.488065111996879,-0.03939170250941886,-0.11158940867370482,-0.1807037751494069,-0.43195368834089,-0.12185225604390319,-0.34116339011351743,-0.15341801311790118,0.3566230681991415,-0.13334858867738822,0.05180384569836826,-0.3488117199683191,0.26212192577817356,-0.4333580880207085,-0.7090837521815404,-0.090887061472078,1.2511359622168565,-0.40602824768358453,-0.67446012835053,-0.6789757733579849,-0.8649990475705613,-0.282572095125311,-0.5579276616121991,-0.3062387934975213,-0.5975933710003152,0.04956198159195066,0.025381821063178815,-0.039623546736384456,-0.08531320628107211,3348.483,8654.924,0.4605021256661925,5.196117236327108,0.19146750823410302,0.0780711630961626,0.06666654158232713,0.5083585619917703,0.49208884194814767,0.059297434584644364,0.13069047749216148,7.625392737134769,7.381346478584954,-0.49458782798474205,0.1128314187753754,0.18583274302053548,0.046542271347901606,0.26970346701181985,-0.0351157554889534,0.41926220124346125,0.42164225784589704,0.578357742154103,0.6270825616697586,3.3125607629046527,0.786208676635438,1.793285805406014,1.2289231519414467,-0.7613797295378517,-0.18489975418513738,0.016269720043622593,0.56259645990905,-0.34116339011351743,-0.08531320628107211,-0.017512278229956962,-0.005621198712584499,-0.005456529811213404,0.6158374615242773,0.6195545388568402,True,True,55.55555555555556,11.11111111111111,33.33333333333333,22.22222222222222,44.44444444444444,33.33333333333333,44.44444444444444,22.22222222222222,22.22222222222222,33.33333333333333,22.22222222222222,100.0,100.0,100.0,100.0,100.0,66.66666666666666,22.22222222222222,44.44444444444444,66.66666666666666,66.66666666666667,66.66666666666667,55.55555555555556,22.22222222222222,77.77777777777779,66.66666666666666,66.66666666666666,22.22222222222222,55.55555555555556,33.33333333333333,33.33333333333333,44.44444444444444,0.0,44.44444444444444,77.77777777777777,100.0,5.555555555555555,22.22222222222222,77.77777777777777,62.5,33.333333333333336,28.888888888888886,100.0,49.99999999999999,55.55555555555556,38.888888888888886,53.61111111111111,54.47222222222223,49.635880186922726,79.16666666666667,64.4012734267947,53.943032377335435,50.02985935093874,50.0,50.0,50.0,50.0,Mixed / Divergent,0.0,25.01492967546937,"[""Healthy Growth"", ""Margin Compression""]",Healthy Growth,2,44.44444444444444,0.5468839169345985,False
PC1,2025Q4,2025,4,8104,5011.767,-3945.956,1065.811,733.246,660.36,-171.843,3811.436,11306.28,24564.24,4419.13,1482.163,1804.721,4257.497,7448.178,15675.65,7758.07,8888.589,9489.297,1506.603,-857.422,223.354,-1084.039,-276.639,PC1 Group Joint Stock Company,Construction & Materials,Non-financial,heavy-construction-9,7814421517000.0,411285343.0,HOSE,11705.675,7894.239,13085.139,0.5288750257391914,0.9647107895156715,0.29698358622014426,-10369.087000000001,-0.5196883872329348,-1.0247934774855951,-0.29670204753150353,2716.0519999999997,0.5638756953217737,0.7702325627746756,0.2980589229089152,1551.252,0.6396377459749553,3.7016511173094795,0.8724796245509673,1364.5140000000001,0.6741497547186553,3.994743251317969,0.9219156703888581,-681.781,0.017793045108484416,-0.284010670014122,0.027702272941190147,2337.802,1.7175574859847478,0.6631907454978799,1.1448748013666707,-1382.749,-2.846304296140785,-1.9722163485037039,-2.096910813831348,881.767,-0.00023276008701642972,-0.024552791558940613,0.004733293604356488,-1538.9750000000004,-10.95732359721594,-3.636290929619872,-1.381934459366385,728.734,-1.327715801706583,0.45619294369264884,3.715306654743274,0.03892794682693031,0.6736438492830195,0.06772188394133552,0.3982572304161031,0.0437782158680019,0.17041430803694274,0.24594916316068757,0.4200275513873219,-0.3194056428934845,-0.06641400048626801,0.8631859106915915,0.6104032966170057,-0.06069098774562138,0.44308039497214513,0.009176129273348247,-0.048840514747855564,-0.017406391216077812,0.08577760661109055,-0.04247421344925195,-0.0716576512544239,0.03241055134496606,0.1811402145554896,0.045708844826995935,0.5277363967604718,0.06444775312579964,0.15196567038002365,-0.01998015028772785,-0.06478752891957205,649.181,955.0530000000001,0.051523230726369135,0.484257640394433,0.20756768422559363,0.11855067034442661,0.10427967177115965,0.1786608457120708,0.07298760830893734,0.05991031984735649,0.16435365411818215,1.7132854628094691,0.6999217303743311,-0.03962214992200044,0.3377212882492116,0.11327071114796718,0.17404820694435294,0.12304396516717764,-0.36339758670641226,1.316932867522618,0.6381491957414518,0.36185076354896384,3.24462694290509,2.275293679348647,0.8952292861275063,1.457357306649721,1.266309404271939,-0.2112059796090537,-0.8447773516097772,0.10567323740313345,1.5681568940547785,0.17041430803694274,-0.06478752891957205,0.00017195301562339393,0.03643587905050866,0.033907685763962234,0.07062648200882898,0.009209105576082677,True,True,87.5,75.0,62.5,62.5,100.0,87.5,50.0,37.5,37.5,50.0,62.5,50.0,50.0,50.0,37.5,62.5,75.0,37.5,62.5,50.0,25.0,37.5,50.0,25.0,75.0,75.0,87.5,75.0,50.0,75.0,62.5,50.0,25.0,37.5,75.0,37.5,87.5,25.0,12.5,12.5,79.16666666666667,47.5,50.0,56.25,55.55555555555556,54.166666666666664,35.0,54.56250000000001,53.32025820357873,100.0,76.66012910178937,54.644671834905125,49.966615192625994,50.0,50.0,50.0,50.0,Mixed / Divergent,0.0,24.983307596312997,"[""Healthy Growth""]",Healthy Growth,1,62.5,0.8659115885146975,False
PDR,2025Q4,2025,4,8104,360.579,-70.498,290.081,434.241,313.327,-143.681,375.924,24175.703,27271.28,6999.95,16714.675,164.133,1106.136,4438.056,14847.342,10258.755,12423.939,733.238,-460.473,0.0,2.948,-409.413,1129.812,Phat Dat Real Estate Development Corporation,Real Estate,Real Estate,real-estate-holding-development-160,16064731001900.0,997809379.0,HOSE,5544.191999999999,5168.267999999999,1324.976,-0.2881332843723718,-0.4440742510907942,0.6125010648784822,-604.788,0.725012482057043,0.8297157984744036,-0.43687530440360645,720.187,0.159591138400531,0.23644973743435865,0.805441491308555,735.0629999999998,2.512537815669843,16.44360086767896,2.701540413832003,514.688,2.649787997390737,199.850641025641,2.316630580472214,-346.78,-0.9353061609331645,-0.9967619550564925,-0.21736566255120912,-2512.8190000000004,-2.4935663019892873,0.7259268738356417,0.4556522873132501,-27.160000000000014,,1.0,0.6460592160133444,12.522,-0.03249097472924194,-0.3249370277078086,-0.2500898311174991,260.17099999999965,-8.083882688813912,-1.450393394146612,-0.7141477478110971,2284.897,5.855239366543292,0.2636643864727382,-0.35538886755761495,2.240752075448926,0.09383256322815672,0.13598471739707074,0.12536604171837537,0.12479680264190691,0.13698779998892663,0.14762835986996944,0.020312824316035726,0.1160009945721837,0.18731879095849982,0.3589868848115521,-0.5286554880062488,-0.06980092318896272,-0.2000318212225858,-0.05634513772977123,0.12054011472893263,-0.059060732776901964,0.037584368651589276,-0.10524619169383302,0.033717897253209096,0.20663176262433894,0.14854897597230868,0.34952934385444984,0.19812068431504726,0.04046694281942801,0.12347324580556025,-0.003484633094229106,-0.014760360805833601,-460.473,-2539.9790000000003,0.7308352837472264,0.45876570284968604,0.5435472038738814,0.5547745770489425,0.38845080967504314,-1.896501521536994,-1.9170000060378452,0.02008270819390477,0.04383597485236633,-4.8822179650584445,-4.934987798433226,0.11101448116846736,5.2830768255425,12.61507755612177,0.2713893132800254,-0.5921882405624465,-0.4251822739199824,0.446250742216297,0.5444314311612803,0.4555686055073323,6.913284776981882,2.119681065805409,0.339853327258131,2.356592296043721,0.7272839637948272,-0.5749166962268929,-2.918906076383212,0.020498484500851344,2.168982590640474,0.13698779998892663,-0.014760360805833601,0.05808675041819866,0.31309827576743765,0.19959126410432915,3.7214346831143956,3.794324215992361,True,True,77.77777777777779,77.77777777777779,88.88888888888889,83.33333333333334,5.555555555555555,97.22222222222221,72.22222222222221,83.33333333333334,77.77777777777779,16.666666666666664,16.666666666666664,5.555555555555555,5.555555555555555,11.11111111111111,11.11111111111111,22.222222222222214,11.11111111111111,16.666666666666664,88.88888888888889,91.66666666666666,61.11111111111111,16.666666666666657,44.44444444444444,12.5,17.647058823529413,66.66666666666666,22.22222222222222,50.0,44.44444444444444,38.88888888888889,83.33333333333334,55.55555555555556,5.555555555555555,17.647058823529413,87.5,11.11111111111111,55.55555555555556,50.0,50.0,20.0,71.75925925925927,53.33333333333333,11.111111111111109,52.08333333333333,37.300290486565,48.080065359477125,37.333333333333336,45.13257080610022,62.32368846502877,73.33333333333333,67.82851089918105,44.770129431803625,49.84532322977395,50.0,50.0,50.0,49.8469212246302,Mixed / Divergent,0.0,24.922661614886977,"[""Accounting Profit Risk""]",Accounting Profit Risk,1,33.33333333333333,-0.2594626526670513,False
PHR,2025Q4,2025,4,8104,498.675,-342.268,156.407,78.652,70.155,0.607,450.879,2643.08,6161.547,158.006,312.925,40.088,21.935,0.0,1904.174,517.38,4257.373,1733.778,140.415,-31.223,31.193,-160.374,-10.654,Phuoc Hoa Rubber Joint Stock Company,Chemicals,Non-financial,commodity-chemicals-11,9186845624400.0,135499198.0,HOSE,21.935,-428.944,1794.932,-0.19150215956108382,-0.20348109151082627,0.09910170290675964,-1291.302,0.27353690917619494,0.17801692151405044,-0.06663814152654654,503.63,0.07386250506354325,-0.2540503159651842,0.19213088987885288,505.17699999999996,-0.6010590813179678,-0.5756568653898031,0.07436921532598326,532.153,-0.7348068177952166,-0.6950737160541048,0.10171586387369512,2.572000000000007,0.4149184149184149,1.565703634669152,1.1828132774184383,615.15,-0.6333371632102028,-0.019845314048779247,1.7410292171479749,-58.163000000000004,-5.615042372881356,0.12206163536160165,0.10178521790159702,152.896,-0.3027783365743534,0.02909834713470362,0.09089092945767964,-26.966999999999985,-3.6769153730595896,-1.5213244568114734,-1.0517444839079202,-327.7580000000001,0.9546607428590883,0.9749798034831946,0.5328061167763767,-0.06348220554085432,1.3680122266338943,0.026437240485840032,0.02825535285442123,-0.0008944290012929219,0.038708999839512495,-0.48231586051890946,-0.24114381219502826,0.05360179121563616,-0.22887460171561075,0.07238778021507686,-0.13620202977870668,-0.5125555555555555,-0.6344166666666666,,,-0.5125555555555555,-0.6344166666666666,0.017179831455267802,-2.289346952547468,-0.015731861063398314,-0.053984997294862926,-0.07988454541089346,-0.14398882873820337,0.005887838565484168,0.08631644429792514,-0.011221280968876247,-0.0419909248236794,109.192,556.987,0.013909781417720356,2.4883853471869934,0.2805844455388839,0.28144631662926506,0.296475298228568,0.34271493293339245,0.31031091985657394,0.0880066316753456,0.1301670257460927,1.1559645440315096,1.0466670299707037,-0.013470156115014616,0.08802896154283282,0.1743380807740906,0.031044635569371072,-0.3402455151017879,-0.3279763046223704,0.0051522382464491605,0.3090415442745142,0.6909584557254858,-0.6518182633233699,196.4140746500772,20.55523136539777,5.10858556573505,4.503759325834009,-0.7335183695734263,1.1084440620924552,0.03240401307681851,0.3804089053997489,0.038708999839512495,-0.0419909248236794,0.021895702113843007,-0.006479027350552391,0.0007034791616457592,0.2052926230790672,0.21253982334627752,True,True,0.0,25.0,25.0,25.0,0.0,0.0,50.0,75.0,100.0,50.0,50.0,100.0,100.0,100.0,100.0,100.0,0.0,0.0,50.0,25.0,100.0,100.0,50.0,100.0,100.0,100.0,87.5,75.0,50.0,0.0,0.0,50.0,0.0,100.0,0.0,100.0,25.0,50.0,75.0,50.0,12.5,65.0,100.0,18.75,84.72222222222223,25.0,60.0,68.27083333333334,44.6262263193644,92.5,68.5631131596822,67.94572015947132,49.869246726155225,50.0,50.0,50.0,50.0,Mixed / Divergent,0.0,24.934623363077613,"[""Healthy Growth"", ""Leverage-Funded Growth""]",Healthy Growth,2,100.0,1.1224197223806611,False
PLX,2025Q4,2025,4,8104,81892.813,-77082.243,4810.57,884.02,696.928,-208.273,10803.154,59846.284,86116.521,16174.564,13948.226,28062.515,18075.346,618.718,56640.124,55679.643,29476.397,14483.534,5410.63,-2019.953,549.989,-736.903,-6469.658,Vietnam National Petroleum Group,Oil & Gas,Non-financial,exploration-production-153,50506041341250.0,1270592235.0,HOSE,18694.064000000002,7890.910000000002,309924.23,-0.020788768984838574,0.15297464208857148,0.09121555162052306,-291754.494,0.025906099903565256,-0.16109356466801714,-0.09408161588134291,18169.736,0.06921609297388216,0.036806583049466546,0.047168026343142155,3628.4739999999997,0.14895978601757973,0.3469754685357307,-0.03501445294621242,3038.0779999999995,-0.012807909684547545,0.14247869721022793,-0.03893327495799016,-798.239,0.14505211219618327,-2.438493668587278,-0.40488040972209993,4254.126000000002,7.764750377269085,3.3087458151898654,0.7927281615177469,-2938.645,-8.63038026584282,-1.402326505175826,-0.4724654775618556,2059.9350000000004,0.297477417543661,-0.18373098797240653,-0.05385785557005924,-7693.713000000002,0.48635776231614136,0.7263653640636639,-4.015389879293682,-701.8390000000009,-2.5939044099531903,-2.602440891697753,0.826333916724589,-0.14373207018903256,-0.27656170342479497,-0.08157508496264892,0.005084582657427277,-0.059605736335359365,0.0595743801248692,-0.06905742617224946,0.2975874651677624,-0.16061964138675086,-0.11004974146687561,0.01130673662004512,0.11207868785207298,-0.2671138909567437,0.03973787717603052,0.11663406076969164,0.27020213425524836,-0.25868192558990777,0.04601932090782585,-0.373775769647166,1.6853028103949053,-0.09629204203279465,0.08993196791943141,-0.09801656653528003,0.08792603040327249,0.01995653236058836,0.005746661301119024,0.11373102130590469,0.06610019132123532,3390.677,1315.481000000002,7.172275247047482,2.4869439827810487,0.05862638103513237,0.011707616406758516,0.009802647569697922,0.0137263420804498,0.0042445245407240415,0.036299145935762576,0.10336346033199878,1.4002688541900512,0.4329977703008291,-0.014120960599418579,0.052188768848437574,0.045005277580265346,0.09618537358331145,0.20637191354723936,-0.20126529308739866,0.6342045128514181,0.6577149580856849,0.3422850419143152,1.387191040587975,4.545598498695252,0.5976734276621869,1.0748323943097122,0.8243238556683993,-0.045196230712697204,-0.3698659567758875,0.009481817539725759,1.42657171221422,0.0595743801248692,0.06610019132123532,-0.0024660292671313463,-0.001531476276512917,-0.0013274864744725508,0.005371256091077536,0.002916229273881533,True,True,31.63265306122449,25.510204081632654,12.244897959183673,12.244897959183673,56.12244897959183,42.857142857142854,5.1020408163265305,2.0408163265306123,2.0408163265306123,42.857142857142854,33.6734693877551,60.204081632653065,52.04081632653062,26.53061224489796,43.87755102040816,64.28571428571428,62.244897959183675,30.0,6.122448979591836,29.11392405063291,46.83544303797469,62.0253164556962,37.755102040816325,53.76344086021505,56.57894736842105,5.063291139240507,22.78481012658228,2.0408163265306123,37.755102040816325,53.16455696202531,37.9746835443038,62.244897959183675,45.45454545454545,62.76595744680851,46.23655913978495,43.87755102040816,19.387755102040817,66.3265306122449,75.51020408163265,41.333333333333336,30.102040816326532,17.142857142857142,49.38775510204081,31.870317747352104,36.06691882181033,51.30686675110862,49.28707482993197,38.69380028455686,78.15032851074481,77.5,77.82516425537241,38.65286925672862,42.71243037612567,47.61904761904762,44.897959183673464,48.789395505037454,48.15990895111335,Weakening,0.0,21.356215188062833,[],No Major Flag,0,19.387755102040817,-0.7241034263892621,False
PNJ,2025Q4,2025,4,8104,9622.993,-7223.656,2399.336,1515.365,1218.068,-33.498,522.025,18614.031,20163.63,153.98,15835.335,333.861,4223.386,0.0,6888.717,6874.319,13274.913,855.77,-1695.009,-66.402,20.537,213.584,1419.149,Phu Nhuan Jewelry Joint Stock Company,Personal & Household Goods,Non-financial,personal-products-81,33671304902200.0,511721959.0,HOSE,4223.386,3701.3610000000003,34976.043,0.18283919471983548,0.12147102889651742,-0.07526653804419806,-27292.194000000003,-0.10651494762414992,-0.06414488851726509,0.12382736658189863,7683.848,0.492858738347035,0.33857007847307213,0.15139650045860478,3519.886,1.4964045606480192,0.7544612206951087,0.32719210596765613,2828.498,1.4572437235856004,0.6665886779545066,0.3386703494128493,-119.083,-0.3920378989361701,-0.5021524663677128,-1.545868519508284,18.891000000000304,-1.9302099299794366,-0.07734467410019959,-0.7729037687082982,-115.543,-7.964763061968409,-0.3210122150161143,-0.2780457049310888,85.292,-0.023024594453165965,0.007604749288587851,0.055306723416891426,-893.789,1.241134863871656,3.12002461636194,-3.23524422373434,272.9749999999997,3.0308022758624635,0.014012481261673407,-0.2262986193975918,-0.10718561440475058,-0.5350321364695487,0.18832409362987462,0.18616638151097611,0.18256848923810098,0.1717773830843823,-0.40748208747316017,-0.6161392050057961,0.2720383921742736,0.21668291693462313,1.9603905086188549,-0.4652157407362913,0.8105892858750504,0.2639033117045964,,,0.8105892858750504,0.2639033117045964,1.117596073475305,0.6681588945525346,0.3617601487817192,0.15729608643470286,0.3621079316417614,0.15692620620874007,0.10697870634326717,0.17943588744402972,-0.010484056533196437,-0.001573877139580439,-1761.411,-96.6519999999997,-0.08488858311873652,-12.384849743803514,0.21968888819126853,0.10063705605576938,0.08086958264546965,0.0005401125564718772,-0.0027633772065067427,0.1513724908225847,0.23061334142131623,0.006678809742838886,-0.03417078604969836,0.13934033703256804,0.004402441980071902,0.4527480424243531,0.012232838444575029,-0.5408726669615981,0.2919494549788212,0.3181479230786673,0.3416407164781341,0.6583592835218658,1.026679126523018,29.558257685815775,0.12360343099115258,2.7077636344778293,0.4042140028706843,0.3391698497487945,-1.87306062547594,0.0033034897629786197,1.3546757022932983,0.1717773830843823,-0.001573877139580439,0.04324778727649581,0.030517249865662593,0.025006084092994582,-0.0016592200848104361,-0.0025724608032766097,True,True,10.204081632653061,46.93877551020408,62.244897959183675,59.183673469387756,47.95918367346938,70.40816326530613,35.714285714285715,25.510204081632654,22.448979591836736,92.85714285714286,82.6530612244898,24.489795918367346,40.816326530612244,24.489795918367346,39.795918367346935,13.265306122448976,9.183673469387756,85.71428571428571,2.0408163265306123,78.48101265822784,73.41772151898735,67.08860759493672,84.6938775510204,89.24731182795699,13.157894736842104,79.74683544303798,1.89873417721519,70.40816326530613,84.6938775510204,26.582278481012654,32.91139240506329,15.306122448979592,76.62337662337663,15.957446808510639,10.752688172043008,39.795918367346935,55.10204081632652,47.95918367346938,87.75510204081633,43.99999999999999,49.48979591836735,51.83673469387755,28.571428571428573,43.85494704210798,62.70589151848037,29.688884156497636,54.922448979591834,52.32063557859346,71.94411629803182,71.66666666666667,71.80539148234925,52.240565587638145,53.18641739708869,45.23809523809524,32.55102040816327,47.12412813226556,25.487401577155353,Mixed / Divergent,0.0,26.593208698544345,"[""Accounting Profit Risk""]",Accounting Profit Risk,1,56.12244897959183,-0.25254311836435733,False
POW,2025Q4,2025,4,8104,8901.873,-7697.859,1204.014,907.496,825.168,-245.674,6737.94,37007.848,88611.929,14577.596,2174.483,14879.664,11249.613,17637.454,51396.021,31611.943,37215.908,45788.892,-1320.024,-621.593,725.694,-2764.241,1147.473,PetroVietnam Power Corporation,Utilities,Non-financial,conventional-electricity-110,42336270494400.0,3067845688.0,HOSE,28887.067000000003,22149.127000000004,34306.141,0.13324746228257514,0.0327982514343883,0.13200538883298088,-29827.588000000003,-0.17266113950992906,0.041299000133009994,-0.053681817114017316,4478.553,-0.06720030865703976,1.0417017827376458,1.2418882998693477,3234.195,-0.09800167976185156,3.9727845696240682,2.6638013555474247,3007.142,-0.12991655226080742,7.225030899884375,1.482490066793743,-655.412,-0.6114419898200139,-1.0901843674757736,-0.7173296719997063,2094.207000000001,-1.5169479478127037,-1.2935320098272582,-0.5178876172212673,-5179.992000000001,0.08172937007048141,0.692951335992871,0.4710476784879863,2858.757,0.01347682544648091,0.02581304519297229,0.014404778717476233,-12739.017,-0.015566871305389345,0.01464851791319042,-0.1609017311984338,5824.798000000001,4.85598927354477,-0.5089274594967961,-0.40283936406184195,-0.3040156526600205,-0.41735241646546645,0.08369235719370659,0.23439486235063184,0.03311626938258989,0.10882678356649128,0.40642182787034553,0.22777696221301763,-0.07001958341512683,0.21133960891445974,0.04012498558261953,-0.0538265314557639,-0.041498411899938185,-0.1671952012802982,0.10250094435585878,0.9273165640601269,0.04156305415275213,0.2748378995316913,0.22688250383852104,0.9963061922631304,0.04260926229623103,0.13621543056680005,0.051086514265053805,-0.05515697014727624,0.020286915829740296,0.07310341924246776,1.050552652762368,0.8826739682797736,-1941.6169999999997,-3085.7850000000003,0.25321101834878634,0.4337087522317851,0.13054668550449902,0.0942745207046167,0.08765608466425878,0.061044668358356036,-0.08994847307366922,0.03568736971595085,0.08365192190116845,0.6964110773618276,-1.0261520739625867,0.010302619639394139,0.42492672084569344,0.06338465757486393,0.4988557572942203,0.09577157338003675,0.07933422008147886,0.7762021284016501,0.5800124382801778,0.4199875617198222,3.6352045773542945,4.934598390020323,0.5989486038319718,1.1706919754979945,1.101905219808855,0.14283251069871042,-3.381131027547131,0.15099314143202527,1.811973525556737,0.10882678356649128,0.8826739682797736,0.06462923926331494,0.06514650444203002,0.047685266036936874,-0.08228891113382686,0.0898568066970823,True,True,20.0,80.0,80.0,80.0,20.0,100.0,40.0,20.0,40.0,20.0,20.0,0.0,0.0,20.0,0.0,40.0,80.0,80.0,80.0,40.0,20.0,0.0,20.0,25.0,50.0,0.0,20.0,20.0,20.0,80.0,100.0,80.0,75.0,20.0,75.0,0.0,80.0,100.0,40.0,20.0,63.333333333333336,28.0,12.0,70.0,19.444444444444443,71.66666666666667,48.0,30.300000000000004,46.630424717924676,77.5,62.06521235896234,29.65937346697904,50.24451396123666,50.0,50.0,50.0,48.05555555555555,Mixed / Divergent,0.0,25.12225698061833,"[""Accounting Profit Risk"", ""Leverage-Funded Growth"", ""High Working Capital Stress"", ""High Leverage Stress""]",Accounting Profit Risk,4,0.0,-0.9648400120294628,True
PPC,2025Q4,2025,4,8104,1592.737,-1431.159,161.578,153.061,125.725,0.0,395.415,2489.984,5246.239,1102.005,706.591,664.039,0.0,0.0,775.18,775.18,4471.059,192.968,342.52,-1.048,11.289,-24.812,0.094,Pha Lai Thermal Power Joint Stock Company,Utilities,Non-financial,conventional-electricity-110,3135595668120.0,320613054.0,HOSE,0.0,-395.415,6565.7880000000005,0.0641395248463825,-0.090008610065721,-0.14519822446496677,-6308.584000000001,0.05950793612198875,0.15239801478252624,0.15356059317190027,257.2030000000001,7.469330557335042,1.6146576694661554,0.12817734811234255,199.79600000000002,7.0835055643879175,-0.1702616699824902,-0.5142754341949161,169.85799999999995,9.79995800377966,-0.30595807870868735,-0.602267565200695,0.0,,,-1.0,319.54400000000027,16.410664362324,0.9659071342478334,-0.35201254022748407,-19.53,-1.0934796182320934,0.3132372214941022,-2.653198653198654,46.165,-0.03923404255319152,-0.12188861232109523,-0.201325213660427,114.39600000000011,-1.6491039895356443,-1.640855438179611,-0.7123126446031584,-63.99099999999999,,1.000469378074052,0.9280023582543967,4.09470063004909,14.527173486216917,0.07718723408121168,-0.08808262830192204,0.03467624747160773,-0.051945284952819984,-0.10559019822206418,-0.4004286208615072,-0.026689918412269396,0.0355743216506087,0.6790115652829118,-0.1685096536119498,,,,,,,-4.09470063004909,-14.527173486216917,0.3725441591002451,-0.23200535787175194,0.3725441591002451,-0.23200535787175194,-0.007675047274083178,-0.01177477691734385,-0.04709513345349501,-0.12032567023609274,341.472,300.01400000000024,0.9772095608671485,-0.38494875837199416,0.039173211197193705,0.030429858533355024,0.025870162119154615,0.048668034971583035,0.04569352528592154,0.031513757004105865,0.03776556238633762,1.8812419785938865,1.7662635848767814,-0.028532058871126597,0.16784047855337395,0.10761709028680182,0.10525959549718288,-0.25523039639654044,0.18077254611557547,0.0,0.14775918519914932,0.8522408148008508,-1.6076329174137363,,,3.2121365360303415,2.300617920998994,,-0.48572456580508394,0.0029745096856614926,0.42304776345716455,-0.051945284952819984,-0.12032567023609274,0.009492301062987044,-0.023122090317487923,-0.029729679829845933,-0.015533088179959131,-0.017811600630862158,True,True,0.0,20.0,0.0,0.0,0.0,20.0,0.0,0.0,0.0,0.0,0.0,100.0,100.0,0.0,40.0,100.0,20.0,100.0,0.0,60.0,100.0,100.0,100.0,,,80.0,60.0,0.0,100.0,0.0,0.0,0.0,,60.0,,40.0,0.0,40.0,80.0,80.0,6.666666666666667,0.0,68.0,45.0,77.14285714285714,15.0,48.0,42.63809523809524,48.616308334691375,52.5,50.55815416734569,41.42211579549345,50.24451396123666,50.0,50.0,50.0,48.05555555555555,Mixed / Divergent,0.0,25.12225698061833,[],No Major Flag,0,20.0,-1.0444171102396065,False
PTB,2025Q4,2025,4,8104,2090.794,-1691.172,399.622,153.796,127.888,-23.14,655.288,4075.069,6393.015,1278.173,1783.645,554.084,1576.13,359.068,3044.618,2659.183,3348.398,1713.991,-29.219,-153.813,71.232,-233.545,312.735,Phu Tai Joint Stock Company,Basic Resources,Non-financial,forestry-49,3961059069300.0,100407074.0,HOSE,1935.198,1279.91,7299.513000000001,0.24165703609652495,0.07970294140885417,0.12882500034794897,-5799.919,-0.2787873701021036,-0.03983113531739904,-0.10640291941840536,1499.594,0.10578234774884972,0.2888454567151086,0.22482827342301515,645.586,-0.13695693651025245,0.8208683092004784,0.45112028195860543,514.1800000000001,-0.08706204848519458,0.4101043067898648,0.3663698377140185,-77.608,-0.301169590643275,-0.30889756207930325,0.005637556375563726,445.71999999999997,0.7293258853717959,-1.4041355463347165,0.021506362069597645,-470.87699999999995,-0.6395352555561477,-0.16661989457317297,-1.0945833537211915,254.541,0.11947194719471942,0.1516150936075274,0.024854248534432785,-477.751,-2.2001233214579337,-2.642822604545241,-1.551938721549481,210.45800000000003,7.287773689607335,0.381680097550631,1.9874954838285874,0.07991483134364755,0.3917099039823639,0.15465547789035117,0.22975621665191487,0.08932698902241111,0.16466753492764713,0.2729792446816986,0.04646991110303306,0.06552426581280314,0.2259183502343043,0.003948143249291044,0.07287055862135715,0.2296454294666151,0.07155070375902443,0.061681159763103635,3.4044453167165494,0.19457920237434584,0.24657581014306135,0.26325150243735845,0.18339250711934627,0.1548685238169836,0.23954216274930332,0.17026825420226782,0.1307857888846177,0.035872569407277885,0.1040291946061989,-0.0182979006127366,0.09973577971291227,-183.03199999999998,-25.156999999999982,-2.0738433117810056,-1.1189293193841032,0.2054375408332035,0.08844233855053069,0.07044031567585399,0.06106160780863051,-0.0034463943005512807,0.08654664123018835,0.16115244464008593,0.8668559648372164,-0.048926445991676025,0.010708562391923073,0.1751038733679904,0.24435123274662293,0.09553305830650392,-0.08235508924491591,0.09709334988635532,0.5779474244101209,0.4762413352698218,0.5237588211508967,1.4219215732891026,8.318549634058344,0.4157575834480658,1.5324515086024542,0.8617022596790067,0.11775080979511238,-0.4454827255830417,0.0645080021091818,1.8499063019317121,0.16466753492764713,0.09973577971291227,0.016102401259371096,0.019643132801489854,0.012246123172061335,-0.0064150834928059855,-0.03615805924293871,True,True,100.0,66.66666666666666,100.0,100.0,66.66666666666666,100.0,100.0,66.66666666666666,66.66666666666666,100.0,100.0,0.0,100.0,0.0,66.66666666666666,0.0,0.0,66.66666666666666,100.0,0.0,66.66666666666667,100.0,66.66666666666667,100.0,100.0,100.0,100.0,33.33333333333333,66.66666666666666,33.33333333333333,0.0,33.33333333333333,66.66666666666666,33.33333333333333,0.0,66.66666666666666,66.66666666666666,66.66666666666666,100.0,100.0,88.88888888888887,86.66666666666666,33.33333333333333,41.666666666666664,81.48148148148148,27.77777777777777,80.0,76.02777777777776,50.82990302712199,100.0,75.414951513561,76.04145828668301,49.71731732908809,49.99999999999999,50.0,50.0,50.0,Mixed / Divergent,0.0,24.858658664544045,"[""Healthy Growth"", ""Accounting Profit Risk""]",Healthy Growth,2,100.0,0.8365182207541251,False
PVD,2025Q4,2025,4,8104,4312.948,-3647.992,664.956,394.051,374.611,-44.756,1823.374,9830.978,28311.318,5475.867,1536.521,2596.108,821.034,3588.224,11214.844,6629.81,17096.474,14607.848,943.882,-568.759,213.98,-578.334,49.211,PetroVietNam Driling & Well Service Corporation,Oil & Gas,Non-financial,oil-equipment-services-148,16676400180000.0,555880006.0,HOSE,4409.258,2585.884,10833.85,0.6777701143254821,0.5362773126185706,0.16700147239837418,-8768.926,-0.8600123491222285,-0.5003316941241406,-0.1644754053123048,2064.924,0.09121879974399792,0.7687587280054264,0.17785191831510197,1191.758,0.04138301021163236,0.8481912114404175,0.2970132165494185,1044.556,0.35186408138372527,0.5790980099565403,0.4972428986903234,-189.59,0.03486942833114091,0.06501211665413223,0.20233757709881273,1268.8999999999999,2.0370801773567666,7.084088456465509,0.22374975286793733,-2884.796,0.6944199685801539,0.536484131912695,-1.10359612765101,849.6999999999999,-0.11216775788958326,-0.09171558702305306,-0.038290676840993715,-2702.3039999999996,0.6238977072310405,0.4571020359119549,-2.5657928246162456,979.8430000000001,-0.9478062858154983,1.495025701381135,3.2340751043115437,0.299472264487783,-0.17242296443283342,0.13884393239021406,0.26323524895530026,0.05183589389517,0.19889256449347892,0.1777164864741052,0.5783698698130295,-0.06559477591608776,0.2636414251608007,0.5814719626310555,1.213902147208135,0.6627930526077025,0.618441983918754,-0.007009719517129099,0.41191395260074226,0.07351164578769322,0.44628002397095934,-0.04373747530191484,2.0586938341962178,0.14992126287822058,0.4830104671713247,0.25865253492860896,0.6075785802322304,-0.0038988796620156134,0.06504546190206997,-0.013907571639098002,0.13583165505876835,375.12299999999993,-1615.896,1.337858553034506,-3.831228006182934,0.19059927911130392,0.1100031844635102,0.09641595554673546,0.11712364487232146,-0.14915251734148063,0.04023258076570533,0.06302222076348067,1.214774507063288,-1.5469692386047276,-0.0079241807110499,0.5054405405280671,0.14182594368576268,0.2960576928120958,0.41136839741465536,0.09663995276242651,0.25790452464057795,0.39612581795026286,0.6038741820497371,1.2666848889372204,6.2859749986813656,2.2208264213175095,1.4828446064065182,1.251085174386596,0.2792785515725852,-0.09467563945060575,0.26627616221380207,3.395075909144404,0.19889256449347892,0.13583165505876835,0.001755812541123919,0.011026646214383512,0.021266117010744767,0.005431310963091393,-0.11312416034266563,True,True,59.183673469387756,54.08163265306123,59.183673469387756,68.36734693877551,83.6734693877551,66.3265306122449,27.55102040816326,27.55102040816326,28.57142857142857,45.91836734693878,12.244897959183673,58.16326530612245,20.408163265306122,48.97959183673469,17.346938775510203,57.142857142857146,73.46938775510205,72.85714285714285,73.46938775510205,43.037974683544306,77.21518987341773,64.55696202531647,76.53061224489795,62.365591397849464,86.8421052631579,40.50632911392405,48.10126582278481,17.346938775510203,76.53061224489795,22.78481012658228,35.44303797468354,23.46938775510204,68.83116883116884,81.91489361702128,37.634408602150536,17.346938775510203,62.244897959183675,80.61224489795919,6.122448979591837,9.333333333333343,65.1360544217687,28.367346938775505,40.40816326530612,65.7084732627228,61.11062297352851,45.01295115111808,35.13197278911565,46.11069270912321,76.84916450505447,92.5,84.67458225252724,46.412232581152715,42.71243037612567,47.61904761904762,44.897959183673464,48.789395505037454,48.15990895111335,Weakening,0.0,21.356215188062833,"[""Healthy Growth""]",Healthy Growth,1,41.83673469387755,-9.97206862761183e-05,False
PVT,2025Q4,2025,4,8104,4480.278,-3810.161,670.117,410.217,344.929,-115.139,1894.526,7517.937,22313.047,1828.807,345.436,1245.864,1393.507,6246.021,10822.172,4070.552,11490.875,13497.581,1432.639,-2765.956,580.895,-2472.37,1201.351,PetroVietNam Transportation Corporation,Industrial Goods & Services,Non-financial,marine-transportation-44,10385480293500.0,469931235.0,HOSE,7639.528,5745.002,16001.896999999999,0.013764391789289504,0.3711110145408318,0.36465490348513707,-13658.5,0.006565775212282132,-0.41530395246859825,-0.47147798724521556,2343.397,0.14725631052004423,0.16438608471428,-0.04108557076227933,1562.23,0.04341621984596121,0.3587708634892663,-0.07447704099012832,1330.944,-0.011562797308604971,0.28356181715340406,-0.09436673770505201,-435.27200000000005,-0.07812090340462179,-0.00443161099528047,-0.04204102836650228,3667.9980000000005,0.2879043132742406,0.8893919451793196,0.4283664860179279,-3704.364,-7.730839038771729,0.009670013648582585,0.06590073346316302,2192.792,0.08207363528831008,0.08019830149488519,0.21913958276229958,-3526.241,-7.277461021068878,-0.14053147640278896,-0.06294072023630266,599.9480000000001,5.077116783242889,0.07170855903112314,-0.3448732984338931,0.08989480890428096,0.6445095661488277,-0.07697739115872478,0.13085677935367332,0.06965673597329076,0.12362146670941655,-0.13951411529281013,0.3942903540605653,0.13618677042801547,0.04338318135275302,-0.09812279030441316,0.42775089788518533,-0.03898587485293485,-0.06375692604758251,0.27467136915285245,0.16193563017309356,0.20304856222877582,0.11299555036514046,0.2456974125063209,0.0057947412622378494,0.11163198273186982,0.14294422696133224,-0.03469481402609277,0.09591451625973908,0.032923200861656614,0.10601113145755676,0.18503638362516509,0.11901515981819959,-1333.3170000000002,-36.36599999999953,0.34471398872566594,0.9739822856897566,0.1464449496206606,0.09762780000396204,0.0831741386661844,0.22922269778389404,-0.0022726055542039506,0.06312099252570474,0.12165655485401285,2.755937139353722,-0.027323463646854812,-0.10473934823872331,0.11428688736091729,0.021587190568718197,0.09121528718380496,0.029635450575428213,-0.32127172213238403,0.6648343141840809,0.48501542617644294,0.5149845738235571,1.529951622120989,3.589089121285081,1.3595382010998152,1.8469084782604421,1.7620462777529926,-0.2516593531199966,0.03243601262362604,0.23149530333809798,1.6893366995136794,0.12362146670941655,0.11901515981819959,-0.061964489738109474,-0.04632136375789778,-0.04215694279866039,0.01022436536505536,0.11692780829656108,True,True,100.0,0.0,0.0,0.0,100.0,80.0,20.0,20.0,40.0,60.0,40.0,100.0,80.0,80.0,80.0,100.0,20.0,20.0,0.0,60.0,60.0,60.0,80.0,20.0,80.0,80.0,80.0,20.0,80.0,40.0,40.0,20.0,0.0,100.0,80.0,80.0,20.0,60.0,40.0,80.0,46.666666666666664,36.0,88.0,25.0,62.22222222222222,46.666666666666664,56.0,60.65,56.541896058724,58.333333333333336,57.43761469602867,59.764029493349724,49.68595034193157,50.0,50.0,50.0,50.0,Mixed / Divergent,0.0,24.842975170965786,"[""Margin Compression""]",Margin Compression,1,80.0,0.6884988298367276,False
REE,2025Q4,2025,4,8104,2877.578,-1838.005,1039.572,886.674,769.645,-170.223,3045.833,13701.486,40074.852,4191.907,1523.628,1258.078,1472.604,9379.676,15278.314,5147.2,24796.538,14129.557,1076.435,-825.227,338.083,-1735.969,349.237,Refrigeration Electrical Engineering Corporation,Utilities,Non-financial,conventional-electricity-110,31892430643200.0,622899036.0,HOSE,10852.279999999999,7806.446999999998,10011.610999999999,0.1275060125493602,0.2320656353133193,0.19418042248099782,-6236.406000000001,-0.1344505398192291,-0.39196509645655725,-0.18577459732681917,3775.2039999999997,0.11543256901898076,0.024074677899349,0.20833053271854216,3548.354,-0.053267162238057955,-0.08896304987988803,0.32813883729826315,3149.933,-0.0668843324296931,-0.12738860002585026,0.3150386003349872,-689.834,0.04904945727166569,0.06028905180408952,0.06519844921112243,2710.883,0.800040467821393,0.0787218904076642,-0.2835037254921136,-2022.4969999999998,-0.1825819912928586,-1.6236245656313886,-0.9540505184400807,1384.8980000000001,-0.07170295197379434,0.008417322623269639,0.06654252275522486,-4555.506,0.08024623985656675,-12.750685170223216,-23.252047889098943,-745.4680000000002,3.6000759391890886,2.1462005769779875,0.45790374633314856,-0.09245408388257864,-0.45956668214479685,0.10860299131758629,0.21404919024169816,0.047270557199907685,0.10209771978371036,0.1028353652841719,0.3394034921119783,0.18004585024319203,0.19330271550481815,0.4888408944325773,0.7365470805594703,0.16452348849990706,0.17404167892447034,0.03284380571823224,0.025915207038590148,0.04893860532847441,0.04378523778347355,0.11682723059731076,0.6396192587732247,0.08349290850807414,0.09856210537638675,0.20346712256510213,0.26465183622915966,0.026133772315059645,0.10428753177941952,-0.017858096133645487,0.012048191908116661,251.20799999999997,688.386,-0.6323837370105497,-0.7495411131675871,0.37708256942863644,0.35442387843474943,0.31462798544609855,0.27077390441957844,0.06875876419888867,0.08241885704016967,0.13332676702675111,0.8606160829452563,0.21853988640393301,0.010955748507817326,0.4187045421561026,0.15218609672309483,0.20173125354571203,0.14522306963098047,-0.0008777069761796708,0.4376530304351357,0.3812444273031876,0.6187555726968125,1.5824139938523305,5.14377951797099,2.068331336869926,2.661929981349083,2.3659189462231893,-0.15039518469752428,-0.2629403880871407,0.20201514022068975,1.4603941950959562,0.10209771978371036,0.012048191908116661,0.004415811552876292,0.03574781460730969,0.028915778603913644,-0.1805234813186672,-0.25908095080887583,True,True,60.0,60.0,40.0,40.0,60.0,40.0,80.0,100.0,100.0,60.0,40.0,20.0,40.0,100.0,60.0,20.0,100.0,60.0,60.0,80.0,40.0,40.0,60.0,50.0,75.0,60.0,80.0,60.0,60.0,60.0,60.0,40.0,25.0,80.0,50.0,60.0,60.0,80.0,20.0,40.0,50.0,76.0,48.0,75.0,58.333333333333336,52.5,52.0,52.12500000000001,50.370734400798455,100.0,75.18536720039923,52.14038120905089,50.24451396123666,50.0,50.0,50.0,48.05555555555555,Mixed / Divergent,0.0,25.12225698061833,"[""Accounting Profit Risk"", ""Working Capital Absorption"", ""High Working Capital Stress""]",Accounting Profit Risk,3,60.0,-0.12290664887694684,True
SAB,2025Q4,2025,4,8104,6836.552,-4242.464,2594.088,1393.436,1119.089,-7.382,4016.882,22140.978,32597.354,902.823,2027.352,2403.618,267.584,167.936,9597.539,8880.281,22999.815,5068.26,552.887,-60.034,164.601,482.874,70.671,Saigon Beer - Alcohol - Beverage Corporation,Food & Beverage,Non-financial,brewers-8,60536943958400.0,1282562372.0,HOSE,435.52,-3581.362,25888.193,0.06214078350328377,-0.23464387561347538,-0.18775560109684813,-16587.631,-0.047461455313446095,0.34053443201151534,0.2645442731096763,9300.56,0.0870558004444459,0.03791460661209996,-0.0018927481357177388,5553.286,-0.10840524219090925,0.12096522475037563,-0.0217855958873777,4573.125,-0.2027719104525459,0.12951327804305937,0.017431350846260463,-34.34700000000001,-0.011510002740476793,-0.5123950010243801,-0.2512568306010929,3904.076,-0.5228937017726439,-0.14646056088848008,-0.10508491671079268,-241.543,0.13057204923968138,-0.025275813778734106,0.18402597139363136,730.273,-0.22489275236745326,0.1988856112749919,0.3304687329198884,2423.075,1.5569937099808635,1.290315016870321,127.31365176869606,-6787.75,1.0181938806403579,0.09474091859654557,-0.3730795294784008,0.3801370557241982,-0.10287432590761551,0.08113664924554255,-0.11671864059827824,0.04029332014925778,-0.02518142816292859,0.031234365683660843,-0.5035265871566899,0.16243315163076485,0.024668645225984356,0.6551004683081206,-0.090313248415743,0.5467551460429949,0.09047044632086859,-0.002133159036216052,-0.008899695474610971,0.27609202676886635,0.04988091449950343,-0.3939583598493385,0.11847172576485347,0.40474492292339737,0.06611922958022017,0.4528466385660989,0.025775253054097332,-0.06132947098593002,-0.05881542456788956,-0.019278471344876005,0.4104931073617396,492.85299999999995,3662.533,-0.16352740307262018,-0.09933844699559234,0.3592587555261196,0.2145103754441262,0.17664906160117086,0.15080527250395576,0.14147503458429872,0.13850240381266432,0.1928087302823363,0.8536998223315566,0.8008818914855815,0.02052464135585974,0.034873928821528795,0.07831183891436533,0.14490423617453269,-0.3157709860598417,0.2124242463228325,0.01893580448364476,0.2944269341615887,0.7055730658384113,-0.5699575670412261,161.6818353859143,15.011667364266922,2.493274480841315,2.264976299736461,0.23763651559635157,-0.2294712347137152,0.009330237919657043,0.330757127813845,-0.02518142816292859,0.4104931073617396,0.06689948112152311,0.03639517878725507,0.035625089086754186,0.013931126337825533,0.013888479965192019,True,True,0.0,22.22222222222222,11.11111111111111,33.33333333333333,0.0,44.44444444444444,77.77777777777779,88.88888888888889,88.88888888888889,77.77777777777779,66.66666666666666,55.55555555555556,77.77777777777779,77.77777777777779,88.88888888888889,55.55555555555556,22.22222222222222,100.0,0.0,0.0,100.0,100.0,88.88888888888889,100.0,100.0,88.88888888888889,100.0,5.555555555555555,88.88888888888889,0.0,0.0,11.11111111111111,100.0,33.33333333333333,0.0,88.88888888888889,33.33333333333333,100.0,88.88888888888889,87.5,18.518518518518515,80.0,71.11111111111111,30.555555555555557,85.80246913580248,24.074074074074076,79.72222222222221,67.5,63.28111918840002,65.83333333333333,64.55722626086667,66.9786077968168,50.02985935093874,50.0,50.0,50.0,50.0,Mixed / Divergent,0.0,25.01492967546937,"[""Accounting Profit Risk""]",Accounting Profit Risk,1,88.88888888888889,-0.8760392809806951,False
SBT,2025Q4,2025,4,8104,6733.649,-6211.413,522.236,82.924,168.594,-355.996,3051.416,22289.777,35898.66,10816.931,3025.096,640.1,13198.529,5282.623,23688.173,18193.743,12210.487,3423.974,-735.691,-305.854,128.354,-1530.051,1587.464,Thanh Thanh Cong - Bien Hoa Joint Stock Company,Food & Beverage,Non-financial,food-products-87,18400225352600.0,906415042.0,HOSE,18481.152000000002,15429.736,26228.396999999997,0.25353358896773365,-0.10664014308300572,-0.12557972639874468,-23894.751999999997,-0.2748554107148464,0.07375511779274015,0.10120340314742717,2333.645,0.04554891538284428,-0.37187991248780716,-0.3156289663780179,684.22,-0.5535191247415575,-0.7364027642679585,-0.3212143578510446,736.101,-0.1490824298952214,-0.2894633698167121,-0.16034808834298722,-1433.791,-0.0503525801787979,0.0969885752551798,0.11504707166879909,-2375.692,-0.5345502254817299,-2.3667466128160304,-5.649358477568241,-820.1009999999999,-0.9177602909364514,-4.787318586917444,-0.5076910349391939,529.048,-0.008221422058755297,-0.004637384453129729,-0.03266515880953645,-2211.176,-3.182478459587123,-1.4764638569719843,0.26104665696178336,2529.6739999999995,0.5202783393491432,2.4892462837310614,-0.17681655742623428,-0.17536941845661327,-0.41107862717230437,0.07276633880629318,0.04195794879293394,0.05003633290576648,0.057103350374141694,0.0656499530862767,0.1680985152732797,-0.029332481098253774,-0.06430741459485641,-0.4490801506186121,-0.539552054140219,0.19956071189866006,0.08640687673422616,-0.1614981286724774,0.08840641849174383,0.06809718038187307,0.08697767229418983,0.13432822653900037,0.30528565138294533,0.052302116183291385,0.012138393788947517,0.13760230139808752,-0.004193404420427974,0.045668365246212844,0.15680265676940347,-0.026036927248331437,-0.08725206136250518,-1041.545,-3195.7929999999997,-3.1456131677069816,-95.92151153974493,0.08897398495226377,0.02608699265913964,0.02806503958286128,-0.09057709474200808,-0.12184477000252818,0.021074171176175778,0.06466708510017828,-3.22739950088371,-4.3415142758942045,0.08668270626257359,0.41241296599254623,0.11533667116598854,0.026788308997724695,0.2936782416720244,0.06127231180388827,1.5135474940516298,0.6598623179806711,0.3401376820193288,12.717500173086243,0.4772104163019576,0.23119364286732258,1.2251342123498172,1.0588629838291108,0.2125573986929345,0.43626142951984365,0.031267675260520114,1.5501447883745896,0.057103350374141694,-0.08725206136250518,-0.02470799812875349,-0.007518602159015172,-0.0011621190169992836,-0.10761222944896637,-0.12074549353201211,True,True,11.11111111111111,0.0,0.0,0.0,22.22222222222222,22.22222222222222,0.0,0.0,0.0,0.0,0.0,0.0,0.0,0.0,0.0,0.0,77.77777777777779,55.55555555555556,88.88888888888889,33.33333333333333,0.0,0.0,0.0,0.0,44.44444444444444,22.22222222222222,55.55555555555556,66.66666666666666,0.0,100.0,100.0,100.0,88.88888888888889,100.0,100.0,0.0,55.55555555555556,11.11111111111111,33.33333333333334,12.5,9.259259259259258,0.0,0.0,63.888888888888886,20.98765432098765,98.14814814814815,22.500000000000004,3.4074074074074066,83.69109386945483,25.833333333333332,54.76221360139408,2.3962645712505797,50.02985935093874,50.0,50.0,50.0,50.0,Mixed / Divergent,0.0,25.01492967546937,"[""Leverage-Funded Growth"", ""High Leverage Stress""]",Leverage-Funded Growth,2,0.0,-2.6673773532067373,True
SCS,2025Q4,2025,4,8104,326.995,-88.636,238.359,235.551,188.112,0.311,108.465,1693.96,2165.877,131.358,0.0,5.852,97.93,0.0,604.219,600.266,1561.659,342.224,138.139,-6.091,13.616,-280.874,78.95,Saigon Cargo Service Corporation,Travel & Leisure,Non-financial,airlines-114,5226341478400.0,102076982.0,HOSE,97.93,-10.534999999999997,1196.643,0.049517439266674575,0.11201229693562809,0.15407828470356313,-257.892,-0.46239894406863546,-0.01759985304754143,-0.09247107763605482,938.752,-0.050199835031499364,0.15174869777825023,0.17223991938253214,940.768,-0.07278352706846536,0.22302528076761308,0.19830845264176897,751.067,-0.0777331627174985,0.1050071665217698,0.08405982437199426,0.311,,,,735.168,-0.42234367747358204,-0.11571798023249857,0.10425876107949288,-8.273,-7.5214132762312635,-1.4810590631364562,0.5584200693888444,46.306,0.4379554335199071,0.17846633200623155,0.03391609172304443,-438.34400000000005,-8.638049655997607,-3.0839442053717168,-56.0314858183706,-506.41600000000005,1.2594939621227559,4.485497329036246,-0.008581836142495575,-0.3738309664011084,-0.6581507710636044,0.15862053870971496,0.22009472883582643,0.11555510001421568,0.1414221156506501,0.12193163765566023,0.1786483382384611,,,0.006535947712418344,0.003257328990228035,,,,,,,0.9391813878305045,0.9667968319103405,0.9375308641975308,0.22879670378836572,0.9497005287843158,0.23180253926169733,-0.04173534093321724,0.1108614328119966,-0.020641775198390618,-0.0860671060643287,132.048,726.895,-0.14121266120797857,0.1234471161722475,0.7844879383408417,0.7861726513254161,0.6276450035641373,0.6143586683747785,0.6074451611717112,0.36967398253975364,0.506200572339786,0.9788314491250447,0.9678164531260194,0.007340675393847389,0.10977208741454218,0.0,0.02269166938098119,0.024570053534897968,,0.06270895246657561,0.2789719822501463,0.7210284794565897,-0.010672958663686812,3024.9774919614147,1.107576840600429,2.8220155730959275,2.8220155730959275,,,0.006913507203067247,0.17865935299961128,0.1414221156506501,-0.0860671060643287,0.012154153011363689,0.02901802813782106,-0.04053903280644289,-0.02771728626615466,-0.016562199357259333,True,True,56.12244897959183,52.04081632653062,44.89795918367347,22.448979591836736,42.857142857142854,38.775510204081634,88.77551020408163,97.95918367346938,97.95918367346938,97.95918367346938,97.95918367346938,50.0,66.3265306122449,80.61224489795919,80.61224489795919,47.95918367346938,44.89795918367347,,24.489795918367346,5.063291139240507,91.13924050632912,84.81012658227849,90.81632653061224,97.84946236559139,75.0,83.54430379746836,93.67088607594937,44.89795918367347,90.81632653061224,8.860759493670885,15.18987341772152,9.183673469387756,,,2.1505376344086073,80.61224489795919,42.857142857142854,19.387755102040817,81.63265306122449,92.0,42.85714285714286,96.12244897959184,65.10204081632654,24.81701541376044,83.61607017472386,8.846211003797192,63.29795918367347,76.78190615541168,55.20188981869387,100.0,77.60094490934694,77.05989680311673,55.917736089507954,56.46258503401361,46.53061224489796,38.10341858262292,46.063922305178586,Mixed Improvement,0.0,27.958868044753977,"[""Healthy Growth""]",Healthy Growth,1,97.95918367346938,-0.12600763426078598,False
SHB,2025Q4,2025,4,8104,5793.191,-10370.638,3830.762,3685.231,2259.937,-10370.638,2038.38,,892570.602,65338.632,,,,,824574.893,,67995.709,5538.939,28051.015,-220.04,,-219.914,,Saigon - Hanoi Commercial Joint Stock Bank,Banks,Banks,banks-151,72229770538750.0,5253074221.0,HOSE,,,28587.995000000003,-0.09578480731314758,-0.390048077535568,0.21278099495317923,-37137.867,-0.0820074688352505,-0.3842600230544535,-0.2694438159717578,23858.316,-0.280448760392207,-0.5433154260371204,0.12368982106778886,22172.129,-0.22881643403215407,-0.4889069952250124,0.24478366704218066,12009.909,-0.1330352323587892,0.08260351367328028,0.2883474260586492,-37137.867,-0.0820074688352505,-0.3842600230544535,-0.2694438159717578,40633.193,1.4890002149956967,3.5830738258279298,2.4005161884238384,-347.1619999999999,-3.8735326688815057,-1.060531145821628,-0.647409980449101,,,,,-346.881,-3.8739804964539006,-1.4007554420209163,-0.9272451496766444,,,,,0.11658098496073799,0.303721308927547,,,0.04685316446561024,0.1941094180784586,0.426487275113415,0.9514667757169373,,,,,,,,,,,,,0.04792917495199523,0.19605753594854514,,,0.033978243451155514,0.17098018121855213,0.032696897419198886,0.03958577521689569,27830.975,40286.031,3.627867165077538,2.4319886035507587,0.8345571628930254,0.7755748173315407,0.4201032286454506,1.421337627909897,1.409193999089478,0.014645795838091929,0.19053812697999628,3.3833056520245073,3.3543993547328297,-0.032068369645900575,2.2855269143568826,,,0.738685780763758,,,0.923820357910466,0.07617964208953412,,0.5970221445405037,,,,,-0.5142274830139385,0.012143628820419196,,0.1941094180784586,0.03958577521689569,-0.06616743866732522,0.019939582448511795,0.024640637333160464,0.9144230399396701,0.9112192393453464,True,True,82.35294117647058,82.35294117647058,76.47058823529412,88.23529411764706,2.941176470588235,35.294117647058826,94.11764705882352,100.0,76.47058823529412,41.17647058823529,64.70588235294117,41.17647058823529,41.17647058823529,35.294117647058826,35.294117647058826,35.294117647058826,82.35294117647058,,100.0,,,,11.764705882352942,11.76470588235294,,,,52.94117647058824,11.76470588235294,,,88.23529411764706,,29.411764705882355,88.23529411764706,35.294117647058826,41.17647058823529,47.05882352941176,82.35294117647058,,61.27450980392157,75.29411764705883,37.64705882352941,91.17647058823529,22.058823529411764,68.62745098039215,51.470588235294116,42.392156862745104,44.092612030899794,92.5,68.2963060154499,42.055865643740525,49.95573920891706,50.0,50.0,50.0,50.0,Mixed / Divergent,0.0,24.97786960445853,"[""Margin Compression"", ""High Working Capital Stress""]",Margin Compression,2,35.294117647058826,-0.1898687119174777,True
SIP,2025Q4,2025,4,8104,2299.442,-1910.855,388.587,466.88,400.084,-44.234,839.597,15761.651,28745.929,8711.165,266.731,145.237,3746.935,1070.593,22891.303,5523.137,5854.627,1300.953,574.804,-145.013,104.844,-352.002,-13.871,Saigon VRG Investment Corporation,Real Estate,Real Estate,real-estate-holding-development-160,12493027858800.0,242112943.0,HOSE,4817.528,3977.9310000000005,8603.741000000002,0.02944156255218405,0.11371514618152435,0.10288012406364884,-7237.697,-0.023354167927435387,-0.07240669466023289,-0.0792848268091379,1366.044,0.06046142258318043,0.37397284491902977,0.24736473011768323,1846.0339999999999,-0.0012343381316356331,0.034676098600944505,0.1865687519082128,1501.88,0.0480838500611691,0.06274736892435362,0.17441356735901614,-161.213,0.030700120521529446,-0.7629428878880874,-1.0980621819648875,2426.4539999999997,0.23495048845518388,-0.377167518883677,2.905937008026116,-537.3679999999997,0.15952520328972916,0.23681385190253137,0.1527598434073255,421.923,0.00028622130631405287,-0.12745612064015188,0.09489715949490603,-3041.378,-4.538018596309058,-0.04647263430151323,-0.2898251340025795,808.9250000000001,0.9246169982663702,0.9515425273623499,-0.47913916708627,0.3312862910003075,0.30049907372412465,0.03777274894060827,0.3225806316272097,0.011820297934049009,0.14741011223419767,0.07832494039987768,0.7948808026803816,-0.07902796432554506,-0.17178432255360113,-0.3742751281719875,-0.39828563379348064,0.02413776326837635,0.519615218802837,0.15035641296195615,-0.05430578117450217,0.04973366227339072,0.33902646740326825,0.004878215135577703,0.3474517883007452,0.007829939413012372,0.13407164180198822,-0.0005645774345999275,0.3329574050668502,0.027730479074039308,0.20272027258192127,-0.028041384071256722,-0.0056065636923980314,429.79099999999994,1889.086,-0.41355643580027757,145.92412734944668,0.15877325921363739,0.21456178190394148,0.17456127514763634,0.282023133890246,0.21956565173219414,0.05583320523260645,0.28013752083479443,1.6156111007537217,1.2578142061949023,-0.03216365002501744,1.0124857314974962,0.031001746798282274,0.02006674222477122,0.6920006786167328,-0.27466444661725,0.8228582282013867,0.7963319953931564,0.20366803939437825,1.753971084989707,11.450900361633368,0.2240756778540327,2.8537497802426413,2.805456391901921,0.23614634333961942,-1.2846309338731003,0.0624574821580519,1.2736162759555647,0.14741011223419767,-0.0056065636923980314,0.018391005658171172,0.015133030502066075,0.010632514324081549,0.20239109982145342,0.221236557727292,True,True,44.44444444444444,50.0,22.22222222222222,22.22222222222222,44.44444444444444,27.77777777777778,11.11111111111111,33.33333333333333,33.33333333333333,72.22222222222221,100.0,77.77777777777779,77.77777777777779,77.77777777777779,77.77777777777779,83.33333333333334,94.44444444444444,33.33333333333333,55.55555555555556,5.555555555555555,27.777777777777786,77.77777777777777,5.555555555555557,75.0,5.88235294117647,77.77777777777779,100.0,77.77777777777779,5.555555555555555,72.22222222222221,22.22222222222222,94.44444444444444,61.111111111111114,23.52941176470588,25.0,77.77777777777779,61.111111111111114,61.111111111111114,27.777777777777786,46.666666666666664,35.18518518518518,50.0,78.88888888888889,47.222222222222214,50.34495279593318,49.75490196078431,54.8888888888889,53.06813725490197,40.876121424644616,100.0,70.43806071232231,52.83617337126243,49.84532322977395,50.0,50.0,50.0,49.8469212246302,Mixed / Divergent,0.0,24.922661614886977,"[""Healthy Growth""]",Healthy Growth,1,72.22222222222221,-0.9485659209246999,False
SJS,2025Q4,2025,4,8104,381.256,-112.799,268.457,227.147,183.297,0.0,153.005,5028.418,7883.53,550.339,4249.849,93.99,335.88,728.462,4443.605,2271.854,3439.926,214.33,111.707,5.75,0.0,23.843,-133.222,SJ Group Joint Stock Company,Real Estate,Real Estate,real-estate-holding-development-160,15200963710800.0,297474828.0,HOSE,1064.342,911.3370000000001,751.9749999999999,13.268562874251495,0.35527812535547704,0.16402095926565183,-230.93800000000002,-4.7093182163283895,-0.8021312627811862,-0.10339324790490122,521.0360000000001,37.554789602182964,0.2274003291880029,0.19307742331400737,447.93499999999995,56.73945094051855,0.278023777238892,0.20348901253905846,357.84299999999996,58.1853406522441,0.46586001727391957,0.3283455213630795,0.0,,,-1.0,75.92699999999996,0.6094486146930425,1.1773017225917761,-0.6175116368106072,-2.3880000000000017,1.7415527469693062,5.457364341085271,-8.907284768211925,0.0,,,,5.181999999999999,98.76150627615063,2.6293993029453975,1.360512035619869,-101.01100000000002,-1.2113003352919696,-1.1702400089961842,-0.2714422374946521,0.01544352858413304,-0.11510745598815551,-0.03221784605151532,-0.002079225703254537,-0.020141493838853157,0.005005824001566473,-0.07658452772063572,-0.11699365910637029,-0.023390737784424475,0.011424023768595195,0.028336980306345613,-0.17105437227146456,1.2636473918317832,0.7016921673928463,-0.09747639501994083,0.7852404257352705,0.11388889179597694,0.7580022034035483,0.13231930281881774,1.1070450084273757,-0.07206773755893282,-0.08386550758341876,0.03172672743588515,0.006514409764525939,0.05620838211493701,0.14898669885680035,-0.006480382704145944,-0.02798185941043078,105.957,73.53899999999996,1.1678316693831583,-0.6289769229993039,0.6928900561853787,0.5956780478074404,0.4758708733668008,0.10097011203829911,0.0977944745503507,0.04550454091047612,0.11123839022761649,0.2121796430278082,0.20550632539968636,0.03576012268615709,0.7318581069849398,5.651582831876061,0.4069923529258935,-0.28101461837202213,-0.15259693549705663,0.30940840006442005,0.5636567628968241,0.4363433639499057,2.034529563441125,,0.45553471477908775,2.213354379286697,0.34270203983178477,0.5939812441378964,-1.2034890125390585,0.003175637487948405,,0.005005824001566473,-0.02798185941043078,0.016874793381883246,0.01953507899092677,0.05886817219113144,-0.20631067865541539,-0.2090188347381333,True,True,50.0,44.44444444444444,27.77777777777778,44.44444444444444,61.111111111111114,44.44444444444444,100.0,88.88888888888889,83.33333333333334,61.111111111111114,66.66666666666666,50.0,66.66666666666666,55.55555555555556,66.66666666666666,44.44444444444444,38.88888888888889,55.55555555555556,33.33333333333333,91.66666666666666,77.77777777777777,61.11111111111111,38.888888888888886,,35.294117647058826,38.88888888888889,0.0,66.66666666666666,38.88888888888889,22.22222222222222,38.88888888888889,61.111111111111114,94.44444444444444,29.411764705882355,,66.66666666666666,16.666666666666664,33.33333333333333,83.33333333333334,,45.370370370370374,80.0,56.666666666666664,54.861111111111114,44.689542483660134,49.21568627450981,50.0,54.767837690631815,75.0900316885592,92.5,83.79501584427959,55.20372156359014,49.84532322977395,50.0,50.0,50.0,49.8469212246302,Mixed / Divergent,0.0,24.922661614886977,"[""Accounting Profit Risk"", ""Leverage-Funded Growth""]",Accounting Profit Risk,2,83.33333333333334,0.40253338178764714,False
SSB,2025Q4,2025,4,8104,3005.142,-4268.37,2451.866,1390.19,104.289,-4268.37,1040.608,,396443.131,1642.097,,,,,356070.537,,40372.594,1489.344,12673.712,-102.404,,-49.126,,Southeast Asia Commercial Joint Stock Bank,Banks,Banks,banks-151,48688955598000.0,3428799690.0,HOSE,,,14113.689999999999,0.15750489942316212,-0.06642426946102763,0.13737538378397798,-14866.059000000001,-0.08577350458984437,-0.5013718000126627,-0.38286412479029464,9703.834,0.0491075038819526,0.010704489636414988,-0.026346096538271968,9454.237,-0.1452774425277639,-0.33137390136660033,0.14198418825186948,5509.539000000001,-0.866208674902821,-0.9145826763914541,0.14400109135623454,-14866.059000000001,-0.08577350458984437,-0.5013718000126627,-0.38286412479029464,30423.24,2.1700285672926656,-0.5070513599666745,-0.07669787178459461,-315.008,-3.7221248731900762,-0.8703243717124487,-0.32989960568422655,,,,,4073.71,-3.323330106485963,0.0005696382796925132,19.103688100221756,,,,,0.011503012323406366,0.07977914815771751,,,0.04105665617769134,0.21720765496843267,-0.0898591803784787,-0.25454543803763646,,,,,,,,,,,,,0.045604278841059644,0.22488973214020186,,,0.002598069557756475,0.15340860052701397,0.038643394526379236,0.08947426172066457,12571.307999999999,30108.232,-0.509990877891557,-0.07964187988453131,0.6875476222022733,0.6698628778157945,0.39036842951772366,2.1555836921457114,2.1332643695589177,0.015258880276228895,0.1461892187202759,5.521921162550986,5.464746143007608,-0.06284306386430996,0.11634781548978333,,,-0.3919208218216145,,,0.8981629624956221,0.10183703750437789,,0.6359612187735834,,,,,-0.5248483130421642,0.02231932258679339,,0.21720765496843267,0.08947426172066457,-0.11561224589022956,0.0027034236164670267,0.002260895622362702,-0.4997852864479695,-0.5030163650917987,True,True,64.70588235294117,11.76470588235294,47.05882352941176,35.294117647058826,17.647058823529413,5.88235294117647,0.0,52.94117647058824,47.05882352941176,47.05882352941176,23.52941176470588,76.47058823529412,76.47058823529412,88.23529411764706,88.23529411764706,76.47058823529412,11.76470588235294,,5.88235294117647,,,,76.47058823529412,35.294117647058826,,,,41.17647058823529,76.47058823529412,,,23.52941176470588,,23.52941176470588,64.70588235294117,88.23529411764706,58.82352941176471,82.35294117647058,41.17647058823529,,30.392156862745097,34.11764705882353,81.17647058823529,8.823529411764705,57.35294117647059,37.25490196078431,67.6470588235294,59.11274509803921,81.58811185164397,79.16666666666667,80.37738925915532,59.38050804121991,49.95573920891706,50.0,50.0,50.0,50.0,Mixed / Divergent,0.0,24.97786960445853,"[""Healthy Growth"", ""Accounting Profit Risk"", ""Margin Compression""]",Healthy Growth,3,70.58823529411765,0.21476558731413112,False
STB,2025Q4,2025,4,8104,7694.34,-8669.125,5358.002,5872.007,-2752.462,-8669.125,5401.563,,917119.803,10154.534,,,,,857253.059,,59866.744,7044.615,57606.768,-362.44,,-354.435,,SaiGon Thuong Tin Commercial Joint Stock Bank,Banks,Banks,banks-151,126309452972000.0,1885215716.0,HOSE,,,32056.679,-0.12529717721294073,0.0383664440273829,0.11784869734817849,-30800.235,-0.07390606919750063,-0.333436235164986,-0.20989147081337828,26680.618000000002,-0.31956401315356686,-0.12152150189271217,0.08759768687842145,19011.8,0.24911416596308347,0.37869505447740787,0.29378364173983745,5939.110999999999,-1.9487051073611226,-1.7649811927367889,-0.4112402534028519,-30800.235,-0.07390606919750063,-0.333436235164986,-0.20989147081337828,92478.00099999999,3.849900420342672,1.7319137966209626,1.4104626819964072,-926.085,-1.0559422312225948,0.05777999615250633,0.0883733979091608,,,,,-764.337,-2.0929899732095327,0.074108421019634,0.24165393392201606,,,,,-0.40960943302290326,-0.3424478185505827,,,0.08030908399642277,0.22594103633526555,0.23730428554613617,0.5093042360407475,,,,,,,,,,,,,0.09032363415626654,0.23679881793358548,,,-0.04526046430390842,0.08903928849686757,-0.009260858363111066,-0.04221721226333518,57244.327999999994,91551.91599999998,1.765168391046787,1.4512292824924118,0.8322951357500258,0.5930682963135389,0.1852690667052566,2.884827870036069,2.855938882502457,0.007133148958951229,0.10343386165586836,15.571017446887254,15.415087544246942,-0.09435941707606982,0.3167681218631537,,,0.391455538692569,,,0.9347230930962681,0.06527690690373197,,0.6172615241409684,,,,,-0.5036751125532157,0.02888898753361195,,0.22594103633526555,-0.04221721226333518,-0.023149891884899243,0.08064828953322012,-0.16649204820175745,1.5469929802120634,1.553528054468761,True,True,47.05882352941176,70.58823529411765,88.23529411764706,2.941176470588235,35.294117647058826,5.88235294117647,94.11764705882352,5.88235294117647,5.88235294117647,5.88235294117647,5.88235294117647,94.11764705882352,91.17647058823529,88.23529411764706,88.23529411764706,94.11764705882354,47.05882352941176,,52.94117647058824,,,,11.764705882352942,17.647058823529413,,,,17.647058823529413,11.76470588235294,,,88.23529411764706,,35.294117647058826,82.35294117647058,88.23529411764706,70.58823529411765,0.0,23.529411764705884,,41.666666666666664,23.529411764705877,91.17647058823529,50.0,14.705882352941178,68.62745098039215,45.588235294117645,42.32843137254902,52.66726373071736,71.66666666666667,62.16696519869201,41.685673112706546,49.95573920891706,50.0,50.0,50.0,50.0,Mixed / Divergent,0.0,24.97786960445853,"[""Margin Compression""]",Margin Compression,1,29.411764705882355,0.5567210702920419,False
SZC,2025Q4,2025,4,8104,379.42,-181.651,197.769,171.034,102.703,-6.597,417.192,2531.412,8171.471,124.374,1892.683,195.125,515.614,1960.856,4968.583,1464.251,3202.889,716.037,96.283,-156.054,0.0,-152.612,92.589,Sonadezi Chau Duc Shareholding Company,Real Estate,Real Estate,real-estate-holding-development-160,4229667780500.0,179985863.0,HOSE,2476.4700000000003,2059.2780000000002,1097.9450000000002,3.3878294457101226,0.652072819740228,0.26117655977908794,-537.4490000000001,-2.7486276775764584,-0.3705992424585391,-0.2218859980175152,560.498,4.20266750848394,1.0361478034366667,0.3013047919762259,481.05,3.6706354624648405,0.8546101213389573,0.28353931864754106,344.801,3.932664137169204,0.43225905420670246,0.1547176509199537,-26.801000000000002,-0.0221568019832663,0.007522190461862467,0.167205270026723,235.82100000000003,0.22020859999746545,1.237734445813094,-0.6412866895443925,-825.1410000000001,0.11592651132752083,-0.3640845439765039,-0.2720563864047347,0.0,,,,-488.62699999999995,-1.3586177052423345,0.4984735207611036,0.4683711360844641,-35.304,4.5234146632464345,2.609571657047493,-1.0474167513938004,0.09515021853548417,-0.40848413354449853,-0.025838216177150937,-0.17458298932969185,-0.0034731914861441935,-0.006604707140946744,-0.14384839369178978,-0.16955003438674743,0.026215439402754226,0.08580438708611475,0.029580147636912364,0.08374479996889703,0.5577132809880154,-0.23676626231376702,0.047489313328610956,0.18350360901556767,0.12415312998617777,0.06177445605105169,0.13021701188790463,0.2656163284872736,-0.017683963456911936,-0.029620825080967778,-0.060877902986845624,-0.23399646150288828,0.019404040137202712,0.03134323023514996,-0.04517451334419674,-0.05241740179925511,-59.771,-589.32,0.16257793345008756,-68.4202036380278,0.5104973382091088,0.4381367008365628,0.31404214236596545,0.21478398280423883,-0.5367481977694692,0.04205590064346683,0.10931418861081343,0.683933631282972,-1.7091597762187467,0.01333664403875385,0.11327889830547065,1.7238413581736787,0.3630577040798289,-0.43072659416583536,-0.17537217269297317,0.7731988214390196,0.6080402169939781,0.3919599053830088,4.2807982538197695,17.948957128465356,0.8091168975241169,1.728810156182239,0.4362155122311679,-0.19940210372803624,-0.11633404862081806,0.7515321805737081,,-0.006604707140946744,-0.05241740179925511,0.015742165747784476,0.007633537399190593,-0.028953037814421656,-0.5403609104383649,-0.5467887228495315,True,True,55.55555555555556,55.55555555555556,50.0,16.666666666666664,72.22222222222221,38.88888888888889,61.111111111111114,72.22222222222221,55.55555555555556,55.55555555555556,61.111111111111114,61.111111111111114,22.22222222222222,61.111111111111114,27.77777777777778,55.55555555555556,27.77777777777778,50.0,0.0,50.0,33.33333333333334,33.33333333333334,33.33333333333334,93.75,58.82352941176471,33.33333333333333,11.11111111111111,16.666666666666664,33.33333333333333,66.66666666666666,66.66666666666666,66.66666666666666,27.77777777777778,76.47058823529412,6.25,27.77777777777778,5.555555555555555,22.22222222222222,2.7777777777777857,,48.14814814814815,61.11111111111111,45.55555555555556,31.944444444444443,38.55755265068991,51.74972766884531,14.583333333333336,48.05821078431374,61.2425033622398,85.0,73.1212516811199,47.96040644911408,49.84532322977395,50.0,50.0,50.0,49.8469212246302,Mixed / Divergent,0.0,24.922661614886977,"[""Accounting Profit Risk""]",Accounting Profit Risk,1,44.44444444444444,-0.9566341279568477,False
TCB,2025Q4,2025,4,8104,14794.773,-8376.265,10787.979,9970.798,6979.826,-8376.265,4360.821,,1192344.137,56111.402,,,,,1012842.695,,179501.442,12122.934,39077.091,-148.429,,-302.339,,Vietnam Technological And Commercial Joint Stock Bank,Banks,Banks,banks-151,229239877392900.0,7086240414.0,HOSE,,,53391.125,0.038803905850272435,0.5484452042414338,0.13621353316082865,-29862.359,-0.09137970212635105,-0.2960046998798107,-0.21483067407728065,38155.091,0.08698912394128427,0.25415118689458294,0.07455026355637458,36958.691,0.022722311983910164,1.0712619103607988,0.16881458712028224,25954.471999999998,0.055386650840512495,1.040818558228081,0.19275496109761234,-29862.359,-0.09137970212635105,-0.2960046998798107,-0.21483067407728065,39923.618,0.9903764653569511,0.5609814974370314,-0.057884294747414106,-657.0300000000002,0.2634271734329795,0.858937026357656,0.594146839246247,,,,,-816.44,-0.32692704378777176,0.6429671354849377,-1.1339313484875808,,,,,0.07789328344319103,0.2883655314836754,,,0.05557305306226413,0.2181711325769447,0.9491235537341806,0.8994451869732122,,,,,,,,,,,,,0.06599326300238961,0.2190308858304764,,,0.00039485462771678256,0.21334258386399405,0.006593167168858798,-0.02758916922711655,38928.662000000004,39266.588,0.623282312924461,-0.03658405979988712,0.714633583765092,0.6922253651707095,0.4861195938463555,0.7477575720683916,0.7354515942490443,0.023908582487332658,0.15852912131548996,1.5382173060580853,1.5129025934336098,-0.011715699827356138,1.0509499846650543,,,0.7632316538123836,,,0.849455005119885,0.15054499488011489,,1.2376346758137895,,,,,-0.3836452611975629,0.01230597781934732,,0.2181711325769447,-0.02758916922711655,-0.04100938303086854,0.019307832679975268,0.023044042473593096,-0.15405551540137408,-0.13191007115676223,True,True,58.82352941176471,52.94117647058824,58.82352941176471,58.82352941176471,94.11764705882352,100.0,17.647058823529413,64.70588235294117,88.23529411764706,100.0,35.294117647058826,0.0,0.0,11.76470588235294,11.76470588235294,5.882352941176478,88.23529411764706,,94.11764705882352,,,,100.0,88.23529411764706,,,,76.47058823529412,100.0,,,0.0,,58.82352941176471,11.764705882352942,11.76470588235294,64.70588235294117,5.88235294117647,76.47058823529412,,70.58823529411765,61.17647058823529,5.882352941176472,91.17647058823529,91.1764705882353,23.529411764705884,39.705882352941174,51.5,57.45348722507484,92.5,74.97674361253742,51.4977306608498,49.95573920891706,50.0,50.0,50.0,50.0,Mixed / Divergent,0.0,24.97786960445853,"[""Accounting Profit Risk"", ""Working Capital Absorption"", ""Margin Compression"", ""High Working Capital Stress""]",Accounting Profit Risk,4,58.82352941176471,-0.85699243925206,True
TCH,2025Q4,2025,4,8104,317.028,-293.297,23.732,56.473,51.396,0.02,2293.003,18893.698,21120.691,1263.49,10402.577,592.75,0.0,390.0,6850.16,6368.626,14270.531,349.835,959.043,0.265,15.832,-1025.162,-200.823,Hoang Huy Investment Financial Services Joint Stock Company,Real Estate,Real Estate,real-estate-holding-development-160,14137692972000.0,912109224.0,HOSE,390.0,-1903.0030000000002,1912.146,-0.08353809774344793,-0.796902687182168,-0.6476860341025672,-1330.7179999999998,-0.14345363175972045,0.7088317312131011,0.5924226618143149,581.4290000000002,-0.7346155996645234,-0.9571357614398859,-0.7311245084850634,527.8799999999999,-0.18879280625143646,-0.8826708163574828,-0.707840132298808,418.513,-0.08781769132471959,-0.8646422880920714,-0.6973501423531038,0.5,,-0.9481865284974093,-0.42660550458715596,2339.8750000000005,-0.5316800116415515,1.0012833514880617,0.15885192250927618,-15.525000000000114,-0.9146262886597938,1.037323943661972,-1.1138254895779118,61.796,0.13377255800630194,0.0363969625556429,-0.5111772057776581,-2548.7709999999997,0.6554740885200934,-0.7341355896651701,-11.932147061211229,2177.7709999999997,-1.102454023410716,-3.2377816407033495,2.100537440147562,-0.10430060148108564,6.078524285511425,0.12218073124185293,0.4243830778715907,0.10186508562547153,0.3760625207103012,0.11407671539192707,0.8847370148274113,0.11080053181350813,0.1990038976414981,-0.053642617773797106,-0.20779177386481343,,,-0.33990382906555766,3.3455975753794043,-0.33990382906555766,3.3455975753794043,0.03361177255025038,-7.125824110131858,0.38415229118327693,2.3066027694685567,0.49092493340893356,2.387208481655399,0.0036145658649419,0.07483252405046005,-0.024812118103563652,-0.022547882818066228,958.778,2324.3500000000004,1.0308188276560324,0.2345577374240399,0.30407144642720807,0.2760667856952345,0.21887083936059276,1.223690555009921,1.2155714051123714,0.022951502842127658,0.030384812973309527,5.59092549096444,5.553829869084115,-0.09097060318717795,0.6607706733690838,5.440262929713525,0.4454362231517121,1.5324230489299784,0.8466899317440653,0.027329046130098452,0.32433408547097253,0.6756659145290276,-3.227201039214756,1055.7599999999998,,2.9666835515227303,1.333273613492141,3.9932836094819715,0.2812346277116521,0.008119149897549725,0.2512298530649251,0.3760625207103012,-0.022547882818066228,-0.09436061818135533,-0.05684062176676563,-0.03591617436533673,0.8516643590027042,0.868675695349745,True,True,5.555555555555555,5.555555555555555,2.7777777777777777,0.0,5.555555555555555,0.0,33.33333333333333,44.44444444444444,44.44444444444444,22.22222222222222,5.555555555555555,94.44444444444444,100.0,100.0,100.0,100.0,100.0,94.44444444444444,27.77777777777778,91.66666666666666,100.0,97.22222222222223,94.44444444444444,100.0,,83.33333333333334,61.111111111111114,27.77777777777778,94.44444444444444,0.0,2.7777777777777777,5.555555555555555,100.0,94.11764705882352,0.0,100.0,88.88888888888889,38.88888888888889,72.22222222222223,73.33333333333333,3.2407407407407405,29.999999999999993,98.88888888888889,78.47222222222223,82.29166666666667,33.74183006535947,74.66666666666666,49.56627178649238,58.830254437892926,52.5,55.665127218946466,48.595661228184056,49.84532322977395,50.0,50.0,50.0,49.8469212246302,Mixed / Divergent,0.0,24.922661614886977,"[""Leverage-Funded Growth"", ""High Working Capital Stress""]",Leverage-Funded Growth,2,55.55555555555556,-1.5046564954105894,True
TLG,2025Q4,2025,4,8104,949.127,-479.158,469.969,53.147,73.883,-5.818,487.028,2760.624,3561.591,801.286,825.896,270.211,439.256,6.196,1034.088,1007.972,2527.503,523.039,-19.485,-55.057,23.462,374.419,-257.336,Thien Long Group Corporation,Personal & Household Goods,Non-financial,nondurable-household-products-80,4729888660000.0,96528340.0,HOSE,445.452,-41.57600000000002,4173.93,-0.19870205413820508,0.12088198892730939,0.11050568232459829,-2105.353,0.19657340042555832,0.012692708698214301,-0.010641397667513985,2068.578,-0.20086210561218856,0.3002323972886983,0.2346770920377224,522.957,-0.4499834416525231,-0.03997471098265898,-0.09839041698130767,449.871,-0.024376394776109596,0.8962835583388941,-0.022440340896744442,-21.880000000000003,0.08189995265898693,-0.558114622388859,-0.6187023747873049,213.23000000000002,-1.1162929496093728,-9.143154606975534,-0.3988864613432942,-125.11299999999997,-0.554053291182116,-1.868597926327307,-0.5037258719742314,92.97200000000001,0.0342061183108525,0.019023627519110443,-0.023546957380217094,-191.79899999999998,2.3080596702068195,0.1498154369629706,-6.318737694462156,-251.78200000000004,-3.4912002168483416,-7.166026719131787,-5.845875514838909,0.2504313354968575,-0.3043192576784739,-0.06563259636532014,0.03366825101677222,-0.06095007329754593,0.060135833223447864,0.041046235317197845,0.23455013550553022,-0.01947058991138518,0.05223621983039792,-0.01799660564828846,0.03863790989356517,-0.27853386286664106,-0.09730108527896465,0.0,0.0,-0.2757278459402244,-0.09607771119665429,-1.1843349028579537,0.7994162344711131,-0.1676944845537565,0.02148996427065007,-0.17136050272192613,0.02262934642227035,-0.008947109010983228,0.07680336124143035,-0.003526453161614813,-0.009941490580002434,-74.542,88.11700000000005,-2.5304537273846734,-0.6754713228713589,0.4955947991461284,0.12529127225420647,0.1077811558890542,0.051086146629195986,0.02111127881876314,0.1299988787993675,0.18457264616242414,0.47398031880250124,0.19587170544444973,0.0664424971873525,0.19197399093899511,0.1978701128193333,0.1283447478878839,0.12404445318093194,-0.05826946249420037,0.1762419273092851,0.2903443994551873,0.7096556005448128,-0.06750128667427581,23.901142595978058,1.1087566248383631,2.7387903632243753,1.919426333271162,-0.20658339352125257,-0.5203119578059973,0.029974867810432845,1.345706234135008,0.060135833223447864,-0.009941490580002434,0.04984194268551895,-0.02902903711753846,-0.014658006721343056,-0.04329112566875659,-0.05112947135716746,True,True,37.755102040816325,63.26530612244898,9.183673469387756,13.26530612244898,46.93877551020408,75.51020408163265,65.3061224489796,31.63265306122449,31.63265306122449,86.73469387755102,70.40816326530613,31.63265306122449,46.93877551020408,35.714285714285715,47.95918367346938,20.40816326530613,56.12244897959183,47.14285714285714,43.87755102040816,54.43037974683544,83.54430379746836,86.07594936708861,89.79591836734694,84.94623655913979,76.31578947368422,81.0126582278481,77.21518987341773,26.53061224489796,89.79591836734694,16.455696202531644,13.924050632911392,10.204081632653061,22.07792207792208,50.0,15.053763440860209,47.95918367346938,20.408163265306122,44.89795918367347,38.775510204081634,45.333333333333336,40.986394557823125,57.142857142857146,36.530612244897966,50.39330922242314,77.2480640309154,21.285918997813067,39.47482993197279,53.76410088180596,81.32939105524896,65.83333333333333,73.58136219429115,53.772829426447736,53.18641739708869,45.23809523809524,32.55102040816327,47.12412813226556,25.487401577155353,Mixed / Divergent,0.0,26.593208698544345,"[""Working Capital Absorption"", ""Margin Compression""]",Working Capital Absorption,2,62.244897959183675,-0.5270846475770281,False
TPB,2025Q4,2025,4,8104,5354.51,-5235.177,3595.115,4132.631,2542.763,-5235.177,1704.704,,505871.568,12096.341,,,,,459852.809,,46018.759,1212.704,31756.145,-243.091,,-1410.313,,Tien Phong Commercial Joint Stock Bank,Banks,Banks,banks-151,43552535906100.0,2774046873.0,HOSE,,,18977.77,0.18330091388803077,0.04546826620702211,0.05208388366798211,-17379.406,-0.16487120876167127,-0.38128294288014264,-0.33257399067104976,13367.677,0.1104194162438507,0.1715566867025237,0.035719631793084176,12404.36,0.4700933964395164,0.2417944254587884,0.05484543867421926,7379.698,0.6721663247053871,0.4928862594106689,0.21543854586755398,-17379.406,-0.16487120876167127,-0.38128294288014264,-0.33257399067104976,29797.62,0.7878673743562459,0.07534800670751858,-0.261398052656759,-405.174,-7.71762596377981,-0.6790835497596286,-0.07260111873227977,,,,,-1571.779,-50.601222055541335,-8.750639527648337,-2.9302532019063903,,,,,0.09270924207936693,0.3186801626009972,,,0.11944940441070377,0.2101368684310249,2.7147866821772655,0.7198017734102768,,,,,,,,,,,,,0.11641869200981095,0.20875868950508567,,,0.15066343712087343,0.22408322883879545,-0.03245767864009971,-0.007504865477127816,31513.054,29392.446,0.07237360965653888,-0.2645549699285814,0.7043860790809457,0.6536257948115084,0.38886012424009775,1.5701328449022198,1.5487829181194628,0.015975101910357375,0.17651986836341255,4.037783117954149,3.9828792451940442,-0.044315441740738426,0.6373952787919761,,,0.6677178897422947,,,0.9090307463178084,0.09096925368219151,,0.7137390081110944,,,,,-0.387419429345269,0.021349926782756875,,0.2101368684310249,-0.007504865477127816,-0.011129219589375516,0.0017111735233324987,0.052262711639430526,-0.6664053436055788,-0.6668137353728043,True,True,23.52941176470588,23.52941176470588,35.294117647058826,70.58823529411765,41.17647058823529,82.35294117647058,11.76470588235294,35.294117647058826,41.17647058823529,64.70588235294117,58.82352941176471,47.05882352941176,47.05882352941176,47.05882352941176,47.05882352941176,52.94117647058824,64.70588235294117,,82.35294117647058,,,,52.94117647058824,52.94117647058824,,,,94.11764705882352,52.94117647058824,,,47.05882352941176,,52.94117647058824,47.05882352941176,47.05882352941176,52.94117647058824,11.76470588235294,47.05882352941176,,46.078431372549026,42.35294117647059,48.23529411764706,73.52941176470588,63.23529411764706,49.01960784313726,39.705882352941174,44.71078431372549,47.255338078969054,92.5,69.87766903948453,44.45356124592264,49.95573920891706,50.0,50.0,50.0,50.0,Mixed / Divergent,0.0,24.97786960445853,"[""Accounting Profit Risk"", ""Working Capital Absorption"", ""Margin Compression"", ""High Working Capital Stress""]",Accounting Profit Risk,4,41.17647058823529,-0.39940974468440693,True
VCB,2025Q4,2025,4,8104,19172.495,-12443.961,16169.79,11734.81,8633.783,-12443.961,15542.768,,2441928.945,18039.522,,,,,2214393.069,,227535.876,8232.904,9057.928,-607.91,,-660.767,,Joint Stock Commercial Bank For Foreign Trade Of Vietnam,Banks,Banks,banks-151,519722990846800.0,8355675094.0,HOSE,,,72357.58600000001,0.06206287701926323,0.0825474169725862,0.0551060495698245,-46445.074,-0.03217520158957462,-0.2777544350354709,-0.21427868144160025,58674.375,0.1031947351615994,0.1681405994307896,0.058994614907644474,47205.296,-0.023294979180489988,0.09975888321543024,0.036314420543611954,35198.433,-0.043406758566483454,0.007451877327690555,0.03973979707688361,-46445.074,-0.03217520158957462,-0.2777544350354709,-0.21427868144160025,115341.21699999999,-0.8889232659684008,-0.9226563831115104,0.9508743923307731,-1453.4879999999998,-0.3086729641525518,-0.14446059309908565,0.017993799155609752,,,,,-1379.136,-0.8139633840012959,-0.31683815513877517,-0.054858717176592395,,,,,0.20397442203639948,0.08933966093788195,,,0.0268033395919588,0.17069847200447838,-0.14648632132386322,0.284839334560943,,,,,,,,,,,,,0.02737271409684947,0.17184465289437326,,,0.021294932893436223,0.15965975657161943,0.01128691906674567,0.017302499469595303,8450.018,113887.72899999999,-0.927518443514643,0.9757525105950083,0.81089458954587,0.6523890390704853,0.4864511787333534,1.5940445691485614,1.573957000168579,0.015547689306915162,0.16613024033385507,3.276884996556523,3.235590885537433,-0.03281945781596032,0.2493107218916894,,,0.2297332849911185,,,0.9068212543751966,0.09317874562480359,,1.016368194396676,,,,,-0.25059310198521223,0.020087568979982273,,0.17069847200447838,0.017302499469595303,0.00297755677804723,-0.011829858351820377,-0.007189232978212834,0.7319254728067577,0.7334207772686192,True,True,29.411764705882355,35.294117647058826,29.411764705882355,29.411764705882355,47.05882352941176,29.411764705882355,76.47058823529412,29.411764705882355,94.11764705882352,58.82352941176471,47.05882352941176,35.294117647058826,35.294117647058826,52.94117647058824,52.94117647058824,41.17647058823529,41.17647058823529,,47.05882352941176,,,,64.70588235294117,82.35294117647058,,,,47.05882352941176,64.70588235294117,,,35.294117647058826,,88.23529411764706,17.64705882352942,52.94117647058824,23.52941176470588,29.411764705882355,58.82352941176471,,33.333333333333336,61.17647058823529,43.52941176470588,44.11764705882352,64.70588235294117,47.05882352941177,41.17647058823529,49.42156862745098,49.64665495037394,92.5,71.07332747518697,49.224128481433254,49.95573920891706,50.0,50.0,50.0,50.0,Mixed / Divergent,0.0,24.97786960445853,"[""Healthy Growth"", ""Margin Compression""]",Healthy Growth,2,47.05882352941176,-0.13457945464569,False
VCG,2025Q4,2025,4,8104,4651.729,-4113.073,538.656,474.832,347.092,-95.114,2346.805,24110.346,31529.887,12330.737,6099.838,3453.968,5247.207,2172.645,18953.672,15910.621,12576.215,4436.579,983.722,-66.133,81.399,-1042.534,-133.571,Viet Nam Construction And Import - Export Joint Stock Corporation,Construction & Materials,Non-financial,heavy-construction-9,13058660387200.0,646468336.0,HOSE,7419.852000000001,5073.0470000000005,16064.471000000001,0.050210054247457614,-0.016793477824357535,0.24818979325520213,-14033.949,-0.07720429459822943,0.023890178321396068,-0.28880706394467864,2030.521,-0.11847042862496678,0.04099783164103405,0.024938481612627208,4537.464,-0.864822477584619,0.11502172126335557,2.3568995097223238,4129.937,-0.8949608492418909,0.012473163446280251,2.7260583565576475,-347.259,-0.11902773039048442,0.06683280026686024,0.2004701505080251,3242.385,-0.6399746886310012,-0.3735364056555591,0.9690067048802126,-364.67900000000003,0.3272808650452156,0.8327025919423631,0.35337392636513876,393.44399999999996,-0.4275537114525827,-0.13198472956833301,0.09711474916136156,-3171.391,0.4085192016489436,-0.5996409556104523,-1617.4072375125636,-195.5840000000006,0.5015133250980582,-1.3154202186695634,0.8941207868833287,-0.07576810760890768,-0.050396301295808944,0.04886117758056823,0.36305042123080844,0.08646822579033953,0.070964800423143,0.014505241461675623,1.1049810639846973,0.17223782685164685,-0.1396327149667121,0.5885286381621095,0.5351344143967962,0.10685554681084408,0.17873733390332228,-0.09236572817906666,-0.49560491680996566,0.04001240190469047,-0.15288590812441982,0.10398997387052106,-0.19316947069353999,0.1313459644679353,0.03433354838209714,0.14645750890631565,0.23223291716310315,0.025179647923329402,0.13135015192362232,0.3661167809670204,0.27525097118843556,917.5889999999999,2877.706,-0.21905724031810023,1.6578021111274277,0.12639824865692745,0.28245337179170105,0.2570851539400208,0.201835777847898,0.1791348124690816,0.13547323071270914,0.3486307613431133,0.785093089797738,0.6967917428280384,0.028149545857871286,0.7675781543008792,0.37970985785962075,0.2461151882481545,0.8567912707294951,-0.3878225082219142,0.5899908676815719,0.6011335213475392,0.3988664786524608,1.0288261310087312,13.066512315015594,0.4472484123458441,1.5153617196965474,1.1319802036639552,-0.40107570137962195,-2.1564293592142985,0.022700965378816395,0.9268892142210837,0.070964800423143,0.27525097118843556,-0.027531969292034553,0.1774292521480121,0.17096437040998652,0.07388834262634186,0.09500731343351772,True,True,75.0,12.5,87.5,87.5,0.0,0.0,37.5,100.0,100.0,87.5,93.75,25.0,37.5,62.5,75.0,12.5,100.0,25.0,87.5,87.5,50.0,50.0,62.5,87.5,25.0,87.5,75.0,62.5,62.5,50.0,50.0,37.5,12.5,12.5,12.5,75.0,62.5,100.0,62.5,62.5,43.75,83.75,42.5,75.0,62.5,29.166666666666668,72.5,57.1875,55.38493398067137,85.0,70.19246699033569,56.94628872933244,49.966615192625994,50.0,50.0,50.0,50.0,Mixed / Divergent,0.0,24.983307596312997,"[""Accounting Profit Risk"", ""Margin Compression"", ""High Working Capital Stress""]",Accounting Profit Risk,3,75.0,0.9111556239867707,True
VCI,2025Q4,2025,4,8104,1526.309,-619.386,906.923,543.524,442.924,-293.593,3213.694,35868.915,36005.865,453.432,0.0,106.456,16064.55,0.0,17995.968,17325.115,18009.897,75.27,-3551.668,-23.829,3.814,-21.514,4149.824,Vietcap Securities Joint Stock Company,Financial Services,Securities,investment-services-154,28346508547500.0,1147631925.0,HOSE,16064.55,12850.856,4980.201999999999,0.05752139730850854,0.5278429543261435,0.34763008026462255,-2390.98,0.09646616047788892,-0.1913697792242264,-0.3922075320746105,2589.2219999999998,0.19682517478826142,0.8929643374479757,0.3089287167683707,1613.8029999999999,0.04736743727153082,1.1456532209037007,0.4852515112024091,1341.955,0.05392601264452317,1.0282538912064914,0.47355527445063744,-801.899,-0.5327545341588967,-0.487247159421905,-0.049434320300997876,-8790.735,0.3076519409390614,-0.00017431468842027859,-1.5976973146665432,-59.609,-1.881726931914379,-1.0640103941100043,-0.9043800517555349,14.427,0.06536312849162011,0.29595650696568127,0.3419216817040276,-57.063,-1.6017656306687627,-0.8634906886097877,-0.8230407974186128,7317.719999999999,-0.4317591893228638,-0.27990074355570604,-0.007258630688929047,0.2186691805849865,-0.3225445910975485,0.21208163966524182,0.3539610844639081,0.21160347366665572,0.3540048549713441,0.5731821556695094,-0.10540624790375211,,,-0.5636190726044467,1.5762547795363244,0.01243594816132314,0.2776144230604053,,,0.01243594816132314,0.2776144230604053,-0.028670673567860943,0.6412139218798452,0.05563263074431687,0.31859661972363507,0.03636296857128295,0.32876891776650824,0.4214638319837506,0.39133750324949856,0.2555044035228182,1.019640988489093,-3575.4970000000003,-8850.344000000001,-0.003621799172176298,-1.5913432005504562,0.51990300795028,0.32404368336866657,0.2694579456817214,-1.7651362334298895,-1.7771054266473534,0.04287533901448495,0.08670583722365059,-6.550692832472029,-6.595112354736188,0.2814177634671463,0.09104690934223152,0.0,0.044524002710185785,-0.4530363281683747,,0.8919845571576561,0.49980657317911964,0.5001934268208805,7.892531153461121,2.0124766335910134,0.2000488031099533,2.0703421016252994,2.0703421016252994,-0.07001565720421726,-0.534685831503407,0.011969193217463873,4.1317668260899705,0.3540048549713441,1.019640988489093,-0.015372078735620742,0.030025457005220635,0.023026991062541302,-0.8494211227798764,-0.8529203444696065,True,True,37.5,37.5,62.5,50.0,50.0,87.5,37.5,37.5,37.5,75.0,12.5,18.75,37.5,37.5,37.5,18.75,25.0,,25.0,50.0,85.71428571428572,85.71428571428572,87.5,50.0,85.71428571428571,85.71428571428571,85.71428571428571,93.75,87.5,14.285714285714285,14.285714285714285,12.5,42.857142857142854,100.0,50.0,37.5,12.5,93.75,25.0,0.0,54.166666666666664,40.0,30.0,33.333333333333336,83.03571428571428,38.988095238095234,33.75,52.52380952380952,62.18552750894488,65.83333333333333,64.0094304211391,51.93814232707194,48.55445128821865,50.0,50.0,50.0,53.973765432098766,Mixed / Divergent,0.0,24.277225644109325,"[""Accounting Profit Risk"", ""Margin Compression""]",Accounting Profit Risk,2,62.5,-0.27344568336131336,False
VGC,2025Q4,2025,4,8104,3977.348,-2662.314,1315.034,816.152,638.61,-61.698,2424.919,10364.402,26436.635,1119.223,4019.362,1674.022,2713.005,2872.393,14865.742,8357.778,11570.893,5777.918,1245.96,-841.055,576.537,-2235.495,870.552,Viglacera Corporation - JSC,Construction & Materials,Non-financial,building-materials-fixtures-43,19189380000000.0,448350000.0,HOSE,5585.398,3160.4790000000003,13314.758999999998,0.22230328539406224,0.06885431637469455,0.11829001249416685,-9315.374,-0.03902114053269493,-0.07842838613714598,-0.11042074018163427,3999.384,0.9013025392937749,0.0499835120920641,0.13705887403598108,2113.1710000000003,3.50223690815713,0.19805997404686845,0.3193745684127454,1594.454,4.42837227884362,0.17171631918770114,0.3425635662615705,-255.873,0.033764525323393975,0.09115281501340476,0.04843490258351711,3339.0750000000007,0.29733174233289805,-0.49397748899182947,-0.22268674770035432,-2788.766,-0.9986621008581088,-0.3516677782509822,-0.10049737657926143,1907.3059999999998,0.8409478436907281,0.1568801356462763,-0.02235059536318951,-4594.423999999999,-10.305052517661814,-2.728702315286629,-1.0070287576223138,816.6960000000001,4.646581298616434,2.1373817611706296,1.8233926524423136,-0.04583752883732706,-0.15216268670962757,0.07914959563134209,0.095108791837762,0.03170814584574752,0.06481608096274512,-0.11995203554087801,0.03576614302570382,-0.06986363471218246,-0.08148834390513054,-0.07265749381502812,-0.045374890724233854,0.017552275573502068,0.05483498841938735,0.27403593247823754,0.2821889398658885,0.13506608418318353,0.16067525913839353,0.3282906565552557,0.6190364709534578,0.0077805725467157815,-0.0005833505160772787,-0.028385091976291348,-0.044406766987184126,0.0641692349149328,0.16255330051240832,-0.02737626225728672,-0.040313389130373474,404.9050000000001,550.3090000000007,-0.7799461638334654,-0.6876023946874539,0.30037224105971433,0.1587089184265371,0.1197508719459361,0.2507799803210859,0.04133075183711554,0.06220553684653968,0.14815665548978524,2.0941808292995603,0.34513946466941076,-0.06599255162391132,0.08405882524798235,0.30187268128548184,0.17970529148910178,-0.08252386946846302,-0.1997783563992974,0.4827110578241455,0.5623159679739876,0.4376840320260124,0.7860955304557147,8.25867129396224,0.8938129491099353,1.2400906078146607,0.7591778580383446,0.04238524664422669,-0.2709396658292283,0.20944922848397035,1.4621492303804426,0.06481608096274512,-0.040313389130373474,0.004958094195636031,0.02418866722625379,0.020004232419955192,-0.11000731681667819,-0.10662098083407287,True,True,37.5,37.5,37.5,37.5,12.5,37.5,62.5,50.0,50.0,62.5,50.0,62.5,25.0,87.5,25.0,75.0,62.5,50.0,25.0,75.0,75.0,62.5,75.0,62.5,62.5,37.5,25.0,87.5,75.0,25.0,37.5,25.0,75.0,87.5,37.5,25.0,50.0,37.5,0.0,25.0,33.333333333333336,55.0,55.0,53.125,62.5,47.916666666666664,27.5,47.302083333333336,57.69289844076186,100.0,78.84644922038093,47.49357117416803,49.966615192625994,50.0,50.0,50.0,50.0,Mixed / Divergent,0.0,24.983307596312997,"[""Healthy Growth"", ""Accounting Profit Risk""]",Healthy Growth,2,37.5,-0.9042532869668681,False
VHC,2025Q4,2025,4,8104,2714.953,-2286.088,428.865,293.289,244.958,-11.735,2008.261,9331.713,13421.615,2030.001,2771.091,336.5,2046.146,0.0,3434.639,3382.319,9986.976,3310.448,96.564,-206.566,123.725,182.992,56.83,Vinh Hoan Corporation,Food & Beverage,Non-financial,farming-fishing-5,12211119169700.0,209453159.0,HOSE,2046.146,37.88499999999999,12026.237000000001,-0.21782654578444421,-0.14716858208903655,-0.038884607048530834,-10043.008000000002,0.2081920908846883,0.12139231282456493,0.054130567927130835,1983.2310000000002,-0.2654698105548734,-0.2625039766815989,0.04653725170062311,1672.7590000000005,-0.4499899670506693,-0.3660357047902522,0.15397706890366733,1451.083,-0.46212136183481006,-0.43355501701938726,0.11394866456632964,-54.043000000000006,-0.07247303966368115,0.31088143754771275,0.26301650075003397,2078.4339999999997,-0.9230826826909749,-0.8599261074097123,0.002613583300852316,-412.832,-0.8006101813110181,0.24823035742230865,0.3906790568065084,482.772,0.024510412785161213,0.0374740055007714,0.05829741898995566,-407.5769999999999,1.2175174586193576,1.5233262123538984,0.5233273999293607,-230.9600000000002,-0.5227337621982968,1.148594198995427,0.7375251723996853,0.1965201755462585,2.5231907398440736,-0.017198398485436445,0.13270278576741631,-0.005937954291683493,0.09705881391315146,-0.08282451956745493,-0.07748403207445569,0.015745555113658112,-0.049330281867231006,-0.05790061621418828,0.21133797949544994,0.02856760816280567,-0.101427381322002,,,0.02856760816280567,-0.101427381322002,-0.8781433138842966,-0.9778073276531183,0.02948379823833361,0.05988599550573449,0.02695237661489875,0.062378876045081744,-0.01756320265131662,0.11045291510435312,0.02215522676733273,-0.030647878811659045,-110.00200000000001,1665.6019999999999,-1.2653169515154146,0.1935623953771009,0.16490869088976046,0.13909246924037838,0.1206597707994612,0.17282496594736987,0.1384973537441512,0.11311931670797963,0.1529018446325829,1.432332954076369,1.1478337214342664,-0.04674184142519359,0.1687976879218329,0.23042045487711574,0.03350589783459298,-0.03859942502592485,-0.010445674818700172,0.2048814375843098,0.2559035555706225,0.7440964444293776,0.017575715682121937,30.95237125992266,0.9814847034375846,2.7589689204359495,1.9396816208051337,-0.06254277427347117,0.10903943184636664,0.03432761220321868,0.8551283007299512,0.09705881391315146,-0.030647878811659045,0.013460397015779363,0.023246221656305993,0.016554468002131895,0.007153227777343563,0.026972443875913965,True,True,22.22222222222222,55.55555555555556,44.44444444444444,44.44444444444444,11.11111111111111,0.0,11.11111111111111,55.55555555555556,55.55555555555556,66.66666666666666,33.33333333333333,88.88888888888889,88.88888888888889,88.88888888888889,77.77777777777779,88.88888888888889,55.55555555555556,44.44444444444444,55.55555555555556,88.88888888888889,88.88888888888889,88.88888888888889,100.0,77.77777777777779,88.88888888888889,100.0,88.88888888888889,55.55555555555556,100.0,11.11111111111111,11.11111111111111,0.0,55.55555555555556,77.77777777777779,22.222222222222214,77.77777777777779,66.66666666666666,44.44444444444444,22.222222222222214,37.5,29.62962962962963,44.44444444444444,86.66666666666666,61.11111111111111,87.65432098765433,29.62962962962963,49.72222222222223,58.1388888888889,56.412256967488894,86.66666666666667,71.53946181707778,57.96660846351625,50.02985935093874,50.0,50.0,50.0,50.0,Mixed / Divergent,0.0,25.01492967546937,"[""Leverage-Funded Growth""]",Leverage-Funded Growth,1,66.66666666666666,-0.0027388693294009597,False
VHM,2025Q4,2025,4,8104,103009.532,-69387.042,33622.49,32631.057,26797.995,-2788.122,49948.51,500834.7,786375.247,215216.41,134792.654,20237.243,43376.867,102878.889,538469.649,345174.167,247905.598,22055.774,-2234.088,-10659.822,795.622,37.435,3377.549,Vinhomes Joint Stock Company,Real Estate,Real Estate,real-estate-holding-development-160,624326624608000.0,4107412004.0,HOSE,146255.756,96307.24599999998,154102.382,5.273429211694149,2.177984442830096,0.5060358069773161,-108670.583,-3.9724448595133075,-2.529332218724163,-0.5668530899923233,45431.799,12.636298745042403,1.6363603858869031,0.3780893740048642,50554.677,5.2271500289973885,1.0308266765182117,0.23476032124441004,42111.068,5.041515758376298,0.8516557320978824,0.20067990232284735,-11582.273000000001,-0.032968710346092216,0.061998891134729846,-0.5261417760461474,40674.280999999995,-2.2312043448669234,0.4061102310629331,2.815852595253029,-17829.684,-2.793830686979541,-3.802449265882739,-0.6749239154910288,2316.522,0.9756992729150938,0.6602333360460577,0.286614998905846,-82766.98300000001,1.000710071028347,-0.9975401308254824,-4.260530406036909,63261.08900000001,-0.9337751656846809,2.0241638517098965,4.410640903587133,0.024214758589583666,0.7355210747361991,0.14755431737443023,0.754366613006197,0.023573512443440844,0.39376497936865135,-0.014613711967287021,0.2779617736148854,0.0731201590278786,1.4643947584659132,0.16653124452753698,0.013892368077838935,-0.10327944552123236,0.2654988343762198,0.10483462402672043,1.188182098107719,0.03368421284748028,0.799136709154309,0.03866471201008347,0.8340023319975066,0.009627675313052983,0.5677552164390597,0.047549652160021626,0.2392608440611888,0.055233204485841035,0.12304581812482081,0.21722588750755042,0.5083775446951018,-12893.91,22844.596999999994,-0.7042945111261706,1.691325738007405,0.2948156829918437,0.32805902377290963,0.2732668207555675,0.26394323353158805,0.14824298432972952,0.06235976299706191,0.17971239248307178,0.9658810125642028,0.5424843891396911,0.0018271009997851623,1.3965806836133137,0.8746954605802264,0.18622558599874264,-0.2280740333624307,0.9583589514885971,0.5899655238926875,0.6847489809149601,0.31525101908503994,1.8215445804435035,4.364832101609071,1.1515010985002676,1.4509622905818442,1.0604560856374863,0.2931009021769929,-0.7609020972905575,0.11570024920185853,7.6967471062221735,0.39376497936865135,0.5083775446951018,-0.027371675404131213,-0.072074207027781,-0.06949698841667623,0.48285305129273554,0.4711866131569241,True,True,72.22222222222221,61.111111111111114,33.33333333333333,27.77777777777778,94.44444444444444,50.0,27.77777777777778,50.0,50.0,83.33333333333334,88.88888888888889,66.66666666666666,72.22222222222221,72.22222222222221,72.22222222222221,66.66666666666667,44.44444444444444,94.44444444444444,72.22222222222221,22.22222222222222,44.44444444444444,72.22222222222223,11.111111111111114,50.0,64.70588235294117,11.11111111111111,44.44444444444444,44.44444444444444,11.11111111111111,55.55555555555556,27.77777777777778,88.88888888888889,66.66666666666666,35.294117647058826,50.0,72.22222222222221,94.44444444444444,94.44444444444444,22.222222222222214,3.3333333333333286,56.481481481481474,60.0,70.0,58.33333333333333,39.28830791575889,54.030501089324616,57.33333333333333,54.892374727668845,62.90769078439959,85.0,73.9538453921998,54.83620007802318,49.84532322977395,50.0,50.0,50.0,49.8469212246302,Mixed / Divergent,0.0,24.922661614886977,"[""Healthy Growth"", ""Margin Compression""]",Healthy Growth,2,77.77777777777779,-0.5329344839378252,False
VIB,2025Q4,2025,4,8104,5281.636,-5729.071,4213.631,3310.44,1647.984,-5729.071,3552.574,,556098.441,4017.129,,,,,509193.702,,46904.739,846.859,22375.816,-55.194,,-54.553,,Viet Nam International Commercial Joint Stock Bank,Banks,Banks,banks-151,54804491931000.0,3404005710.0,HOSE,,,20006.641000000003,0.05484366786551399,0.0011874044143237905,-0.02734258243889881,-20231.849,-0.12027309373591488,-0.31646582137234747,-0.2892665591250254,16092.16,0.009802944166475503,0.07590354831584915,-0.039297660260535494,12571.634999999998,0.038448218749059,-0.06050188073308579,-0.0588515589440147,7285.43,0.014448022268827646,-0.1422075461484329,0.011237467849821147,-20231.849,-0.12027309373591488,-0.31646582137234747,-0.2892665591250254,12935.391000000003,19.364329366794834,0.4477486921563804,9.666969292318289,-230.834,0.5115013231610716,-0.3205885871515732,-0.0232956081904787,,,,,-225.98499999999999,0.5056007685196934,-0.3052518243809067,-0.019590061495287265,,,,,0.8362706159403062,1.1670387612787367,,,0.023067883237179735,0.12762648842399246,0.6884368695359786,1.057234555104666,,,,,,,,,,,,,0.02186192871138509,0.12829067625002355,,,0.036345173246038774,0.12046612701328793,0.013240120460448975,0.06487113165482375,22320.622,12704.557000000003,0.4480934907740785,8.394659245945455,0.8043409185979794,0.6283730987125723,0.3641505837986496,0.6465548614582528,0.6350169926076047,0.01388683861495563,0.16414809777214723,1.7755151034324677,1.7438307690829509,-0.010160001509516915,0.20078977775429666,,,1.0845771375435649,,,0.9156538922935049,0.08434610770649509,,0.6213784513713996,,,,,-0.23041500018101072,0.01153786885064814,,0.12762648842399246,0.06487113165482375,-0.01000930036203862,-0.02103748180421572,0.013892827631763582,0.7191149872238933,0.7185440311896454,True,True,5.88235294117647,0.0,5.88235294117647,17.647058823529413,29.411764705882355,23.52941176470588,70.58823529411765,11.76470588235294,35.294117647058826,35.294117647058826,41.17647058823529,5.88235294117647,5.88235294117647,5.88235294117647,5.88235294117647,0.0,94.11764705882352,,29.411764705882355,,,,41.17647058823529,23.52941176470588,,,,23.52941176470588,41.17647058823529,,,58.82352941176471,,94.11764705882352,76.47058823529412,5.88235294117647,0.0,58.82352941176471,88.23529411764706,,13.725490196078432,38.82352941176471,4.705882352941176,61.76470588235294,32.35294117647059,76.47058823529412,38.23529411764706,20.078431372549023,90.86163235748897,52.5,71.6808161787445,19.911365661709173,49.95573920891706,50.0,50.0,50.0,50.0,Mixed / Divergent,0.0,24.97786960445853,"[""Accounting Profit Risk"", ""High Leverage Stress""]",Accounting Profit Risk,2,0.0,-2.0606124134796677,True
VIC,2025Q4,2025,4,8104,163159.401,-126151.72,37007.681,13622.941,3581.322,-8221.721,73526.497,660924.812,1121457.028,257058.692,206993.94,59654.9,113955.484,221434.236,970001.804,592409.83,151455.224,194150.775,-4054.383,-18277.469,10295.506,-5855.908,11286.069,VinGroup Joint Stock Company,Real Estate,Real Estate,real-estate-holding-development-160,1578965756817600.0,7706031024.0,HOSE,335389.72,261863.22299999997,332770.342,3.1691317638796046,1.6251501570968927,0.7600560200444244,-280432.14300000004,-1.717318428630319,-1.3818185683552975,-0.7350810266376743,52338.19899999999,6.07651686048306,3.0278483139824504,0.9071443451497634,9446.831000000002,1.820801800285208,13.340753053331452,-0.1925539785655015,11146.462,0.18377582934534914,1.9658612936485258,1.1101215948344485,-30965.436999999998,0.08922376234026257,-0.188173328895717,-0.34749250262532116,74634.928,-1.5105900271315058,-1.079557967142563,2.5802143640727744,-87104.176,0.29746404751030675,0.15451617264931614,-0.7934686567874685,32297.459000000003,0.14285165604331218,0.8427851303587822,0.42958184495367946,-150391.61599999998,0.8862970998994502,0.8134362304758872,-7.928981724074689,106700.819,-0.7281188505062473,4.0560814321848415,8.758310276034592,0.019068112127891695,0.7266888598909699,0.11899413514508082,0.6669818411051853,0.030873811177816603,0.3404874445105235,-0.038222290513218626,0.35260898822349146,0.11511912099664953,0.81430106041639,0.1880409610842297,0.3246325262702017,-0.027036886915134818,0.1971478890791591,0.0811918006595647,0.7159869156931444,0.04181660065051723,0.49573266743569167,0.048387739347175704,0.4415915615753975,0.04755612813115108,0.42068723751369164,0.06186354892641525,0.17241077061099158,-0.06453627778290884,-0.015466343985650475,0.047364893583431225,0.06126182253386616,-22331.852,-12469.248000000007,-1.7610465884442903,0.5501866819812025,0.1572802392347813,0.028388440337630817,0.03349595980521605,0.22428359315746954,-0.03747103159812243,0.011385204437236177,0.07302219378802834,6.695840168835637,-1.1186731718100333,-0.05661248216815313,0.7724807759460728,0.6220324165787587,0.21272490151030937,-0.40744703182093295,0.05424504037196565,2.2144480140216225,0.8649478132299868,0.13505218677001327,6.273030946268338,0.3050766246250619,0.6452212251584136,1.115654701408314,0.7662446654539815,-0.26432335260873274,-0.15493852405981967,0.26175462475559197,2.696935879692579,0.3404874445105235,0.06126182253386616,0.012130223399212242,-0.03349216095278294,0.005556922620507308,0.1140243605552804,0.10914782582484556,True,True,88.88888888888889,83.33333333333334,11.11111111111111,72.22222222222221,94.44444444444444,72.22222222222221,5.555555555555555,5.555555555555555,5.555555555555555,5.555555555555555,38.88888888888889,100.0,33.33333333333333,66.66666666666666,44.44444444444444,94.44444444444444,33.33333333333333,72.22222222222221,38.88888888888889,16.666666666666664,0.0,22.222222222222214,0.0,3.125,52.94117647058824,0.0,27.77777777777778,0.0,0.0,100.0,77.77777777777779,100.0,16.666666666666664,64.70588235294117,96.875,44.44444444444444,83.33333333333334,72.22222222222221,11.111111111111114,13.333333333333329,70.37037037037037,12.222222222222223,67.77777777777777,40.27777777777777,11.785130718954248,76.0042211328976,44.88888888888889,42.40695125272331,54.32008925645653,65.83333333333333,60.07671129489493,41.65691989821241,49.84532322977395,50.0,50.0,50.0,49.8469212246302,Mixed / Divergent,0.0,24.922661614886977,"[""Margin Compression"", ""High Leverage Stress""]",Margin Compression,2,11.11111111111111,0.8543349276497341,True
VIX,2025Q4,2025,4,8104,2101.486,-314.711,1786.775,1609.203,1286.711,-161.598,2049.092,34112.186,34167.047,1476.499,0.0,0.0,11332.0,0.0,12712.284,11875.431,21454.763,31.723,102.817,-13.527,2.398,-12.627,1049.0,VIX Securities Joint Stock Company,Financial Services,Securities,investment-services-154,43860151118800.0,2450287772.0,HOSE,11332.0,9282.908,8279.145,-0.34773428103636916,2.8586422042606006,3.5049020354683407,-1121.626,-5.2367174649729495,0.1640120705318578,-0.2469840606311932,7157.52,-0.43659100626733477,9.625193263718753,6.627885959826758,6725.136,-0.4721020285914677,11.038985231846544,7.253249996625135,5410.022,-0.47468812042672903,10.468012477718359,7.155975999517578,-384.97900000000004,-0.44686985172981886,-6.342026351658338,-3.7626464439028626,-7119.095,1.0243664236904857,1.023234125558329,0.19422933744781337,-11.562999999999999,-39.64857142857143,-4.770904436860069,-0.34344138491925175,8.411000000000001,0.21049974760222112,0.26476793248945163,0.24294369735481042,-10.079,-37.07714285714286,-40.58307210031349,-0.7477024449453789,8487.0,-0.742639842983317,1.5583351075154355,0.29534469569549343,1.2519894977816317,1.954591595436666,0.0832431561821895,0.7441413057622257,0.08347554452205672,0.7426543220108816,0.3385579283660246,8.701299639937975,,,-1.0,-1.0,0.10201303121657104,2.9831282952548333,,,0.10201303121657104,2.9831282952548333,-0.009622113160676809,3.3146775788855263,0.11838724982560786,2.5692781638731534,0.1062130963238637,2.419823949533006,0.06379946858526542,0.337183504551429,0.5404001165387976,0.2872504463561111,89.28999999999999,-7130.658,1.0201666726142051,0.19370606004582888,0.8645240541142836,0.8122983713897993,0.6534517755154668,-0.8598828743789365,-0.8612795161819246,0.2012156500061034,0.2885383230668864,-1.3159086968592735,-1.3180460264302067,0.366701781397731,0.17833955076279012,0.0,0.0,5.1963976044696345,,0.5281810850112864,0.3720627070873289,0.6279372929126711,1.378605956117927,17.46883856002535,0.18082350864807625,2.8725008801785803,2.8725008801785803,-0.5217737402135074,-11.015896440527998,0.0013966418029881104,1.3747473546546185,0.7426543220108816,0.2872504463561111,0.3539505883333097,0.36891854063490004,0.2925217980640682,3.9475496757024646,3.95083633052241,True,True,87.5,100.0,100.0,100.0,93.75,100.0,93.75,93.75,100.0,100.0,100.0,87.5,87.5,50.0,50.0,18.75,93.75,,62.5,50.0,100.0,100.0,100.0,100.0,71.42857142857143,100.0,100.0,75.0,100.0,0.0,0.0,0.0,14.285714285714285,0.0,0.0,50.0,93.75,75.0,93.75,14.285714285714292,96.875,97.5,58.75,68.75,94.04761904761905,2.380952380952381,65.35714285714286,85.44196428571429,62.71582313357688,73.33333333333333,68.0245782334551,85.05705447959252,48.55445128821865,50.0,50.0,50.0,53.973765432098766,Mixed / Divergent,0.0,24.277225644109325,"[""Accounting Profit Risk"", ""Working Capital Absorption""]",Accounting Profit Risk,2,100.0,1.0962279974588307,False
VJC,2025Q4,2025,4,8104,29324.051,-27771.551,1552.5,411.806,509.187,-1047.003,10986.58,54676.081,139458.572,38504.262,2194.105,4769.471,26056.144,42943.55,114608.153,46631.065,24850.419,34938.481,1551.862,-14743.059,351.385,-12409.952,16296.918,VietJet Aviation Joint Stock Company,Travel & Leisure,Non-financial,airlines-114,101165538114000.0,591611334.0,HOSE,68999.694,58013.114,82092.95,0.7319284325702856,0.477199115656772,0.13946315461273687,-73624.046,-0.8719412287768635,-0.4887511485312203,-0.1345630126740614,8468.903,-0.2592147246640699,0.29714852914636347,0.18391520447480053,2388.9480000000003,0.03707789051659214,0.8103352016705132,0.429403634318401,2123.434,0.5899771427143964,436.20256410256417,0.5124130700482338,-3619.679,-0.12799531996405933,0.15704110197841167,-0.06828259229658622,1832.456,9.177292295694421,12.720126878634545,2.0893709913008736,-31207.402,-3.146399694681307,-7.274886440364984,-2.551731445352956,1077.234,0.2733970421427614,1.6323142730861717,0.7564724259490554,-26877.519,-2.8192611532243648,-3.8180104994987847,-1.48492832289299,31380.570999999996,8.256404314413754,2.1218313405705835,1.6228111042017703,1.0083833605100945,1.409874127684123,0.3717111757967846,0.4173046009787724,0.2102798715378815,0.4042009155592459,0.31313688615428953,0.3778361406708741,0.09175313030549707,0.09407879383834743,-0.15402332245680442,-0.23010177504629997,0.3673553993971832,1.0911653487405846,0.27055588141965636,0.42895613766784363,0.3054551827396568,0.6230448838117,0.22430485914042894,0.5285307705631687,0.2619690710301177,0.39431842522037003,0.251031748974341,0.3917068759195264,0.0179825531792699,0.45165229418823727,0.8545185818207874,1.4663205196976445,-13191.197,-29374.946,-5.891689606404771,-1.8059904543611385,0.10316236656131861,0.029100525684605076,0.02586621628288422,0.022321721901819826,-0.35782544055244697,0.017786153756290887,0.1011902747952948,0.8629681920888522,-13.833698622137536,0.0020864834325135663,0.4690325052273064,0.02672708192360002,0.06478143024087538,0.23837298605813725,-0.04538436077438944,2.7766008291449733,0.8218078771091964,0.17819212289080377,16.736892061640155,0.6599889106188699,0.42165026413731826,1.1725248179512948,1.1254723862729705,0.48358172919896314,-0.49768622661498724,0.3801471624542668,28.969937822237323,0.4042009155592459,1.4663205196976445,0.003873401274803734,0.0059027556486553265,0.006378418281607606,0.04566985569438839,-0.2125188502684774,True,True,48.97959183673469,55.10204081632652,67.3469387755102,70.40816326530613,80.61224489795919,97.95918367346938,9.183673469387756,11.224489795918368,8.16326530612245,21.428571428571427,32.6530612244898,42.857142857142854,2.0408163265306123,30.612244897959183,14.285714285714285,50.0,67.3469387755102,48.57142857142857,69.38775510204081,20.253164556962027,1.8987341772151893,1.8987341772151893,21.42857142857143,15.053763440860216,44.73684210526316,11.39240506329114,43.037974683544306,97.95918367346938,21.428571428571427,98.10126582278481,98.10126582278481,78.57142857142857,85.71428571428571,54.25531914893617,84.94623655913978,14.285714285714285,88.77551020408163,97.95918367346938,2.040816326530617,2.0,70.06802721088435,16.53061224489796,27.959183673469386,51.3898217514854,28.759420019777938,83.28163360655998,41.01224489795918,34.62938517545036,50.555609571454774,85.0,67.77780478572738,34.41621881697443,55.917736089507954,56.46258503401361,46.53061224489796,38.10341858262292,46.063922305178586,Mixed Improvement,0.0,27.958868044753977,"[""High Leverage Stress""]",High Leverage Stress,1,12.244897959183673,0.032113350718248224,True
VND,2025Q4,2025,4,8104,1427.48,-542.818,884.663,376.645,341.996,-336.164,1622.127,50579.456,51628.903,3523.046,0.0,48.465,26462.876,0.0,30725.995,28656.049,20902.909,85.806,4365.661,-4.723,14.047,-6.108,-3339.39,VNDIRECT Securities Corporation,Financial Services,Securities,investment-services-154,26716363385400.0,1522299908.0,HOSE,26462.876,24840.749,6640.192999999999,-0.35531975910524805,0.17745943997512253,0.24699748072515296,-2551.707,0.15903971345089044,0.13939226747080413,-0.20243691075828646,4088.487,-0.4360789433256989,0.5210797074287916,0.27652286367903894,2509.1980000000003,-0.676771430214227,0.36807101786706675,0.19954813733335997,2022.085,-0.6318859392776915,0.3608043960066688,0.17670900778853185,-1115.159,-0.12245483989448722,-0.8484768503244252,-0.6708178948298932,-4435.193000000001,1.7069497945702816,7.608630033303058,0.3760903173712249,-45.67,0.514643921488028,-7.884839650145771,-0.2292081606287344,64.72999999999999,-0.21017711554680907,-0.1538971208288158,0.08188063044241257,63.02599999999999,-1.1495446087552639,-12.353159851301115,1.5568897724762536,5113.115999999998,-1.6484842988613915,-4.075638610920511,0.5770771652241548,1.6947287457867013,0.8408660698884217,-0.07118335946675879,0.1733842594074739,-0.0790521473943873,0.1655754131011879,-0.13196048710104705,1.0101091823646744,,,0.965567587297725,0.6735729824924895,-0.1678314973370515,0.17946991575461943,,,-0.1678314973370515,0.17946991575461943,-0.20376952476795107,0.15243189432610957,-0.1344717729046917,0.2500553301935076,-0.1900385025008818,0.1695161261819873,0.016633357508655227,0.06025035976287987,0.2834066229920128,0.02041884194127649,4360.938,-4480.863000000001,7.594632277108543,0.3729431458533216,0.6157180973504837,0.3778802814918182,0.3045220221761627,-0.6679313387427145,-0.6748091508785967,0.042160288262502024,0.0995660099082234,-2.1933761439306463,-2.215961742458898,0.12507098979035058,0.5305637953595627,0.0,0.018993168102764153,0.7631117016395215,,1.2659901069272224,0.5951316649125782,0.40486835445641756,9.65091059268169,2.250080930163322,0.06129821263569386,1.7650533749436288,1.7650533749436288,-0.06752756497053353,-0.8703660321632531,0.006877812135882196,0.7055461146300017,0.1655754131011879,0.02041884194127649,0.014241274585178099,-0.014947437855517942,-0.018190043394467614,0.667051463896562,0.6671510008225012,True,True,25.0,25.0,37.5,25.0,12.5,62.5,75.0,62.5,62.5,62.5,75.0,75.0,75.0,87.5,87.5,75.0,75.0,,87.5,50.0,71.42857142857143,71.42857142857143,75.0,66.66666666666666,14.285714285714285,71.42857142857143,71.42857142857143,0.0,75.0,28.57142857142857,28.57142857142857,25.0,57.14285714285714,66.66666666666666,33.33333333333334,87.5,0.0,37.5,37.5,57.142857142857146,31.25,67.5,80.0,70.83333333333333,57.40740740740742,39.88095238095238,43.92857142857143,53.709325396825406,72.65501148477915,65.83333333333333,69.24417240905623,53.38539529948368,48.55445128821865,50.0,50.0,50.0,53.973765432098766,Mixed / Divergent,0.0,24.277225644109325,"[""Accounting Profit Risk"", ""Working Capital Absorption"", ""Margin Compression"", ""High Working Capital Stress""]",Accounting Profit Risk,4,75.0,0.5933714063875651,True
VNM,2025Q4,2025,4,8104,17033.552,-10143.535,6890.017,3432.867,2827.199,-89.98,1794.88,36261.181,53312.371,6027.719,6839.28,3923.309,9393.737,62.908,18829.355,18520.286,34483.015,12648.916,1738.943,-345.651,541.739,-273.823,-4822.758,Vietnam Dairy Products Joint Stock Company,Food & Beverage,Non-financial,food-products-87,123516366799500.0,2089955445.0,HOSE,9456.644999999999,7661.7649999999985,63645.886,0.004737739682911182,0.10056675445027619,0.030158600132927406,-37436.413,-0.028137221662214516,-0.09454158682570765,-0.034371273133254214,26209.474000000002,-0.02783571790486553,0.10955875260137743,0.024200615111048963,11659.775000000001,0.0871233437194106,0.3295796653574339,0.0056751880739456945,9413.59,0.1261349681521813,0.31694189140908446,-0.004157669420109706,-325.804,-0.192340820247797,-0.36106489184692186,-0.1659843105817682,8668.137,-0.44918632746328524,0.3421674360519996,-0.10508017964601662,-1762.01,0.40221231821271247,0.09351470854346479,-0.011776622580176534,2116.245,0.0012938069159525384,0.07731361151491176,0.010064152649035126,1976.1010000000006,-1.2681957174563312,-1.1017379831637408,1.528497419026486,-11081.926,-2.168237726322262,-0.10015769794308313,-0.6686478667229008,-0.6517815812540038,-0.19365446749783458,-0.06415153582416298,-0.03441660131571777,-0.042484618022594366,-0.031548057985075185,0.019820426764326687,-0.03305228835442627,0.0841230114591502,0.2026503295327457,0.12277555272236607,0.012711457528838023,0.15617387549896308,0.030530852340014458,-0.5739874176356261,-0.6016060391123721,0.14314026629144816,0.01976699007768385,1.4572304668720732,0.08717689302217316,0.06230355808283004,-0.002400255284082223,0.06881868330843206,0.0032903841031419355,-0.09142366548512007,-0.046756486900419586,-0.016639191102815136,0.007836380274513438,1393.292,6906.127,0.5238659803962312,-0.13069637668426046,0.41180154205096625,0.1831976225454698,0.14790571066918606,0.1361932018669675,0.10850861593787854,0.17374428778548917,0.2664572317092028,0.9208109764712507,0.7336337146614629,0.01398273957839916,0.0947071268675559,0.10745832024398246,0.10479927657599034,-0.06321088848735368,0.1724917293998183,0.2742406660206481,0.35318922506748013,0.6468107561751474,0.5561668028937239,35.78769751138722,0.19107198764453384,1.95791690257915,1.5886310287000966,-0.010391610055243555,-0.1716594986557139,0.02768458592908896,0.8326115359989038,-0.031548057985075185,0.007836380274513438,-0.0023955340226582966,-0.004459991589925494,-0.005096762890970663,-0.02058128786039251,-0.020078313759441288,True,True,44.44444444444444,33.33333333333333,22.22222222222222,11.11111111111111,77.77777777777779,55.55555555555556,100.0,77.77777777777779,77.77777777777779,88.88888888888889,88.88888888888889,77.77777777777779,66.66666666666666,55.55555555555556,66.66666666666666,77.77777777777777,44.44444444444444,88.88888888888889,33.33333333333333,22.22222222222222,77.77777777777777,77.77777777777777,77.77777777777777,88.88888888888889,33.33333333333333,77.77777777777779,77.77777777777779,5.555555555555555,77.77777777777779,22.22222222222222,22.22222222222222,22.22222222222222,66.66666666666666,55.55555555555556,11.111111111111114,66.66666666666666,22.22222222222222,66.66666666666666,55.55555555555556,50.0,40.74074074074074,86.66666666666667,68.88888888888889,47.222222222222214,66.04938271604938,33.33333333333333,52.222222222222214,64.3425925925926,63.16987507916108,85.0,74.08493753958054,64.29758595334509,50.02985935093874,50.0,50.0,50.0,50.0,Mixed / Divergent,0.0,25.01492967546937,"[""Working Capital Absorption""]",Working Capital Absorption,1,77.77777777777779,-0.8412919163532809,False
VPB,2025Q4,2025,4,8104,22415.542,-12685.164,16767.175,16491.301,8118.409,-12685.164,2774.182,,1260149.596,17522.681,,,,,1079873.967,,180275.629,2028.824,17134.993,-71.331,,-56.998,,Vietnam Prosperity Joint Stock Commercial Bank,Banks,Banks,banks-151,213819241046950.0,7933923601.0,HOSE,,,74653.81700000001,0.11312127449825593,0.27040509441944927,0.19916070752550627,-42596.241,-0.14233519652684165,-0.5454163798617245,-0.3726890625504532,58662.713,0.11326893566571809,0.18789829990693577,0.17319789957290455,56023.498,0.049745681136991696,0.19042341298001977,0.16921880774509632,24354.595999999998,0.10248492036040933,0.6109482208828535,0.5234165931373742,-42596.241,-0.14233519652684165,-0.5454163798617245,-0.3726890625504532,44532.621,3.2373995734654346,-0.28107728776845337,-0.22303584929806464,-131.095,-4.112233928187487,-0.2676334168577065,-1.3279291117661685,,,,,-88.786,-25.696955503512882,-0.22059232927168756,-1.0220455942972964,,,,,-0.057370882894000955,0.2913448795762579,,,0.06946543959476316,0.3640231847018297,0.16927988317531567,1.6892043889326702,,,,,,,,,,,,,0.05999557217622349,0.39056448795258775,,,0.12993390397047563,0.2240727095090824,0.09710283486980709,0.0024334218258915993,17063.662,44401.526,-0.2823758204645707,-0.22456119399919702,0.7857965654991224,0.7504438520538071,0.326233767792476,0.5965216889043998,0.5947656500939529,0.022302771846048394,0.14870724928054005,1.8285099453097067,1.8231271830581792,-0.016012404451066463,0.23471915709279806,,,1.490043681407164,,,0.8569410889213188,0.14305891107868118,,1.315221641271116,,,,,-0.5419078702955495,0.0017560388104468922,,0.3640231847018297,0.0024334218258915993,-0.017389636758891935,-0.019217715674924807,0.06943814303229584,-0.32414546140705425,-0.3249969311171217,True,True,76.47058823529412,94.11764705882352,64.70588235294117,100.0,82.35294117647058,88.23529411764706,52.94117647058824,94.11764705882352,11.76470588235294,94.11764705882352,29.411764705882355,17.647058823529413,17.647058823529413,0.0,0.0,23.529411764705884,100.0,,35.294117647058826,,,,94.11764705882354,100.0,,,,88.23529411764706,94.11764705882352,,,5.88235294117647,,17.647058823529413,0.0,0.0,88.23529411764706,17.647058823529413,100.0,,84.31372549019608,56.47058823529412,11.764705882352942,67.64705882352942,94.11764705882354,7.843137254901961,51.470588235294116,62.666666666666664,43.68352071375441,85.0,64.3417603568772,62.13264816473345,49.95573920891706,50.0,50.0,50.0,50.0,Mixed / Divergent,0.0,24.97786960445853,"[""Healthy Growth"", ""Accounting Profit Risk"", ""Working Capital Absorption"", ""Margin Compression""]",Healthy Growth,4,82.35294117647058,0.1748411911763447,False
VPI,2025Q4,2025,4,8104,1180.408,-690.85,489.558,193.915,132.043,-13.616,706.152,8341.426,14707.613,1984.374,5544.054,142.173,1292.941,4996.187,9227.648,3283.5,5479.965,525.583,-88.817,132.319,12.811,381.334,246.463,Van Phu Real Estate Development Joint Stock Company,Real Estate,Real Estate,real-estate-holding-development-160,20131118393300.0,320049577.0,HOSE,6289.128,5582.976,2004.1039999999998,1.9840685592941831,0.5756189174434139,0.056275367872026374,-1229.3559999999998,-2.117765191687163,-0.06346459941319732,0.22072413001834487,774.749,1.8137781200786272,3.917808494394664,1.4228471892121788,516.0210000000001,0.3619634918070783,0.6046455819803715,0.488507802809588,394.97200000000004,0.10932538015626317,0.34390807405371854,0.2996818021776973,-33.736000000000004,-0.9131656596880707,-0.8375168690958164,0.8159017735334243,92.11799999999972,-1.061112838946198,-1.1669169314963457,-0.334243961666884,-25.00799999999998,2.2139135061741984,55.1625636672326,0.013335437544386302,41.08,0.3741284994100611,0.3447045239844653,0.07384655600575077,-750.7749999999999,1.2786016074602757,0.33879382377103856,-4.022808712807501,867.278,4.088741008095847,1.5881848967717762,11.759471999602999,3.224104515110186,0.4193125654481832,0.11723137924485379,0.5860030448334325,0.04966956092283138,0.320428056907745,0.11341445213388533,0.1103337255698481,0.02517497517525259,0.8814284056271264,0.3966187940823985,0.7094881383240949,0.16783651349215312,0.03254295870198715,0.012287814504593203,0.5155428328063307,0.040787136139435125,0.38258358261027064,-0.049785949876887045,0.3780729703018196,0.06550212894938143,0.5216146616166304,0.1256420119012603,0.5594329904496307,0.02404656077932689,0.07997907034492541,0.012617670518694302,-0.017388817014530336,-221.13599999999997,67.10999999999974,-1.4174370029466896,-0.4062112900371622,0.38658123530515387,0.2574821466351048,0.1970815885802334,0.04596468047566381,0.03348628614083887,0.03056333535710489,0.0748470855652848,0.2332266591049485,0.16991077848556288,0.020591648692415306,0.9901552015264677,2.766350448878901,0.11564835572446064,0.05405835769782173,0.8251530377551001,1.147658424825706,0.6274062283254257,0.37259377167457425,10.021479049579876,15.29585605880958,0.546159492196473,2.540406882899345,0.8519482259783765,0.3263082147382443,0.3273939707238363,0.01247839433482493,0.6087633885102235,0.320428056907745,-0.017388817014530336,0.21804553963581624,0.0747675860233823,0.03690974718829915,-0.02696197280728982,-0.02608160159198144,True,True,33.33333333333333,88.88888888888889,61.111111111111114,38.88888888888889,66.66666666666666,33.33333333333333,38.88888888888889,38.88888888888889,38.88888888888889,27.77777777777778,44.44444444444444,55.55555555555556,61.111111111111114,50.0,61.111111111111114,50.0,61.111111111111114,94.44444444444444,50.0,55.55555555555556,5.555555555555557,5.555555555555557,16.666666666666657,87.5,47.05882352941176,72.22222222222221,33.33333333333333,33.33333333333333,16.666666666666664,94.44444444444444,94.44444444444444,83.33333333333334,72.22222222222221,100.0,12.5,61.111111111111114,77.77777777777779,44.44444444444444,66.66666666666667,66.66666666666667,53.703703703703695,37.777777777777786,55.555555555555564,65.27777777777777,35.32135076252723,76.1574074074074,63.33333333333335,42.50885076252724,73.51913580790124,85.0,79.25956790395063,42.71796223846912,49.84532322977395,50.0,50.0,50.0,49.8469212246302,Mixed / Divergent,0.0,24.922661614886977,"[""Accounting Profit Risk"", ""Working Capital Absorption"", ""Leverage-Funded Growth"", ""High Leverage Stress""]",Accounting Profit Risk,4,16.666666666666664,-0.024667039636329793,True
VRE,2025Q4,2025,4,8104,2312.326,-1101.84,1210.486,3291.34,2658.837,-185.381,4434.617,7961.052,61279.149,2885.735,236.158,659.187,20.626,6380.455,12910.946,5173.857,48368.203,273.087,-2314.552,-1802.23,347.22,3946.459,-5.885,Vincom Retail Joint Stock Company,Real Estate,Real Estate,real-estate-holding-development-160,70896334392000.0,2272318410.0,HOSE,6401.081,1966.464,8837.380000000001,0.027243891603731685,0.08653817689373769,-0.011381101735216037,-4105.3369999999995,0.010892534296132598,-0.18899191864474074,0.018736413124667808,4732.043,0.06460714178919394,0.007514203575988523,-0.004910005316070718,7579.853999999999,1.2726748573941997,1.8342077911565664,0.6058060115077919,6445.924999999999,0.9316906780584555,1.449791400235135,0.573797072547127,-628.429,-0.07982432125444881,-0.2569055529188419,-0.11010049443473863,-3262.205,0.19771448220210547,-3.326842381458866,-5.303081746820051,-2686.26,-2.9158567613783273,0.23092416864423093,0.35926171959322056,1381.2949999999998,0.001026338853268288,-0.018295630932084635,0.0015887126714156665,3007.7639999999988,3.894983590154386,2.9330908025753257,2.221078408884691,1804.3780000000004,-1.0032308607869576,-1.0116624488962784,2.695791899226791,0.5789449885084893,0.5372994578254782,-0.42178168519069165,-0.3534131053316553,0.00023595972316385087,0.10960375568424054,-0.2317858492926776,0.4311286671080463,-0.11767760736769345,-0.1994915426595709,0.22244393467065512,0.42700319090440714,-0.057097142857142805,-0.9897370421823191,-0.0005119269742750475,1.52881273574642,-0.0007051644514688286,0.41215216458501336,-0.4533048763095277,0.19311602226705313,-0.1699791031352369,-0.02950859449616089,-0.38014041513529523,-0.12614690055634936,0.05815993917093531,0.1537489491656787,0.14579714523072274,0.23348871243123112,-4116.782,-5948.465,-2.0525138786626353,-0.7320567935111765,0.5354576808963741,0.8577037538274916,0.729393213825817,-0.3691371198251065,-0.6731027748042971,0.11065461878027458,0.1427813655169731,-0.5060879547931445,-0.9228256611735323,0.15842468700079368,0.32653739004093973,0.02672262593664638,0.16056830413678586,0.4425097688432624,-0.18811044092435486,0.13234068257611306,0.21069068697412885,0.7893093130258713,0.2194432879087269,12.061591683388258,215.0013090274411,1.5387073898640802,1.4930629122528898,0.4235332663202294,-0.7159065059425305,0.30396565497919065,1.9447402618557228,0.10960375568424054,0.23348871243123112,0.0034820953883201167,0.3296560730554423,0.2712071312407026,-0.45394516070878654,-0.28891091334862984,True,True,22.22222222222222,16.666666666666664,66.66666666666666,55.55555555555556,38.88888888888889,66.66666666666666,66.66666666666666,97.22222222222221,97.22222222222221,94.44444444444444,77.77777777777779,33.33333333333333,44.44444444444444,22.22222222222222,22.22222222222222,11.111111111111114,88.88888888888889,44.44444444444444,5.555555555555555,0.0,94.44444444444444,83.33333333333334,100.0,81.25,97.05882352941177,16.666666666666664,72.22222222222221,72.22222222222221,100.0,5.555555555555555,16.666666666666664,0.0,83.33333333333334,47.05882352941176,18.75,22.22222222222222,44.44444444444444,83.33333333333334,2.7777777777777857,26.66666666666667,44.444444444444436,86.66666666666666,26.666666666666668,34.722222222222214,79.68863471314451,28.560729847494557,35.88888888888889,59.82751906318082,46.35858949049291,46.666666666666664,46.51262807857979,58.39928354785416,49.84532322977395,50.0,50.0,50.0,49.8469212246302,Mixed / Divergent,0.0,24.922661614886977,"[""Accounting Profit Risk""]",Accounting Profit Risk,1,88.88888888888889,-0.5797747532642847,False
VSC,2025Q4,2025,4,8104,872.309,-531.243,341.066,211.182,152.24,-101.204,915.804,4001.843,12962.909,1633.399,49.551,148.11,2380.487,2993.027,6576.308,3076.018,6386.601,3514.659,2492.848,-919.735,133.04,-3790.033,1416.803,Viet Nam Container Shipping Joint Stock Company,Industrial Goods & Services,Non-financial,transportation-services-47,7431251685700.0,374370362.0,HOSE,5373.514,4457.71,3205.511,0.033329661100272065,0.1258708856380988,0.14978916120738395,-2064.826,-0.01049213755428212,0.07886893150855946,-0.061906388020892274,1140.685,0.07103581466187248,0.7220685058771255,0.352387783653048,647.5129999999999,0.45516309965133733,-0.09662488771014253,0.17904563862020736,525.545,0.3426583294381191,-0.21868103669489344,0.2094283610254522,-274.51300000000003,-0.1557981772915191,-1.5038719414136916,-0.6423251111283946,627.5250000000001,2.7555156340558407,1.9506834812772962,44.558661245825846,-1069.379,-419.06136363636364,-1.2384404096653223,-71.43152262259711,381.772,1.2984692996095504,1.2107961738529718,0.5016795814813356,-3847.038,-33.97171764624004,-2.859424329202569,-1.9743651992658096,3585.7270000000003,-0.00605987901288087,1.6871916744271616,1.4667890294516859,0.15418468890838136,0.6753605265709409,-0.27317464235320493,1.2090627013116342,0.1445091824043301,0.6629496878179068,-0.25352273594550273,3.602744628390278,-0.016669643388700292,0.04383821360859497,0.4975127396263045,0.37542601896306754,0.35324143027684624,6.941468670976868,0.14950937938191292,0.8136271063607262,0.23165422179986772,1.7555733100587525,0.24887550467462272,2.1763147506594596,0.21407186651299479,1.2684636914481957,0.33788542270146876,3.3019967245717265,0.08074628441699004,0.3044219132063047,0.00016846576915013239,-0.02679360096936883,1573.1129999999998,-441.8539999999998,1.2427846213703952,-445.31717171726996,0.3558512199770957,0.20199993074427133,0.16395045906877248,0.19576441946385462,-0.13784198525601685,0.05063532253696989,0.09315929842076158,1.1940461806315352,-0.8407538840632103,-0.007867061320880995,0.509559630274237,0.015458065812283909,0.07173001502305763,3.452955467182894,-0.10595094759878898,0.8413730558711904,0.5073173004608765,0.49268269953912347,4.33088017410144,2.358769894321944,0.38471287597873877,1.3009816587549228,1.284872845347459,1.6057841488513684,-0.821370749748602,0.33360640471987146,2.801093322716176,0.6629496878179068,-0.02679360096936883,0.05330938938846874,0.005012364422235349,0.008084707208598996,0.19082380440857313,-0.13748688079073967,True,True,20.0,100.0,40.0,80.0,40.0,20.0,80.0,80.0,80.0,20.0,0.0,60.0,20.0,60.0,0.0,60.0,100.0,60.0,100.0,40.0,40.0,0.0,40.0,0.0,40.0,20.0,60.0,100.0,40.0,60.0,100.0,60.0,100.0,20.0,100.0,0.0,100.0,40.0,0.0,40.0,50.0,52.0,40.0,75.0,37.77777777777778,73.33333333333333,36.0,37.916666666666664,46.44875084035282,85.0,65.72437542017641,37.44503419622377,49.68595034193157,50.0,50.0,50.0,50.0,Mixed / Divergent,0.0,24.842975170965786,"[""High Working Capital Stress"", ""High Leverage Stress""]",High Working Capital Stress,2,20.0,-1.745551610909141,True
VTP,2025Q4,2025,4,8104,5895.603,-5530.341,365.262,199.419,153.264,-23.057,349.817,5698.167,7529.014,2662.59,152.683,857.354,1363.784,487.046,5760.786,5237.832,1768.228,1062.28,-59.626,-89.11,51.041,-478.782,295.815,Viettel Post Joint Stock Corporation,Industrial Goods & Services,Non-financial,delivery-services-30,11292454310700.0,172931919.0,HOSE,1850.8300000000002,1501.0130000000001,20846.868,0.196278099007201,0.03691770582338151,0.005411081757699465,-19709.419,-0.17724514799485794,-0.033757097762904496,0.0010039420705100493,1137.449,0.5840253956138791,0.08724460637233891,0.13128800552192774,520.236,0.8695122294199816,0.20212310641453018,0.07764202885941902,404.92100000000005,0.7960063748007876,0.1731333001645681,0.05699764543731704,-73.94,-0.2578832515002728,-0.389645612343298,-0.2792387543252595,758.5550000000001,-1.0974872022091824,-1.1042872034532696,6.78634414999924,-530.35,0.37241175310589625,0.2610559660339494,-0.41925107644714893,189.298,-0.014557389709431507,0.3932685483430692,0.42285460872963976,-1071.62,-1.1027339203759414,-15.011704902682094,-16.704383252487666,271.2300000000001,2.6258037922506183,1.587685455224533,1.611667760420543,-0.4077874368328833,-0.102004091869399,0.19846736123014933,0.20507984001543003,0.12329316897586108,0.18314552694350036,0.42126991311997314,0.23421360884839834,-0.40942092050856577,-0.4533701851301568,0.35875280909560603,0.2972483061028715,0.42962240040589267,-0.008530604470461254,0.03739818696111507,5.717597892501,0.30025607070220994,0.27817897668611175,0.802498979273243,0.418099555206204,0.16272990300805226,0.20642206445938296,0.17663158973013446,0.12011777224995639,0.011520001830569448,0.11317334998681107,-0.009250157153809389,0.4260399830316437,-148.736,228.20500000000004,-1.3296768087384214,1.4520907252113309,0.05456210496464026,0.024955115559804956,0.019423589193350296,0.0363870006755931,0.010946728304702657,0.05829316978117298,0.24126243600456998,1.8733407257218073,0.5635790685096599,-0.046969496935455296,0.12772134404074512,0.007324025844074036,0.04349970945363737,0.22880252709069887,-0.45878126688785625,1.0467145639589466,0.7651448117907603,0.23485518820923962,2.1154912942861093,7.035921017040844,0.25650469575827256,1.087886553062412,1.0587365154132473,0.2727678949284123,-0.35688078318467853,0.02544027237089044,2.801667212543186,0.18314552694350036,0.4260399830316437,0.006071053430714304,0.0016726627058387643,0.0009479644776265658,0.042709454501843824,0.035291315204586435,True,True,0.0,20.0,20.0,20.0,0.0,60.0,0.0,0.0,0.0,40.0,80.0,80.0,100.0,40.0,100.0,80.0,60.0,0.0,40.0,0.0,0.0,40.0,0.0,60.0,0.0,0.0,20.0,40.0,0.0,100.0,60.0,100.0,40.0,60.0,40.0,100.0,40.0,100.0,80.0,20.0,20.0,24.0,80.0,25.0,17.77777777777778,66.66666666666667,68.0,41.516666666666666,45.30668415834301,100.0,72.65334207917151,41.39148252917353,49.68595034193157,50.0,50.0,50.0,50.0,Mixed / Divergent,0.0,24.842975170965786,"[""Healthy Growth""]",Healthy Growth,1,40.0,0.13963967550983702,False
