ticker,period,year,quarter,period_order,revenue,cost_of_sales,gross_profit,ebit,net_profit,interest_expense,cash,current_assets,total_assets,receivables,inventory,payables,short_term_debt,long_term_debt,liabilities,current_liabilities,equity,fixed_assets,cfo,capex,depreciation,investing_cashflow,financing_cashflow,company_name,sector,segment,sub_sector_id,market_cap,shares_outstanding,exchange,total_debt,net_debt,ttm_revenue,revenue_qoq,revenue_yoy,ttm_revenue_yoy,ttm_cost_of_sales,cost_of_sales_qoq,cost_of_sales_yoy,ttm_cost_of_sales_yoy,ttm_gross_profit,gross_profit_qoq,gross_profit_yoy,ttm_gross_profit_yoy,ttm_ebit,ebit_qoq,ebit_yoy,ttm_ebit_yoy,ttm_net_profit,net_profit_qoq,net_profit_yoy,ttm_net_profit_yoy,ttm_interest_expense,interest_expense_qoq,interest_expense_yoy,ttm_interest_expense_yoy,ttm_cfo,cfo_qoq,cfo_yoy,ttm_cfo_yoy,ttm_capex,capex_qoq,capex_yoy,ttm_capex_yoy,ttm_depreciation,depreciation_qoq,depreciation_yoy,ttm_depreciation_yoy,ttm_investing_cashflow,investing_cashflow_qoq,investing_cashflow_yoy,ttm_investing_cashflow_yoy,ttm_financing_cashflow,financing_cashflow_qoq,financing_cashflow_yoy,ttm_financing_cashflow_yoy,cash_qoq,cash_yoy,current_assets_qoq,current_assets_yoy,total_assets_qoq,total_assets_yoy,receivables_qoq,receivables_yoy,inventory_qoq,inventory_yoy,payables_qoq,payables_yoy,short_term_debt_qoq,short_term_debt_yoy,long_term_debt_qoq,long_term_debt_yoy,total_debt_qoq,total_debt_yoy,net_debt_qoq,net_debt_yoy,liabilities_qoq,liabilities_yoy,current_liabilities_qoq,current_liabilities_yoy,equity_qoq,equity_yoy,fixed_assets_qoq,fixed_assets_yoy,fcf,ttm_fcf,fcf_yoy,ttm_fcf_yoy,gross_margin,ebit_margin,net_margin,cfo_margin,fcf_margin,roa,roe,cfo_to_net_profit,fcf_to_net_profit,accrual_ratio,receivables_to_revenue,inventory_to_revenue,payables_to_cogs,receivables_growth_spread,inventory_growth_spread,debt_to_equity,liabilities_to_assets,equity_to_assets,net_debt_to_ebitda,interest_coverage,cash_to_short_term_debt,current_ratio,quick_ratio,debt_growth_spread,interest_growth_spread,capex_to_revenue,capex_to_depreciation,asset_growth,fixed_asset_growth,gross_margin_yoy_delta,ebit_margin_yoy_delta,net_margin_yoy_delta,cfo_margin_yoy_delta,fcf_margin_yoy_delta,valid_for_yoy_view,valid_for_qoq_view,growth_ttm_revenue_yoy_score,growth_ttm_gross_profit_yoy_score,growth_ttm_ebit_yoy_score,growth_ttm_net_profit_yoy_score,growth_revenue_yoy_score,growth_net_profit_yoy_score,profitability_gross_margin_score,profitability_ebit_margin_score,profitability_net_margin_score,profitability_roa_score,profitability_roe_score,cash_cfo_to_net_profit_score,cash_fcf_to_net_profit_score,cash_cfo_margin_score,cash_fcf_margin_score,cash_accrual_ratio_score,wc_stress_receivables_growth_spread_score,wc_stress_inventory_growth_spread_score,wc_stress_receivables_to_revenue_score,wc_stress_inventory_to_revenue_score,balance_debt_to_equity_score,balance_net_debt_to_ebitda_score,balance_liabilities_to_assets_score,balance_interest_coverage_score,balance_cash_to_short_term_debt_score,balance_current_ratio_score,balance_quick_ratio_score,balance_equity_yoy_score,balance_equity_to_assets_score,leverage_stress_debt_to_equity_score,leverage_stress_net_debt_to_ebitda_score,leverage_stress_liabilities_to_assets_score,leverage_stress_debt_growth_spread_score,leverage_stress_interest_growth_spread_score,leverage_stress_interest_coverage_score,capital_fcf_margin_score,capital_asset_growth_score,capital_fixed_asset_growth_score,capital_capex_to_revenue_score,capital_capex_to_depreciation_score,growth_score,profitability_score,cash_conversion_score,working_capital_stress_score,balance_sheet_resilience_score,leverage_stress_score,capital_allocation_score,preliminary_health_score,rolling_consistency_score,transmission_score,matrix_consistency_score,corporate_health_score,sector_health_score,sector_growth_score,sector_cash_conversion_score,sector_working_capital_stress,sector_leverage_stress,sector_diffusion_label,sector_diffusion_score,breadth_diffusion_score,diagnostic_flags,primary_flag,flag_count,sector_health_percentile,historical_health_zscore,stress_flag
ACB,2026Q1,2026,1,8105,8904.665,-10231.215,6989.162,6054.162,4320.388,-10231.215,8157.465,,1030900.741,5040.81,,,,,932149.689,,98751.052,5750.831,-21438.814,-351.773,,-336.492,,Asia Commercial Joint Stock Bank,Banks,Banks,banks-151,127902749315100.0,5136656599.0,HOSE,,,34787.920000000006,0.08513466778031717,0.1250895177890864,0.04590923117737889,-35112.908,-0.13842683421844876,-0.46822151468312645,-0.4152488882490143,27535.992000000002,-0.014677288563021364,0.09912099093155784,0.0037891081340662137,23704.949999999997,0.11624781144582504,0.15919357210473598,0.05682422780336742,16266.821,0.5514817654420517,0.1745719314481334,-0.017859136374298482,-35112.908,-0.13842683421844876,-0.46822151468312645,-0.4152488882490143,11030.953999999998,-1.4344151273660521,-3.974555966154441,-0.18475992073566,-872.975,-0.08872657495241486,-0.9471333207868838,0.18082589752805014,,,,,-463.78700000000003,-0.574673592587393,-0.9017616439749742,0.4734258818774176,,,,,-0.05415738888577123,0.3926163955740642,,,0.004923344908841699,0.15614012530712965,-0.25244617698785105,0.3373136783348876,,,,,,,,,,,,,0.0008796888762166982,0.15852560927089052,,,0.044766669270356156,0.13409740709966345,0.05741990052495609,0.08262287453009189,-21790.587,10157.978999999998,-3.852752654800643,-0.1850962475682399,0.791538902009663,0.6814132606950917,0.4675997012756151,0.3170915076267853,0.29199730826102843,0.01692190778291616,0.17507618392078736,0.6781259841735516,0.6244599974389585,0.005078924470382161,0.14490116109270113,,,0.29140444715750874,,,0.9042089620536998,0.0957910379463002,,0.6751064309455655,,,,,-0.4720731160523817,0.025094199365756846,,0.15614012530712965,0.08262287453009189,-0.03321386502010415,0.007037710951091736,-0.030360277962491744,-0.08971986412775579,-0.08277416539804117,False,True,17.647058823529413,5.88235294117647,17.647058823529413,17.647058823529413,47.05882352941176,70.58823529411765,58.82352941176471,58.82352941176471,82.35294117647058,70.58823529411765,58.82352941176471,0.0,0.0,0.0,0.0,0.0,41.17647058823529,,5.88235294117647,,,,64.70588235294117,58.82352941176471,,,,35.294117647058826,64.70588235294117,,,35.294117647058826,,52.94117647058824,41.17647058823529,0.0,17.647058823529413,64.70588235294117,29.411764705882348,,29.41176470588235,65.88235294117648,0.0,23.52941176470588,55.882352941176464,43.137254901960794,27.941176470588232,41.705882352941174,80.20454542617215,77.5,78.85227271308608,42.55213079386237,51.14539221067532,50.0,50.0,50.0,50.0,Mixed / Divergent,0.25,38.072696105337656,"[""Working Capital Absorption"", ""Margin Compression""]",Working Capital Absorption,2,29.411764705882355,-1.3357053525983666,False
ANV,2026Q1,2026,1,8105,1841.296,-1514.989,326.308,237.505,195.358,-17.092,30.766,3713.844,6065.645,1371.285,1356.659,336.695,1764.621,53.171,2343.418,2276.445,3722.227,1087.739,-174.864,-21.194,0.0,5.041,165.152,Nam Viet Corporation,Food & Beverage,Non-financial,farming-fishing-5,5751124200000.0,266255750.0,HOSE,1817.7920000000001,1787.026,7686.541,-0.1310255647897759,0.6644288021926071,0.5368410003358978,-5960.996999999999,0.10543433397478782,-0.7165691482129423,-0.3802732206020872,1725.5459999999998,-0.23290955936283456,0.45871834417398694,1.5271209749110661,1245.195,-0.19542196265481454,0.6698422295967152,4.360288420146362,1062.82,-0.22344785368742817,0.4798054781238639,5.522568964988185,-69.436,0.05002223210315707,-0.08486194858774979,0.18020283592486325,623.4540000000001,-1.5574473918268847,-2.6819344785795356,-0.03614677622577606,-188.535,0.6876114673152037,0.4618626853544587,-0.0855121111450171,0.0,,,,-697.567,1.016822847836824,1.2147848317000427,-4.116603341792947,63.262000000000114,2.172305115064098,1.655607029578376,1.1254096102037299,-0.3271073006430166,-0.35177615776832,0.06827526416041951,0.5268793862624419,0.041363397179089496,0.282032611948753,0.08998668600838586,1.1519534609276432,-0.04562523390521103,-0.1455429842594271,0.06721628963291912,1.0097474497257224,0.10268619559043264,0.2835660978483831,0.0,-0.5627420827131356,0.09938408093553909,0.21479222203436177,0.11151291687347853,0.23335120872871445,0.019832042777434663,0.3000484865430428,0.020427419926002263,0.3659478641135556,0.05539134002425373,0.2709442041035131,-0.013037742217641025,-0.005214730378685268,-196.058,434.9190000000001,-4.0357994487628135,-0.0808048999053155,0.2244892728731948,0.1619967941366604,0.13827025706361287,0.08110982560295978,0.05658188774378489,0.19687471895912506,0.3196000804097227,0.5866035641030467,0.4092122843002579,0.07243516559244727,0.1784007917215299,0.17649798524459834,0.056483001081866005,0.6151124605917454,-0.6823839845953249,0.4883614029987962,0.38634275497494497,0.613657245025055,1.4351374684286398,17.93298865142001,0.017434905285610904,1.6314226787820483,1.035467582129153,-0.322048778301536,-4.180085584221499,0.024527937859174887,,0.282032611948753,-0.005214730378685268,0.08796857516529805,0.11555091368431791,0.10569116110878314,-0.048217858780987485,-0.03801975335732034,False,True,100.0,100.0,94.44444444444444,94.44444444444444,100.0,33.33333333333333,55.55555555555556,66.66666666666666,66.66666666666666,100.0,100.0,33.33333333333333,44.44444444444444,33.33333333333333,55.55555555555556,0.0,100.0,11.11111111111111,66.66666666666666,66.66666666666666,33.33333333333334,55.55555555555556,55.55555555555556,66.66666666666666,0.0,55.55555555555556,44.44444444444444,88.88888888888889,55.55555555555556,66.66666666666666,44.44444444444444,44.44444444444444,44.44444444444444,11.11111111111111,33.33333333333334,55.55555555555556,100.0,66.66666666666666,55.55555555555556,,87.03703703703705,77.77777777777777,33.33333333333333,61.11111111111111,50.617283950617285,40.74074074074074,69.44444444444444,63.24074074074074,60.64082543909248,92.5,76.57041271954624,63.97651948625312,51.29032438140259,50.0,50.0,50.0,50.0,Mixed / Divergent,0.25,38.1451621907013,"[""Accounting Profit Risk"", ""Working Capital Absorption""]",Accounting Profit Risk,2,77.77777777777779,0.8860812270394158,False
BCM,2026Q1,2026,1,8105,1104.96,-422.31,682.651,298.1,288.429,-342.421,1526.504,31731.743,61310.092,6945.291,22644.366,255.544,8085.437,17437.856,38832.216,19756.629,22477.876,764.084,-1095.666,-8.559,69.306,-195.079,467.436,Becamex Investment And Industrial Development Group,Real Estate,Real Estate,real-estate-holding-development-160,56614500000000.0,1035000000.0,HOSE,25523.292999999998,23996.788999999997,6213.396000000001,-0.1972421909906244,-0.4002979622961007,-0.009050825929730997,-2072.763,-0.2553394508502992,0.6290205689739232,0.2154057720638891,4140.633,-0.3436319459868486,-0.030533223697758013,0.14119872039917117,3720.3989999999994,-0.7691872308894228,-0.20619704207874645,0.30900821244191445,3438.891,-0.7687155944911093,-0.21099193290276,0.301935587922622,-1426.779,0.15958138724379722,-0.1745007648878736,-0.003204141125647223,-525.8420000000002,-5.985512126313873,-0.48566492924669014,0.7672457026002394,-15.088000000000065,-1.1206818758636248,0.455118411000764,0.9519423103874426,232.398,0.29210634251836387,0.07095837067713322,-0.10798331100713546,-1722.7,0.8678416991791212,-0.04612340329690365,-2.87694246587674,2759.9330000000004,-0.7308483152828266,2.7567696569038285,1.2277735849056608,-0.3503721359955027,0.5038100032410886,0.011062706182294513,-0.011596454726128561,0.006598224219573938,0.033881219856594064,0.07280445748952967,-0.21767617318313046,0.020346122630247952,0.03887272844886621,-0.2084647169238584,-0.5476536916078099,-0.16407429980144603,-0.0037898296196888313,0.2215270741614138,0.14192545361591863,0.0657845820327142,0.09135609968183282,0.11106131758575905,0.07264144424034698,0.03302328176040105,0.015058260574869831,-0.08864440771337662,-0.1006590253340602,-0.03600265604648351,0.06809847201868788,-0.013908300972690642,-0.25672039611280273,-1104.225,-540.9300000000003,-0.4660448751991503,0.7897807802124304,0.666404169314172,0.5987706239872687,0.553463999397431,-0.0846303696078602,-0.08705867129666292,0.05702450167126966,0.1580276985061291,-0.15291034231675277,-0.15729780327436965,0.0646668904036223,1.117793071614943,3.6444427491825726,0.123286646857359,-0.20862534725339946,0.04792355437859721,1.135485087647961,0.6333739639470775,0.3666260360529226,6.0708376878448345,2.6075509942324633,0.18879672180984156,1.6061314407432563,0.4599659688907453,0.10040692561156382,-0.31221235356756166,0.0024283016888027196,0.06492310605082688,0.033881219856594064,-0.25672039611280273,0.0877383774809356,0.1454875584892723,0.13220299526770257,0.2756826119399379,0.3233258715831999,False,True,33.33333333333333,44.44444444444444,55.55555555555556,38.88888888888889,27.77777777777778,27.77777777777778,94.44444444444444,77.77777777777779,83.33333333333334,72.22222222222221,83.33333333333334,55.55555555555556,61.111111111111114,44.44444444444444,50.0,44.44444444444444,38.88888888888889,50.0,66.66666666666666,72.22222222222221,11.111111111111114,27.777777777777786,22.222222222222214,16.666666666666664,35.294117647058826,11.11111111111111,2.7777777777777777,33.33333333333333,22.22222222222222,88.88888888888889,72.22222222222221,77.77777777777779,66.66666666666666,52.94117647058824,83.33333333333334,50.0,16.666666666666664,0.0,88.88888888888889,93.33333333333333,37.962962962962955,82.22222222222221,51.11111111111111,56.94444444444444,20.279593318809006,73.63834422657952,49.77777777777777,44.58970588235293,72.99802162335347,52.5,62.74901081167673,44.617766547350605,50.62440497655373,50.0,50.0,50.0,50.03898635477583,Mixed / Divergent,0.25,37.81220248827687,"[""Accounting Profit Risk"", ""High Leverage Stress""]",Accounting Profit Risk,2,33.33333333333333,0.09548155486681714,True
BID,2026Q1,2026,1,8105,20697.562,-27226.416,15733.743,14069.589,6878.794,-27226.416,12065.997,,3388221.517,30061.579,,,,,3197598.357,,190623.16,12961.15,1179.08,-255.896,,-249.766,,Joint Stock Commercial Bank for Investment and Development of Vietnam,Banks,Banks,banks-151,305034732299000.0,7280065210.0,HOSE,,,94124.154,-0.31426911660236045,0.15639109842717883,0.1508302644046668,-97583.593,-0.10903144980367205,-0.275800630449371,-0.1963631824805719,65144.852,-0.18252511071993407,0.1282240313492787,0.11526869570874371,62938.347,-0.30914570498510857,0.17328783367546188,0.18067667756960973,31406.511,-0.40405263276448505,0.15507831561398983,0.22472523487231952,-97583.593,-0.10903144980367205,-0.275800630449371,-0.1963631824805719,158190.092,-0.9854642594088988,-0.9671980025690093,0.21380508467020237,-1571.6009999999999,0.3733092677718213,0.49554777980385395,-0.08945806497230951,,,,,-1382.3080000000002,0.29115842410275916,0.5065385626028596,-0.04041510990417077,,,,,-0.07717505976642881,0.09882897186337791,,,0.01720786912882532,0.18630598570188395,-0.08745323822946328,-0.011213974687354692,,,,,,,,,,,,,0.012765970071414908,0.18420593330133456,,,0.09798817536680582,0.22267764531146947,-0.012377108627812185,0.0894974701692471,923.184,156618.491,-0.9739493912441178,0.2151968652243145,0.6921162021812169,0.6686737072824049,0.3336711106056794,1.6806535334171504,1.6639564271674625,0.010059205258831838,0.1812631462484273,5.036856593207696,4.986815982201907,-0.03741891737711906,0.31938219598765266,,,-0.16204423909202148,,,0.9437394635965887,0.05626053640341131,,0.6449685348232669,,,,,-0.37703986005018164,0.016697106249688044,,0.18630598570188395,0.0894974701692471,-0.022068886147465605,0.016903452163692045,0.020132366152058656,0.08719592258450559,0.08813651696591984,False,True,58.82352941176471,64.70588235294117,52.94117647058824,70.58823529411765,58.82352941176471,52.94117647058824,0.0,52.94117647058824,17.647058823529413,17.647058823529413,64.70588235294117,52.94117647058824,52.94117647058824,58.82352941176471,52.94117647058824,35.294117647058826,23.52941176470588,,58.82352941176471,,,,11.764705882352942,52.94117647058824,,,,82.35294117647058,11.76470588235294,,,88.23529411764706,,76.47058823529412,47.05882352941176,52.94117647058824,41.17647058823529,70.58823529411765,70.58823529411765,,59.80392156862745,30.588235294117645,50.588235294117645,41.1764705882353,39.705882352941174,70.58823529411764,58.82352941176471,46.259803921568626,48.86744239511159,85.0,66.9337211975558,46.5101247867133,51.14539221067532,50.0,50.0,50.0,50.0,Mixed / Divergent,0.25,38.072696105337656,"[""Margin Compression"", ""High Leverage Stress""]",Margin Compression,2,41.17647058823529,0.8027007571630961,True
BMP,2026Q1,2026,1,8105,1457.311,-769.243,688.068,378.718,303.956,0.0037,962.825,3180.637,3815.532,142.973,475.849,131.086,54.9,0.0,634.118,616.409,3181.414,288.696,440.718,-39.74,24.476,224.7,0.0,Binh Minh Plastics Joint Stock Company,Construction & Materials,Non-financial,building-materials-fixtures-43,11223134599800.0,81860938.0,HOSE,54.9,-907.9250000000001,5583.789,0.13316117935582994,0.05365555635890393,0.11766802884268947,-2946.327,-0.12850308589904783,0.029872750431942163,-0.036641162823263525,2637.4610000000002,0.13841455041205541,0.16588101733398858,0.22459525077527903,1556.127,0.1614587007124215,0.05955851495397703,0.15293518825168992,1245.7800000000002,0.1630539176484543,0.05940866679911198,0.1452310079628754,0.0142,0.05714285714285717,0.08823529411764716,-0.1695906432748538,1119.403,5.331082873905481,-0.17948708401210142,-0.07764139182337965,-165.637,0.39214096700674544,-13.552116234996841,-0.7283019261670737,94.225,0.016867469879518024,0.07463997190024584,-0.09631910077876248,-191.35899999999995,0.7460428468191248,5.046824542518838,-0.24855804363712294,-1043.7269999999999,1.0,,-0.07677983377763828,2.2373876963632453,-0.10722067989666731,0.15308820735769468,0.03722466874157027,0.12924517747838465,0.048955905183209115,0.10679919799964406,-0.2993099595189319,-0.09315803114732851,0.4469432745959588,0.17898997166884031,-0.3103531726616055,0.0,0.0,,,0.0,0.0,-2.7438971085489965,0.11297161470087677,0.26475539315802926,-0.02270026678092051,0.27446233113207164,-0.023284593347530753,0.10563351402522647,0.06451329029658959,0.08355540208832206,0.1339955927929203,400.978,953.7660000000001,-0.24904721149002068,-0.14674183860518006,0.4723425258368467,0.27868656928118163,0.22310656795949851,0.20047372850227688,0.17080982107311005,0.3343034586526292,0.4038169711847104,0.8985559248021319,0.7655974570148821,0.03312172457209117,0.025605014802672525,0.08521973161951499,0.04449132767679895,-0.41697798836162137,0.32927524575326933,0.017256477780005997,0.16619386234999473,0.8338061376500053,-0.5501402125122399,109586.40845070421,17.537795992714027,5.159945750305398,4.387976165176044,-0.11766802884268947,-0.3225258315265437,0.029663907429166827,1.757888033961263,0.048955905183209115,0.1339955927929203,0.041243238577302554,0.00852474949514792,0.005369643007817809,-0.04245030883372958,-0.05293099344623453,False,True,25.0,37.5,25.0,12.5,0.0,12.5,87.5,87.5,87.5,100.0,93.75,37.5,50.0,75.0,87.5,25.0,12.5,62.5,0.0,37.5,100.0,100.0,100.0,100.0,100.0,100.0,100.0,12.5,100.0,0.0,0.0,0.0,50.0,75.0,0.0,87.5,25.0,75.0,50.0,25.0,18.75,91.25,55.0,28.125,90.27777777777777,20.833333333333332,52.5,65.38541666666666,79.02029344450021,100.0,89.51014672225011,66.76374857736498,51.11298298343228,50.0,50.0,50.0,50.0,Mixed / Divergent,0.25,38.056491491716145,"[""Healthy Growth"", ""Accounting Profit Risk"", ""Working Capital Absorption""]",Healthy Growth,3,87.5,-0.6195664040332189,False
BSI,2026Q1,2026,1,8105,697.141,-345.645,351.496,117.134,88.819,-189.161,549.553,17878.554,18163.043,334.854,0.0,2.612,11199.487,0.0,12546.466,12524.084,5616.577,23.676,-2111.321,0.0,2.046,0.761,1596.007,BIDV Joint Stock Securities Company,Financial Services,Securities,investment-services-154,8600076302150.0,245365943.0,HOSE,11199.487,10649.934,2457.1479999999997,0.2324491076716373,1.0675387918762453,0.7564230315593838,-1103.291,-0.38891902643665677,-1.4798039947196235,-0.8605056272617811,1353.857,0.10953421129054657,0.7770362843088184,0.6798421228300264,633.9770000000001,-0.030893205811298233,0.16638287279063982,0.42774428487459515,501.37,-0.0656827577501236,0.09497626826111087,0.40417749596701924,-509.05500000000006,-0.44288667343000343,-2.1041041041041044,-1.6640935733724094,-5002.528,-7.96704438959359,-0.5546080752224606,-1.6528491254529443,-3.46,-1.0,-1.0,-2.1801470588235285,8.541,-0.06915377616014565,0.020448877805486248,-0.06399999999999996,1.94,-0.39314194577352474,-0.34453057708871665,-0.5647296387704736,5248.8730000000005,3799.016666666667,0.16176401007731234,1.924621068813558,-0.48355426996934514,0.8241272749602514,0.10123760661017747,0.43619962411583846,0.09233304658380766,0.3939205774898823,0.5171673236373521,1.6372271051885456,,,0.04563650920736584,6.773809523809524,0.16619048511581216,0.7917418992758152,,,0.16619048511581216,0.7917418992758152,0.24715629037913078,0.790101935591229,0.1303128632321783,0.5895749748922111,0.13027352905236544,0.5908964344037813,0.016067816282840243,0.09331143561026047,-0.07954280382551912,-0.10113895216400917,-2111.321,-5005.988,-0.5537431716709802,-1.6531531841889504,0.5509871607245473,0.25801335532088426,0.20404550316057482,-2.035908296936123,-2.037316433523744,0.032146079911960376,0.09324523914492308,-9.977717055268565,-9.984618146279196,0.30302730660275373,0.13627750546568623,0.0,0.002367462437380528,0.8808040736291618,,1.9940057796768385,0.6907689421866149,0.3092310578133851,16.575308396029367,1.2453998094508452,0.04906947970027556,1.427533861957489,1.427533861957489,0.035318867716431335,-2.0918378582470045,0.0014081365876210958,0.40510478866643246,0.3939205774898823,-0.10113895216400917,-0.025118489942024036,-0.05939684518663929,-0.05118592040710093,-0.6879551892482141,-0.6885855996840786,False,True,75.0,75.0,50.0,62.5,100.0,50.0,50.0,12.5,12.5,25.0,37.5,18.75,12.5,25.0,25.0,18.75,62.5,,37.5,50.0,14.285714285714292,7.142857142857139,25.0,16.666666666666664,28.57142857142857,14.285714285714285,14.285714285714285,25.0,25.0,85.71428571428571,92.85714285714286,75.0,71.42857142857143,33.33333333333333,83.33333333333334,25.0,62.5,12.5,100.0,85.71428571428572,68.75,27.5,20.0,50.0,18.915343915343914,73.6111111111111,57.142857142857146,36.69742063492064,59.626854506392384,50.833333333333336,55.23009391986286,36.331118710495275,49.88773518325959,50.0,50.0,50.0,53.279320987654316,Mixed / Divergent,0.25,37.4438675916298,"[""Accounting Profit Risk"", ""Working Capital Absorption"", ""Margin Compression"", ""High Leverage Stress""]",Accounting Profit Risk,4,25.0,-0.9309070669862345,True
BVH,2026Q1,2026,1,8105,9819.434,-9511.579,307.855,-1986.78,799.169,755.673,2608.788,153490.284,307487.712,7477.047,84.115,2977.237,,205758.68,281191.742,75433.063,26295.969,1670.992,-2697.964,-43.833,58.267,-10810.139,11913.281,Bao Viet Holdings,Insurance,Insurance,life-insurance-139,49809857464400.0,742322764.0,HOSE,205758.68,203149.892,40779.421,-0.06921284802971728,-0.015499655705799198,0.014954388004054525,-39417.432,0.07948636704647606,-0.012214151512136244,0.016572285635653303,1361.989,0.42066378093014245,-0.4666619313506218,13.055904146628409,-7738.447,-0.06295225280413455,-0.1347776172171738,-0.013124957777988442,3081.568,-0.06913176163630434,0.1894502151422648,0.40349547603020186,2119.325,0.4222157395993111,0.9974228439115678,0.8066822500017048,2219.7300000000005,0.6616774925879673,-3.713908210738086,-0.5873596991746561,-137.22199999999998,-0.32494030166550797,-0.6612848209209776,0.01647780620838465,237.12099999999998,0.0011512027491408963,-0.031707519734108756,-0.3542403668875291,-33425.977000000006,0.3924245248930477,-5.542348909087937,-1.4036965291133248,32866.672,-0.5168967783659209,89.4961942815472,16.059823913578363,-0.3780630321998333,1.7837613176189384,0.020102223903138285,0.1717524795832873,0.053360403299617006,0.20209938804479988,-0.4795148582711927,-0.364434588345417,0.23469747233068122,-0.07695768589237123,0.003963265355672179,0.06914524386744812,,,0.02131924279652105,0.07774516184464528,0.02131924279652105,0.07774516184464528,0.029811484327923493,0.06932956522063179,0.055916320244657154,0.2144433497625453,0.1634166124118262,0.856872364224645,0.026783156347482538,0.08425172812100229,-0.021551729185770238,-0.09624423048424453,-2741.797,2082.5080000000007,-3.833195899725133,-0.6025606257322541,0.033398929327613555,-0.1897635329349085,0.07556674235271757,0.05443260216960904,0.051067620602067904,0.010941514649928097,0.12192493281368305,0.720324847610048,0.6757949199887852,0.0028028372073613133,0.18335343701912785,0.0020626825476506884,0.07553097319987766,-0.3793889763494715,-0.09191207389642575,7.824723249407541,0.9144812329931417,0.085518763754696,-27.08186419307733,-3.6513734325787697,,2.034787901957528,2.0336728073736055,0.06279077384059076,0.8198072077796932,0.0033649815675411373,0.5787003259939019,0.20209938804479988,-0.09624423048424453,0.03098724598642985,0.00034266172231864345,0.020919756988005155,-0.07945303215166793,-0.07934549136121108,False,True,18.367346938775512,97.95918367346938,14.285714285714285,59.183673469387756,17.346938775510203,46.93877551020408,2.0408163265306123,2.0408163265306123,20.408163265306122,7.142857142857142,40.816326530612244,39.795918367346935,58.16326530612245,34.69387755102041,52.04081632653062,48.97959183673469,20.408163265306122,40.0,38.775510204081634,11.39240506329114,1.8987341772151893,98.10126582278481,7.142857142857139,2.1052631578947367,,58.22784810126582,79.74683544303798,35.714285714285715,7.142857142857142,98.10126582278481,1.89873417721519,92.85714285714286,67.53246753246754,97.87234042553192,97.89473684210526,52.04081632653062,62.244897959183675,18.367346938775512,87.75510204081633,72.0,42.3469387755102,14.489795918367346,46.734693877551024,27.644019633169723,36.25999333777482,76.02611460954127,58.481632653061226,38.56827478262693,48.86999189305643,70.0,59.43499594652822,38.1341016164487,38.76308145981464,42.3469387755102,46.734693877551024,27.644019633169723,76.02611460954127,Weakening,0.25,31.88154072990732,"[""Accounting Profit Risk"", ""Leverage-Funded Growth"", ""High Leverage Stress""]",Accounting Profit Risk,3,23.46938775510204,-2.186787070737551,True
BWE,2026Q1,2026,1,8105,1034.748,-550.789,483.959,243.447,211.882,-105.688,646.532,3124.474,15057.792,1090.193,870.421,485.689,1686.452,5051.319,8572.905,2698.493,6484.887,5484.613,511.265,-534.47,172.362,-595.397,-332.473,Binh Duong Water - Environment Corporation - Joint Stock Company,Utilities,Non-financial,water-124,9434938827600.0,219928644.0,HOSE,6737.771000000001,6091.2390000000005,4653.689,-0.2557761519938549,0.1199456234096417,0.13748030541456283,-2643.243,0.37037790654474834,-0.11781084915137631,-0.12072104540135338,2010.4460000000001,-0.06133092827495255,0.12238513131163209,0.1602926289861061,1224.2649999999999,-0.21821019470322447,0.29403603890926494,0.6918570745499719,1075.516,-0.23768097170653085,0.30159841755433514,0.6709718215108595,-413.27500000000003,-0.07776712691970392,-0.29372161629515386,-0.1740867109662867,1239.758,0.6753009718918139,0.42065410692453037,0.26812078957974034,-1578.266,-1.1294728412228525,-0.3845548063198307,-0.7020841084707012,643.827,0.10486336801215368,0.02975845526075238,-0.005651087436639544,-1299.949,-1.2786390860904342,-0.42694822313613845,0.38661542345249983,-781.4360000000003,-48.497245794253395,-1.6188457078401557,-1.3666506825469367,-0.3909461298968004,-0.5650768258974008,-0.17656865700906796,-0.2683332119537714,-0.005971908581423495,0.0031017442873272484,-0.2166122104942445,0.10786679904516751,0.020800178260436276,-0.2968732455577016,0.22357057922528115,0.06751169849639431,-0.15851629201737805,-0.222199828155,-0.002918219388749035,-0.05441656544078038,-0.04702426111460933,-0.10285615144963287,0.013735063555249512,0.011211708146965422,-0.03229187384820219,-0.11819886754208658,-0.09215194694129941,-0.2455353385901358,0.031101980227301044,0.226063829787234,0.15965801101129107,0.13425454674802717,-23.20500000000004,-338.50800000000004,0.11238189955246089,-7.719228249865998,0.43201124956996484,0.26307409025398987,0.2311104158442904,0.2664032770561161,-0.07273971251624249,0.07153647792281113,0.18269216641063818,1.1527099550355364,-0.31474008754867433,-0.010907442472309351,0.23426425788229507,0.18703892761205143,0.183747389097408,-0.029613506369395318,-0.43435355097226447,1.038995899234636,0.569333471999082,0.43066652800091804,3.2606739925014403,2.962349525134595,0.38336815990019285,1.157858849365183,0.8353006659642993,-0.2403364568641957,-0.8659437855162586,0.3391429895723586,2.4513821259437707,0.0031017442873272484,0.13425454674802717,0.008493702507055056,0.08620241413538873,0.07378666985714621,0.027444588389198138,-0.08505362526513491,False,True,20.0,40.0,60.0,60.0,0.0,40.0,100.0,80.0,80.0,40.0,80.0,80.0,20.0,80.0,0.0,80.0,20.0,0.0,40.0,100.0,0.0,20.0,0.0,0.0,25.0,0.0,0.0,80.0,0.0,100.0,80.0,100.0,50.0,40.0,100.0,0.0,20.0,60.0,0.0,0.0,36.666666666666664,76.0,52.0,40.0,13.88888888888889,78.33333333333333,16.0,40.7,53.15263065684667,85.0,69.07631532842333,41.06247922670206,51.34653841123551,50.0,50.0,50.0,48.05555555555555,Mixed / Divergent,0.25,38.17326920561776,"[""High Leverage Stress""]",High Leverage Stress,1,40.0,-0.5172939282978585,True
CII,2026Q1,2026,1,8105,833.466,-385.023,448.443,84.946,40.768,-342.134,704.349,11657.004,37846.184,2096.171,5126.721,430.033,4808.364,16893.581,25346.64,6994.92,12499.545,15502.459,-243.124,-544.897,236.02,-239.377,410.649,Ho Chi Minh City Infrastructure Investment Joint Stock Company,Construction & Materials,Non-financial,heavy-construction-9,11759742592500.0,671985291.0,HOSE,21701.945,20997.596,3103.8050000000003,0.010620741669465658,0.19815762273530338,0.09084911983259497,-1418.71,-0.08322618943790967,-0.4210846842058643,-0.1554236197643072,1685.095,-0.044373553592205774,0.05593766703478084,0.04182780082859282,445.1809999999999,-0.4121668846491866,-0.34024573993817664,0.06224617866158903,322.132,-0.6997518062173648,-0.5735787877203076,-0.15933034957005102,-1330.677,0.023740633578158598,-0.14552132614147348,-0.08926887487475678,-571.0070000000001,0.46982371361531017,-0.9411562752002044,-4.309207132963591,-679.671,-9.13988239234806,-7.4413409552137075,-1.2738772314856945,899.372,0.26521750783993153,-0.014308027697267809,-0.008427635234659593,-903.8139999999999,0.3837414657755717,0.6891207792207793,0.5475564018926447,1419.9779999999998,5.725807008458484,0.41814357940103886,3.374762773272868,-0.0770382891736771,-0.05599947462379298,0.268602315674552,0.30088585642831805,0.008028014764451733,0.020683148329681288,-0.33680669365626364,-0.4715140039885336,1.0779165877998946,1.1205161485658126,-0.13237000167459917,-0.37394105889015544,0.21463084888387698,-0.028745384718400952,0.041554710938587015,0.06507421911744037,0.07550988599873576,0.04275688860582688,0.08150600987012978,0.04642904326547579,-0.009057167075209524,-0.007707746499964066,-0.055740689793702246,-0.20625021276595742,0.044547651366104925,0.0835490035537366,-0.010882711594137716,-0.03652824581611941,-788.0210000000001,-1250.678,-3.1518930652588546,-8.898284963554477,0.5429126507625317,0.14343072454616185,0.10378615924647328,-0.18396999811521664,-0.4029499275888788,0.008598733578544179,0.026804918933784446,-1.772587014019098,-3.8825015832019174,0.023599182416911575,0.6753552494438277,1.6517535734364752,0.30311550634026685,-0.5623631238211286,1.0296670287332177,1.7362187983642605,0.669727759078696,0.33027226734404713,15.616785652927035,0.33455226174345837,0.14648412640973107,1.666495685440291,0.9335750802010604,-0.04809223122676809,-0.1515150535363458,0.21897992947366215,0.7557173227540996,0.020683148329681288,-0.03652824581611941,-0.0255457708300465,-0.003862137288625278,-0.030886289564922037,-0.2446139839571861,-0.35854247968599573,False,True,0.0,0.0,0.0,0.0,50.0,0.0,100.0,50.0,37.5,0.0,0.0,0.0,0.0,0.0,0.0,37.5,0.0,93.75,100.0,100.0,0.0,0.0,37.5,0.0,0.0,75.0,37.5,25.0,37.5,100.0,100.0,62.5,62.5,100.0,100.0,0.0,12.5,37.5,0.0,75.0,8.333333333333334,37.5,7.5,73.4375,23.61111111111111,87.5,25.0,12.984375,49.00681847132852,45.0,47.003409235664265,12.237370036369022,51.11298298343228,50.0,50.0,50.0,50.0,Mixed / Divergent,0.25,38.056491491716145,"[""Working Capital Absorption"", ""Margin Compression"", ""High Working Capital Stress"", ""High Leverage Stress""]",Working Capital Absorption,4,0.0,-1.7174971409138018,True
CMG,2026Q1,2026,1,8105,2367.469,-1944.226,423.244,126.276,108.182,-23.094,574.275,5877.011,10485.083,2092.313,221.434,1067.054,1276.272,2311.956,6388.75,4007.82,4096.333,2576.695,343.892,-271.808,113.581,-264.757,17.184,CMC Corporation,Technology,Non-financial,computer-services-137,6369839833800.0,232900908.0,HOSE,3588.228,3013.953,9560.841,-0.0763407085291055,0.2344912239169577,0.1655805330062518,-7821.905000000001,0.05461722526426546,-0.2664383347490087,-0.16642396939404738,1738.9360000000001,-0.16452522843872075,0.10629755578615555,0.16180248363628838,598.4739999999999,-0.3536538550128219,0.020791566966306692,0.1892440768700357,506.747,-0.34766065473929214,0.048133005212471214,0.186527708834796,-99.161,0.332774760198775,-0.3984498001695532,-0.2497290348599803,641.808,0.4281763022704337,0.012087055049516519,-0.3104829352562506,-1023.4530000000001,0.2322024801559278,-0.016078083937990362,-0.32030341927202594,420.067,0.057098449453679104,8.62387730893069,0.10309105089428044,-2644.046,0.8407808059194898,-0.2548379299394755,-2.3638876908534123,1770.36,-0.9867534659990981,2.1202816350479172,11.207358781994701,0.21187533368645184,-0.2651048451700583,0.02589646198176585,0.5500494659236362,0.04347707095468491,0.3657689048730275,0.037662197253284624,0.5780679855491113,-0.20275500541856145,-0.2092885403722272,0.3700308401831409,0.5406741949410112,0.0554933917535236,0.421080057900011,-0.022199703440044637,1.645767149749609,0.004088574684975999,1.0250370781723002,-0.027676801697172463,2.042878604009716,0.05481609505306723,0.597371597076563,0.10633432451501847,0.31134270771711425,0.02627100321109517,0.11388584033352936,0.0677595818627628,0.15858223467821822,72.084,-381.6450000000001,-0.002684080909820648,-3.452053738362792,0.1818810709225266,0.06259637619744957,0.05300234571414795,0.06712882266319459,-0.03991751353254385,0.0558025712611588,0.13037222616492808,1.2665255048377198,-0.7531273002109535,-0.01288125234678638,0.21884194078742655,0.02316051485428949,0.13641868572937155,0.4124874525428595,-0.37486907337847897,0.8759610119587447,0.6093180187510199,0.39068198124898007,2.959088539391149,6.035376811448049,0.44996286058144347,1.4663859654375695,1.4111354801363334,0.8594565451660483,-0.43897311173001596,0.10704633619573843,2.4364041926645035,0.3657689048730275,0.15858223467821822,-0.0005914565299055263,0.0012455408630335715,0.0009357130446534939,-0.046347772624446254,-0.058892251309136105,False,True,47.95918367346938,52.04081632653062,44.89795918367347,40.816326530612244,57.14285714285714,28.57142857142857,25.510204081632654,16.3265306122449,15.306122448979592,58.16326530612245,43.87755102040816,61.224489795918366,26.53061224489796,38.775510204081634,33.6734693877551,61.224489795918366,77.55102040816327,20.0,47.95918367346938,21.518987341772153,31.64556962025317,37.9746835443038,45.91836734693877,58.94736842105262,57.89473684210527,29.11392405063291,55.69620253164557,51.02040816326531,45.91836734693878,68.35443037974683,62.0253164556962,54.08163265306123,92.20779220779221,60.63829787234043,41.05263157894738,33.6734693877551,82.6530612244898,79.59183673469387,19.387755102040813,18.66666666666667,45.23809523809524,31.836734693877553,44.285714285714285,41.7572978558512,46.01440309634847,63.06001685793072,46.79455782312925,42.39303264514009,58.584800440534714,92.5,75.54240022026735,42.997404149892716,48.09005974957047,32.993197278911566,48.163265306122454,35.76724360630328,48.13159175040515,Mixed / Divergent,0.25,36.545029874785236,"[""Healthy Growth"", ""Accounting Profit Risk"", ""Working Capital Absorption"", ""Leverage-Funded Growth""]",Healthy Growth,4,32.6530612244898,-0.8935366204573525,False
CTD,2026Q1,2026,1,8105,6409.416,-6122.334,287.082,150.313,118.932,-110.469,1439.407,32611.007,34686.856,14975.32,9067.24,6477.336,5472.345,1563.304,25184.451,23593.386,9502.405,535.618,-1733.188,-72.325,26.937,-467.365,1793.005,Coteccons Construction Joint Stock Company,Construction & Materials,Non-financial,heavy-construction-9,8073636484000.0,111823220.0,HOSE,7035.649,5596.242,32105.648999999998,-0.35952255400511246,0.2811619058470083,0.38131939774228846,-30869.222999999998,0.36465424631058807,-0.263170599812371,-0.3743005560113919,1236.426,-0.22624203890324865,0.8400687104610395,0.5831886418463146,858.0540000000002,-0.47063381100127144,1.2949951142054477,1.3213925314301636,843.1419999999999,-0.4780250164581962,1.0815597871744609,1.6051525750515996,-255.02499999999998,-0.8212077748652258,-2.3029061771213297,-0.9832875796153577,-1193.2300000000002,-3.12511173098734,-0.26430707730913455,-0.17587873340980506,-685.5020000000001,0.8016776167860394,-6.5947705554972185,-1.0155243435231442,109.958,-0.03720780613339053,-0.022853411687887657,-0.05958520419072065,-3378.519,0.7560879506043721,-1.653699398842443,-3.8662336988929504,4113.58,0.3382202243098632,23.114763358573295,2.3612320655384607,-0.22067586575809126,-0.24130168257954066,0.007602451713665339,0.36174683548743825,0.0071021508994682,0.32480563427619874,-0.08432610746021335,0.11507216987513913,0.19789787500629188,0.7506521088553582,-0.1960512862139815,0.07871550083892967,0.08101276925091856,0.9478966925218939,7.688980535577318,89.04688670007488,0.34212863140115823,1.4889780459486293,0.6482984763912664,5.02059781649805,0.005090293677143924,0.4443851422092263,-0.050484975990658126,0.3569074679357996,0.012473499886045767,0.0864243334044094,-0.03516590409626389,0.23365962641361687,-1805.5130000000001,-1878.7320000000004,-0.30797974185425375,-0.38665418819707037,0.0385111666797329,0.026725950937792918,0.026261484388619586,-0.03716573366886308,-0.05851717870584085,0.027703286850468977,0.09240469288559856,-1.4152183143527428,-2.228250994494404,0.05870730976598168,0.4664387877659785,0.2824188353893734,0.20983152054070167,-0.2662472278671493,0.3693327111130697,0.7404071916530605,0.726051706732948,0.27394829326705195,5.781170068139651,3.3645877855112256,0.2630329410883268,1.382209700633898,0.9978969106002844,1.1076586482063409,-2.3046801110455215,0.021351445036977765,6.234216700922171,0.32480563427619874,0.23365962641361687,0.004910482491925626,0.010822964280582388,0.01233696490100838,0.00649331669873341,-0.00022512958822601403,False,True,100.0,100.0,75.0,75.0,75.0,75.0,0.0,0.0,0.0,25.0,37.5,12.5,12.5,12.5,12.5,0.0,25.0,75.0,87.5,62.5,50.0,25.0,12.5,37.5,12.5,50.0,50.0,37.5,12.5,50.0,75.0,87.5,100.0,25.0,62.5,12.5,100.0,100.0,62.5,0.0,83.33333333333333,12.5,10.0,62.5,31.944444444444443,66.66666666666667,55.0,36.25,53.593173543052096,73.33333333333333,63.46325343819271,36.325987246495444,51.11298298343228,50.0,50.0,50.0,50.0,Mixed / Divergent,0.25,38.056491491716145,"[""Accounting Profit Risk"", ""Working Capital Absorption"", ""Leverage-Funded Growth""]",Accounting Profit Risk,3,12.5,-0.6074551538367396,False
CTG,2026Q1,2026,1,8105,25101.554,-22287.369,19385.153,18840.291,8960.041,-22287.369,12295.797,,2924176.928,44952.746,,,,,2735484.77,,188692.158,10766.129,127479.653,-342.626,,-315.503,,Vietnam Joint Stock Commercial Bank For Industry and Trade,Banks,Banks,banks-151,268347937208350.0,7766944637.0,HOSE,,,91942.95999999999,0.07159026359573895,0.2272568308137582,0.10382093311357007,-81767.455,-0.08021690640635508,-0.29509982481837843,-0.2878963320336312,70363.183,0.07936977329683077,0.2526580729249964,0.12215229855466597,64650.141,0.32100111827608385,0.26155679328465753,0.07682981593845573,38318.096,-0.19232246522247495,0.6292799542930875,0.47493982739421137,-81767.455,-0.08021690640635508,-0.29509982481837843,-0.2878963320336312,218884.59399999998,54.589088529011676,15.550908743706868,2.836184580891172,-2122.2619999999997,0.5650828387044362,-0.5206600566320778,-0.5320381677295279,,,,,-2007.198,0.5851406826507615,-0.4116654809684245,-0.485238980014518,,,,,-0.022862269304748977,0.06755236658283673,,,0.05653707684212661,0.1839427746554959,0.349696540997628,0.7632901494194149,,,,,,,,,,,,,0.056964196405668154,0.18118525930675014,,,0.0503836422674152,0.22541561499729987,-0.005598544271347309,0.0985064633668402,127137.027,216762.332,15.147943386872505,2.8935166621806205,0.7652916873679073,0.7031548799386055,0.416759434327544,2.380656376518659,2.3575740002279675,0.014207567486653843,0.22364147323203348,5.712303502762768,5.656918130796478,-0.06174951189547174,0.4889199347073447,,,0.6594692163058448,,,0.9354717027573785,0.06452829724262157,,0.7906585939356924,,,,,-0.3647261479720869,0.02308237629069153,,0.1839427746554959,0.0985064633668402,0.01250172691197371,-0.017624823789018418,0.10486346464853125,1.6956480596505648,1.689196346141225,False,True,41.17647058823529,76.47058823529412,23.52941176470588,94.11764705882352,82.35294117647058,100.0,29.411764705882355,70.58823529411765,76.47058823529412,35.294117647058826,88.23529411764706,64.70588235294117,58.82352941176471,88.23529411764706,88.23529411764706,70.58823529411765,64.70588235294117,,76.47058823529412,,,,11.764705882352942,70.58823529411765,,,,88.23529411764706,11.76470588235294,,,88.23529411764706,,88.23529411764706,29.411764705882348,88.23529411764706,35.294117647058826,76.47058823529412,35.294117647058826,,69.6078431372549,60.0,74.11764705882354,70.58823529411765,45.588235294117645,68.62745098039215,58.82352941176471,56.06372549019608,53.79438310737444,92.5,73.14719155368722,56.62471987314732,51.14539221067532,50.0,50.0,50.0,50.0,Mixed / Divergent,0.25,38.072696105337656,"[""Margin Compression"", ""High Working Capital Stress""]",Margin Compression,2,64.70588235294117,1.3555741783660051,True
CTR,2026Q1,2026,1,8105,3804.826,-3542.608,262.217,188.786,149.886,-33.943,1123.254,7189.697,8706.199,2932.32,555.833,328.086,2201.855,477.699,6491.912,5998.398,2214.287,133.726,-197.084,-54.38,94.65,-802.226,416.535,Viettel Construction Joint Stock Corporation,Construction & Materials,Non-financial,heavy-construction-9,10065957352000.0,114385879.0,HOSE,2679.554,1556.3000000000002,15005.886999999999,-0.048681244386837595,0.38940505547467064,0.17925604933203268,-13962.689,0.0427753561550708,-0.3961044258215288,-0.18050683873044895,1043.1970000000001,-0.12188056742528779,0.30481536218470234,0.16276402465530504,762.233,0.022532037741163198,0.22720594926999232,0.11424378107270912,627.898,-0.08522987348261532,0.23154158381673864,0.15465726117882436,-107.01299999999999,-0.29885585275322385,-0.7181109536343389,-0.6447091370168292,1554.2710000000002,-1.7130493929000419,0.33403843359611274,0.319422950730607,-291.886,0.25674844529488144,0.5882985327741018,0.6257396772154414,362.84000000000003,0.019913363936122055,0.09361279290104917,0.1001585775923495,-1066.06,-0.9672768738428337,-0.045723842434781246,0.22955230546748578,145.3099999999999,0.5907693482785616,-0.3740156415312109,-0.5143447280116578,-0.3412764969229381,1.2961695551385364,0.0851725821630257,0.1854362605774555,0.06360651612079592,0.12955033870166707,0.08054447307648523,-0.07034901858338165,0.30792852234970775,-0.3065375973291181,-0.24838663120348034,-0.2633356310638193,0.2508265542628614,0.3113492182605195,-0.04952734927605149,-0.21862256790244622,0.1841181557736915,0.16989073235561344,1.7905033592546709,-0.13598649822761474,0.06105270865487201,0.13853164606689164,0.07115187257888508,0.18190609612645056,0.07116520315638333,0.10401692407103075,-0.0021937024324728484,-0.23826720970635987,-251.464,1262.3850000000002,0.4125016062145903,2.171088592586638,0.06951918270476115,0.050795597754401324,0.04184344450947818,0.10357741598347371,0.08412598335573235,0.07650823538414196,0.2975854458973576,2.4753558699024367,2.0104937426142464,-0.10640383937927449,0.1954113075754869,0.03704099597711218,0.023497336365509536,-0.2496050679154143,-0.48579364666115077,1.2101204586397338,0.745665473532135,0.254334526467865,1.3832880177552926,7.1228075093680205,0.5101398593458697,1.1986028602970327,1.1059392857893058,-0.009365316976419236,-0.7589529180895384,0.01945143262774137,0.8044482416492118,0.12955033870166707,-0.23826720970635987,-0.0009860230041196377,-0.0029637473268395442,-0.0008914316496293831,0.011003390114773678,0.05284143488547613,False,True,50.0,25.0,12.5,25.0,100.0,37.5,12.5,12.5,12.5,75.0,75.0,87.5,87.5,37.5,50.0,100.0,37.5,37.5,37.5,12.5,37.5,50.0,0.0,50.0,37.5,25.0,62.5,50.0,0.0,62.5,50.0,100.0,75.0,50.0,50.0,50.0,75.0,0.0,87.5,62.5,41.666666666666664,37.5,72.5,31.25,34.72222222222222,64.58333333333333,55.0,48.75,43.78868044006284,100.0,71.89434022003142,49.24754158558738,51.11298298343228,50.0,50.0,50.0,50.0,Mixed / Divergent,0.25,38.056491491716145,"[""Healthy Growth""]",Healthy Growth,1,37.5,-0.8360484827662076,False
CTS,2026Q1,2026,1,8105,351.926,-101.707,250.219,81.351,65.844,-139.777,455.164,13256.25,13354.228,199.448,0.0,920.809,9395.433,0.0,10447.473,10427.134,2906.755,60.853,-1249.233,-1.501,2.853,-1.501,972.479,Vietinbank Securities Joint Stock Company,Financial Services,Securities,investment-services-154,5912877576400.0,212693438.0,HOSE,9395.433,8940.269,1983.0349999999999,-0.11993198044437776,-0.24273507583924536,0.6902167752119552,-724.185,0.48162890853953777,0.5515564373897708,-0.5275199750259439,1258.8500000000001,0.22849076983503527,0.05163638503276133,0.8005435171279414,662.992,2.030961251862891,-0.38620622010291394,1.2540934559103516,537.239,1.6189889025893958,-0.37868365180467095,1.2599845194726529,-440.902,-0.1758614307826905,-0.9127358813306511,-0.6444265419459267,-2048.5,-8.301271785760207,-0.47007847978224765,0.1654879888932705,-11.825,0.4892820687308609,,0.3414824302500418,10.211,0.02552120776419848,0.31112132352941174,0.11913634370889957,-11.63900000000001,0.4892820687308609,,0.3517683096630463,2323.557,2.1964836277339157,0.31188451389750765,-0.07550549530562478,-0.3793934700266424,1.3737985345119819,0.07666120143085375,0.3819884307565025,0.07602545191048454,0.3784429001596629,0.2259313668242251,1.629297616536596,,,-0.01748199143612897,4.9456899334926065,0.11545594520116656,0.32856321696862584,,,0.11545594520116656,0.32856321696862584,0.1626540486518366,0.2994331502457076,0.0933737871342512,0.42549327516095936,0.0936554325877651,0.42403550387497374,0.017972386703816845,0.23225855955612912,-0.03138877835256667,0.09251346499102331,-1250.734,-2060.325,-0.47184483385562953,0.16676608625845998,0.6348097739071676,0.3343319709435285,0.270917558187324,-1.033012528775337,-1.0389756106170591,0.046631006778191056,0.2040546266084705,-3.8130143195114274,-3.8350250074920096,0.19362699214061646,0.10057714563787327,0.0,1.271510732754752,0.9390808413246408,,3.232275509975901,0.7823344786385256,0.21766552136147446,13.280197800663396,1.5037173793722867,0.048445239298710335,1.2713224937935965,1.2713224937935965,-0.3616535582433294,-1.8985199978562783,0.005963081841722411,1.1580648320438742,0.3784429001596629,0.09251346499102331,0.03889741815477876,0.08363539742891979,0.06830139086307829,1.059246278649894,1.06858863651674,False,True,62.5,87.5,87.5,87.5,0.0,25.0,75.0,50.0,50.0,87.5,87.5,62.5,62.5,62.5,62.5,75.0,75.0,,25.0,50.0,0.0,57.142857142857146,12.5,33.33333333333333,14.285714285714285,0.0,0.0,50.0,12.5,100.0,42.857142857142854,87.5,42.857142857142854,50.0,66.66666666666667,62.5,50.0,62.5,37.5,28.57142857142857,58.333333333333336,70.0,65.0,50.0,19.973544973544975,64.98015873015873,48.21428571428571,52.15376984126984,72.5587774200742,73.33333333333333,72.94605537670375,52.67326598968652,49.88773518325959,50.0,50.0,50.0,53.279320987654316,Mixed / Divergent,0.25,37.4438675916298,"[""Accounting Profit Risk"", ""Working Capital Absorption""]",Accounting Profit Risk,2,75.0,1.0089601487499438,False
DBC,2026Q1,2026,1,8105,4124.178,-3433.197,690.981,395.151,374.038,-61.662,394.003,8261.724,15699.359,754.082,3379.132,778.845,4071.047,1322.6,7256.258,5782.378,8443.101,5369.886,744.403,-279.863,179.008,-293.577,-483.012,DABACO Group,Food & Beverage,Non-financial,farming-fishing-5,8390093340600.0,384866667.0,HOSE,5393.647,4999.644,16514.566,0.10596061298251619,0.1426373169684292,0.18551564035212195,-13894.204,-0.04769820210900872,-0.22958286117864132,-0.2052056765099893,2620.361,0.5282118765896274,-0.1544395591217188,0.09100337664824981,1469.346,1.1981531443829447,-0.25620175394015365,0.15800938641531143,1372.5459999999998,1.5174012828019736,-0.2640813756738677,0.1392928735365036,-252.72199999999998,0.027505283411664506,0.10968971541604702,0.12537203925965917,1467.842,11.05979652010498,0.9513603632178967,0.11179094868396144,-1099.4859999999999,0.18262400990677352,-3.791764403732557,-0.3547558759202784,670.961,0.08532452178130784,0.09060778866305999,0.03468158175153555,-1546.17,0.06732852559011336,-4.931687309316469,0.06392801877265762,-98.19600000000008,-8.30143757652714,-1.4046478747025377,-1.1803227210374674,-0.0755204850430209,-0.3093143682553484,-0.12571888266907832,0.004161416986914274,-0.017361244334339915,0.0893997217961979,0.0669637993364037,0.3073045064161908,-0.4685324188065173,-0.3974093358494092,-0.10695919286984572,-0.06897639941330254,-0.14657003097133084,-0.13585897619044088,0.1953642354178848,0.6940056586398001,-0.082191599002086,-0.017880515178508367,-0.0827132339045989,0.015900379404851395,-0.08237746836237009,0.011095740227861903,-0.12998396548810925,-0.07339774149454927,0.046354706408254225,0.1670784959063584,0.23103653413447936,0.1524329943634744,464.54,368.3560000000002,0.437874914106366,-0.27585196834914205,0.1586696859003137,0.0889727286808506,0.08311123646846062,0.08888165756217875,0.022304915551519807,0.09116763964795259,0.17509766071624594,1.0694300956033533,0.268374247566202,-0.006070056745628932,0.04566162986057278,0.2046152469280755,0.0560553882755716,0.12178886606406883,-0.5829249762015312,0.6388229869570433,0.46220090896704763,0.5377990910329524,2.3359471328178625,5.814080293761525,0.09678173698313972,1.4287761886199761,0.84439170182233,-0.2033961555306303,-0.03263734715565225,0.06657674201065895,1.6386734847479956,0.0893997217961979,0.1524329943634744,-0.013745357270746522,-0.0021133736023696698,-0.0033719435908648177,-0.00589388932018492,-0.014210858968750104,False,True,77.77777777777779,55.55555555555556,33.33333333333333,11.11111111111111,44.44444444444444,0.0,11.11111111111111,22.22222222222222,22.22222222222222,44.44444444444444,44.44444444444444,88.88888888888889,22.22222222222222,44.44444444444444,22.22222222222222,88.88888888888889,66.66666666666666,22.22222222222222,22.22222222222222,88.88888888888889,22.222222222222214,22.222222222222214,22.222222222222214,55.55555555555556,22.22222222222222,44.44444444444444,11.11111111111111,77.77777777777779,22.22222222222222,77.77777777777779,77.77777777777779,77.77777777777779,55.55555555555556,55.55555555555556,44.44444444444444,22.22222222222222,66.66666666666666,88.88888888888889,11.111111111111114,25.0,37.03703703703704,28.888888888888893,53.33333333333333,50.0,33.33333333333333,64.81481481481482,42.77777777777778,37.75925925925926,72.12318004569045,92.5,82.31159002284522,38.78209686993659,51.29032438140259,50.0,50.0,50.0,50.0,Mixed / Divergent,0.25,38.1451621907013,"[""Healthy Growth"", ""Margin Compression""]",Healthy Growth,2,22.22222222222222,-0.1969137880803426,False
DCM,2026Q1,2026,1,8105,5286.049,-3939.6,1346.449,871.913,788.629,-27.532,4072.577,15673.675,18851.714,1503.0,4665.131,1626.31,2540.765,41.012,7316.453,6370.419,11535.261,2093.619,433.615,-44.741,90.134,-287.408,315.117,PetroVietnam Ca Mau Fertilizer Corporation,Chemicals,Non-financial,specialty-chemicals-57,20673070000000.0,529400000.0,HOSE,2581.777,-1490.8000000000002,18510.271,0.2589964657443479,0.5516589622591663,0.31108801571186007,-14000.314999999999,-0.3434381048642853,-0.5623680130966702,-0.22495815330863814,4509.956,0.0634240154168757,0.5211517582875692,0.6771658521238482,2622.174,0.8056963807914379,0.9292244717335989,0.8726831369003366,2338.357,0.8170212177695652,0.9136371357161923,0.5688196065802541,-82.456,-0.5364696690663541,-0.7783232140550317,-0.5668598574821854,-93.32099999999946,-0.6506088751622606,2.7420833567692218,-3.399182456230509,-550.093,0.8795893102241839,0.7636290633601538,0.42537151285592223,355.766,-0.061299729223078483,0.17923960541120448,0.23710271924334111,2435.1779999999994,-2.2069982109710313,-1.169706486290615,5.863313921441748,-266.81199999999984,0.1248514141093235,-0.3067083513925588,0.6431992939194161,0.13433788229736615,1.0457398179589705,0.08490149749828599,0.1088585015144007,0.06847091285822125,0.1163199727607162,0.193923145665773,0.06660497436741737,-0.02988837271203557,0.4354783670407423,-0.07904020984367055,0.07620258927602445,0.14160079726242078,0.49427318734249415,-0.27797045826657985,-0.6016628139629752,0.13115920535116946,0.4317013374975669,-0.13988520099002108,-6.952332943931472,0.06820823105975005,0.15718854125297296,0.07331723519534608,0.16826878904709092,0.06863759062369794,0.09186168285443966,-0.03762628282388115,0.02060993272205852,388.874,-643.4139999999994,1.887457238771398,0.2994223681273515,0.24364613570487434,0.14166048676434828,0.1263275399911757,-0.005041579348027884,-0.03475983684949828,0.13085711278202977,0.21161577871518245,-0.03990879065942431,-0.27515644531609135,0.12898975658128484,0.08119816290101857,0.2520293192898148,0.11616238634630721,-0.2444830413444427,0.12439035132888221,0.22381608877337061,0.3881054529047067,0.6118945470952933,-0.5006145187612914,31.800887746191908,1.602894010268561,2.460383689047769,1.7280722037278864,0.12061332178570683,-1.439542994382522,0.029718257501470398,1.5462213927131876,0.1163199727607162,0.02060993272205852,0.05318105546689586,0.04248227405076306,0.02075356383605398,-0.007796665459254724,0.030291063219433728,False,True,100.0,100.0,75.0,75.0,75.0,50.0,25.0,25.0,25.0,75.0,100.0,25.0,25.0,25.0,25.0,25.0,25.0,50.0,0.0,100.0,25.0,50.0,0.0,25.0,50.0,25.0,0.0,50.0,0.0,75.0,50.0,100.0,100.0,25.0,75.0,25.0,100.0,100.0,50.0,25.0,79.16666666666667,50.0,25.0,43.75,25.0,70.83333333333333,60.0,47.35416666666667,54.36087022501133,65.83333333333333,60.097101779172334,47.25110014748649,50.68313567444805,50.0,50.0,50.0,50.0,Mixed / Divergent,0.25,37.84156783722403,"[""Accounting Profit Risk"", ""Working Capital Absorption"", ""Leverage-Funded Growth"", ""High Leverage Stress""]",Accounting Profit Risk,4,50.0,-0.14226143790122844,True
DGC,2026Q1,2026,1,8105,2124.591,-1635.926,488.665,501.393,430.05,-6.603,266.877,14465.608,18093.336,1268.83,1783.91,307.437,1171.177,0.0,2258.01,2194.869,15835.327,2213.709,-1093.032,-213.195,73.692,1833.748,-1514.358,Ducgiang Chemicals Group Joint Stock Company,Chemicals,Non-financial,specialty-chemicals-57,17033061823050.0,379778413.0,HOSE,1171.177,904.3,10576.276999999998,-0.22476394535011474,-0.2440014646065863,0.027769156032767077,-7515.183999999999,0.19193858060258626,0.1061197504016087,-0.13402299558232272,3061.0930000000003,-0.3175698888091321,-0.5014492369188641,-0.16443619854860334,3142.547,-0.3263019993550468,-0.48725691916258296,-0.13229770206599797,2782.234,-0.34536703134109564,-0.48607177428028536,-0.14136186084751143,-40.38,0.4481865284974093,0.05604002859185137,-0.8238482384823849,597.3380000000004,-2.3911091256886934,-4.163513857695246,-0.8859808288950826,-893.51,0.5323542959924543,-1.2440161673999537,-0.5052823278294692,314.172,-0.09188150046828022,-0.015234124438742792,-0.06753134970690802,562.6319999999996,4.5188823479841576,4.774448780648455,1.3434718721326826,-1081.09,-2.6575868531900917,-8.044377459599765,0.6932092802568088,-0.7435157421289356,0.4014073043295613,-0.1028280227408807,0.07724365005894625,-0.07451709978595057,0.09549535323756064,0.03972801200968902,0.19885068765991526,0.061141236458464726,0.8529759734587272,0.5082048439240004,0.6220506922167821,-0.24254494890699788,0.08480182434053356,,,-0.24254494890699788,0.08480182434053356,0.78828508147445,0.01699528108791375,-0.4551299839821472,0.02565581723239515,-0.46210914812119075,0.02781975414208003,0.027865450874400968,0.10623646704639565,-0.013686343997822295,-0.08801070801341883,-1306.2269999999999,-296.17199999999957,-6.214354147206055,-1.0637567559596783,0.2894301085344116,0.2971316844292184,0.26306364706597607,0.056479042672577556,-0.028003426914782924,0.16077882061086246,0.1845599467885854,0.21469725407711948,-0.10645114681223779,0.12075694609330197,0.11996943726038947,0.1686708848491771,0.04090877881366578,0.17108153162714818,0.8252068174259601,0.07395976098251712,0.12479788138572126,0.8752021738832463,0.26160645398136206,77.82434373452203,0.22787076590472663,6.590647551175036,5.777883782585658,0.05703266830776648,-0.6915505364163869,0.08448246958736048,2.8440153801102577,0.09549535323756064,-0.08801070801341883,-0.06657782031814957,-0.05481250341438676,-0.051817197610647625,-0.4526232202067061,-0.479423170799396,False,True,0.0,0.0,0.0,0.0,0.0,0.0,100.0,100.0,75.0,100.0,75.0,50.0,50.0,50.0,50.0,50.0,50.0,100.0,75.0,50.0,50.0,25.0,100.0,75.0,0.0,87.5,87.5,75.0,100.0,50.0,75.0,0.0,75.0,50.0,25.0,50.0,75.0,0.0,0.0,0.0,0.0,90.0,50.0,68.75,66.66666666666667,45.833333333333336,25.0,43.3125,72.25243287685021,45.0,58.626216438425104,43.13588921378246,50.68313567444805,50.0,50.0,50.0,50.0,Mixed / Divergent,0.25,37.84156783722403,"[""Working Capital Absorption"", ""Margin Compression""]",Working Capital Absorption,2,25.0,-1.5513943476759078,False
DGW,2026Q1,2026,1,8105,8500.182,-7696.773,803.41,245.991,201.884,-49.91,989.67,9479.79,10030.98,4776.486,2681.179,2549.607,2789.962,0.0,6356.627,6353.537,3674.353,105.116,-641.619,-1.874,11.597,-1.503,-109.21,Digiworld Corp.,Retail,Non-financial,specialty-retailers-74,8846748000000.0,221168700.0,HOSE,2789.962,1800.292,29612.411,0.06383272702423952,0.5400786003050742,0.3095219479854771,-26978.732000000004,-0.0546746471867433,-0.5275645512803082,-0.31870901997327067,2633.679,0.16036326977460277,0.6712465546830307,0.2222932812550034,762.3770000000001,0.15329545134884245,0.8132371152258524,0.320492324320205,650.494,0.24975392939166394,0.8975843594322773,0.40947531499517903,-173.56799999999998,-0.25147313256939385,-0.8199387397899649,-0.5727865019889992,-382.77400000000006,-1.5239382724920953,-0.6662399044329603,-2.82878574329328,-2.6990000000000003,0.5153866046030514,-15.873015873015873,0.9608159117305459,62.62,-0.46210575139146565,0.34007395424081344,0.22366826904287346,-61.76400000000001,-1.0667258601553828,-1.0247330053152102,-424.95862068964607,139.29799999999983,0.4898921958784075,-1.5144789963867284,-0.4474822997441647,-0.43187780496233646,-0.23556119248962645,-0.11413758402212683,0.30282358910562496,-0.10890015175644557,0.2794287698199612,0.3594453480876207,0.8904190912901153,-0.3956160405101823,-0.1593308205869617,-0.276586357266505,0.6325185063290654,-0.0376690440129264,0.033758798185302544,,,-0.0376690440129264,0.033758798185302544,0.5557727522946088,0.2820620189486518,-0.18341286650464134,0.3455909887318929,-0.1833341495445477,0.34565870600213044,0.05813815526124064,0.17912810024899226,-0.17142113933928727,-0.2514971339053655,-643.493,-385.47300000000007,-0.670559922740631,-3.745045397899235,0.08893835088267552,0.02574518501718756,0.021966938119290593,-0.012926134248238012,-0.013017278464762631,0.07279809472031565,0.1915890314046919,-0.5884358656651715,-0.5925850200001845,0.10300768220054272,0.16130013864794732,0.09054240804641,0.09450433029988213,0.5808971433046382,-0.46885276857243885,0.7593070126903975,0.633699498952246,0.3663005010477541,2.182180056412326,4.392382236356933,0.3547252614910167,1.4920492317901037,1.0700513745335867,-0.2757631498001746,-0.8932788263092042,9.114421652461869e-05,0.043101245608431815,0.2794287698199612,-0.2514971339053655,-0.006347064070201913,0.00021388565707199103,0.001557792041164182,-0.022182033449525615,-0.01922716186621416,False,True,100.0,50.0,0.0,0.0,100.0,100.0,0.0,0.0,50.0,50.0,0.0,50.0,50.0,50.0,50.0,0.0,100.0,0.0,100.0,0.0,100.0,50.0,50.0,50.0,100.0,50.0,100.0,0.0,50.0,0.0,50.0,50.0,0.0,100.0,50.0,50.0,50.0,50.0,100.0,100.0,58.333333333333336,20.0,40.0,50.0,61.111111111111114,41.666666666666664,70.0,49.0,71.70834615923438,65.83333333333333,68.77083974628385,49.338472853028975,50.997234628591066,50.0,50.0,50.0,50.0,Mixed / Divergent,0.25,37.99861731429553,"[""Accounting Profit Risk"", ""Working Capital Absorption""]",Accounting Profit Risk,2,50.0,-0.5200692554193965,False
DIG,2026Q1,2026,1,8105,144.555,-104.951,39.604,-11.44,-9.908,-25.631,2140.43,15336.39,17721.034,5776.657,6804.904,509.384,702.194,722.323,7568.376,6652.417,10152.658,1194.569,-436.85,-4.133,0.0,48.249,-750.149,Development Investment Construction Joint Stock Corporation,Real Estate,Real Estate,real-estate-holding-development-160,10512891721200.0,796431191.0,HOSE,1424.5169999999998,-715.913,4715.851000000001,-0.9511589342440557,-0.05412656140603422,2.722604326598596,-3577.913,0.9544821137446226,0.15088187702265374,-2.8371468007091063,1137.9379999999999,-0.9394427769104562,0.35504841413761246,2.4031892431827826,866.6149999999999,-1.0203160351055405,0.7126927520216988,3.055401649087011,680.7940000000001,-1.0233687512529925,0.7819590237890891,2.8322638025758806,-98.876,0.13793219426880127,-0.12392019294014472,-0.7052584378179813,1176.9099999999999,-1.544768674398304,-1572.4028776978416,-0.1030312545490159,-4.202499999999999,-8267.0,-24.482954545454547,0.9304716840659795,0.0,,,,563.4939999999998,-0.8757132148570221,-0.7718486083658821,1.2955973622047863,-94.56100000000004,-2.0142000362335497,-0.4949699271795322,0.8891821291666129,-0.3472662966145784,3.327755559239924,-0.07949457038050191,-0.0628771104205892,-0.06819489911695059,-0.06288747500562133,-0.0689627384081234,-0.0006463228365268376,0.024981894994583663,-0.25101944790384295,-0.037206867157213795,-0.33760208062418723,-0.02883238986447531,-0.33238765201336,-0.5230463052287595,-0.6857451253542488,-0.3633420812230838,-0.5748122943296546,0.3127362756147244,-1.250692376729979,-0.15808092033380514,-0.3074085665497153,-0.07803401275786781,-0.2049191290179274,0.012377688929023202,0.27184342206931245,-0.1063992926412549,0.43818624429333697,-440.983,1172.7074999999998,-4324.3627450980375,-0.06307374082613905,0.24130066874462314,0.18376640822621407,0.1443629156222281,0.2495647127103888,0.24867356920309816,0.037170084610188135,0.07507947212313672,1.728731451804804,1.7225585125603333,-0.02799588331019509,1.2249447660666122,1.4429853699788224,0.14236902909601212,-2.723250649435123,-2.973623774502439,0.14030975927683173,0.4270843337922607,0.5729156662077394,-0.8261027099692483,8.764664832719768,3.048203203103416,2.305386147621233,1.2824641028967365,-3.2974166209282507,-3.760660086904992,0.0008911435072906244,,-0.06288747500562133,0.43818624429333697,-0.022647895173549593,0.015080372775102407,0.004130916474759827,-0.7861800487583339,-0.7393586217640122,False,True,94.44444444444444,100.0,88.88888888888889,88.88888888888889,33.33333333333333,55.55555555555556,16.666666666666664,22.22222222222222,16.666666666666664,50.0,44.44444444444444,88.88888888888889,94.44444444444444,66.66666666666666,83.33333333333334,83.33333333333334,0.0,2.7777777777777777,72.22222222222221,33.33333333333333,88.88888888888889,97.22222222222223,77.77777777777777,61.111111111111114,88.23529411764706,50.0,61.111111111111114,94.44444444444444,77.77777777777779,11.11111111111111,2.7777777777777777,22.22222222222222,0.0,11.76470588235294,38.888888888888886,83.33333333333334,5.555555555555555,94.44444444444444,97.22222222222223,,76.85185185185186,30.0,83.33333333333333,27.08333333333333,77.39651416122005,14.46078431372549,70.13888888888889,74.27137799564271,70.70587659402595,92.5,81.60293829701297,75.2421350349072,50.62440497655373,50.0,50.0,50.0,50.03898635477583,Mixed / Divergent,0.25,37.81220248827687,"[""Healthy Growth"", ""Accounting Profit Risk"", ""Margin Compression""]",Healthy Growth,3,100.0,2.2004472096079173,False
DPM,2026Q1,2026,1,8105,5623.198,-4682.081,941.117,514.425,410.836,-43.6,1191.437,14773.851,18156.994,2023.94,3064.378,1006.267,3167.058,0.0,6340.404,6125.118,11816.59,2438.142,897.032,-12.234,92.881,47.999,-997.123,Petrovietnam Fertilizer and Chemicals Corporation,Chemicals,Non-financial,specialty-chemicals-57,17440076788650.0,679925021.0,HOSE,3167.058,1975.621,18067.452,0.6469244775672652,0.3648128066048499,0.2626815002464219,-14842.477000000003,-0.7050543681520872,-0.35115556142976445,-0.2010819424403905,3224.9750000000004,0.40809471513940054,0.43707874090294135,0.6528094390756902,1599.623,1.1949455557072637,1.0565072258090307,1.7065325714904496,1295.542,0.76544955287505,0.9477085140779301,1.6048061186329583,-160.351,0.11756967354125762,-0.7256391989234546,-1.196288179701411,-1378.3449999999998,1.7328668860559282,3.412421235925764,-2.712987358384577,-136.18300000000005,0.8311293929271457,-1.2203266787658802,-0.6899928023628098,347.179,0.6881929550328983,-0.0366840216557075,-0.11525788275948202,2627.5199999999995,-0.9764944802502998,1.096238403532023,1.773406896941482,-860.7900000000001,-1.285516836703119,-53.982093517534544,-1.3333108748582791,0.019757727330695286,0.6359645629828168,0.01819853541683643,0.04005066127023197,0.02139478797655295,0.04051768135655535,0.45651623228956173,1.4011797450213195,-0.10766067916001149,0.44696083630063815,0.49958794627355907,-0.05104602431544433,-0.2394523677044777,-0.07956996622342297,,,-0.2394523677044777,-0.07956996622342297,-0.34054258121627795,-0.27167871920630193,0.015488577442406748,0.04610608522713494,0.0160417038516943,0.04090198664850129,0.02459228188268617,0.03754366601823434,-0.009965549782270227,-0.07304497256935606,884.798,-1514.5279999999998,3.4734891575280478,-3.0917103783930107,0.17849639229704334,0.08853616990375843,0.07170584983427657,-0.07628884249976144,-0.08382631928398092,0.07276903984715795,0.1116577273713516,-1.0639137905216502,-1.1690304135257674,0.14726485011781135,0.11202132984772839,0.16960764583738758,0.06779643316947703,1.1384982447748975,0.18427933605421626,0.26801793072282276,0.34919899185955566,0.6508010081404444,1.014803251691749,9.975759427755362,0.3761967731566646,2.4120108379952843,1.91171386412474,-0.34225146646984483,-2.902820751191861,0.007537476784219493,0.3922558680104501,0.04051768135655535,-0.07304497256935606,0.04213215871652401,0.04723129701298551,0.03694639138647984,-0.132523063743813,-0.13442889968277896,False,True,75.0,75.0,100.0,100.0,25.0,75.0,0.0,0.0,0.0,0.0,0.0,0.0,0.0,0.0,0.0,0.0,75.0,75.0,50.0,75.0,0.0,0.0,25.0,0.0,25.0,0.0,25.0,0.0,25.0,100.0,100.0,75.0,50.0,0.0,100.0,0.0,0.0,25.0,100.0,50.0,75.0,0.0,0.0,68.75,11.11111111111111,70.83333333333333,35.0,22.979166666666668,42.298351499911924,65.83333333333333,54.06584241662263,22.574537179359,50.68313567444805,50.0,50.0,50.0,50.0,Mixed / Divergent,0.25,37.84156783722403,"[""Accounting Profit Risk"", ""Working Capital Absorption"", ""High Leverage Stress""]",Accounting Profit Risk,3,0.0,-1.5711775541268835,True
DSE,2026Q1,2026,1,8105,395.143,-299.041,96.102,14.176,11.327,-37.747,795.26,13212.814,15559.097,388.681,0.0,2.053,8696.434,23.216,10200.652,8879.094,5358.446,96.759,-127.577,-5.947,9.963,-3.675,415.933,DNSE Securities Joint Stock Company,Financial Services,Securities,investment-services-154,9635620635000.0,428249806.0,HOSE,8719.65,7924.389999999999,1609.656,-0.09125761227531148,0.6234372368004798,0.8516499886691614,-1040.357,0.1026984369889608,-1.2002383877921905,-1.0571473202986583,569.299,-0.05371367803302577,-0.1059114675399587,0.565810644670651,288.245,0.21172749807675872,-0.7825199822039489,0.5044808994159433,230.76,0.2216350301984469,-0.7866694289588669,0.4009312829728204,-94.417,-0.3141275588358167,-2.716353253913557,-2.3373511010568735,-3774.056,0.9030087163443812,0.8736388470140309,-1.1081520706952221,-26.987,0.6280335251438579,-1.8896987366375124,-0.5090868422524185,37.333,0.02111304704314846,0.23856290402784666,0.3228801247298111,-18.509999999999998,0.7321233326044173,-6.041152263374486,-0.7458970005659307,4052.809,-0.621010170591119,-0.08021751052612965,1.37793735749599,0.5575650389068096,0.4864145011672482,-0.005496229217340861,0.4460318709341753,0.027733912702412017,0.3946544525134728,0.14415530893997824,-0.31551808849919083,,,-0.48430042702838483,-0.36439628482972136,-0.06708850127029908,0.30479423434561365,-0.14154710841591478,0.26167056138253364,-0.06730389196977389,0.30467550430275914,-0.1034019492014629,0.2888609284383968,-0.05871099448486045,0.4421262254815334,-0.06652478077652262,0.31479101278261257,0.24547535870098294,0.31241305191217206,-0.0854623302237219,-0.00381962318542155,-133.524,-3801.043,0.8680175549580895,-1.1022270302079031,0.35367743169969235,0.17907242292763176,0.1433598234653864,-2.344635127008504,-2.3614008210449935,0.01727547118536975,0.04888288126836206,-16.354896862541167,-16.47184520714162,0.2573938577540843,0.24146836342671973,0.0,0.001973361067402824,-1.1671680771683524,,1.6272721606226879,0.6556069417139054,0.3443931225571767,24.339451682853266,3.0528930171473356,0.0914466780291784,1.488081329018479,1.488081329018479,-0.5469744843664023,-2.8418320004728166,0.016765694036489785,0.7228725256475504,0.3946544525134728,-0.00381962318542155,-0.0645639531243461,-0.041322166338095406,-0.04612285760659146,-0.2852753366462739,-0.28146951928693076,False,True,93.75,62.5,75.0,50.0,62.5,0.0,0.0,0.0,0.0,12.5,0.0,18.75,12.5,6.25,6.25,18.75,12.5,,75.0,50.0,57.142857142857146,7.142857142857139,37.5,83.33333333333334,71.42857142857143,28.57142857142857,28.57142857142857,62.5,37.5,42.857142857142854,92.85714285714286,62.5,28.57142857142857,16.666666666666664,16.666666666666657,6.25,75.0,37.5,12.5,42.85714285714286,57.291666666666664,2.5,12.5,45.833333333333336,45.96560846560846,43.3531746031746,34.82142857142857,34.3219246031746,65.20779761497916,58.333333333333336,61.77056547415624,34.282646256463906,49.88773518325959,50.0,50.0,50.0,53.279320987654316,Mixed / Divergent,0.25,37.4438675916298,"[""Accounting Profit Risk"", ""Margin Compression""]",Accounting Profit Risk,2,12.5,-0.857969800275914,False
DXG,2026Q1,2026,1,8105,1352.551,-718.176,634.375,250.078,214.44,-62.676,1797.432,34319.278,38493.054,12465.107,15800.681,805.526,2201.796,2618.596,17392.689,14650.412,21100.365,371.509,504.777,-14.635,14.132,-2122.181,23.749,Bluemarq Group Joint Stock Company,Real Estate,Real Estate,real-estate-holding-development-160,16739157270000.0,1268117975.0,HOSE,4820.392,3022.96,4591.945,-0.05883175677650378,0.4623295409701717,-0.013697779805392024,-2051.6420000000003,-0.2026485275352417,-0.7319426525026226,0.11272135021359804,2540.302,-0.24473412259981717,0.24322899518680524,0.08400926504374774,787.469,1.520820523159115,0.585461415565643,0.12452839349618587,710.3330000000001,2.38334832205235,1.7302589697232054,0.5634564803504023,-223.029,-0.015357698289269058,0.5240749318490733,0.48495121528780094,776.6119999999999,1.999393914185379,-0.5533389610941216,4.461099994206333,-109.802,0.7202041830765114,-3.7608978529603125,-0.5083728278041072,66.686,-0.29123827674406944,-0.02396574349057252,0.2852902628941486,-3114.7899999999995,-1.0853823431723804,-33.28402261712439,-14.72895888985959,-970.6020000000001,-0.9240357734603402,-0.991485994857683,-1.235025963947101,-0.4700293580935549,-0.6480244071752865,0.009580182018310348,0.11877489485429976,0.010251944561016087,0.14358004132544805,-0.12650098287942613,0.056946230855255874,0.009091071653235087,0.18032540617131193,-0.01416110939092914,0.07333628252550327,-0.010374946233031137,-0.4788803931527723,0.01854948467603062,-0.211285507793334,0.005130754374778142,-0.3611319079781377,1.152772683993998,0.23967403072037344,0.008838647198182165,0.04916018331827799,0.01178660259555672,0.12231185143307145,0.011419931846814732,0.23521036790719074,-0.014020998322681902,0.02337311031777517,490.142,666.8099999999998,-0.565106056761174,3.2438067420872327,0.5532082810225297,0.17148920555450906,0.1546910949499613,0.16912484796747346,0.14521297620071666,0.0196895812707367,0.03720699055602853,1.0933069419553925,0.9387287370852821,-0.001721843114864302,2.714559298946307,3.4409560654581015,0.39262502912301456,0.0706440106606479,0.19402318597670395,0.228450645285046,0.4518396747631404,0.5481603252368598,3.539123461198494,3.530791959789983,0.8163481085441159,2.3425469536283345,1.2640325063895812,-0.34743412817274566,0.36042282179161506,0.02391187176675679,1.6465524997750651,0.14358004132544805,0.02337311031777517,0.049863361935935546,0.021079322481694085,0.0571046431932183,0.217319992089175,0.20904373227314202,False,True,27.77777777777778,33.33333333333333,38.88888888888889,44.44444444444444,77.77777777777779,77.77777777777779,72.22222222222221,11.11111111111111,27.77777777777778,16.666666666666664,11.11111111111111,61.111111111111114,66.66666666666666,61.111111111111114,72.22222222222221,61.11111111111111,61.111111111111114,66.66666666666666,91.66666666666666,66.66666666666666,83.33333333333334,44.44444444444444,66.66666666666667,33.33333333333333,64.70588235294117,55.55555555555556,55.55555555555556,83.33333333333334,66.66666666666666,16.666666666666664,55.55555555555556,33.33333333333333,11.11111111111111,88.23529411764706,66.66666666666667,72.22222222222221,55.55555555555556,66.66666666666666,50.0,33.33333333333334,50.0,27.77777777777778,64.44444444444443,71.52777777777777,61.51053013798113,45.26143790849673,55.55555555555556,48.208197167756,65.5357489109806,86.66666666666667,76.10120778882364,48.90386768161102,50.62440497655373,50.0,50.0,50.0,50.03898635477583,Mixed / Divergent,0.25,37.81220248827687,"[""Leverage-Funded Growth"", ""High Working Capital Stress""]",Leverage-Funded Growth,2,50.0,0.31276842058750026,True
DXS,2026Q1,2026,1,8105,1415.717,-762.997,652.72,323.684,290.567,-36.204,445.757,15886.128,16536.781,9537.598,5144.513,385.844,2035.935,994.027,7411.692,6385.481,9125.089,213.544,-367.835,-13.158,10.29,-17.978,36.503,Dat Xanh Real Estate Services Joint Stock Company,Real Estate,Real Estate,real-estate-services-170,4418556836120.0,579103124.0,HOSE,3029.962,2584.205,4841.9890000000005,-0.11355579015123905,1.7625686877517248,1.0039993162712948,-2577.4249999999997,0.2467976434446459,-1.6972843224593108,-1.0834259551906904,2264.563,0.11753728149023229,1.8430057320068995,0.920660970574715,852.742,5.617545437818167,4.5877915307196995,1.6614171262355302,745.736,6.220132193618925,5.717224957810297,2.136441444283221,-110.589,-0.22988076230594148,-0.658299743495786,-0.20473882019717846,-721.534,-3.2266767784710493,-4.261093133560885,-4.780990609541377,-78.12299999999999,0.5837393229990508,-5.449999999999999,-1.0334999219116037,43.546,-0.14598721885633667,-0.0013586956521740219,-0.015486875720648465,-207.25000000000003,0.8271296287392906,-2.9854224185532856,-1.5328754399687132,1078.832,-0.8905037015706179,1.1509992016314847,8.518359780616489,-0.439687713295565,0.5049545397764297,-0.02043383468021046,0.08620431129246128,-0.02255130550561474,0.07244609731002932,-0.029916212066935205,-0.010930210708329467,0.00615760247008172,0.15808644847558215,-0.20847966652443625,0.16936243980349186,-0.005454056958624378,0.250176540879499,0.0503033011805554,1.9103155293614755,0.012173966492278891,0.5379963463245742,0.17572457833781024,0.5438430996763205,-0.08620765967834701,0.04989890124335744,-0.09593060668043504,-0.04076047768182267,0.03607116110141968,0.09148505230285546,-0.016886728173397317,0.0762438513023144,-380.993,-799.6569999999999,-4.439962078461469,-6.246611203695198,0.4676927188393034,0.17611398951959617,0.1540143936716915,-0.14901603452630724,-0.16515051975541453,0.04667199433128807,0.08529842713953517,-0.967546155744124,-1.0723057489513714,0.08872766713183176,1.9697686219444115,1.062479282790605,0.14970134921481712,-1.0149295269796244,-0.8459128677957126,0.3320473915377702,0.44819436140564484,0.5518056385943553,2.8832306133742724,7.7109115734838,0.2189446126718191,2.4878514241918506,1.682193557540928,-0.46600296994672064,-1.8661559464327087,0.016134485229107293,1.7940338951912917,0.07244609731002932,0.0762438513023144,-0.02029339799139057,0.04350331714360167,0.05560836725708289,-0.227997460862196,-0.22823152877674296,False,True,94.44444444444444,83.33333333333334,83.33333333333334,83.33333333333334,91.66666666666666,94.44444444444444,50.0,16.666666666666664,22.22222222222222,55.55555555555556,50.0,33.33333333333333,38.88888888888889,38.88888888888889,44.44444444444444,33.33333333333334,5.555555555555555,2.7777777777777777,91.66666666666666,27.77777777777778,72.22222222222223,55.55555555555556,72.22222222222223,50.0,41.17647058823529,61.111111111111114,77.77777777777779,38.88888888888889,72.22222222222221,27.77777777777778,44.44444444444444,27.77777777777778,5.555555555555555,17.647058823529413,50.0,44.44444444444444,38.88888888888889,72.22222222222221,66.66666666666667,26.66666666666667,88.42592592592592,38.88888888888889,37.77777777777778,31.944444444444443,60.13071895424836,28.86710239651416,49.777777777777786,62.31546840958606,57.19260294004152,65.83333333333333,61.51296813668742,62.28172694083427,50.62440497655373,50.0,50.0,50.0,50.03898635477583,Mixed / Divergent,0.25,37.81220248827687,"[""Accounting Profit Risk"", ""Margin Compression""]",Accounting Profit Risk,2,72.22222222222221,1.2162479073425791,False
EIB,2026Q1,2026,1,8105,1528.121,-2835.97,1379.982,657.338,269.16,-2835.97,2983.586,,269958.406,1395.899,,,,,243524.177,,26434.229,3812.14,-8534.143,-60.903,,-59.323,,Vietnam Export Import Commercial Joint Stock Bank,Banks,Banks,banks-151,39862220989800.0,1862720607.0,HOSE,,,7012.2119999999995,-0.17092195618712885,-0.15455015726445592,-0.20206146854030144,-10128.813,-0.13532668810572573,-0.26073088489929813,-0.3081805609226375,6005.282999999999,-0.18387432920100258,0.018900105140048876,0.014426474860976956,2736.9399999999996,0.3875852810051337,-0.3142671751902791,-0.4709699766463981,747.61,1.5696724954601444,-0.5912460192956905,-0.7838054020165168,-10128.813,-0.13532668810572573,-0.26073088489929813,-0.3081805609226375,9029.041000000001,-2.1089633770136818,-1.3610677137008522,1.9133992399468374,-458.671,0.5964390315013849,-0.16240409207161127,-0.5302856914079052,,,,,-410.01199999999994,0.4760516856115807,-0.1406733708923799,-0.3988952462836537,,,,,0.396878591878346,0.29466026073840573,,,-0.012119867044366751,0.07496384001140184,0.06675821887396899,-0.6237984125084759,,,,,,,,,,,,,-0.015125072926084466,0.08052829561866783,,,0.016453139912828135,0.026275396446588148,-0.010390517957948929,0.01563628128788183,-8595.046,8570.37,-1.3439408702832705,1.8414841017918127,0.8564035143261498,0.39031050401784767,0.10661543033781638,1.287616660762681,1.2222063451589886,0.0028694031133359612,0.028648632460915074,12.077207367477698,11.463690961865144,-0.030676692467950045,0.19906685650690537,,,-0.42173694396817446,,,0.9020803634468044,0.09791963655319552,,0.2702133014006675,,,,,0.1627894157237606,0.06541031560369254,,0.07496384001140184,0.01563628128788183,0.18276438966510988,-0.19839670850481134,-0.2868845030934545,2.412468644909082,2.3811653012702827,False,True,5.88235294117647,11.76470588235294,2.941176470588235,5.88235294117647,5.88235294117647,5.88235294117647,91.17647058823529,0.0,0.0,5.88235294117647,0.0,91.17647058823529,88.23529411764706,29.411764705882355,29.411764705882355,23.529411764705884,17.647058823529413,,11.76470588235294,,,,70.58823529411765,0.0,,,,0.0,70.58823529411765,,,29.411764705882355,,100.0,100.0,29.411764705882355,0.0,23.52941176470588,5.882352941176478,,6.372549019607843,19.41176470588235,52.35294117647059,14.705882352941178,35.294117647058826,76.47058823529412,14.705882352941178,29.034313725490197,44.67379084822894,45.0,44.83689542411447,28.179793301962803,51.14539221067532,50.0,50.0,50.0,50.0,Mixed / Divergent,0.25,38.072696105337656,"[""Leverage-Funded Growth"", ""High Leverage Stress""]",Leverage-Funded Growth,2,5.88235294117647,-0.9363074985155343,True
EVF,2026Q1,2026,1,8105,487.356,-1141.389,452.305,433.685,266.631,-1141.389,10.003,,81765.561,1110.098,,,,,71622.641,,10142.92,237.07,3016.237,-1.928,,-1.478,,EVN General Finance Joint Stock Company,Financial Services,Securities,consumer-finance-129,10419751487400.0,760565802.0,HOSE,,,2274.925,-0.021654424532714458,0.14401742706641246,0.5115007404936759,-3956.6769999999997,-0.12224352545572528,-0.4358141851858373,-0.37465331206621644,1915.236,-0.013177846382092136,0.05479362606661702,0.27880614953177435,1994.101,0.12171421033709491,0.1638457347885711,0.41704690727766686,920.4879999999998,0.6862146163770204,0.10874500998003984,0.3735039355392247,-3956.6769999999997,-0.12224352545572528,-0.4358141851858373,-0.37465331206621644,2366.302,1.9001258167194186,0.3732852357029749,1.7070872113332272,-191.61599999999999,0.6015705724323208,0.17182130584192437,-32.818566890222385,,,,,-107.76599999999999,0.8743731406714832,-0.47504990019960075,0.871914214876426,,,,,0.4021586767591813,0.14267763308201972,,,-0.01556255316906973,0.33589307086257575,-0.19136512468995967,-0.673611848196453,,,,,,,,,,,,,-0.02130620632277105,0.3784453849552681,,,0.026997083621185993,0.09680840618413208,-0.008000602555841051,2.8106796116504853,3014.309,2174.686,0.37386362496912096,1.6487310628942355,0.8418897326285482,0.8765568095651505,0.40462344912469633,1.0401670384737958,0.9559374484873128,0.012876458866378289,0.09494173152459326,2.57070380059273,2.3625359591868667,-0.01768243233847561,0.48797125179950984,,,-1.1851125886901288,,,0.8759511966168739,0.12404880338312606,,0.5039837722412015,,,,,-0.7917002193438833,0.08422958998648306,,0.33589307086257575,2.8106796116504853,-0.15319224656587171,-0.058427247728928156,-0.040652772623426814,3.263673875665514,3.1832088771251836,False,True,50.0,25.0,37.5,25.0,12.5,62.5,100.0,100.0,87.5,0.0,50.0,100.0,100.0,100.0,100.0,87.5,12.5,,87.5,,,,0.0,0.0,,,,37.5,0.0,,,100.0,,83.33333333333334,100.0,100.0,37.5,93.75,0.0,,35.416666666666664,67.5,97.5,50.0,9.375,94.44444444444446,57.8125,47.37499999999999,48.38086019045272,77.5,62.94043009522636,47.3942148843428,49.88773518325959,50.0,50.0,50.0,53.279320987654316,Mixed / Divergent,0.25,37.4438675916298,"[""Margin Compression"", ""High Leverage Stress""]",Margin Compression,2,62.5,0.3700430129477151,True
FPT,2026Q1,2026,1,8105,12479.997,-8235.107,4244.89,2747.764,2476.79,-179.461,7993.578,41527.873,68586.095,12347.99,1094.571,1852.715,14491.358,1605.069,28464.058,25696.152,40122.037,11625.313,-2847.814,-589.069,409.926,-2254.895,2586.192,FPT Corporation,Technology,Non-financial,software-177,124185669120900.0,1703507121.0,HOSE,16096.427,8102.848999999999,66534.681,-0.3829557809591382,-0.22282429827960784,0.02654787259179947,-42702.61,0.3750950340240587,0.1559616976602865,-0.05896707274951763,23832.070999999996,-0.39765512201524694,-0.32635207577807157,-0.026834652341676368,12705.597,-0.21087704707114885,-0.08219502492281651,0.10450825960366306,11113.572,-0.17301537747519594,-0.04575780843957572,0.12682695655577159,-836.8310000000001,0.13314752736371274,-0.1776428899534092,-0.4779907982232274,9795.134000000002,-1.6931600255181332,-0.13598845428464745,-0.006021731243927102,-3079.56,0.39414207092747117,0.7740804348192932,0.41178335712640324,2680.082,-0.4964122106458021,-0.36349167653950254,0.046111414482813175,-9482.25,0.3153482686461665,0.4872195750705703,0.0171008743860671,1114.4690000000014,51.56192691939236,-0.39476616914491447,9.51435445068157,-0.2403062656848353,0.18324423500642795,-0.28569482198372764,-0.09869967584298737,-0.22186810799556242,-0.07313173212892782,-0.14262078707447715,0.029185191890100774,-0.5010548051983572,-0.480738769006124,-0.5171550978465141,-0.42894865079538763,-0.24404866701857625,-0.20899607591834368,-0.15690858760682638,0.6250884647978445,-0.23617638599629956,-0.16632909311534855,-0.2320579647346638,-0.3544701880444345,-0.3588302604559797,-0.21154417307567328,-0.3811873344804515,-0.24238395615995312,-0.08288380272844677,0.0587223859203404,-0.32757123185980636,-0.2523123026398807,-3436.883,6715.574000000002,0.32798985282926496,0.45388420190528095,0.3581902045942025,0.19096201874027172,0.16703427194608478,0.1472184709204513,0.1009334365035883,0.1558883196297632,0.2848951120585308,0.8813668548689838,0.604267826761729,0.019223109290593062,0.1855872728990765,0.016451134709731304,0.04338645811110843,0.002637319298301303,-0.5072866415979235,0.4011866845145475,0.4150120808015094,0.5849879191984906,0.5266487751369309,15.182990352890844,0.5516100009398706,1.6161125214390077,1.5735158322537943,-0.19287696570714802,-0.5824990578268905,0.04628503441686299,1.1490543946043443,-0.07313173212892782,-0.2523123026398807,-0.01964835428397338,0.01347882440544218,0.014864787964018994,-0.004823895477293588,0.02966709742351875,False,True,21.428571428571427,12.244897959183673,29.591836734693878,29.591836734693878,9.183673469387756,22.448979591836736,47.95918367346938,46.93877551020408,51.02040816326531,90.81632653061224,92.85714285714286,45.91836734693878,56.12244897959183,54.08163265306123,61.224489795918366,42.85714285714286,48.97959183673469,12.857142857142856,40.816326530612244,16.455696202531644,62.0253164556962,72.15189873417722,74.48979591836735,78.94736842105263,63.1578947368421,41.77215189873418,63.29113924050633,15.306122448979592,74.48979591836735,37.9746835443038,27.848101265822784,25.510204081632654,38.961038961038966,47.87234042553192,21.05263157894737,61.224489795918366,2.0408163265306123,2.0408163265306123,32.653061224489804,54.66666666666667,20.74829931972789,65.91836734693877,52.04081632653062,29.777189356755358,60.62572041919144,33.20316664287958,30.525170068027215,51.47823323436205,65.61553814234155,79.16666666666667,72.39110240450411,51.92503984832652,48.09005974957047,32.993197278911566,48.163265306122454,35.76724360630328,48.13159175040515,Mixed / Divergent,0.25,36.545029874785236,"[""Healthy Growth"", ""Accounting Profit Risk"", ""Margin Compression""]",Healthy Growth,3,54.08163265306123,-1.4317210120042998,False
FRT,2026Q1,2026,1,8105,15116.909,-12121.981,2994.928,466.299,374.599,-149.775,644.901,24121.386,26027.166,691.245,14447.619,5950.439,12381.418,0.0,20513.293,20512.601,5513.873,1553.698,-2610.546,-96.336,114.348,-1944.462,2329.91,FPT Digital Retail Joint Stock Company,Retail,Non-financial,specialty-retailers-74,21645356873500.0,170301785.0,HOSE,12381.418,11736.517,54529.933,0.01368941581713696,0.29538215803209045,0.27607092388912063,-43849.801,-0.006968461950870348,-0.29711447754090176,-0.2661474524189157,10680.131000000001,0.041834396180706696,0.28841760016450824,0.3184985547309693,1412.07,0.1161326149346188,0.7460196806757928,0.9581785958946853,1146.054,0.07539559505764543,0.7604660124821415,1.0446592484358026,-449.788,-0.4066814433570637,-0.6907680845299377,-0.5974230300705682,-1005.8029999999997,-13.888402863490496,-3.284773810940815,-3.497642171238708,-540.146,0.27923506262251413,-0.06389839867476534,-0.1654842356921536,426.509,0.044254899453891286,0.26496747643701046,0.272557204192637,-7260.222,-1.5019615916621096,-38.49661569315618,-17.57206573841589,5519.767,0.020832356640902445,22.590680814871813,2.286839463269805,-0.7752842306850667,-0.8098266591411338,0.10714317843460414,0.6272185093969842,0.0975333972386882,0.5644959601493978,-0.05163141156681919,0.3162058722723639,0.2113714456424232,0.4793987674628545,-0.00759277280637893,0.5294662710739121,0.23179705970487213,0.3913092237394896,,,0.23179705970487213,0.3913092237394896,0.6342354743808392,1.1308162994456599,0.10433974610723515,0.43414128966842264,0.10434357387455497,0.43414835673451063,0.07293185869586151,1.3638343871658924,-0.013097735019227305,0.06861218482193215,-2706.8819999999996,-1545.9489999999996,-3.5729985913002804,-24.44730127899139,0.19585813538410182,0.025895318815080885,0.021016970624189106,-0.018444970398184785,-0.02835046578912906,0.05372551927006305,0.292119641061522,-0.877622694916644,-1.3489320747538942,0.08267734566260498,0.012676432226681812,0.2649484091608915,0.1357004790055946,0.040134948383243274,0.20332784357373385,2.245502934144475,0.788149312914053,0.211850687085947,6.383471691996918,3.139412345371597,0.05208619885056784,1.1759301514225329,0.47160118797221273,0.11523829985036899,-1.5556016259652536,0.009905495390944272,1.2664351748732148,0.5644959601493978,0.06861218482193215,0.006302469301640634,0.0090203190198422,0.007900288642936444,-0.027868694376005795,-0.026928813855370264,False,True,50.0,100.0,100.0,100.0,50.0,0.0,50.0,50.0,0.0,0.0,100.0,0.0,0.0,0.0,0.0,50.0,50.0,100.0,25.0,100.0,0.0,0.0,0.0,0.0,0.0,0.0,0.0,100.0,0.0,100.0,100.0,100.0,100.0,0.0,100.0,0.0,100.0,100.0,0.0,0.0,66.66666666666667,40.0,10.0,68.75,11.11111111111111,83.33333333333333,40.0,29.520833333333336,69.42719873395022,65.83333333333333,67.63026603364177,29.802277500730206,50.997234628591066,50.0,50.0,50.0,50.0,Mixed / Divergent,0.25,37.99861731429553,"[""Accounting Profit Risk"", ""Working Capital Absorption"", ""Leverage-Funded Growth"", ""High Leverage Stress""]",Accounting Profit Risk,4,0.0,-0.15784979234064414,True
FTS,2026Q1,2026,1,8105,378.399,-176.797,201.601,184.028,159.915,0.0,635.724,12892.14,13059.842,103.087,0.0,2.264,8308.97,0.0,8530.297,8530.297,4529.545,132.622,-1825.532,-3.058,3.233,-3.058,-449.316,FPT Securities Joint Stock Company,Financial Services,Securities,investment-services-154,8367926917350.0,346498009.0,HOSE,8308.97,7673.245999999999,1272.144,0.022164054522763696,0.21256857567678417,0.09611268692981882,-674.9350000000001,0.03824770981569731,-0.44957159840937966,-0.5460586596785724,597.207,0.08174774368715315,0.06051089438079298,-0.17517858030727412,520.766,0.1201275777274608,0.0657416201440849,-0.19005418654854703,403.703,0.2487798402273988,0.04542156151326743,-0.27084409509119356,0.0,,,,-2339.0809999999997,-2.080863515175342,-4.036144844214673,-0.08174149262207554,-2.287999999999997,-10.677215189873417,0.38532663316582916,0.6369982547993023,14.571000000000002,-0.10044518642181408,-0.22858506323073247,-0.20857096301124325,-2.3789999999999982,-10.677215189873417,0.38532663316582916,0.6259433962264153,2168.545,-1.669689327681494,-1.7343036539008392,-0.15424417479969052,-0.7818103939723321,-0.21515264871351367,-0.06244702595965239,0.2249741505896098,-0.061771458699376794,0.21981113060300314,0.18843236263862947,1.453634502784786,,,0.849673202614379,-0.5117532887642873,-0.05128167068199735,0.36484966395239793,,,-0.05128167068199735,0.36484966395239793,0.31290729748074597,0.45386352840778704,-0.10204706141184232,0.3255044277765088,-0.10204706141184232,0.3255044277765088,0.024791819665581073,0.060550895635055266,-0.001317800853934825,-0.07503783625445481,-1828.59,-2341.3689999999997,-3.97628319740054,-0.07965251826958199,0.46944921329660794,0.4093608899621426,0.3173406469707832,-1.8386920034209961,-1.8404905419512254,0.03397274324034111,0.09174566708342419,-5.794063952955514,-5.799731485770479,0.21001662960394157,0.08103406532593795,0.0,0.003354397090090156,1.3575218158549671,,1.8343939623074723,0.6531700000658507,0.34682999993414926,14.333487130536465,,0.07651056629161017,1.511335420091469,1.511335420091469,0.2687369770225791,,0.0017985385302292799,0.15702422620273124,0.21981113060300314,-0.07503783625445481,-0.15440611620650946,-0.14463378174101682,-0.1597056292528123,0.024427462784298193,0.02805975462053567,False,True,0.0,0.0,0.0,0.0,25.0,37.5,25.0,75.0,75.0,37.5,12.5,50.0,50.0,37.5,37.5,62.5,100.0,,12.5,50.0,28.57142857142857,42.85714285714286,50.0,,57.14285714285714,42.857142857142854,42.857142857142854,0.0,50.0,71.42857142857143,57.14285714285714,50.0,85.71428571428571,,,37.5,12.5,25.0,75.0,100.0,10.416666666666666,45.0,47.5,54.166666666666664,39.285714285714285,66.07142857142857,50.0,33.961309523809526,65.98412627533479,33.333333333333336,49.65872980433406,33.316439393607716,49.88773518325959,50.0,50.0,50.0,53.279320987654316,Mixed / Divergent,0.25,37.4438675916298,"[""Working Capital Absorption"", ""Leverage-Funded Growth"", ""Margin Compression""]",Working Capital Absorption,3,0.0,-1.8101654317864793,False
GAS,2026Q1,2026,1,8105,38019.609,-33511.418,4508.191,3754.224,2994.115,-53.308,7321.907,69205.781,92923.423,25127.893,3047.823,7008.351,1740.923,1542.53,22333.646,16967.709,70589.778,15461.027,-468.94,-417.714,555.99,599.485,314.542,PetroVietnam Gas Joint Stock Corporation,Utilities,Non-financial,gas-distribution-71,203170369455200.0,2412949756.0,HOSE,3283.453,-4038.454,147473.236,-0.12964889762443685,0.4807779453266388,0.3922478298186528,-130004.00099999999,0.15754554102016494,-0.5524666590505901,-0.4794734497541439,17469.234,0.1545384653996306,0.10237925815073189,-0.032322938907043096,14705.618999999999,1.1287300167044871,0.10043009183089326,0.09755334646013071,11802.964,1.1580295942858376,0.08373190501458298,0.09192706981776885,-218.543,0.01729159753714564,0.023162061130249996,0.17535300021885636,8422.812,-1.954933197032608,-1.1130392378300342,-0.2705418333200683,-2237.467,0.4805902445757259,0.15610435105852122,0.05759277635788671,2611.752,-0.06401668639113028,-0.24107807072023807,-0.05277371074141276,-4174.362,1.6692451016619352,1.353725838209601,-1.6131645019998095,-5095.908999999998,1.0721469132469506,1.1557261325474606,0.6866883324487983,0.06477729555347314,-0.1034386783817854,-0.009966529650041212,0.1990107774614852,-0.0068909631026559766,0.13292537574014776,0.009911506971385188,0.48308877334555633,-0.307119420401744,0.029197753192960692,-0.4123036718363408,0.24288449680329716,0.2091195678369693,0.6524178476614075,0.006963416441287449,-0.33130133815162716,0.10491101023323426,-0.022876358685543764,-0.03423395645027717,0.15976347857929019,-0.13818982806317423,0.2622449563799683,-0.17527263787359018,0.4288794388402501,0.04340342802339156,0.0973552411873618,-0.030704684175223613,-0.1303127904096861,-886.654,6185.344999999999,-1.2426869884340666,-0.3256616405731721,0.11845697886496503,0.09971720563587551,0.08003461726438281,0.05711417358469031,0.041942152812053296,0.13493403951201516,0.1749663405937668,0.7136183758588097,0.5240501453702646,0.036375672471729764,0.17038951393187032,0.020666956816489737,0.053908733162758585,0.09084094352690353,-0.3630500766256921,0.046514567590791964,0.240344633021106,0.7596553777404434,-0.23320248783721273,67.28936181895553,4.205761541435204,4.0786756184939295,3.899050720400733,-0.4151241885041966,0.07779965375872565,0.01517202077263701,0.8566919830060435,0.13292537574014776,-0.1303127904096861,-0.05197330039095599,-0.02677419780240932,-0.022012511409970514,-0.05189424918352178,-0.044652166514726435,False,True,100.0,20.0,20.0,20.0,60.0,0.0,20.0,20.0,20.0,80.0,60.0,20.0,80.0,20.0,60.0,0.0,80.0,20.0,0.0,0.0,80.0,80.0,80.0,100.0,100.0,100.0,100.0,40.0,80.0,20.0,20.0,20.0,0.0,100.0,0.0,60.0,60.0,20.0,60.0,60.0,36.666666666666664,40.0,36.0,25.0,84.44444444444444,26.666666666666668,52.0,54.483333333333334,57.061233800251536,71.66666666666667,64.36395023345911,54.61019430528718,51.34653841123551,50.0,50.0,50.0,48.05555555555555,Mixed / Divergent,0.25,38.17326920561776,"[""Accounting Profit Risk"", ""Margin Compression""]",Accounting Profit Risk,2,60.0,-1.1548142162978756,False
GEE,2026Q1,2026,1,8105,7097.352,-6081.71,1015.641,753.925,605.777,-69.6,1507.582,14578.876,18618.425,2996.111,5608.583,1279.18,5720.237,997.909,10578.125,9476.596,8040.299,1531.031,1.286,-51.961,72.346,-953.446,1246.037,GELEX Electricity Joint Stock Company,Industrial Goods & Services,Non-financial,electronic-equipment-2,67252417155000.0,640499211.0,HOSE,6718.146,5210.563999999999,27279.576999999997,-0.018128920735516054,0.34396000700634827,0.2022518155473841,-22985.595999999998,-0.004513423661267607,-0.3671430764793646,-0.19864316173686064,4293.98,-0.13489652141249103,0.22007126004872402,0.22194375333126334,4406.064,0.039164120185634664,0.2351569821162931,0.6759059497981033,3535.521,0.05861577848261646,0.24291013693458577,0.6891927660647941,-253.17,-0.12555792742091978,-0.4788059067247423,-0.06718767783299819,572.9489999999997,1.001001552952245,1.0012323862678054,1.9770543763477137,-280.749,0.5568169218303552,-0.31493572223909305,-0.8464862376270182,338.159,-0.14019158089895645,-0.17975056689342403,-0.10362094102054342,-608.511,-5.0783724939152455,-4.336772369190065,-1.4984612284451158,957.2339999999999,-0.1268515313280011,0.9236684472164758,1.5908567365275004,0.24297192231744982,1.5917765640499317,0.19275420406685273,0.9244618219643168,0.13902303688495507,0.36934719565302127,-0.29682076658248074,0.22758179034286197,0.000607474017774234,0.4362925276248859,1.1092709116572348,0.8221366281968371,0.28058633200869776,0.4490523413005112,-0.04774496322796182,1.5022605145899104,0.2181959486707844,0.545689809482571,0.2112106448545273,0.3840600632986204,0.33076488764617423,0.7194681382807959,0.39936474371942404,0.6809085558824374,-0.042485847716848386,0.08001832201751737,0.0027770664092203906,-0.37511412813451883,-50.675,292.1999999999997,0.9532095436834038,6.230883444691876,0.15740639966668105,0.16151511440225047,0.12960321928745452,0.02100285499294948,0.010711309783139222,0.21949536233049238,0.45664129182931446,0.16205504082708028,0.08264694227526853,0.15912044117587823,0.10982981884213235,0.20559640642521693,0.05565137401701484,0.025329974795477855,0.2340407120775018,0.8355592248497226,0.5681535897907584,0.4318463564990057,1.0982966019936244,17.403578623059605,0.26355236679878824,1.5384085171510953,0.9465733265404584,0.3434379939351868,-0.7430936276311014,0.010291545209810257,0.8302277922515741,0.36934719565302127,-0.37511412813451883,0.002536644604606786,0.045648326321545696,0.03736051684436867,0.012521074899322223,0.008930380560289837,False,True,60.0,40.0,100.0,100.0,60.0,60.0,40.0,60.0,60.0,100.0,100.0,20.0,60.0,20.0,100.0,0.0,40.0,80.0,20.0,80.0,60.0,80.0,40.0,80.0,20.0,40.0,0.0,20.0,40.0,40.0,20.0,60.0,60.0,20.0,20.0,100.0,60.0,0.0,100.0,100.0,70.0,72.0,40.0,55.0,42.22222222222222,36.666666666666664,72.0,59.68333333333334,52.46478230420832,92.5,72.48239115210416,60.20214020690979,50.78749263884975,50.0,50.0,50.0,50.0,Mixed / Divergent,0.25,37.89374631942488,"[""Accounting Profit Risk""]",Accounting Profit Risk,1,60.0,0.8736504792560035,False
GEX,2026Q1,2026,1,8105,10721.709,-8719.889,2001.82,819.145,578.77,-404.116,5127.135,48969.753,87015.109,11006.275,19405.774,3390.834,13903.693,21594.016,53077.973,26440.469,33937.136,12818.614,-2856.709,-869.452,693.529,-10896.368,10220.394,Gelex Group Joint Stock Company,Industrial Goods & Services,Non-financial,electronic-equipment-2,42132777727600.0,1308471358.0,HOSE,35497.709,30370.574,42317.880000000005,-0.07855873806045008,0.3543741142548272,0.20878316368626623,-33497.759,0.029818982167022598,-0.3801402569562643,-0.20288445134080485,8820.121,-0.243998271840671,0.2525168341636226,0.2317228521952853,4701.179999999999,-0.2664723475893689,0.24635972186297028,0.21853628317895923,3098.427,0.06933682160660115,0.32603685052214826,0.08627852578171134,-1357.483,-0.13105247248748927,-0.6524004039858851,-0.33203056005840403,-1115.1059999999995,-2.1424117060139687,-1.3897855331722133,-2.6045060030158953,-5264.938,0.5315757970520241,0.3969517853848277,-0.17839525073144183,2887.6140000000005,-0.121567003205798,-0.33569573742352676,-0.03007635474929747,-14327.532,-3.052577591817759,-5.8721957298717875,-6.868431226961792,16308.425000000003,1.4551723707186577,2.4516965177372203,6.54545988721895,-0.4079207653245402,0.2052135219187002,0.24244168194925853,0.91376437318742,0.18238952885895804,0.5396073968014918,1.2026078417363943,1.2950452366594185,0.3424989505335331,1.0448767474805973,0.07822009613195433,0.457877070568402,0.14260922846616036,0.4376128523607036,0.2955070045757269,1.1988702210324216,0.23098807802998417,0.8211536804043533,0.5051912753685235,0.9931140752407677,0.22245998559247795,0.6683955190113668,0.21312882167226294,0.5797006687619435,0.12472924597508316,0.373753817356201,-0.015244843746170975,-0.05909624570372646,-3726.161,-6380.044,-0.4129526438629655,-0.6910167870690589,0.20842539843678365,0.11109204903459244,0.07321791639845852,-0.026350705659168167,-0.1507647358516069,0.04317377274684222,0.10567428338076795,-0.35989423020132455,-2.0591235488200947,0.04842300433135123,0.26008568954777506,0.45857150689023174,0.10122569691900882,1.0862620729731522,0.8360935837943311,1.0459842280149982,0.6099857094932789,0.3900142905067211,4.002029044404157,3.4631593913146608,0.36876065948809433,1.8520758084888735,1.1181336836347342,0.6123705167180871,-0.5505668432373633,0.12441403019243874,1.8232831673485443,0.5396073968014918,-0.05909624570372646,0.003881728514646382,0.0008891766653807281,-0.008257122021319938,-0.046202478910364504,-0.04299414731067415,False,True,80.0,60.0,60.0,60.0,80.0,80.0,60.0,40.0,20.0,0.0,20.0,0.0,0.0,0.0,20.0,20.0,80.0,100.0,80.0,100.0,0.0,20.0,20.0,20.0,40.0,60.0,60.0,100.0,20.0,100.0,80.0,80.0,80.0,40.0,80.0,20.0,80.0,20.0,60.0,40.0,70.0,28.0,8.0,90.0,37.77777777777778,76.66666666666667,44.0,29.766666666666673,45.74657659624368,65.83333333333333,55.78995496478851,29.450851730877346,50.78749263884975,50.0,50.0,50.0,50.0,Mixed / Divergent,0.25,37.89374631942488,"[""Accounting Profit Risk"", ""Working Capital Absorption"", ""Leverage-Funded Growth"", ""High Working Capital Stress"", ""High Leverage Stress""]",Accounting Profit Risk,5,0.0,-0.48570522215045486,True
GMD,2026Q1,2026,1,8105,1452.407,-815.911,636.496,716.256,650.228,-40.875,1889.738,6244.65,20181.526,1238.546,102.176,666.493,365.701,2036.088,4612.64,2095.876,15568.886,5706.138,392.935,-258.296,126.32,-131.676,5.285,Gemadept Group Corporation,Industrial Goods & Services,Non-financial,transportation-services-47,31262091489700.0,426495109.0,HOSE,2401.7889999999998,512.0509999999997,6121.027,-0.10033808393500471,0.13740675016797893,0.19939448578809052,-3330.75,0.0387872790353839,-0.1406333442376355,-0.16983146629764984,2790.276,-0.16858335641024308,0.1332972480200559,0.23670003062635098,3037.9840000000004,-0.20584713364496765,0.239817140404112,0.3254018218045019,2346.753,-0.014768741240198599,0.23227893560852275,0.3071961284651724,-121.46300000000001,-0.18974851554313651,-0.4942423688539572,0.07285814606741574,1737.218,4.365869745847646,1.6618366323890041,0.43083595798795504,-1695.4239999999998,0.09400660126202658,-0.17375794673246717,-0.05716886777158376,446.323,0.013844857337774344,0.306713561601324,0.12008904035676367,-2707.056,0.6732086485198642,0.4767286599904626,-0.5489656419405672,-825.333,1.0755485669358873,1.028524087606999,-1.3705037311506525,0.16772961272346748,-0.48587483315821633,0.021984787693467872,-0.003530206056610077,0.020432901851283332,0.11566238938128946,-0.11259742437117487,0.0966309843192463,0.18152593723259106,0.3629100028011579,0.17847392654308328,0.23368200101064904,0.1891864647082161,0.22312935636212833,-0.021882746296189498,0.25639927581215044,0.005285116706192361,0.2512172047581686,-0.335741463117216,1.2915881772770654,-0.061971453480178566,0.1565942173799555,-0.10824905660698471,0.05420047793919795,0.047701557176263114,0.10408594927762649,0.013613642419397802,0.4028070705076656,134.639,41.794000000000324,2.8586021728026947,1.107270823280598,0.45585095442317114,0.49631932680577956,0.3833920353561584,0.2838115237851426,0.006827939167724685,0.1226393394463137,0.1581900799594473,0.7402645271999226,0.01780928798216102,0.03020262194246362,0.20234284214070614,0.016692623639791165,0.20010297980935227,-0.10276350146884422,0.1635155170130674,0.15426851991850923,0.2285575431709178,0.7714424568290822,0.14695920881828142,25.01160024040243,5.167440067158689,2.9794940158673504,2.930743040141687,0.05182271897007809,-0.25254367573708614,0.2769835846174179,3.7986480642942437,0.11566238938128946,0.4028070705076656,0.013750924071041337,0.04718559696795083,0.03161751347078362,0.045907258987597566,0.08317108949149704,False,True,40.0,80.0,80.0,80.0,20.0,40.0,100.0,100.0,100.0,80.0,60.0,40.0,40.0,80.0,40.0,40.0,0.0,60.0,60.0,40.0,100.0,100.0,100.0,100.0,100.0,100.0,100.0,40.0,100.0,0.0,0.0,0.0,20.0,80.0,0.0,40.0,20.0,100.0,20.0,20.0,56.666666666666664,88.0,48.0,40.0,93.33333333333333,16.666666666666668,40.0,70.86666666666667,52.816072038141385,92.5,72.65803601907069,71.39425578359145,50.78749263884975,50.0,50.0,50.0,50.0,Mixed / Divergent,0.25,37.89374631942488,"[""Accounting Profit Risk""]",Accounting Profit Risk,1,100.0,0.735353349738277,False
GVR,2026Q1,2026,1,8105,8845.157,-6508.468,2336.689,1923.314,2513.382,-40.517,8927.732,34159.898,87178.899,2743.129,4205.765,798.027,1154.908,1480.552,22194.179,8269.603,64984.721,35533.784,2626.504,-209.899,672.468,-1620.496,-363.08,Viet Nam Rubber Group - Joint Stock Company,Chemicals,Non-financial,commodity-chemicals-11,140200000000000.0,4000000000.0,HOSE,2635.46,-6292.272,32535.222999999998,0.03991485664537282,0.5580793036839068,0.1903039931781982,-23259.719999999998,-0.08056557928876734,-0.6110141084787011,-0.1742901277714729,9275.502,-0.05871659046506474,0.4274389424427909,0.23245009644479667,6919.953,0.3603121063572009,0.49580884148570326,0.3014833249137574,7415.464999999999,1.212532846233412,0.8538286844684865,0.3403672140890419,-213.93200000000002,0.1638048458331613,0.41618996844425865,0.34833055625786274,10017.188000000002,0.05607927196784281,5.730198122331219,10.01861480670761,-987.532,0.49786610017846294,-0.13366999729948686,-0.4990565737003411,3261.5009999999997,-0.4555430781051512,0.03629437400218195,0.18567484199792406,-689.4550000000002,-8.325039274020453,-7.4396369474336765,0.3806693339896841,-6248.975,0.7834065094969934,-0.7601147943107007,-8.387508216256602,0.13197316656176664,0.6848038884508585,0.03637879430377101,0.19632187360254327,0.007684913961832311,0.0473222522244286,0.05999121288128232,-0.13303947187109288,-0.36959465789306034,-0.10540991361597096,-0.1804449273516737,0.17838489946413363,-0.1696954228959449,-0.726838170772147,-0.06673625714184864,-0.4316715026952911,-0.11483595080085797,-0.6143055235419159,-0.28165047936585064,-5.10173586145441,-0.07186331200275464,-0.04156149507600463,-0.2715747970044873,-0.17778372347230958,0.03807093787288485,0.08157885793104036,0.0026533482882920914,0.001618655352465672,2416.605,9029.656000000003,4.2638608452309725,35.068704912401095,0.28509108420741425,0.21269111940618943,0.22792113642497547,0.30788748551070333,0.27753478130455733,0.08702642221141653,0.11858300389301259,1.3508509580990542,1.2176789992266168,-0.029843494582330096,0.08431259254009109,0.12926805511675762,0.03430939839344584,-0.3233434650492911,-0.2957139067941692,0.04055507139901393,0.2545820061343055,0.74541800533636,-0.6180131050044522,32.346507301385486,7.730253838400982,4.130778466632559,3.6221972203502397,-0.8046095167201142,0.046847231344105345,0.030352704206146063,0.3027845154730905,0.0473222522244286,0.001618655352465672,0.009749261499555073,0.018169158274259967,0.02551732054177172,0.27462743332792905,0.2683758508900896,False,True,25.0,50.0,50.0,25.0,100.0,25.0,75.0,50.0,50.0,25.0,25.0,100.0,100.0,75.0,75.0,100.0,0.0,25.0,25.0,25.0,75.0,100.0,75.0,50.0,75.0,50.0,50.0,25.0,75.0,25.0,0.0,25.0,25.0,75.0,50.0,75.0,25.0,75.0,25.0,75.0,45.833333333333336,45.0,90.0,18.75,63.888888888888886,33.333333333333336,55.0,65.72916666666667,60.68384279313298,100.0,80.34192139656649,66.6383411283562,50.68313567444805,50.0,50.0,50.0,50.0,Mixed / Divergent,0.25,37.84156783722403,"[""Healthy Growth""]",Healthy Growth,1,75.0,1.355631125208277,False
HAG,2026Q1,2026,1,8105,1784.072,-1158.282,625.791,1180.81,1172.664,582.851,332.446,7791.489,26223.309,2108.811,213.66,927.572,5371.026,1427.133,10261.779,8372.534,15961.529,8475.589,144.572,-449.257,182.331,615.865,-1107.52,Hoang Anh Gia Lai Joint Stock Company,Food & Beverage,Non-financial,farming-fishing-5,19581318922350.0,1267399283.0,HOSE,6798.159,6465.713,7845.09,-0.029442501413072565,0.2930344205787109,0.32476610420900964,-5003.6669999999995,0.08919687194064709,-0.420687185160745,-0.35829580624048674,2841.425,0.10470486055945705,0.1086562531556767,0.26957867998757873,3551.7809999999995,-0.12179227826335302,2.215170641122686,1.6712591792591613,3055.205,0.2593568673945752,2.253676348179306,1.5586074404839172,1049.7930000000001,-0.34353498231146024,5.085537844695854,2.5191230182388593,1437.1499999999996,-0.9406728087263153,1.7726206317904651,2.703296963778197,-1847.4969999999998,-0.10904104313651913,-1.5629357065434424,-1.1892420647993005,780.2810000000001,-0.3752899456940709,1.365201260880281,0.6194719102056405,-2747.108,1.2899895420786542,4.565519197813904,-18.43442831031683,1326.8139999999999,-1.310447624193444,-3.1066406963296616,0.3794568316078179,-0.5107699597809658,0.05341107132672154,-0.11484382251227476,-0.1575927152074434,-0.0248828752106863,0.1169066747580363,-0.7107956137380693,-0.7385331747942732,-0.7163468942334755,-0.7300687903882962,-0.3467365774470827,-0.19262372135451125,-0.13484915746861087,-0.11497930238099247,-0.1572097324641257,-0.005609733664812269,-0.13964115092009294,-0.0940617254961956,-0.10472112334377832,-0.10053616878730319,-0.19248395851597988,-0.252886862341913,-0.1806643241606602,-0.2861849273561301,0.12526868856293685,0.6382101784482486,0.0004458314230769101,0.2876932127255054,-304.685,-410.3470000000002,0.15927860511190392,0.7568521560234267,0.36219151086858153,0.4527393567186609,0.3894416762586535,0.18319101501703608,-0.052306219558985324,0.12294136575231857,0.2377147273882911,0.4703939670169431,-0.134310790928923,0.061702930015430174,0.26880647640753647,0.027234869198441317,0.1853784434495741,-1.063299279003283,-1.0548348945973058,0.4259090090930511,0.39132281132026475,0.6086771505457225,1.4925254994042099,3.3833155679262474,0.061896181474452,0.9306010581742636,0.9050819023249115,-0.41882782970520527,0.847863838979698,0.2354972345760214,2.367732906478563,0.1169066747580363,0.2876932127255054,-0.01574413376247069,0.22821088023117422,0.1878010790687128,0.3256707190563697,0.23267885609619646,False,True,88.88888888888889,88.88888888888889,77.77777777777779,77.77777777777779,88.88888888888889,88.88888888888889,77.77777777777779,100.0,100.0,66.66666666666666,77.77777777777779,11.11111111111111,11.11111111111111,77.77777777777779,11.11111111111111,11.111111111111114,0.0,0.0,88.88888888888889,0.0,55.55555555555556,44.44444444444444,44.44444444444444,22.22222222222222,11.11111111111111,5.555555555555555,22.22222222222222,100.0,44.44444444444444,44.44444444444444,55.55555555555556,55.55555555555556,11.11111111111111,100.0,77.77777777777777,11.11111111111111,77.77777777777779,100.0,0.0,0.0,85.18518518518518,84.44444444444444,24.444444444444446,22.22222222222222,38.888888888888886,57.4074074074074,37.777777777777786,60.74074074074075,62.817159840737304,77.5,70.15857992036865,61.15592784629425,51.29032438140259,50.0,50.0,50.0,50.0,Mixed / Divergent,0.25,38.1451621907013,"[""Accounting Profit Risk"", ""Leverage-Funded Growth"", ""Margin Compression""]",Accounting Profit Risk,3,55.55555555555556,1.3605604982127852,False
HCM,2026Q1,2026,1,8105,1466.403,-976.873,489.53,363.322,290.72,0.0,1208.989,40295.278,40466.73,781.563,0.0,4.956,25415.252,0.0,26064.752,26064.752,14401.978,33.431,3416.271,-2.992,5.229,-2.992,-5905.853,Ho Chi Minh City Securities Corporation,Financial Services,Securities,investment-services-154,29320823617650.0,1079956671.0,HOSE,25415.252,24206.263,5602.978999999999,0.04876489305323413,0.467023550962057,0.269727878823588,-3516.2230000000004,-0.1491771786326426,-0.5934248407591364,-0.2765131039410026,2086.757,-0.10695293501679275,0.266532475058989,0.25845697740966483,1554.4140000000002,-0.09498923916942333,0.2832746422907521,0.2609965060067968,1242.615,-0.08862061074206305,0.28227520928714467,0.2557717203137269,0.0,,,,-9125.731,1.4477829033376841,3.1330141873573187,0.2630349786054994,-16.476,0.61072079104866,0.3405333921093233,-0.22080616478956733,23.088,-0.08214849921011058,-0.12631578947368424,-0.19858377590336343,-16.469,0.61072079104866,0.3405333921093233,-0.29006736644211195,8760.114000000003,-2.2757134701285313,-3.70617770924724,-0.17555259138988794,-0.6733841893275895,-0.24014282176693227,-0.13027878500514714,0.329943439425529,-0.1297291387261052,0.3284265884056116,0.19179943395996243,-0.053780637662911586,,,0.1482854494902689,-0.36461538461538456,-0.17721097389931248,0.30101676920529213,,,-0.17721097389931248,0.30101676920529213,-0.10965747785248305,0.349001197681143,-0.18435146578114528,0.29344165495412217,-0.18435146578114528,0.29344165495412217,-0.009706704409995602,0.3968022277487474,-0.0627172815969497,-0.15803656878053707,3413.279,-9142.207,3.152185284485989,0.26250821713583294,0.3724370553593009,0.277426347662556,0.22177755797407062,-1.6287283960907226,-1.6316689746650848,0.03503833699333755,0.10056507078802053,-7.3439729924393315,-7.357232127408731,0.2562190223919748,0.1394906174019214,0.0,0.0014094669194758124,-0.3235085164864996,,1.7647056536261896,0.6441032423425367,0.35589675765746326,15.344679753179392,,0.04756942799544148,1.5459682102480774,1.5459682102480774,0.031288890381704126,,0.00294057857436196,0.7136174636174636,0.3284265884056116,-0.15803656878053707,-0.003335593833717565,-0.001920951294554496,-0.002464749526484622,1.1774317221124804,1.1775495607573514,False,True,12.5,12.5,12.5,12.5,50.0,87.5,12.5,25.0,25.0,50.0,62.5,18.75,37.5,50.0,50.0,50.0,50.0,,50.0,50.0,42.85714285714286,28.57142857142857,62.5,,0.0,57.14285714285714,57.14285714285714,93.75,62.5,57.14285714285714,71.42857142857143,37.5,57.14285714285714,,,50.0,25.0,0.0,62.5,57.142857142857146,31.25,35.0,41.25,50.0,50.558035714285715,55.80357142857142,38.92857142857143,38.668526785714285,58.79226674171207,73.33333333333333,66.06280003752269,38.84386016717191,49.88773518325959,50.0,50.0,50.0,53.279320987654316,Mixed / Divergent,0.25,37.4438675916298,"[""Accounting Profit Risk""]",Accounting Profit Risk,1,37.5,-0.26341821592882014,False
HDB,2026Q1,2026,1,8105,9952.842,-11433.526,8483.022,7365.827,4902.14,-11433.526,4870.562,,984216.21,18957.542,,,,,901030.202,,83186.008,1856.769,-268.851,-68.654,,-64.26,,Ho Chi Minh City Development Joint Stock Commercial Bank,Banks,Banks,banks-151,128885865317250.0,5005276323.0,HOSE,,,43435.497,-0.19281337026570183,0.08129552841946813,0.22406364641048407,-37096.132,-0.2534076858321897,-0.5076607213969054,-0.3487789350974436,35821.112,-0.13044678907828416,0.14510090306556342,0.15162553875080348,31758.55,-0.13448733032891771,0.10266376049209368,0.3552319398031058,17597.172,-0.06092078474283137,0.12494469524094536,0.22269254040467062,-37096.132,-0.2534076858321897,-0.5076607213969054,-0.3487789350974436,72777.768,-1.005521013894647,-1.1136900782359054,0.8782425356215697,-377.59000000000003,0.6092166003540468,-0.658229071059369,0.19720459918697797,,,,,-157.459,0.626458329700225,-1.23024329295804,0.8564417457582305,,,,,0.1802721970376405,0.35368706533107175,,,0.05704527540006682,0.3836655764455624,-0.15058820208495802,-0.5957911283454725,,,,,,,,,,,,,0.056509676822916494,0.3856072261106835,,,0.06288160609616059,0.3629780456283508,-0.001971043346828333,0.06191560924193126,-337.505,72400.178,-1.145265345280926,0.8914573661463455,0.8246967221302889,0.7311658020167238,0.40513343268525276,1.6755366699269032,1.666843549643279,0.020757171465998175,0.2440348014882552,4.135764996784711,4.114307571693907,-0.0560655224323119,0.4364527473922999,,,-0.8198547747559566,,,0.9154799452043165,0.08452005479568357,,0.8561148639432273,,,,,-0.7040108749005494,0.008693120283624244,,0.3836655764455624,0.06191560924193126,-0.05187404059227485,0.07076705294557539,-0.00045430953764280524,0.5835778376739236,0.5881395672589975,False,True,82.35294117647058,88.23529411764706,94.11764705882352,64.70588235294117,23.52941176470588,41.17647058823529,91.17647058823529,88.23529411764706,52.94117647058824,88.23529411764706,100.0,41.17647058823529,41.17647058823529,52.94117647058824,58.82352941176471,64.70588235294117,0.0,,70.58823529411765,,,,29.411764705882348,76.47058823529412,,,,100.0,29.411764705882355,,,70.58823529411765,,17.647058823529413,23.529411764705884,58.82352941176471,88.23529411764706,47.05882352941176,94.11764705882354,,65.68627450980391,84.11764705882352,51.76470588235294,35.294117647058826,58.8235294117647,37.254901960784316,72.05882352941177,68.74509803921569,53.63546470754628,92.5,73.06773235377314,69.30211946217122,51.14539221067532,50.0,50.0,50.0,50.0,Mixed / Divergent,0.25,38.072696105337656,"[""Healthy Growth"", ""Margin Compression""]",Healthy Growth,2,94.11764705882352,1.0644974677483043,False
HDC,2026Q1,2026,1,8105,248.697,-114.897,133.799,73.361,58.365,-39.32,29.154,2674.932,5727.783,1150.008,1466.947,63.839,932.877,671.915,2732.218,1553.249,2995.565,295.093,-276.205,0.528,4.209,-95.897,-97.551,Ba Ria - Vung Tau House Development Joint Stock Company,Real Estate,Real Estate,real-estate-holding-development-160,3515680449600.0,199754571.0,HOSE,1604.792,1575.638,606.2229999999998,0.41875841453118223,1.5128269897242625,0.08278276400982355,-412.342,0.19708595387840663,-0.8385873391794151,-0.297774840273188,193.88,3.15628106361829,2.6678362893719676,-0.19932271985793631,872.7849999999999,0.28550150697413623,3.4412761835573313,4.975810151109528,686.081,0.886575944661732,3.2748846407382994,7.636576492654743,-108.376,-0.320615301941291,-2.4131944444444446,-0.8555627846454132,-1318.859,0.40024667177671,-11.192818658203558,-9.262056676885727,-12.008999999999999,1.1468298109010013,6.542857142857143,-4.577798420808173,16.596,-0.015208235844642114,0.05515166708448226,0.03427645519132499,821.152,-1.9188616873472908,-5.4494586051516585,22.333610454391938,516.084,-1.169752812508157,-7.309284497444634,2.5631809331805173,-0.9415523100209501,1.706461195692536,-0.15188709126656133,0.1640407994704893,-0.05857022825934731,0.1724625040350983,-0.012666965440149924,0.2997245733259947,-0.00973625765338842,0.06353684088421019,-0.22640023266522874,-0.680523860997678,-0.04493981713253752,-0.23847397164104786,-0.4509614701058913,0.8614099193564024,-0.2707400244299675,0.011860797827968885,-0.0741186681404255,0.00027234481265651727,-0.13186855784751084,0.05104186021104558,-0.19034438469000578,-0.2931172581897419,0.019977922238883904,0.310552970916024,-0.012571524176008047,-0.01205581632038139,-276.733,-1330.868,-11.238752404913425,-9.184876521952077,0.3198163052210161,1.4397094798448757,1.1317304028385597,-2.175534415553353,-2.195343957586565,0.12929016958568523,0.2598156397744415,-1.9223080073635619,-1.9398117714963683,0.35003770219646935,1.8970048975377054,2.419814160795615,0.15482051306924835,0.21694180931617119,-0.019245923125613365,0.5357226433076898,0.4770114370603774,0.5229885629396225,1.7716119413389764,8.053305159813979,0.03125170842458331,1.7221527263175445,0.7777149703621248,-0.07092196618185467,-5.831372935754941,0.019809542033212203,0.7236080983369486,0.1724625040350983,-0.01205581632038139,-0.112682020298073,1.1788423219971418,0.9898433744840163,-1.9459867486634221,-1.9619507894686814,False,True,50.0,16.666666666666664,97.22222222222221,100.0,91.66666666666666,94.44444444444444,27.77777777777778,94.44444444444444,94.44444444444444,100.0,94.44444444444444,22.22222222222222,27.77777777777778,5.555555555555555,5.555555555555555,0.0,83.33333333333334,44.44444444444444,77.77777777777779,50.0,55.55555555555556,72.22222222222223,55.55555555555556,55.55555555555556,2.941176470588235,22.22222222222222,33.33333333333333,100.0,55.55555555555556,44.44444444444444,27.77777777777778,44.44444444444444,33.33333333333333,2.941176470588235,44.44444444444444,5.555555555555555,66.66666666666666,55.55555555555556,55.55555555555556,60.0,75.0,82.22222222222223,12.222222222222223,63.88888888888889,50.326797385620914,32.89760348583878,48.666666666666664,55.536601307189535,49.27746658952708,46.666666666666664,47.97206662809687,54.825814763008225,50.62440497655373,50.0,50.0,50.0,50.03898635477583,Mixed / Divergent,0.25,37.81220248827687,"[""Accounting Profit Risk"", ""Working Capital Absorption"", ""Margin Compression""]",Accounting Profit Risk,3,61.111111111111114,0.5484678241207886,False
HDG,2026Q1,2026,1,8105,683.9,-242.192,441.708,130.556,103.969,-73.896,290.015,3485.553,14447.483,1058.058,772.356,41.526,637.389,3935.139,6132.094,2108.018,8315.39,7935.109,105.217,-15.313,135.169,67.219,-148.152,Ha Do Joint Stock Company,Real Estate,Real Estate,real-estate-holding-development-160,8657135019000.0,369963035.0,HOSE,4572.528,4282.513,2871.038,-0.22711024669411356,0.1425335208876979,0.1631174700686559,-1075.784,0.12398135053116258,-0.22487457517397635,-0.17600425895216235,1795.255,-0.27397586757244086,0.10191740633746961,0.15553030985697933,939.173,-0.6788195469484954,-0.48056846393786995,0.23406846964277736,841.219,-0.721546413841127,-0.49759110084516844,1.1576965596136142,-290.981,-0.059972746180879256,0.020778119368175526,0.10157219693835347,1111.1320000000003,-0.8115633417387816,-0.6897233026743772,0.38406730426680563,-141.33399999999997,0.4882702847212939,-2.602211244413079,-8.047692209205557,526.078,0.04559272867917235,-0.0019124553268156225,-0.009390564243548491,-408.15399999999977,1.5670910210658635,2.8123213804259906,-1.5417011763387185,-908.778,0.6431912218759483,-0.13596074221745133,-0.2930286029745499,0.08258178669015868,-0.4244752080712185,-0.042157614683084245,0.03486726704187145,-0.01936677388766972,0.04171148188400502,-0.2451867240046,-0.1291130280183058,-0.012564818508177072,-0.10384565403037166,-0.15341175511202623,0.006105538595726182,-0.0642375180578556,-0.1287358112984712,-0.021336595595249974,-0.028992015807994383,-0.027551234816281103,-0.04424416950709215,-0.03420494052569768,0.0005200585848564962,-0.035114557147658605,-0.024495261190889808,-0.05907931607969732,-0.02050646074555169,-0.007420304303619012,0.09659558317554434,-0.015467799601378434,-0.05779770630622109,89.904,969.7980000000003,-0.7315144420288124,0.23198857696006403,0.6252982370835914,0.3271196689141697,0.2930016948574,0.3870140346453096,0.3377865427068539,0.05941552742979616,0.10582499869168435,1.3208593719352513,1.1528484259152496,-0.01868235456653593,0.3685280375947654,0.2690162930619518,0.0386006856394964,-0.29223049808696167,-0.26696312409902756,0.5498873775012357,0.4244402987011648,0.575559770515044,2.922716312768256,3.22760936281063,0.45500471454637587,1.6534740215690757,1.287084360759728,-0.20736163957574805,-0.13249627270442388,0.0492274919384557,0.2686559787712088,0.04171148188400502,-0.05779770630622109,-0.004105680192343253,0.018807276954847074,0.1350576185553111,0.0617821738318835,0.01888307531766753,False,True,72.22222222222221,50.0,50.0,72.22222222222221,61.111111111111114,22.22222222222222,83.33333333333334,50.0,50.0,83.33333333333334,66.66666666666666,72.22222222222221,77.77777777777779,88.88888888888889,94.44444444444444,77.77777777777777,33.33333333333333,22.22222222222222,16.666666666666664,11.11111111111111,50.0,50.0,83.33333333333334,27.77777777777778,52.94117647058824,16.666666666666664,66.66666666666666,44.44444444444444,83.33333333333334,50.0,50.0,16.666666666666664,22.22222222222222,64.70588235294117,72.22222222222223,94.44444444444444,33.33333333333333,27.77777777777778,38.888888888888886,80.0,54.629629629629626,66.66666666666667,82.22222222222221,20.833333333333332,52.79593318809005,45.969498910675384,54.88888888888889,66.82303921568626,57.75457053046199,100.0,78.877285265231,67.65751360336168,50.62440497655373,50.0,50.0,50.0,50.03898635477583,Mixed / Divergent,0.25,37.81220248827687,"[""Healthy Growth""]",Healthy Growth,1,88.88888888888889,1.0978707360066784,False
HHV,2026Q1,2026,1,8105,906.967,-393.494,513.473,243.627,217.339,-274.991,1202.21,2346.786,41313.116,1049.112,50.755,976.847,896.815,17282.236,28426.043,3324.537,12887.073,27355.056,415.266,-4.365,127.194,-17.037,217.218,Deo Ca Traffic Infrastructure Investment Joint Stock Company,Construction & Materials,Non-financial,heavy-construction-9,6429203978000.0,547166296.0,HOSE,18179.051,16976.841,3973.4990000000003,-0.2479213431436041,0.23394184616389307,0.1849228629485101,-2229.147,0.47662325743478967,-0.12798124111360826,-0.13674514569419235,1744.3519999999999,0.13072383343242813,0.3296656627832,0.2527763433925431,823.915,0.03700629541188346,0.2600570997072606,0.3221012667165181,722.87,0.07749320800364884,0.25652721890754365,0.3045887189630716,-962.5889999999999,-0.19647658745007257,-0.2636350686291178,-0.19430138278007647,2006.549,-0.7219836979262556,0.8110161360662888,0.5601835940962506,-22.275000000000027,-0.22132064913262461,0.9231703453374168,0.9069401158078557,454.98400000000004,0.1426595037461596,0.23703098558674213,0.26134278126160904,-1280.8719999999998,0.9857862489446266,0.8620251216806097,-2.0279373454557486,276.82799999999986,2.1875871344453737,2.0100813764240875,1.2095435621830293,1.0488851546535825,5.019929395858892,0.2584416315652591,0.7789422856072948,0.01373319617354527,0.05227445812334862,-0.12060506641698641,0.0757199325311583,0.099711828050181,-0.5472386508594927,-0.05784503029449598,0.013450816593732462,-0.08471453940519687,-0.20491388336508706,-0.011266725551998546,-0.02082300623175722,-0.01516540261224501,-0.031881054254556465,-0.05009924337348923,-0.08618570815942016,-0.005234810037965556,0.015591808024356564,-0.06582167719180336,-0.08973231117255251,0.058242245526905156,0.14336847380026838,-0.0047820932014659015,-0.012645582142142823,410.901,1984.274,1.3822281228621451,0.8956776111646104,0.43899646130526265,0.2073525122316628,0.18192278392419375,0.5049828878779131,0.49937699745237124,0.017943032070833462,0.059844643348915746,2.775808928299694,2.7449942589953933,-0.031071948191949503,0.26402724651497333,0.012773376814741869,0.43821560444421115,-0.1092029304173518,-0.7321615138080029,1.410642354551728,0.6880633985584627,0.31193660144153734,13.274575240108875,0.8559364380852056,1.3405328858237207,0.7058985958044685,0.6906318082788672,-0.21680391720306658,-0.5164026494965945,0.005605890425541827,0.048957765547799535,0.05227445812334862,-0.012645582142142823,0.023777139438562023,0.021514453817798818,0.016687209808271375,0.12146022329630557,0.18723361504022723,False,True,62.5,50.0,50.0,50.0,62.5,50.0,75.0,75.0,75.0,12.5,12.5,100.0,100.0,100.0,100.0,62.5,62.5,0.0,50.0,0.0,12.5,12.5,25.0,12.5,87.5,6.25,12.5,75.0,25.0,87.5,87.5,75.0,37.5,62.5,87.5,100.0,50.0,62.5,100.0,100.0,54.166666666666664,50.0,92.5,28.125,29.86111111111111,72.91666666666667,82.5,59.61458333333333,45.346929233902564,92.5,68.92346461695128,59.9635811387667,51.11298298343228,50.0,50.0,50.0,50.0,Mixed / Divergent,0.25,38.056491491716145,"[""High Leverage Stress""]",High Leverage Stress,1,75.0,1.1734962917110454,True
HPG,2026Q1,2026,1,8105,52900.847,-44535.779,8365.069,10704.034,9055.918,-1333.415,11455.231,104365.181,259327.5,16692.783,43515.585,17164.201,62799.568,27817.253,119545.708,86369.839,139781.792,134574.365,6816.755,-5489.84,2854.214,-2921.294,-767.794,Hoa Phat Group Joint Stock Company,Basic Resources,Non-financial,steel-58,203054449182000.0,8443012440.0,HOSE,90616.821,79161.59,171395.267,0.14562308066540797,0.40612684044503594,0.17696783795756987,-143956.565,-0.1195566829162736,-0.3832052163270583,-0.1438132176777833,27438.702,0.307726544363065,0.5421886989196838,0.38805598217700393,24803.286,1.3435516736833601,1.811980406569463,0.7484439500575218,21221.043999999998,1.3289873596769837,1.7034164675257215,0.6975957882496635,-3821.2470000000003,-0.0783566850650006,-1.126577292097272,-0.6768931079364885,25288.591,-0.010965661269462525,3.453888492912014,7.205919039506774,-25070.838,-1.909154884422638,0.11007119151647801,0.06682090840887228,9520.874,-0.00904155741711845,0.584263569720965,0.36100795687716214,-25364.444,0.014723361084241611,-0.0706554126611226,-0.2750633612050415,4045.0779999999977,0.8372760673993469,-1.1263173723280533,-0.6584315784513917,0.3800003373132279,0.5357522071216709,0.006588778348050025,0.17377410689289707,0.005450955265352512,0.13311937693974235,0.10807241881420304,0.5376475225388085,-0.1762815549346375,-0.0662661861111714,-0.18973250533814814,0.465767171196424,-0.029297322200863396,0.016428955262623827,0.012302362289083192,0.020555736100635713,-0.016895517703222476,0.017692226338693277,-0.056176079763966755,-0.029673700749559592,-0.05647809213036512,0.07830263641426233,-0.0832069038586892,0.11735431067221933,0.06524752539458321,0.18462278989599365,0.007232400608651918,0.5677689576111018,1326.915,217.7530000000006,1.1483118028996535,1.0091553243816027,0.16009019665636393,0.14471394942311913,0.12381347729981365,0.1475454453476828,0.001270472655467205,0.08693780554144626,0.16464546052376847,1.1916751598083488,0.010261182249092017,-0.015684981345981442,0.09739348870117866,0.2538902372374145,0.1192318043987782,0.36067968458123867,-0.24323402406874128,0.6482734246245749,0.46098353626206245,0.5390164637379375,2.3062935844606245,6.490887922188751,0.18240939173339535,1.2083521540430333,0.7045236705836628,-0.1592756116188766,-1.4253370579940103,0.1462749726922156,2.6332496365354694,0.13311937693974235,0.5677689576111018,0.024345662533664908,0.04729952320189185,0.037971793610304644,0.12638313031931192,0.1645967942759464,False,True,100.0,100.0,100.0,100.0,100.0,100.0,66.66666666666666,100.0,100.0,66.66666666666666,100.0,66.66666666666666,100.0,100.0,100.0,66.66666666666667,100.0,0.0,33.33333333333333,33.33333333333333,66.66666666666667,66.66666666666667,66.66666666666667,66.66666666666666,66.66666666666666,0.0,33.33333333333333,66.66666666666666,66.66666666666666,33.33333333333333,33.33333333333333,33.33333333333333,0.0,0.0,33.33333333333334,100.0,33.33333333333333,100.0,33.33333333333334,66.66666666666667,100.0,86.66666666666666,86.66666666666666,41.66666666666666,55.55555555555554,22.222222222222218,66.66666666666666,85.08333333333333,64.84809854877257,100.0,82.42404927438628,86.09550817253975,50.6388950194846,49.99999999999999,49.99999999999999,49.99999999999999,50.0,Mixed / Divergent,0.25,37.819447509742304,"[""Healthy Growth""]",Healthy Growth,1,100.0,2.266278262256586,False
HSG,2026Q1,2026,1,8105,8967.069,-7915.103,1051.966,147.085,118.667,-108.216,963.144,14955.051,23224.808,2628.852,10179.336,2498.668,8267.544,0.0,11745.132,11727.54,11479.676,4201.464,-1187.705,-873.746,228.417,-834.966,2124.429,Hoa Sen Group,Basic Resources,Non-financial,steel-58,10050420664800.0,807262704.0,HOSE,8267.544,7304.4,35215.941000000006,0.06966384160842223,0.06114739362336607,-0.11118214789594415,-30987.393999999993,-0.06320685881065312,-0.07342439217032869,0.11825840621663317,4228.548,0.12088113481162284,-0.022933930737522975,-0.05564390686746897,579.5099999999998,0.8100541471818853,-0.3328570780605071,0.14127994454203874,542.967,0.9032397754611067,-0.42818524818457354,0.16731951670464834,-250.087,-1.0726666794353679,-1.3411721437379658,-0.4341248860267341,-518.0139999999992,-0.24003315928882918,-1.5715904797884397,-1.12774250568784,-3432.951,-1.274746359738302,-2.1023064577977872,-1.9971032535578561,911.485,-0.009470904289226836,0.0248981459877596,-0.01310539644798707,-3337.15,-1.3782581326922692,-1.7171480173774387,-1.9124963780890971,4425.179,0.22141986108292316,1.738255968796566,2.531515408671384,0.12220800738239546,1.4610431423052157,0.11144289544044643,0.29044533543784645,0.10288190053029468,0.3234817985414399,0.20206369695863954,0.09512319892289468,0.07832371800609808,0.2677886206930049,0.04158124621183383,0.43395169597791683,0.34580260766078685,1.3405190021954192,,,0.34580260766078685,1.3405190021954192,0.38211362115320296,1.3255021730347574,0.21309157431902115,0.8837164208667564,0.21340249833316158,0.8859926744450836,0.009086251884178819,0.014717083500579226,0.003910301763470776,0.04572845573094716,-2061.451,-3950.9649999999992,-2.1476408363864516,-2.357851050221688,0.1200748263407188,0.016455899900559227,0.015418216426475723,-0.014709645271157147,-0.11219251531572019,0.026633607592775936,0.04764361463274346,-0.9540432475638468,-7.2766208627780316,0.045683090254179895,0.0746494889913633,0.2890547777780522,0.08063498337420696,0.20630534681883883,0.37897076858894907,0.7201896638894687,0.5057149234559872,0.4942850765440127,4.899010392388975,2.3172336027062572,0.11649699112578052,1.2752078441002972,0.40722223074915964,1.4517011500913632,-0.5754048305687729,0.09748287004456305,3.766327476590399,0.3234817985414399,0.04572845573094716,0.00706168435324242,0.003640203213692893,0.0036785120770255596,-0.11705768709735583,-0.1856311376659326,False,True,33.33333333333333,33.33333333333333,33.33333333333333,33.33333333333333,33.33333333333333,33.33333333333333,33.33333333333333,16.666666666666664,16.666666666666664,33.33333333333333,33.33333333333333,0.0,33.33333333333333,0.0,33.33333333333333,33.33333333333334,33.33333333333333,100.0,0.0,66.66666666666666,33.33333333333334,33.33333333333334,33.33333333333334,33.33333333333333,0.0,33.33333333333333,0.0,0.0,33.33333333333333,66.66666666666666,66.66666666666666,66.66666666666666,100.0,33.33333333333333,66.66666666666667,33.33333333333333,100.0,33.33333333333333,66.66666666666667,33.33333333333334,33.33333333333332,26.666666666666664,20.0,49.99999999999999,22.22222222222222,66.66666666666667,53.33333333333333,28.83333333333333,56.317538347432084,46.666666666666664,51.492102507049374,28.298910834172915,50.6388950194846,49.99999999999999,49.99999999999999,49.99999999999999,50.0,Mixed / Divergent,0.25,37.819447509742304,"[""Accounting Profit Risk""]",Accounting Profit Risk,1,33.33333333333333,-2.077228728193499,False
HT1,2026Q1,2026,1,8105,1859.997,-1610.808,249.189,107.433,77.84,-10.655,562.315,2098.683,7967.278,675.661,640.329,1028.722,1072.088,32.882,2800.629,2744.12,5166.649,4432.706,-225.683,-118.179,145.971,-217.402,487.191,VICEM Ha Tien Cement Joint Stock Company,Construction & Materials,Non-financial,building-materials-fixtures-43,5265940771800.0,381589911.0,HOSE,1104.97,542.655,7637.157999999999,-0.060497967187080885,0.172148570701154,0.09469872613646986,-6602.933,0.05594555596841294,-0.10952014249837785,-0.04815597760545918,1034.225,-0.08889847643353087,0.8455710265145903,0.527834817009936,460.13700000000006,0.007729178587173807,19.312535450935908,2.9277928108647964,360.94999999999993,-0.08448302224104058,9.480226604205251,3.757229090333974,-39.044,-0.43889264010803497,0.23925460516921326,0.25855029529615087,727.5190000000002,-1.7136221343873517,-0.44377982778254027,0.3283651037101957,-303.921,-0.5637107018100986,-2.532898866999492,-1.380911718854045,585.7239999999999,-0.018708740605294562,0.024120729936225414,0.037188143567731397,-382.721,-2.2662069379967242,-6.173562990826898,-2.544303680243004,-439.43299999999994,1.930346824120718,95.17958631355113,-1.1111159152926715,0.08517310587054712,-0.1442435439516539,0.2663158580691407,0.11003252849549092,0.04827805253127887,-0.010245655984723935,1.1909303155095818,0.20168141954921434,-0.06192233484764807,0.042835249915720165,-0.07203964697307563,-0.010041793492224897,0.8191363544581299,-0.2882247378697758,0.15651378728193582,,0.7886401271668626,-0.26639388613991216,4.448835738169104,-0.3609207179197288,0.11510472264217265,-0.12029688337787926,0.11546147354797164,-0.1322199839986339,0.015296310001023843,0.06175379859132887,-0.02487578605768066,-0.10121683400930713,-343.86199999999997,423.59800000000024,-0.8120412088635944,0.008492230335380158,0.1354201392717029,0.06024976830386383,0.04726234549553642,0.09526043588465766,0.055465396944779755,0.04507077497696046,0.07195402676921037,2.0155672530821453,1.1735642055686393,-0.04600931459903875,0.08847021365801258,0.08384388538249438,0.15579773412815184,0.10698269341274448,-0.051863476220749695,0.21386589257369717,0.3515164150165213,0.6484835849834787,0.518859580766469,11.785088617969473,0.5245045182858125,0.7647927204349664,0.5314468755010714,-0.361092612276382,-2.6692425155686457,0.039795038939877896,0.5188809063654555,-0.010245655984723935,-0.10121683400930713,0.038391159238325104,0.04345780707061957,0.03638668060201471,0.016756809492428762,-0.004741214027237296,False,True,12.5,87.5,87.5,87.5,37.5,100.0,37.5,25.0,25.0,37.5,25.0,62.5,75.0,25.0,37.5,75.0,100.0,50.0,25.0,25.0,87.5,87.5,87.5,75.0,50.0,6.25,0.0,0.0,87.5,12.5,12.5,12.5,12.5,12.5,25.0,37.5,0.0,12.5,37.5,87.5,68.75,30.0,55.0,50.0,53.47222222222222,14.583333333333334,35.0,56.02083333333333,62.98167117316242,100.0,81.49083558658121,56.998199687248196,51.11298298343228,50.0,50.0,50.0,50.0,Mixed / Divergent,0.25,38.056491491716145,"[""Healthy Growth""]",Healthy Growth,1,62.5,0.4104045388986297,False
IMP,2026Q1,2026,1,8105,546.206,-319.623,226.583,102.227,82.019,-2.476,75.791,1541.392,2820.855,421.951,639.116,89.665,99.958,100.0,442.315,338.635,2378.541,760.977,103.494,-7.787,25.738,-204.419,-12.822,Imexpharm Corporation,Health Care,Non-financial,pharmaceuticals-120,7099813148200.0,154008962.0,HOSE,199.958,124.167,2393.233,-0.14759066698502912,-0.08055260504428004,0.03689478297301191,-1399.502,0.09800197544800347,0.1112745452422131,-0.000630621612732595,993.731,-0.20893834074063722,-0.03341907796789483,0.09266168128524767,452.014,-0.2410877344063191,0.07363258275920025,0.07630581377628784,356.697,-0.2369615778211926,0.10150280012355471,0.06986739771387775,-16.772000000000002,0.2164556962025317,-0.12239347234814145,-3.7218468468468475,292.5369999999999,-0.36308249021490285,1.767349783498428,1.8526836213285485,-14.681999999999999,-1.6991334488734837,0.6103577683262448,0.8587821135552627,104.26400000000001,-0.010951850286285215,-0.017296017716009294,-0.009603419615293238,-254.05799999999996,-16.43134294557258,-6.586528112822417,-1.337584189025064,-266.02399999999994,0.9199460563037329,-1.042336952214914,-2.3275048155134384,-0.599398497830258,-0.7498828467900021,0.02254262440701308,-0.1612896204834879,0.013735546967369767,-0.032091205645383994,0.043828574538509975,-0.39382085182370485,-0.056954619567222274,-0.032627385449966156,0.1099488753821968,0.09320897342111693,-0.11368251181514287,-0.2807586866891644,0.0,-0.6,-0.060255006368109626,-0.48593875730441644,4.264436530145005,0.4445581990576467,-0.07098539839365532,-0.33666116277570074,-0.09074676719508534,-0.17365989834090204,0.031224068099068743,0.05826755888555702,-0.025691287163446867,-0.09543185222166752,95.707,277.8549999999999,1.6180347029840432,196.81042988019377,0.4152253457979227,0.1888717061815544,0.1490439919556516,0.12223506862892158,0.1161002710559314,0.12438790661796656,0.1542099741878779,0.8201274471049657,0.7789664617308245,0.022744876996513497,0.17631003750992905,0.26705130674698196,0.06406921890786867,-0.43071563479671676,-0.06952216842297806,0.08406750188455864,0.15680174982407816,0.8431986046783688,0.22321033727740447,26.950512759360837,0.7582284559514996,4.55177994005345,2.6644499239594257,-0.5228335402774283,-3.7981526606231353,0.006134797572990176,0.14081562188291258,-0.032091205645383994,-0.09543185222166752,0.021192131134807002,0.006915904880298002,0.004593438529574362,0.0778050084532862,0.11671506856918595,False,True,23.46938775510204,32.6530612244898,24.489795918367346,24.489795918367346,13.26530612244898,35.714285714285715,56.12244897959183,44.89795918367347,45.91836734693878,83.6734693877551,50.0,42.857142857142854,61.224489795918366,51.02040816326531,63.26530612244898,39.795918367346935,16.3265306122449,45.714285714285715,35.714285714285715,68.35443037974683,88.60759493670886,79.74683544303798,97.95918367346938,85.26315789473684,69.73684210526315,93.67088607594937,87.34177215189874,14.285714285714285,97.95918367346938,11.39240506329114,20.253164556962027,2.0408163265306123,10.38961038961039,7.446808510638298,14.736842105263165,63.26530612244898,7.142857142857142,19.387755102040817,82.65306122448979,92.0,25.68027210884354,56.122448979591844,51.632653061224495,41.527383105140785,79.39679669336088,11.043274492049273,52.88979591836735,57.28398889163651,56.33101291551579,100.0,78.1655064577579,58.29023695789995,58.91890973502159,25.68027210884354,51.632653061224495,41.527383105140785,11.043274492049273,Mixed Improvement,0.25,41.9594548675108,"[""Healthy Growth""]",Healthy Growth,1,65.3061224489796,-0.10275799204645356,False
KBC,2026Q1,2026,1,8105,1335.907,-686.412,649.496,312.462,234.257,-262.842,6930.683,57181.303,71803.162,12737.636,29521.066,576.262,3045.964,27108.113,44843.061,13178.472,26960.1,504.405,-2913.287,-167.354,46.974,-67.716,1543.151,Kinh Bac City Development Holding Corporation,Real Estate,Real Estate,real-estate-holding-development-160,28629344673600.0,941754759.0,HOSE,30154.077,23223.394,4906.171,-0.18958040880506963,-0.5713936003583091,-0.14531134424634792,-2275.8150000000005,0.3442846580194763,0.6402630059106103,0.3149208874000819,2630.3579999999993,0.07961436170212759,-0.4626793561709112,0.0876762788174308,1813.134,-0.4029407549657486,-0.7160719202324041,-0.12320374020507696,1593.3069999999998,-0.6371461409302412,-0.7241117370018408,0.18121788047459064,-840.2669999999999,-0.0017111736974691105,-1.546770536596709,-1.6344374598297564,-12984.657,-0.36893707081025756,0.5994119512257501,-0.15272536420558697,-247.20500000000004,-4.954583047803586,-2.334209949594565,0.509363972324877,191.84099999999998,-0.22913829036545943,0.27356035137186846,0.1837725766541814,-3520.3289999999997,0.8938901764266205,0.44715765754733156,-1.9382742537885278,16854.701,-0.1008656598668152,-0.7917459576285654,0.2472588124597853,-0.171816452939493,0.053140358682795624,0.03880013579304502,0.2543863418823365,0.0319337526555674,0.32469785212469776,-0.26007945456457116,-0.22090919766889958,0.0904194742476746,0.45586274037820196,-0.032011409009287485,0.25373283699963217,0.3318542551191292,5.887083062007091,0.028723027915285707,0.5809831752084581,0.05293066933312527,0.7144067908392667,0.1457196137229653,1.109746950943651,0.04638235197348847,0.37095258007953547,0.10302696318040717,0.6184681007530924,0.008765148819996014,0.25430777053343273,-0.020053348668323215,0.28600274840844714,-3080.6409999999996,-13231.862,0.5793036712183003,-0.1243784392067509,0.5361325563254927,0.3695619251754576,0.3247557005249103,-2.6465969082610448,-2.6969834520647566,0.02528926503430122,0.06576561198413995,-8.149501006397387,-8.30465315221737,0.20302676921108295,2.5962478682459293,6.017129447791363,0.2532112671724195,-0.07559785342255165,0.6011740846245499,1.1184705175425909,0.6245276635588835,0.37547232251415336,11.582884574620632,2.1578069827804733,2.2753660253371346,4.338993397717125,2.098895607927839,0.8597181350856147,-1.5112337196246795,0.0503865438037117,1.2885931578755327,0.32469785212469776,0.28600274840844714,0.11484322346460846,0.009318160997196512,0.08977363860552004,-0.6842766331256946,-0.6468897461935326,False,True,16.666666666666664,38.88888888888889,22.22222222222222,33.33333333333333,11.11111111111111,5.555555555555555,66.66666666666666,55.55555555555556,66.66666666666666,33.33333333333333,33.33333333333333,0.0,0.0,5.555555555555555,5.555555555555555,5.555555555555557,44.44444444444444,83.33333333333334,91.66666666666666,91.66666666666666,16.666666666666657,11.111111111111114,27.777777777777786,11.11111111111111,82.35294117647058,94.44444444444444,83.33333333333334,88.88888888888889,27.77777777777778,83.33333333333334,88.88888888888889,72.22222222222221,88.88888888888889,23.52941176470588,88.88888888888889,5.555555555555555,83.33333333333334,88.88888888888889,33.33333333333334,53.333333333333336,21.296296296296294,51.1111111111111,3.3333333333333335,77.77777777777777,49.27378358750908,74.29193899782136,52.88888888888889,26.08246187363834,70.63004274474532,25.833333333333332,48.23168803903933,25.38465640000415,50.62440497655373,50.0,50.0,50.0,50.03898635477583,Mixed / Divergent,0.25,37.81220248827687,"[""Accounting Profit Risk"", ""High Working Capital Stress"", ""High Leverage Stress""]",Accounting Profit Risk,3,0.0,-1.6373918470093227,True
KDC,2026Q1,2026,1,8105,2481.593,-2016.704,464.889,38.012,32.055,-50.367,829.695,5852.139,13321.386,628.853,1272.555,613.854,2945.44,346.265,5937.46,4885.445,7383.926,2482.248,280.925,-12.638,93.594,-254.833,-738.013,KIDO Group Corporation,Food & Beverage,Non-financial,food-products-87,14838083379200.0,289806316.0,HOSE,3291.705,2462.0099999999998,9390.154,0.0053618640407913564,0.15640118510952192,0.0861361219700451,-7611.014999999999,-0.00928609428025641,-0.12714080597086663,-0.06668379299732088,1779.141,-0.011316220412156207,0.30315551058050527,0.17804013229553947,762.934,-0.9310248468055534,1.7956962237293812,143.54982948086246,684.004,-0.9304065965558267,1.476370931787784,30.8939731655085,-203.439,0.03348556954252388,-0.1879009433962264,-0.39935067168336985,375.3200000000002,-0.40315583278802763,307.0317982456141,-0.07226229378525453,-63.77599999999999,0.21056905490661504,0.27158501440922195,0.43574044910020704,375.003,0.002613818960899837,0.01031973919989625,0.12382336634850229,459.514,-1.278902265513845,-4.327757319334535,1.297696951792703,-1737.5640000000003,-1.9553856750414471,-2.4725684093747877,-2.1091999882540846,-0.5236286658192177,-0.5704038187017594,-0.07971561812250408,-0.11705009399602283,-0.0471671837321153,-0.031112948475481746,-0.7861351193808236,-0.8125516050704571,-0.15133013664828238,0.07251850172480499,0.1892707687538749,-0.08798031708393317,-0.09866974960226514,-0.13954445611996322,-0.07912408215586,-0.6961718877503567,-0.09665281519954724,-0.2785764239475357,0.2942960782252131,-0.06439177732158738,-0.04894898343774547,-0.09369563568196604,-0.049825823751257256,0.04856146607520444,-0.04572957767811937,0.025847902909135998,-0.015800727885780894,-0.025087927733320223,268.28700000000003,311.5440000000002,17.321146124832705,0.0686589281304028,0.1894687776153618,0.08124829475640122,0.07284268181331212,0.039969525526418435,0.03317773063146783,0.050534918963039875,0.09381611408521388,0.5487102414605766,0.4554710206373065,0.02317206332734445,0.06696940220575721,0.13552014162920012,0.08065336883451157,-0.8986877270405021,-0.013617620245240103,0.4457933354153332,0.4457088774396298,0.5542911225603703,2.163573203085935,3.750185559307704,0.2816879651257537,1.1978722511460063,0.9373934206607587,-0.3647125459175808,-143.94918015254584,0.0067917948949506035,0.170067972789551,-0.031112948475481746,-0.025087927733320223,0.014781279531105612,0.08063780141925701,0.07548927106060206,-0.006824245128191672,-0.0005425993402965734,False,True,55.55555555555556,77.77777777777779,94.44444444444444,94.44444444444444,55.55555555555556,77.77777777777779,33.33333333333333,11.11111111111111,11.11111111111111,11.11111111111111,11.11111111111111,22.22222222222222,55.55555555555556,11.11111111111111,33.33333333333333,33.33333333333334,11.11111111111111,66.66666666666666,33.33333333333333,44.44444444444444,44.44444444444444,33.33333333333334,33.33333333333334,33.33333333333333,66.66666666666666,22.22222222222222,33.33333333333333,22.22222222222222,33.33333333333333,55.55555555555556,66.66666666666666,66.66666666666666,33.33333333333333,0.0,66.66666666666667,33.33333333333333,22.22222222222222,55.55555555555556,100.0,100.0,75.92592592592592,15.555555555555557,31.111111111111107,38.888888888888886,35.80246913580247,48.148148148148145,62.222222222222214,46.85185185185185,64.16976779309861,92.5,78.33488389654931,47.67585415621438,51.29032438140259,50.0,50.0,50.0,50.0,Mixed / Divergent,0.25,38.1451621907013,"[""Accounting Profit Risk""]",Accounting Profit Risk,1,33.33333333333333,0.018893243325661006,False
KDH,2026Q1,2026,1,8105,281.361,-98.524,182.837,76.514,327.045,-5.581,3613.809,37310.715,39861.897,4260.598,29125.945,77.339,1952.42,13395.79,18337.717,3394.097,21524.181,64.865,-633.699,-85.735,3.788,-1396.816,3100.039,Khang Dien House Trading and Investment Joint Stock Company,Real Estate,Real Estate,real-estate-holding-development-160,25418167462350.0,1122214899.0,HOSE,15348.210000000001,11734.401000000002,4245.268,-0.8450941896213034,-0.6036527043112617,0.16165208513647114,-1593.3670000000002,0.8129565785277099,0.7556436291846685,0.10608089647345136,2651.902,-0.858221159699223,-0.40383191984009764,0.4165704267709653,1935.502,-0.9200999142667089,-0.5263903933644889,0.6363591785662955,1842.2430000000002,-0.5875944808314565,1.7559662250985943,1.1462583488572862,-5.581,,,,-2492.267,-6.284612305485598,0.5185064177717533,-0.0243962689993437,-753.362,0.7365558522488085,-9.578038247995064,-6.281462938441761,13.958999999999993,0.16589719913819628,0.0881930479747199,-0.04002475758200944,-1992.297,-5.444572604420904,-49.058351969723034,-1.222697363283211,5993.738,10.687719377617924,9.388000335092569,1.0656394767369328,0.4190464634660648,0.7151475370622441,0.17999096886186527,0.3191978681096124,0.17019671931909888,0.3198553247817002,-0.2222404363604501,0.29009614712056736,0.25195492059704,0.3000055167542846,-0.3165457453671383,-0.6497676861906876,0.08358516273868295,0.7749272727272728,0.6047501637000208,1.1263354488025448,0.5122281600658011,1.0740986888816157,0.5434406343489963,1.2169886108794614,0.42224960733965955,0.7245043454644216,-0.029973920933987725,0.0560285872521018,0.01669137757641873,0.09996263306477049,-0.026518789770680905,-0.09825810128869937,-719.434,-3245.629,0.4567094794202759,-0.2796324362003111,0.6246724588412321,0.4559198618320445,0.43395210855945965,-0.587069414698907,-0.7645286469546798,0.05258772406459079,0.08966369670918505,-1.3528437887944205,-1.7617811548205093,0.10873817671045612,1.0036110794418633,6.860802427549921,0.048538095743165255,0.12844406198409622,0.13835343161781347,0.713068246359757,0.46003121728000057,0.5399688078066129,6.019305336192928,346.8020068088156,1.8509383226969607,10.99282519032308,2.4114720351245107,0.9124466037451446,,0.17745923225577276,53.969625331327485,0.3198553247817002,-0.09825810128869937,0.11241267236923269,0.1322621556942296,0.19907760147793382,0.07865968871826867,-0.07048848998694501,False,True,66.66666666666666,72.22222222222221,66.66666666666666,66.66666666666666,11.11111111111111,83.33333333333334,77.77777777777779,72.22222222222221,72.22222222222221,66.66666666666666,55.55555555555556,27.77777777777778,33.33333333333333,16.666666666666664,16.666666666666664,22.222222222222214,72.22222222222221,55.55555555555556,55.55555555555556,91.66666666666666,38.888888888888886,33.33333333333334,61.11111111111111,94.44444444444444,76.47058823529412,100.0,88.88888888888889,50.0,61.111111111111114,61.111111111111114,66.66666666666666,38.88888888888889,100.0,,5.555555555555557,16.666666666666664,77.77777777777779,16.666666666666664,16.666666666666657,3.3333333333333286,61.11111111111111,68.88888888888889,23.33333333333333,68.75,67.13870733478576,54.444444444444436,26.222222222222218,47.93608387799564,48.14954142928818,73.33333333333333,60.74143738131075,47.863765871475024,50.62440497655373,50.0,50.0,50.0,50.03898635477583,Mixed / Divergent,0.25,37.81220248827687,"[""Accounting Profit Risk"", ""Working Capital Absorption"", ""Leverage-Funded Growth""]",Accounting Profit Risk,3,44.44444444444444,-0.6684816391782751,False
KOS,2026Q1,2026,1,8105,256.962,-229.084,27.878,1.728,2.739,-20.442,2.464,3476.298,5006.04,773.031,2664.767,88.218,1092.738,1022.904,2665.598,1625.434,2340.442,1009.002,-14.028,-36.907,9.052,-41.822,56.885,KOSY Joint Stock Company,Real Estate,Real Estate,real-estate-holding-development-160,8247938863500.0,216481335.0,HOSE,2115.642,2113.178,1585.566,-0.5247868622047972,0.13356919764959146,0.11009546213545347,-1410.867,0.5323881102751162,-0.14598726369552925,-0.11697165268803056,174.698,-0.45152278271818685,0.04084528076463565,0.05750674947638609,39.314,-0.8637008991954567,-0.5400585573595954,0.18255376748383226,19.003,2.34841075794621,0.016326530612244913,-0.11502817491733801,-103.322,0.30497756017951855,-0.23025999037072706,-0.12718188165473907,-68.69999999999997,0.8326373809921496,-1.6119617851066617,-2.049287492554182,-40.336999999999996,,,-0.7065194397890376,70.87,-0.5708121947750225,0.18512699659596749,-0.030267370898442888,-46.14700000000001,-2.069725803151218,-374.41071428571433,0.6713504351417948,113.14899999999992,0.38379390872822816,1.9417890432277611,0.5111517709279347,0.7254901960784315,-0.40783465513097805,0.03226624484764825,0.061383044302226304,0.028302960363202095,0.034921606245038386,0.035222952369601164,0.20781941870748177,0.03176247796423387,0.027608251509539987,-0.338958284939267,-0.3577419260898686,0.04851076732352635,0.299585174754649,0.006224817426340947,-0.12010377384458698,0.027630750010807375,0.05604473275949842,0.027146363075618775,0.05701021857210094,0.05332126796962062,0.05954710051315889,0.0860532538487802,0.21730006785103922,0.0012179184161500206,0.00823321113327277,-0.004702254655646457,-0.0474840980192617,-50.934999999999995,-109.03699999999998,-3.2220041006849014,-3.6062960130654504,0.11018021324877048,0.024794931273753346,0.01198499463283143,-0.04332837611300947,-0.06876850285639322,0.003861158408478578,0.008152693868340194,-3.61521864968689,-5.737883492080196,0.01751943652068301,0.48754261885030326,1.680640856325123,0.06252750968021792,0.0977239565720283,-0.08248721062591349,0.9039497667534593,0.5324763685467955,0.4675236314532045,19.178628476003777,0.3804997967519018,0.002254886349701392,2.1386891131845402,0.4992703487191728,-0.05405072937595505,-0.3097356491385713,0.025440126743383747,0.5691689008042895,0.034921606245038386,-0.0474840980192617,-0.005479147606503046,0.00151925328955518,-0.003048803934011319,-0.0891677042724141,-0.09805896049283898,False,True,55.55555555555556,27.77777777777778,44.44444444444444,22.22222222222222,55.55555555555556,44.44444444444444,0.0,0.0,0.0,0.0,2.7777777777777777,16.666666666666664,5.555555555555555,55.55555555555556,61.111111111111114,55.55555555555556,66.66666666666666,38.88888888888889,27.77777777777778,44.44444444444444,22.222222222222214,2.7777777777777857,44.44444444444444,5.555555555555555,2.941176470588235,27.77777777777778,11.11111111111111,11.11111111111111,44.44444444444444,77.77777777777779,97.22222222222221,55.55555555555556,38.88888888888889,58.82352941176471,94.44444444444444,61.111111111111114,22.22222222222222,33.33333333333333,44.44444444444444,66.66666666666667,41.666666666666664,0.5555555555555556,38.88888888888889,44.44444444444444,19.153957879448075,70.4520697167756,45.55555555555556,28.49972766884532,61.49096195149442,45.0,53.24548097574721,28.052611842046524,50.62440497655373,50.0,50.0,50.0,50.03898635477583,Mixed / Divergent,0.25,37.81220248827687,"[""High Leverage Stress""]",High Leverage Stress,1,5.555555555555555,-0.7410295746533424,True
LPB,2026Q1,2026,1,8105,5154.211,-6905.314,3878.245,3600.932,2279.191,-6905.314,1980.398,,580859.917,9492.359,,,,,531388.252,,49471.665,3300.74,-46186.756,-71.291,,719.311,,Fortune Vietnam Joint Stock Commercial Bank,Banks,Banks,banks-151,154741212780000.0,2987282100.0,HOSE,,,22347.261000000002,-0.2591623875727206,0.09939075256977929,0.10941134419051468,-24944.056,-0.07484135720529676,-0.3231985341811383,-0.2905698175801458,16630.572,-0.18889364804558315,0.18170364208646797,0.09331414390858928,15918.327999999998,-0.27878168082893,0.06733116523582502,0.10585536893598292,11167.664,-0.3890531465817186,-0.10052267132245638,0.12168555198824446,-24944.056,-0.07484135720529676,-0.3231985341811383,-0.2905698175801458,34769.476,-1.8891933035248798,-0.8687781985218015,0.37638742299417904,-690.944,0.03880327360487536,0.3069123079914447,0.4051821357672051,,,,,-278.29200000000003,2.4327420267223316,16.78544153792135,0.753550725022715,,,,,0.8246865486816984,0.19648136008965764,,,-0.04082765729375958,0.16196472271317067,6.293096559958326,5.563646710487194,,,,,,,,,,,,,-0.048359908568897325,0.17040091436718632,,,0.04829564561501901,0.07846710053577984,0.01244786295633521,0.19117372152560186,-46258.047,34078.532,-0.8639054262971169,0.4140589405819035,0.744188381743964,0.7123167353708356,0.4997330097858525,1.5558719254229858,1.5249534159913376,0.020666420702706464,0.2342607633373728,3.1134063489016146,3.0515362926391765,-0.04063253688066068,0.424766104445641,,,5.454235366296679,,,0.9148302997812121,0.08516970021878786,,0.6381611715432325,,,,,-0.3964251865161287,0.030918509431648016,,0.16196472271317067,0.19117372152560186,-0.010956914346308966,-0.002290517146744664,0.00546840136669674,0.30179045436678087,0.32853891691347803,False,True,47.05882352941176,47.05882352941176,41.17647058823529,41.17647058823529,35.294117647058826,17.647058823529413,23.52941176470588,76.47058823529412,100.0,82.35294117647058,94.11764705882352,17.647058823529413,17.647058823529413,47.05882352941176,47.05882352941176,47.05882352941176,91.17647058823529,,64.70588235294117,,,,35.294117647058826,47.05882352941176,,,,23.52941176470588,35.294117647058826,,,64.70588235294117,,58.82352941176471,52.94117647058824,47.05882352941176,23.52941176470588,88.23529411764706,17.64705882352942,,38.23529411764706,75.29411764705883,35.294117647058826,77.94117647058823,35.294117647058826,58.8235294117647,44.11764705882353,40.86764705882353,74.18313515653509,92.5,83.34156757826754,41.938360243003785,51.14539221067532,50.0,50.0,50.0,50.0,Mixed / Divergent,0.25,38.072696105337656,"[""Margin Compression"", ""High Working Capital Stress""]",Margin Compression,2,23.52941176470588,-0.4641646194004024,True
MBB,2026Q1,2026,1,8105,17430.206,-14068.954,14913.117,13083.204,7702.72,-14068.954,5741.287,,1611222.764,20164.815,,,,,1461477.439,,149745.325,5500.662,-64971.848,-591.985,,-589.57,,Military Commercial Joint Stock Bank,Banks,Banks,banks-151,202180497715900.0,8054999909.0,HOSE,,,69800.524,-0.10742246009897824,0.13754164818373674,0.18871679172991768,-43648.825,-0.21519908159705445,-0.781302354178104,-0.5256584205958875,54831.05,0.024583842083003262,0.2754774471561516,0.2523619807268312,49722.327,-0.0161885333271371,0.1504004444311964,0.20462156193486788,28410.819000000003,-0.13481281264910774,0.15398646177706,0.13634517051425674,-43648.825,-0.21519908159705445,-0.781302354178104,-0.5256584205958875,98460.56199999999,-1.5179688792867403,-1.4917284982161658,6.247145595202029,-2266.384,0.30690408925240914,-4.59204435963802,-0.23168290788779353,,,,,492.28499999999974,-1.2830955596967804,-2.331751010143822,1.2627880186791762,,,,,0.1561688320841857,0.3592116729636459,,,-0.002810536195365836,0.39268633136704295,-0.28304827559528695,0.8469932707093214,,,,,,,,,,,,,-0.008321651942027743,0.41445987751583296,,,0.05437728979962874,0.21078189375078626,-0.020632783808272114,0.02209370579396072,-65563.833,96194.17799999999,-1.5042645827738441,5.6685628391161496,0.7855392317685179,0.712348907294736,0.40702873519975297,1.4105991811752012,1.3781297401148447,0.02052701049860464,0.20781672430427686,3.465600974051469,3.3858291096782525,-0.043476137853275754,0.28889202894809207,,,0.6582764789794038,,,0.907061066696796,0.092938933303204,,1.1391446848798334,,,,,-0.7302799825307554,0.032469441060356506,,0.39268633136704295,0.02209370579396072,0.03992119981267839,0.009405232343734804,-0.018759049008079176,1.7301639621861753,1.7290312958422274,False,True,64.70588235294117,100.0,58.82352941176471,47.05882352941176,52.94117647058824,47.05882352941176,41.17647058823529,82.35294117647058,58.82352941176471,76.47058823529412,82.35294117647058,29.411764705882355,29.411764705882355,35.294117647058826,35.294117647058826,52.94117647058824,58.82352941176471,,52.94117647058824,,,,58.82352941176471,88.23529411764706,,,,58.82352941176471,58.82352941176471,,,41.17647058823529,,5.88235294117647,11.764705882352942,35.294117647058826,94.11764705882352,29.411764705882355,11.764705882352942,,61.764705882352935,68.23529411764704,36.47058823529412,55.88235294117648,66.17647058823529,19.6078431372549,42.647058823529406,59.25,46.34950307077031,100.0,73.17475153538516,59.81237238203614,51.14539221067532,50.0,50.0,50.0,50.0,Mixed / Divergent,0.25,38.072696105337656,"[""Healthy Growth""]",Healthy Growth,1,76.47058823529412,0.15243694529011376,False
MSB,2026Q1,2026,1,8105,3649.467,-3577.813,3197.509,2389.979,1514.222,-3577.813,1960.567,,412910.904,14880.979,,,,,368932.991,,43977.913,507.921,9301.365,-47.796,,-45.972,,Vietnam Maritime Commercial Joint Stock Bank,Banks,Banks,banks-151,44460000000000.0,3120000000.0,HOSE,,,14435.994999999999,-0.05149595735318846,0.1201673068411396,0.005453731700053176,-11822.656,-0.16264528951315826,-0.4852389915123578,-0.32697277757861476,11641.218,0.05058395546785105,0.27707011584461133,0.12137347327586165,9342.858,-0.09616714776965007,0.18087100624928346,0.044884645464680954,5877.141,-0.18205252030254224,0.19644500913004956,0.05117303051977349,-11822.656,-0.16264528951315826,-0.4852389915123578,-0.32697277757861476,33476.687999999995,0.34391232042259123,1.7451813669507685,6.649064243201088,-209.732,0.3177458033573141,-0.7775959535852424,-0.18814192079129385,,,,,-189.21,0.33320762926970765,-0.7111590858333955,-0.33777821770977684,,,,,0.34419830789693806,0.5355618648548098,,,0.012845959658726357,0.3119646863129837,0.30130824468827017,1.3991576092870956,,,,,,,,,,,,,0.01014464714349317,0.3333007705518274,,,0.03608945264127951,0.15668502432375767,0.020382703028476754,0.1850976457686834,9253.569,33266.95599999999,1.7397586343102989,6.451293715117211,0.806402191189454,0.6471918284815145,0.40711714017634393,2.3189733717696632,2.304444965518483,0.01615402323681665,0.1433474197595665,5.696083861183524,5.66039780226474,-0.06684140993283141,1.0308246158300831,,,1.3937038775870425,,,0.893492972517868,0.10650702748213209,,0.7902503464534534,,,,,-0.3718574230432957,0.014528406251179777,,0.3119646863129837,0.1850976457686834,0.0833602148049487,0.024423141146530436,0.017706989854133326,2.731717913162528,2.729484031685942,False,True,11.76470588235294,70.58823529411765,11.76470588235294,23.52941176470588,41.17647058823529,76.47058823529412,70.58823529411765,29.411764705882355,64.70588235294117,64.70588235294117,23.52941176470588,58.82352941176471,64.70588235294117,70.58823529411765,70.58823529411765,76.47058823529412,76.47058823529412,,88.23529411764706,,,,88.23529411764706,64.70588235294117,,,,47.05882352941176,88.23529411764706,,,11.76470588235294,,82.35294117647058,35.294117647058826,70.58823529411765,70.58823529411765,82.35294117647058,76.47058823529412,,39.2156862745098,50.58823529411764,68.23529411764707,82.35294117647058,72.05882352941177,43.13725490196078,75.0,53.05392156862745,64.26881021408273,100.0,82.13440510704137,54.0642766292464,51.14539221067532,50.0,50.0,50.0,50.0,Mixed / Divergent,0.25,38.072696105337656,"[""High Working Capital Stress""]",High Working Capital Stress,1,52.94117647058824,0.08449818368539702,True
MSN,2026Q1,2026,1,8105,24019.754,-16113.727,7906.027,2318.74,1973.577,-1214.557,7081.065,31419.317,130717.94,3603.236,11329.909,9162.989,25197.545,39839.621,84455.333,41645.707,46262.607,35310.874,3473.727,-447.222,929.33,-7520.256,-1003.422,Masan Group Corporation,Food & Beverage,Non-financial,food-products-87,113580746946900.0,1520491927.0,HOSE,65037.166,57956.100999999995,86744.545,0.03329324728203882,0.2711192917983178,0.04236015513697771,-59452.151,-0.007713321277757609,-0.268568160320635,-0.03172162842577095,27292.394,0.08966930592878143,0.27635079863673406,0.0663114482306272,8721.464,-0.12258210018140647,0.5261193784265846,0.13957086156956336,7754.048,-0.14018209914596635,1.0076263427734375,0.6233496274421014,-5240.093,0.013737997117277976,0.12786312437976713,0.1514610318633683,4919.204000000001,4.0074542937511195,46.76293358978751,-0.48136622650166666,-1977.339,0.2481781151918716,-0.284699839707682,0.3518304781504014,3478.128,0.08094056123813897,0.05616723566554688,-0.12369746755872552,12486.483999999997,-0.9483114000317109,-1.4197537855630564,2.0183512239273735,-23120.693,-1.2606134541018448,0.6236990168161675,-4.274395926048455,-0.4148774774104786,-0.4454533031093409,-0.13288933652863116,-0.35286383442115465,0.01360674513811389,-0.08686018247590152,-0.3610464603884505,-0.8481841540844657,0.006010628814080577,0.15633416468269898,0.09571329610159734,0.5724946113292512,0.03561553449708396,0.04096583113996567,-0.017426370524444387,0.07362739379887498,0.002466013549479565,0.060732933810153204,0.09816657131908292,0.19388024348967528,0.006804663749251359,-0.1539553301395436,0.03448383188463766,-0.20937933753055377,0.0262643880769795,0.06771931642580689,-0.0048851574023607595,-0.028552958289775953,3026.505,2941.8650000000007,8.137629975873837,-0.5427823514592238,0.3146295135907394,0.10054193033118106,0.08938945959080194,0.05670908758585339,0.033914121055104975,0.05662573544948059,0.17309873458107564,0.6344046361332817,0.37939731608574007,0.021686724867298238,0.041538473687307946,0.1306123514740898,0.15412375912185247,-0.8905443092214433,0.11397400954572126,1.4058257892816113,0.6460883104492008,0.35391168955079927,4.750658956463462,1.6643719872910654,0.2810220202007775,0.7544431170300459,0.4823884488261899,0.018372778673175494,0.01189017029380493,0.022794966530748417,0.5685066794551551,-0.08686018247590152,-0.028552958289775953,0.007067150698258584,0.008576695318558994,0.031992082345891626,-0.05726592976587825,-0.043402947953837194,False,True,44.44444444444444,33.33333333333333,22.22222222222222,66.66666666666666,77.77777777777779,66.66666666666666,66.66666666666666,33.33333333333333,33.33333333333333,22.22222222222222,33.33333333333333,44.44444444444444,33.33333333333333,22.22222222222222,44.44444444444444,55.55555555555556,22.22222222222222,100.0,11.11111111111111,33.33333333333333,11.111111111111114,11.111111111111114,11.111111111111114,11.11111111111111,55.55555555555556,5.555555555555555,0.0,33.33333333333333,11.11111111111111,88.88888888888889,88.88888888888889,88.88888888888889,88.88888888888889,66.66666666666666,88.88888888888889,44.44444444444444,5.555555555555555,33.33333333333333,66.66666666666667,75.0,51.85185185185185,37.77777777777777,40.0,41.66666666666667,16.66666666666667,85.18518518518518,45.0,36.49074074074074,72.02809757595362,85.0,78.5140487879768,37.323701289674645,51.29032438140259,50.0,50.0,50.0,50.0,Mixed / Divergent,0.25,38.1451621907013,"[""Accounting Profit Risk"", ""Working Capital Absorption"", ""High Leverage Stress""]",Accounting Profit Risk,3,11.11111111111111,-0.6030777054278269,True
MWG,2026Q1,2026,1,8105,46461.952,-36751.851,9710.101,3347.123,2757.557,-415.449,4553.653,76834.612,83994.558,2121.016,27600.708,11892.522,28100.653,0.0,48061.216,48061.216,35933.342,2418.447,1193.255,-350.143,393.93,190.056,-1830.622,Mobile World Investment Corporation,Retail,Non-financial,specialty-retailers-74,116152301143900.0,1468423529.0,HOSE,28100.653,23547.0,166255.139,0.09785376715433713,0.28578956698939567,0.19616946215120237,-132743.571,-0.09490873121752619,-0.2701719411687372,-0.19585984351936342,33511.568,0.10914539694027559,0.3485481592647976,0.19739743498813103,10070.999,0.34304810559733945,0.7251388384217132,0.6912277313683227,8282.346,0.3234617684635297,0.7815586167508917,0.8917460323986234,-1563.3310000000001,-0.08002526867464246,-0.28704463851446593,-0.3103661291363558,4799.870000000001,2.950170950787093,-0.5206896898002631,-0.22144010879371515,-1075.549,-0.0011379719509927739,-1.147391984299776,-1.4207937951275722,1775.892,-0.09094895025176415,-0.22594754764510655,-0.343018480948597,-2772.818000000001,1.4502981754081699,1.0513956430959077,0.7381135114907995,-132.66400000000044,-4.498594348727652,-0.7759476748811102,-1.0878482851692122,-0.08925592098763063,0.713047236908335,-0.004754289516425035,0.1241314546517359,0.0005829726434804961,0.15568868545309886,-0.7917067504573382,-0.7849420412526925,0.012244024356020261,0.21010739953801388,-0.09313613799098658,0.051601831786639255,-0.06115042883881076,0.07163655234540693,,,-0.06115042883881076,0.07163655234540693,-0.05551386050557022,-0.00072008245809877,-0.0533447422824829,0.11744046298344266,-0.0533447422824829,0.11744046298344266,0.08310873150103729,0.21113551881898537,-0.06917972480062064,-0.25215822866617477,843.1120000000001,3724.321000000001,-0.6376003129204331,-0.34898211183607214,0.2015671106563509,0.06057556512583951,0.049817082646690394,0.02887050607199577,0.022401238376156304,0.10572727410303229,0.2525010184066833,0.5795302442085855,0.4496698157744196,0.04146073368229402,0.012757596623825265,0.1660141645305773,0.08959019190466107,-0.9811115034038949,0.01393793738681151,0.7820216945031164,0.5721944033564651,0.42780559664353485,1.987610082679076,6.442013239678609,0.16204794244461154,1.5986822305952473,1.024399882017134,-0.12453290980579544,-1.0015938605046786,0.006469267695839465,0.6056387437974832,0.15568868545309886,-0.25215822866617477,0.0002067141029967745,0.017731754199527168,0.018317255537299064,-0.015485770317564828,-0.018758425201598636,False,True,0.0,0.0,50.0,50.0,0.0,50.0,100.0,100.0,100.0,100.0,50.0,100.0,100.0,100.0,100.0,100.0,0.0,50.0,25.0,50.0,50.0,100.0,100.0,100.0,50.0,100.0,50.0,50.0,100.0,50.0,0.0,0.0,50.0,50.0,0.0,100.0,0.0,0.0,50.0,50.0,25.0,90.0,100.0,31.25,77.77777777777777,25.0,40.0,71.47916666666666,50.91902469212031,92.5,71.70951234606015,71.96457314968445,50.997234628591066,50.0,50.0,50.0,50.0,Mixed / Divergent,0.25,37.99861731429553,"[""Accounting Profit Risk""]",Accounting Profit Risk,1,100.0,0.8006863373533337,False
NAB,2026Q1,2026,1,8105,2306.7,-4866.726,2071.956,1409.379,1310.87,-4866.726,1336.047,,409207.229,1428.628,,,,,384527.694,,24679.535,2338.743,-33099.374,-51.304,,-50.838,,Nam A Commercial Joint Stock Bank,Banks,Banks,banks-151,24602926269900.0,2058822282.0,HOSE,,,11561.015,-0.4155001544425612,0.01157609317709091,0.23494996808746438,-15934.470999999998,-0.16309953963328863,-0.8213719928548198,-0.6467589447247294,8576.416,-0.1098155233940464,-0.019035471710976564,0.029214546742746705,7661.588,-0.47698285788929345,-0.03773731762720277,0.4129532846475716,4516.984,0.14979216607767945,0.342939392697619,0.19338097891404335,-15934.470999999998,-0.16309953963328863,-0.8213719928548198,-0.6467589447247294,83399.287,-1.8906474410905625,-16.659002914238137,3.6808015172212594,-820.029,0.8222776478739067,0.35535590877677947,-0.3287503868633363,,,,,-789.4929999999999,0.8233466766741723,0.27585322773631127,-0.3078503189725289,,,,,0.08505703252214093,0.004120808920127064,,,-0.021815362344001832,0.5603646506243396,-0.21041528379669724,1.24883396954075,,,,,,,,,,,,,-0.02627195207688635,0.5887119244061932,,,0.05329607861321826,0.22093526887870854,-0.012994121626497697,0.07759340821871606,-33150.678,82579.258,-17.296866297147492,3.8010733152226552,0.7418393627203148,0.6627089403482307,0.3907082552872737,7.2138377988437865,7.142907262035384,0.013454251170766011,0.20123258849687725,18.463489576230508,18.281946095004983,-0.19276859598196394,0.1235728869826741,,,1.0138840014532855,,,0.9396893963473945,0.060310603652605564,,0.4808184721036551,,,,,-1.059712229372301,0.07093053680840307,,0.5603646506243396,0.07759340821871606,-0.14829039712116399,0.08348781985771225,-0.013609524134348294,5.310589236243142,5.305582039916124,False,True,94.11764705882352,29.411764705882355,100.0,58.82352941176471,17.647058823529413,82.35294117647058,17.647058823529413,47.05882352941176,47.05882352941176,23.52941176470588,76.47058823529412,91.17647058823529,88.23529411764706,88.23529411764706,88.23529411764706,97.05882352941177,70.58823529411765,,0.0,,,,11.764705882352942,11.76470588235294,,,,76.47058823529412,11.76470588235294,,,88.23529411764706,,0.0,88.23529411764706,88.23529411764706,100.0,52.94117647058824,0.0,,63.72549019607843,42.35294117647059,90.58823529411765,35.294117647058826,27.941176470588236,58.8235294117647,60.294117647058826,58.62254901960785,57.57424776849043,92.5,75.03712388424522,59.278040019086994,51.14539221067532,50.0,50.0,50.0,50.0,Mixed / Divergent,0.25,38.072696105337656,"[""Healthy Growth"", ""Margin Compression""]",Healthy Growth,2,70.58823529411765,0.6426133202917361,False
NKG,2026Q1,2026,1,8105,3261.408,-3176.221,85.186,25.126,21.462,-47.2,601.149,8957.539,16048.601,1963.387,4344.573,850.333,4646.308,2325.452,8391.746,6042.68,7656.855,1711.357,476.808,-293.225,93.809,-820.408,105.152,Nam Kim Steel Joint Stock Company,Basic Resources,Non-financial,steel-58,6109342525650.0,447570881.0,HOSE,6971.76,6370.611,13979.403999999999,0.03984025256571835,-0.202618974854223,-0.27971204978216024,-13372.301000000001,-0.036412214064270754,0.1700259636279257,0.25212438146592064,607.101,0.18612066444812658,-0.6764162912428112,-0.6026035284506865,75.11300000000004,1.9206360838340908,-0.6727021675698207,-0.831819372577644,153.2440000000001,3.296875,-0.6718599495451417,-0.5839175459269836,-210.52,0.030342872403804604,0.16194669838958817,0.023630081395079057,1370.0659999999998,-0.39967667692369674,0.09977119238292055,0.8412465041520122,-3442.05,0.6590490232215259,-0.04004469115221601,-2.1256044306297524,366.106,0.022497138808654345,0.04401584793108819,0.001200545851826994,-3314.133,-2.5475722025953584,-0.5336391608809927,-0.16783233786140914,1258.0050000000006,2.4726552105653825,-0.8945321237105129,-0.5539908267126523,-0.2833772816570982,-0.5330410060821675,-0.07680885929834673,-0.12100829599699643,-0.026998507085523416,0.12890909175320872,0.37939908554663454,0.07026779221600428,-0.18074889361945257,-0.2597799157957364,-0.4215775904876572,0.3529088878352705,0.009850716748696274,-0.16942158141586894,0.026177215703770157,13.888133422964884,0.015238420320845058,0.21242559899051494,0.05679241677355217,0.42746378578176286,-0.052682259199939394,0.2525332400770825,-0.08001352572010675,-0.0729256322098309,0.0027989057406183006,0.01871276545640173,-0.051734255062965334,-0.11641889219667899,183.58299999999997,-2071.9840000000004,0.21083387746756596,-4.80150414676351,0.04342824629719551,0.005373118911221111,0.010962126854621279,0.09800603802565545,-0.14821690538452145,0.010126937959618674,0.02019948380883727,8.940421810968122,-13.520816475685827,-0.07582106377995189,0.1404485484502773,0.3107838502986251,0.06358913099548087,0.3499798419981645,0.01993213398642385,0.9105252744109691,0.522895796337637,0.4771042036623628,14.438659713203645,0.3567974539236179,0.1293820814289539,1.4823785141692096,0.7633973667313179,0.4921376487726752,0.8554494539727231,0.2462229434101769,9.401785275302782,0.12890909175320872,-0.11641889219667899,-0.035286198209594125,-0.017639001248854518,-0.008014611541459906,0.05966648485920831,-0.1298149792173901,False,True,0.0,0.0,0.0,0.0,0.0,0.0,0.0,16.666666666666664,16.666666666666664,0.0,0.0,100.0,0.0,66.66666666666666,0.0,100.0,66.66666666666666,33.33333333333333,66.66666666666666,100.0,0.0,0.0,0.0,0.0,33.33333333333333,66.66666666666666,66.66666666666666,33.33333333333333,0.0,100.0,100.0,100.0,66.66666666666666,100.0,100.0,0.0,0.0,0.0,0.0,0.0,0.0,6.666666666666666,53.33333333333333,66.66666666666666,22.222222222222218,94.44444444444444,0.0,11.166666666666668,60.81409768410811,37.5,49.15704884205405,10.515491484256486,50.6388950194846,49.99999999999999,49.99999999999999,49.99999999999999,50.0,Mixed / Divergent,0.25,37.819447509742304,"[""Leverage-Funded Growth"", ""High Leverage Stress""]",Leverage-Funded Growth,2,0.0,-1.4979932572961916,True
NLG,2026Q1,2026,1,8105,1279.401,-898.475,380.926,176.253,109.517,-86.429,5027.834,17915.357,25894.097,1835.066,8381.456,268.049,1211.421,4275.819,10983.802,5928.131,14910.295,100.821,-519.058,0.546,12.979,-1148.948,-118.464,Nam Long Investment Corporation,Real Estate,Real Estate,real-estate-holding-development-160,12976354995250.0,485097383.0,HOSE,5487.240000000001,459.40600000000086,5633.328,-0.24924478567639505,-0.009107314352984924,-0.31985723749653944,-3307.9330000000004,0.02226703245162616,-0.022914607877515595,0.324763494031854,2325.3940000000002,-0.514876817177461,-0.07724097167717998,-0.31275412706190536,1193.3030000000003,-0.6852911609835534,0.33694143348023625,-0.39098737066233336,945.9710000000002,-0.7830779530491139,-0.0030767830321788547,-0.39448167706833087,-251.981,-58.42790697674419,0.12699743439526467,0.10056575824097368,-455.84000000000003,-2.3978573967747843,0.4453673042627148,-1.5409895989100457,0.09700000000000164,0.1075050709939149,1.063275002897207,1.0024569402228978,52.569,-0.06003765932792589,0.07620232172470967,0.06797635251813185,-250.00300000000027,-2.4442493271806454,-17.0910325896671,-1.3396512231373074,1338.2430000000002,-1.0518159463154884,0.35407817756525245,2.896210182459756,-0.26216481357966814,0.14387631713357138,-0.06914012915910445,-0.31046789334607655,-0.02523738810072798,-0.09974120177111187,-0.029588808996630904,-0.3260272664502197,-0.034124514524451234,-0.5222243377002119,-0.42159765228837154,-0.5759805239796129,0.19128354298930877,-0.5930565511922222,-0.050808955450509646,0.036750179184007185,-0.0062231939208947104,-0.22727227920063428,1.3553840286593293,-0.8302077654724569,-0.06443377121075228,-0.22885880841092623,-0.08145634914547735,-0.3135540209931107,0.00580474795207091,0.02692367029446167,-0.0641412406828118,-0.22130913303726588,-519.604,-455.937,0.4498564301505154,-1.5677043644567965,0.41279222512873387,0.21182913545953658,0.16792400513515282,-0.08091841980442112,-0.08093563875563432,0.034614787535623276,0.06428688050411703,-0.48187523719014635,-0.48197777733144026,0.05413631531541726,0.32575166935069283,1.487833834635583,0.08103217326348507,-0.00617002895368024,-0.2023671002036725,0.36801686351611423,0.4241816967009894,0.5758183032990105,0.36874253534873624,4.73568642080157,4.15036060956513,3.022091954445676,1.6082473548577114,0.09258495829590516,0.49155312890330705,1.721895121320854e-05,0.001845193935589447,-0.09974120177111187,-0.22130913303726588,0.004266462523976278,-0.02474075887394725,-0.020695054632187432,-0.18265064847217588,-0.17790122925432872,False,True,5.555555555555555,5.555555555555555,2.7777777777777777,5.555555555555555,38.88888888888889,38.88888888888889,44.44444444444444,38.88888888888889,38.88888888888889,44.44444444444444,27.77777777777778,44.44444444444444,50.0,50.0,55.55555555555556,50.0,50.0,33.33333333333333,5.555555555555555,38.88888888888889,61.11111111111111,83.33333333333334,88.88888888888889,38.88888888888889,94.11764705882352,83.33333333333334,72.22222222222221,16.666666666666664,88.88888888888889,38.88888888888889,16.666666666666664,11.11111111111111,61.111111111111114,94.11764705882352,61.11111111111111,55.55555555555556,0.0,5.555555555555555,97.22222222222223,100.0,16.203703703703706,38.88888888888889,50.0,31.944444444444443,69.71677559912854,47.1677559912854,51.66666666666667,45.58605664488018,79.68059402805933,33.333333333333336,56.50696368069633,45.302014953328836,50.62440497655373,50.0,50.0,50.0,50.03898635477583,Mixed / Divergent,0.25,37.81220248827687,"[""Leverage-Funded Growth""]",Leverage-Funded Growth,1,38.88888888888889,-0.5263126190475002,False
NT2,2026Q1,2026,1,8105,2171.658,-1954.145,217.513,223.022,179.978,-18.371,0.607,8413.359,9588.85,3771.452,351.23,1853.157,1342.743,0.0,4549.471,4549.471,5039.379,858.879,860.097,0.3,38.206,-462.16,-419.634,PetroVietnam Power Nhon Trach 2 Joint Stock Company,Utilities,Non-financial,conventional-electricity-110,6606754865550.0,287876029.0,HOSE,1342.743,1342.136,8703.171999999999,-0.13892084080254744,0.522148221147174,0.22433708373819,-7282.484,-0.033950641779617624,-0.4139262121310788,-0.07301466434495206,1420.688,-0.6558561865448602,3.8730396988977507,3.418400256267513,1446.306,-0.6415209585073313,4.112486532333861,3.7591510365251724,1273.299,-0.6744483033065625,3.8690076831511746,3.579932162421722,-70.678,-0.007347699731315477,-0.48344638242894045,-0.6753899397904515,2032.428,30.042613540435593,6.085539775078935,2.4738617892432093,-8.034,1.0691562932226832,,-3.411861614497526,422.78200000000004,-0.057665745856353444,-0.7775811381167226,-0.3847033774353496,-1777.6480000000001,-1.0903326187051663,-7.132181379880699,-0.6597881063557823,-262.91600000000005,-2.562777914329766,-3.360916384422365,-1.539071598458132,-0.9727851506456241,-0.9305730298524535,0.04729584390791859,0.47683523132996924,0.034026573680102035,0.2983442433055829,-0.03166246017094713,0.32071537704864084,-0.008116259629939133,0.0520309471962716,0.5013805373401323,0.023983949181987353,-0.2380761343376236,-0.043729783085234744,,,-0.2380761343376236,-0.043729783085234744,-0.22865835786395647,-0.03817320157689216,0.030712225668398246,0.34214482571034244,0.030712225668398246,0.34214482571034244,0.03703707514568155,0.2611869682309398,-0.04227090713848441,-0.3240313555120062,859.797,2024.394,6.083765949647009,2.47093316324956,0.16323795508120492,0.16618147958008875,0.14630286520822525,0.23352727028720108,0.2326041585757469,0.15002673159621652,0.2818554082612277,1.5961906826283536,1.589881088416782,-0.07916788770290495,0.43334223430261987,0.04035655046229123,0.2544677063485481,0.09637829331045084,-0.1723061365419184,0.26645009236257083,0.47445428805331186,0.5255457119466881,0.7180699892139909,20.463312487619913,0.00045205970167038666,1.8493048972067305,1.772102514775894,-0.26806686682342473,-4.434540976315624,0.0009231117114541689,0.01900270115567834,0.2983442433055829,-0.3240313555120062,0.11800477784788194,0.12342970588791813,0.10719223715104789,0.15122229835017434,0.15055535965580946,False,True,80.0,100.0,100.0,100.0,100.0,100.0,60.0,60.0,60.0,100.0,100.0,100.0,100.0,60.0,100.0,100.0,100.0,60.0,80.0,20.0,60.0,60.0,40.0,75.0,0.0,40.0,40.0,100.0,40.0,40.0,40.0,60.0,25.0,0.0,25.0,100.0,100.0,0.0,100.0,100.0,96.66666666666667,76.0,92.0,65.0,50.55555555555556,31.666666666666668,80.0,78.85,63.639760049336026,100.0,81.81988002466801,79.84965746151428,51.34653841123551,50.0,50.0,50.0,48.05555555555555,Mixed / Divergent,0.25,38.17326920561776,"[""Healthy Growth""]",Healthy Growth,1,100.0,1.9354044976047884,False
OCB,2026Q1,2026,1,8105,2722.295,-3814.14,2382.732,1712.595,975.187,-3814.14,1594.268,,344097.628,2965.283,,,,,309196.925,,34900.703,660.6,13194.471,-12.952,,-11.048,,Orient Commercial Joint Stock Bank,Banks,Banks,banks-151,30625101266000.0,2663052284.0,HOSE,,,12038.722,-0.27279184546604657,0.19750170676088463,0.1972408029167244,-12961.51,-0.1525101075112859,-0.4011601209347091,-0.33677891963718093,9468.015,-0.03997234422574906,0.10130003147585712,0.06747651792146829,7828.543,-0.34666495251232965,0.3471909970941622,0.27957450070553147,4272.813,-0.23619880086625866,0.3687680362015338,0.45716057125376874,-12961.51,-0.1525101075112859,-0.4011601209347091,-0.33677891963718093,31756.121,10.239782844992964,10.099829720497471,17.027436205434665,-209.453,0.4665788064741979,0.9614782913873406,0.6207457865270264,,,,,-165.054,-1.6707546597049359,0.9671407581895295,0.6642862518331093,,,,,0.373949673978803,0.9156878554511625,,,0.0654843847403007,0.19037352649699113,0.08874499326070576,-0.6143196408845636,,,,,,,,,,,,,0.06979374386008562,0.2046067886493292,,,0.028770354135712106,0.07757404251138486,-0.048320153974480605,0.07901330554403116,13181.519,31546.667999999998,8.379664034441927,13.451144521154584,0.786463463480592,0.650280237387324,0.3549224743290858,2.6378315738165563,2.6204332984846728,0.013496690253815278,0.12699900478416054,7.4321345212158825,7.383114589849824,-0.07987066972748791,0.24631210854441193,,,-0.811560443801288,,,0.8985732531698822,0.10142674683011764,,0.6039838722494524,,,,,-0.6163534203427123,0.017398275331883234,,0.19037352649699113,0.07901330554403116,-0.09560385385541537,0.04184201585258285,0.06330899224500136,2.834876163538545,2.8724012730702406,False,True,76.47058823529412,41.17647058823529,82.35294117647058,88.23529411764706,70.58823529411765,88.23529411764706,47.05882352941176,35.294117647058826,29.411764705882355,29.411764705882355,17.647058823529413,70.58823529411765,70.58823529411765,88.23529411764706,88.23529411764706,82.35294117647058,5.88235294117647,,35.294117647058826,,,,76.47058823529412,29.411764705882355,,,,17.647058823529413,76.47058823529412,,,23.52941176470588,,29.411764705882355,70.58823529411765,88.23529411764706,47.05882352941176,58.82352941176471,64.70588235294117,,74.50980392156863,31.76470588235294,80.0,20.58823529411765,50.0,41.1764705882353,64.70588235294117,65.68627450980392,63.56954130699671,92.5,78.03477065349836,66.49164784774572,51.14539221067532,50.0,50.0,50.0,50.0,Mixed / Divergent,0.25,38.072696105337656,"[""Healthy Growth"", ""Margin Compression""]",Healthy Growth,2,88.23529411764706,1.03776561832533,False
PAN,2026Q1,2026,1,8105,3767.232,-3047.245,719.986,743.425,670.041,-37.272,3647.878,11248.414,15214.215,1804.372,3374.44,1370.115,2410.851,344.097,5580.391,4966.876,9633.824,2898.439,1135.791,-151.335,114.315,1537.806,-1652.439,The PAN Group Joint Stock Company,Food & Beverage,Non-financial,food-products-87,6093237150000.0,250750500.0,HOSE,2754.9480000000003,-892.9299999999998,17235.867,-0.12457768180044718,-0.08551187547608947,0.02353957276453962,-13842.304,0.10879646893014748,0.11042822999960003,-0.03410082119637509,3393.5629999999996,-0.18561358422955282,0.037475197376289404,-0.017394416379023062,1880.3919999999998,0.4208704593496401,2.1479850439746104,0.35271922611815265,1648.375,0.49487979224673395,2.450156019896399,0.3820255147041563,-336.603,0.48842954788767196,0.6764302456810488,0.1291198911280203,12962.375,-0.6624034284246795,1.393619351337339,4.176679747647274,-355.10900000000004,-8.541327785133348,-0.8370356882738531,0.0739395298621505,484.131,-0.14727843710605032,-0.17649389475200808,-0.07015545713308936,825.761,2.8128924941733735,8.354052890823013,6.075016440191501,-12388.550000000001,0.3702300069706011,-1.692552968112888,-3.620066602739993,0.3877144362506871,0.6210860217538534,0.08307384841703062,-0.4488404000405123,-0.03137944986007911,-0.4119260136537609,-0.09076469870909151,-0.08321977560790217,0.032427899332130125,-0.0065446451966190465,1.0701041613155693,2.4175638057988946,-0.2789456463092057,-0.8285570495141628,-0.2603309515825316,2.1854344485382606,-0.27667200880507625,-0.8055807493786229,-1.7567094372369212,-1.0749110393131738,-0.15739384170532747,-0.6691835019025655,-0.1423707074729055,-0.6966332164931818,0.060489282632051805,0.07010124271303732,-0.22734357610032885,-0.2798705354636132,984.4559999999999,12607.266,1.3317027675591313,3.8242456609529567,0.19688960236232966,0.10909761603521308,0.09563632627241787,0.7520581935332874,0.731455284494827,0.08024125314359881,0.1768970494854572,7.863729430499735,7.648299689087738,-0.7436466488740957,0.10468704591419743,0.19578011364325337,0.09898027091443737,-0.10675934837244179,-0.030084217961158666,0.28596619577023624,0.36678796769994376,0.6332120323000563,-0.37763641969225925,5.586379206364767,1.5131080269995947,2.2646858910913017,1.5852970760695455,-0.8291203221431626,-0.22359933499013235,0.020602909038460328,0.7334977516416012,-0.4119260136537609,-0.2798705354636132,-0.008202148430584116,0.02654853626294229,0.024807268854765904,0.994374505926199,0.9965432121277167,False,True,33.33333333333333,11.11111111111111,66.66666666666666,55.55555555555556,0.0,100.0,44.44444444444444,44.44444444444444,44.44444444444444,33.33333333333333,55.55555555555556,100.0,100.0,100.0,100.0,100.0,44.44444444444444,55.55555555555556,55.55555555555556,77.77777777777779,66.66666666666667,88.88888888888889,66.66666666666667,44.44444444444444,88.88888888888889,77.77777777777779,66.66666666666666,44.44444444444444,66.66666666666666,33.33333333333333,11.11111111111111,33.33333333333333,0.0,33.33333333333333,55.55555555555556,100.0,5.555555555555555,0.0,77.77777777777777,62.5,44.444444444444436,44.444444444444436,100.0,58.33333333333333,67.90123456790121,27.777777777777775,49.166666666666664,62.18518518518518,53.71274010091037,79.16666666666667,66.43970338378853,62.41442846390967,51.29032438140259,50.0,50.0,50.0,50.0,Mixed / Divergent,0.25,38.1451621907013,"[""Healthy Growth""]",Healthy Growth,1,66.66666666666666,1.594213336142429,False
PC1,2026Q1,2026,1,8105,2167.795,-1700.504,467.291,335.504,269.828,-182.765,3241.21,11583.272,24840.037,4257.766,1509.591,1423.968,5441.975,6910.755,15762.322,8396.103,9077.715,9259.493,-527.83,-455.711,215.339,-800.508,759.475,PC1 Group Joint Stock Company,Construction & Materials,Non-financial,heavy-construction-9,7814421517000.0,411285343.0,HOSE,12352.73,9111.52,13392.568,-0.5674589421256016,0.16525189129450876,0.36876113054956106,-10668.355,0.5690514541976647,-0.21357430154520707,-0.3906473086173594,2724.2129999999997,-0.5615629788020579,0.017774922135342933,0.28929791291104373,1722.002,-0.5424400542246395,1.0363936535683507,1.060188048769691,1489.2050000000002,-0.5913925737476529,0.8591262048960635,1.0511533222319094,-698.8639999999999,-0.06355801516500525,-0.10310715708405258,-0.018416673224272935,1800.362,-1.3503444503960234,-55.92507804370448,0.44971740221005263,-1792.755,0.46851025516023614,-8.970703424133028,-3.168296159202778,879.436,-0.03588473902415007,-0.010708871227086823,-0.006787539838680158,-2322.1080000000006,0.26155055307050756,-45.07240287769785,-7.230047846889941,1204.326,3.7453648979355765,1.6753098987963353,44.67203913686541,-0.1496092286476803,0.2688911995314685,0.02449895102544782,0.3181900377307819,0.011227581231904534,0.1529657958631611,-0.03651487962562778,0.26661323870992293,0.01850538705931796,-0.1404654928659236,-0.2109761010150599,0.6032967404154704,0.27820994354194495,0.606294566614304,-0.07215496192491637,-0.10612754412156163,0.05527703442988126,0.11094093438712994,0.15419865043356312,0.06383386130854724,0.005529084918328776,0.14585159961962754,0.08224120174218581,0.48289900726816454,0.021277392846041167,0.16553086538954134,-0.02421717857497769,-0.06918944881538312,-983.541,7.606999999999971,-26.248677102091705,-0.9906292114346533,0.2034122955358524,0.12857892526661055,0.11119637398891685,0.13442993158593633,0.0005680015961091235,0.06421131090171985,0.17659050090488693,1.208941683650001,0.0051080945873804955,-0.012526430616830399,0.3179200583487797,0.11271856151859748,0.1334758732719337,-0.10214789183963813,-0.5092266234154846,1.3607752611753068,0.6345530805771344,0.3654469194228656,3.502493620835861,2.4640015797064954,0.5955944303309001,1.3796009886967802,1.1998043616187177,-0.2578201961624311,-1.078604721993964,0.1338619299898272,2.0385281021018016,0.1529657958631611,-0.06918944881538312,-0.012536897290107596,0.04315282291742263,0.03699359600815247,0.007506943107795788,-0.0823981758416505,False,True,87.5,62.5,62.5,62.5,25.0,62.5,50.0,37.5,50.0,62.5,62.5,50.0,25.0,50.0,25.0,50.0,87.5,25.0,62.5,50.0,25.0,37.5,50.0,25.0,62.5,37.5,87.5,87.5,50.0,75.0,62.5,50.0,25.0,37.5,75.0,25.0,87.5,25.0,25.0,12.5,60.416666666666664,52.5,40.0,56.25,51.388888888888886,54.166666666666664,35.0,48.25,52.91714618131471,92.5,72.70857309065735,48.78825322911867,51.11298298343228,50.0,50.0,50.0,50.0,Mixed / Divergent,0.25,38.056491491716145,"[""Healthy Growth"", ""Margin Compression""]",Healthy Growth,2,25.0,0.22704206712758732,False
PDR,2026Q1,2026,1,8105,104.332,-2.446,101.886,447.116,137.539,-86.156,185.231,23450.439,26600.203,8147.232,15061.666,153.347,1106.652,3299.039,14044.149,10595.628,12556.054,730.673,-685.852,-2.1,2.948,1597.927,-1102.768,Phat Dat Real Estate Development Corporation,Real Estate,Real Estate,real-estate-holding-development-160,16064731001900.0,997809379.0,HOSE,4405.691000000001,4220.460000000001,991.364,-0.7106542532981677,-0.7617686279524323,-0.09665520663145136,-344.286,0.965303980254759,0.9906977805497664,0.49724370871951834,647.078,-0.6487670685084511,-0.4177776507900226,0.5681417215975184,1117.5929999999998,0.029649434300307895,5.922800606942681,4.06815017708707,601.6089999999999,-0.5610368720218813,1.7171954640641667,2.927849051676296,-366.096,0.400366088766086,-0.28898862956313587,-0.27921506142815217,-2760.665,-0.489451064448947,-0.5658506961091858,0.3292747221776799,-19.340000000000018,,0.7883064516129032,0.6609040221622188,12.088999999999999,0.0,-0.12806861875184852,-0.26599878567091684,1673.4359999999995,4.902970838737412,7.653252970291667,0.5506824282938321,1188.5000000000002,-1.9760632742438566,-172.09182231988697,-0.6167905393532095,-0.5072647662825465,1.2061552387417969,-0.029999706730348352,0.1337830765955002,-0.024607462502676716,0.1517983765482478,0.16389859927570913,0.27966787069612614,-0.09889567101962797,0.07293192451440947,-0.0657149994212011,-0.15627046091037633,0.0004664887500271905,-0.2526146452551432,-0.25664773044774547,-0.14450554223678422,-0.20535021153668534,-0.174499385702773,-0.18338987064912235,-0.19656685891119627,-0.05409675347951176,0.1716791208395154,0.032837610411789876,0.3039140823850111,0.010633906042198032,0.1303458937184151,-0.003498182036392078,-0.014238553101816277,-687.952,-2780.005,-0.5358608341556418,0.3338072559282659,0.6527148454049169,1.1273286098748794,0.6068497544796865,-2.7847137882755475,-2.8042222634673037,0.024212200178534128,0.05084548368113428,-4.588802694108632,-4.620949819567195,0.1264003135615168,8.218204413313375,15.192871639478536,0.4454058544349756,0.3763230773275775,0.16958713114586083,0.35088181366534427,0.5279714970596276,0.4720285029403723,3.73597171593422,3.0527320702766483,0.1673796279227797,2.213218414236513,0.7917202264934178,-0.07784417907132166,-4.347365238515222,0.01950847519175602,1.599801472412939,0.1517983765482478,-0.014238553101816277,0.27671148484754554,0.926394068757713,0.4672836563802056,0.9657885184627886,0.9982502247028591,False,True,22.22222222222222,77.77777777777779,97.22222222222221,94.44444444444444,11.11111111111111,72.22222222222221,88.88888888888889,94.44444444444444,94.44444444444444,27.77777777777778,16.666666666666664,5.555555555555555,11.11111111111111,5.555555555555555,5.555555555555555,16.666666666666657,94.44444444444444,61.111111111111114,91.66666666666666,91.66666666666666,66.66666666666667,38.888888888888886,50.0,22.22222222222222,23.52941176470588,38.88888888888889,38.88888888888889,55.55555555555556,50.0,33.33333333333333,61.111111111111114,50.0,27.77777777777778,2.941176470588235,77.77777777777777,5.555555555555555,61.111111111111114,50.0,61.11111111111111,40.0,62.5,64.44444444444444,8.888888888888888,84.72222222222221,42.73783587509078,42.15686274509804,43.55555555555556,42.0260348583878,63.19729916973799,60.0,61.598649584868994,41.996577462045096,50.62440497655373,50.0,50.0,50.0,50.03898635477583,Mixed / Divergent,0.25,37.81220248827687,"[""Accounting Profit Risk"", ""High Working Capital Stress""]",Accounting Profit Risk,2,22.22222222222222,-0.43944984843866114,True
PHR,2026Q1,2026,1,8105,468.324,-351.202,117.122,120.785,285.079,0.107,411.055,3043.216,6456.864,361.67,195.079,36.699,6.935,0.0,1936.036,519.041,4520.828,1711.389,129.533,-5.937,40.923,-153.888,-15.256,Phuoc Hoa Rubber Joint Stock Company,Chemicals,Non-financial,commodity-chemicals-11,9186845624400.0,135499198.0,HOSE,6.935,-404.12,1951.7640000000001,-0.06086328771243796,0.5034864458798299,0.20388596242336024,-1433.494,-0.026102352542452193,-0.6803119467968041,-0.22651893048128335,518.2700000000001,-0.2511716227534574,0.14285435491110635,0.14542400601144842,512.865,0.5356888572445709,0.0679770462523321,0.0398806965182199,714.4470000000001,3.063559261634951,1.773546723743737,0.4081408205862007,1.8570000000000069,-0.8237232289950577,-0.8698296836982968,1.201104613385316,708.7719999999999,-0.07749884271623406,2.607056333713903,1.6312796067774455,-46.94,0.8098517118790635,0.654020979020979,0.3777919168621839,157.27300000000002,0.3119289584201584,0.11976686915120677,0.1113207413845492,-225.083,0.040442964570316826,-4.47942479877001,-1.5058420062611384,-272.1960000000001,-0.43195044114886433,0.7845745431952328,0.5779016971020245,-0.08832524912448797,1.0583007020319872,0.15139004494756117,0.19752013268982183,0.047929034705082994,0.09047907441929108,1.2889637102388518,1.359445741946427,-0.3765950307581689,-0.5643292158645009,-0.08453901416882864,1.0572341498962947,-0.6838386140870755,-0.9269999999999999,,,-0.6838386140870755,-0.9269999999999999,0.05787235629825807,-2.8595686971138234,0.016732714552346623,0.04165465055718883,0.003210406277784333,0.10644008108989611,0.06188205731562653,0.11281618683617115,-0.012913417980848831,-0.057051141832783966,123.59599999999999,661.8319999999999,5.591435123460081,2.4128597433001753,0.26553927626495827,0.26276998653525735,0.36605194070594604,0.3631443145790167,0.339094275742354,0.11543829006163361,0.16647297747415082,0.9920567935760103,0.9263556288989943,0.000878909637867575,0.18530416587251328,0.09995009642559244,0.025601083785491953,1.1555597795230668,-0.7682151782878611,0.001534011026298722,0.29984153297947735,0.7001584670205228,-0.6030399708716712,276.17932148626716,59.27253064167268,5.8631514658764905,5.487306397760484,-1.1308859624233603,1.1612239168670961,0.024050038836662627,0.2984619101816586,0.09047907441929108,-0.057051141832783966,-0.013553012258499364,-0.04144289018721092,0.05309688216978192,0.19699536502250983,0.219478800976437,False,True,50.0,25.0,25.0,50.0,50.0,100.0,50.0,75.0,100.0,50.0,50.0,75.0,75.0,100.0,100.0,75.0,100.0,0.0,100.0,0.0,100.0,75.0,50.0,100.0,100.0,87.5,87.5,100.0,50.0,0.0,25.0,50.0,0.0,100.0,0.0,100.0,50.0,50.0,75.0,100.0,50.0,65.0,85.0,50.0,83.33333333333333,29.166666666666668,75.0,70.625,41.18964326528484,85.0,63.09482163264242,70.67181947349333,50.68313567444805,50.0,50.0,50.0,50.0,Mixed / Divergent,0.25,37.84156783722403,"[""Healthy Growth"", ""Leverage-Funded Growth"", ""Margin Compression""]",Healthy Growth,3,100.0,1.2904083493010128,False
PLX,2026Q1,2026,1,8105,98697.936,-94997.192,3700.744,-493.347,-662.477,-190.452,10034.406,79837.672,106072.582,19662.069,29753.883,58702.436,10352.301,652.776,77188.587,76146.304,28883.995,14360.781,9375.726,-358.477,535.309,764.69,-7689.093,Vietnam National Petroleum Group,Oil & Gas,Non-financial,exploration-production-153,50506041341250.0,1270592235.0,HOSE,11005.077,970.6709999999985,340761.136,0.2052087647789069,0.45441258407071045,0.23119686811673476,-322602.558,-0.23241343664584324,-0.48088048835207864,-0.23897548308945535,18158.578,-0.2307057167861604,-0.0030060060852899408,0.10765093551069667,2797.605,-1.5580722155607338,-2.461673609423978,0.04445730392660154,2164.832,-1.9505673469856284,-4.14314249249178,-0.033163502283072334,-823.1189999999999,0.08556557979190772,-0.15026695334960014,-0.524751870005446,16179.636000000002,0.7328344388731073,4.677066763302303,12.24168917995433,-3106.805,0.8225320094081398,-0.883578450690164,-0.6326685585159492,2085.656,-0.0266914429197676,0.05047410849549037,-0.04098113787089367,-2351.540000000001,2.0377078122900842,1.167054689225498,0.7549976401407372,-11038.002,-0.18848523368623185,-3.90475620214048,-7.257594233807668,-0.07115958913480262,-0.03946956053442152,0.3340456025640624,0.3534805281806627,0.23173324663219969,0.32531297153074135,0.2156166311499957,0.6528116613346823,1.1331661101562307,0.8978744475274943,1.091845153579428,1.6704224501241967,-0.4272695526824217,-0.48380881177360374,0.05504607915076011,0.40825308066687366,-0.41130633766954056,-0.4636563303413316,-0.8769887123284896,-0.9036265000789321,0.3627898660673835,0.5280118562746207,0.3675788833631711,0.5311421581980476,-0.020097503775648083,-0.02155068525169652,-0.008475348626930333,0.08391776923136146,9017.249,13072.831000000002,4.29084548343291,20.195703854020955,0.05328828930773374,0.008209871092811476,0.00635293104551688,0.04748087234924584,0.03836362078567552,0.023264198161957777,0.07413278880600477,7.473852936394142,6.038727716515647,-0.13212466158314126,0.057700444454440364,0.0873159520163121,0.181965190740986,0.4216147932179475,0.6666775794107596,0.38100951755461804,0.727695937485523,0.27230406251447714,0.19877516274473112,3.398785594792491,0.969292334139048,1.0484773102053646,0.6577310567824802,-0.6948531984580664,-0.5692091739320475,0.009117251563570324,1.489605668432378,0.32531297153074135,0.08391776923136146,-0.0059437058990690975,-0.00146785104969358,-0.001737070547381211,0.04306615602888862,0.04082423229125716,False,True,72.44897959183673,37.755102040816325,19.387755102040817,15.306122448979592,78.57142857142857,2.0408163265306123,2.0408163265306123,2.0408163265306123,2.0408163265306123,30.612244897959183,18.367346938775512,91.83673469387756,91.83673469387756,33.6734693877551,50.0,97.95918367346938,78.57142857142857,91.42857142857143,8.16326530612245,35.44303797468354,63.291139240506325,81.0126582278481,27.551020408163268,46.31578947368421,75.0,5.063291139240507,11.39240506329114,2.0408163265306123,27.55102040816326,36.708860759493675,18.9873417721519,72.44897959183673,6.493506493506493,52.12765957446809,53.68421052631579,50.0,78.57142857142857,69.38775510204081,74.48979591836735,45.333333333333336,37.585034013605444,11.020408163265307,73.06122448979593,53.401575820201494,37.69090447638083,40.075093119628775,63.55646258503401,44.200366622999596,71.29180867345686,77.5,74.39590433672842,44.789197127035976,49.761411487998274,61.054421768707485,55.91836734693879,55.085572203564965,42.363486273124025,Mixed / Divergent,0.25,37.38070574399914,[],No Major Flag,0,38.775510204081634,-0.005745901116965184,False
PNJ,2026Q1,2026,1,8105,17245.231,-13804.325,3440.906,1864.097,1467.405,-50.572,923.543,18163.448,19692.786,147.752,13419.012,281.697,2893.622,0.0,5291.616,5277.291,14401.17,914.701,3557.794,-14.78,18.518,-1487.996,-1668.893,Phu Nhuan Jewelry Joint Stock Company,Personal & Household Goods,Non-financial,personal-products-81,33671304902200.0,511721959.0,HOSE,2893.622,1970.0789999999997,42586.178,0.7920859965293541,0.7898348911105816,0.22149102741634424,-33509.753,-0.9109887015660769,-0.8195269235930042,-0.18444186150248562,9076.423999999999,0.4341076031035254,0.6798592023746174,0.38097063885622734,4534.466,0.23013069458513294,1.1943021740589062,0.7677954339893337,3618.175,0.2046987524506021,1.165182787194863,0.7625242530215502,-140.80700000000002,-0.5097020717654788,-0.7530504714364948,-1.3067232397365751,3811.875,3.098982365285376,16.127318338364727,2.869083839396696,-126.46900000000001,0.7774163428812385,-2.8349766476388165,-0.40997368890474506,81.613,-0.09831036665530499,-0.16574311843942868,-0.01323934806790152,-1806.7330000000002,-7.966795265562964,-1.5875851227367266,-0.1631368262208627,-1340.2960000000003,-2.1759815213201716,-29.004188989967997,-1.6128899794498561,0.7691547339686797,2.5956651573492597,-0.024206632083077478,0.13879844460634275,-0.023351152545449453,0.13051424461705366,-0.04044681127419133,-0.5149820110822237,-0.15259058302208311,-0.016725254714021035,-0.15624466469578654,-0.49633916742207657,-0.3148573206427261,-0.1704143854143582,,,-0.3148573206427261,-0.1704143854143582,-0.4677420008477964,-0.39029191776141503,-0.2318430267929427,-0.06985554293476597,-0.2323179939714756,-0.0706512637265974,0.08484100799756651,0.22769077084276945,0.06886312911179411,0.04901956286885384,3543.0139999999997,3685.406,15.821597697495019,2.730943751229962,0.21313074866685616,0.10647741152070515,0.08496125198180499,0.0895096761207357,0.08653995669674794,0.19498625556196586,0.2769209880764034,1.0535352767624562,1.0185814671761315,-0.009836089215614277,0.0034694825161346956,0.3151025198833293,0.008406418274703488,-0.736473038498568,-0.23821628213036528,0.20092964668842878,0.2687083483261332,0.7312916516738668,0.42678624001019033,32.20341318258325,0.3191650464366113,3.4418128543603146,0.8990286872563972,-0.39190541283070246,-2.0745186737259087,0.002969719423987755,1.549618320610687,0.13051424461705366,0.04901956286885384,0.024613129364888908,0.03290487009742882,0.026080129185382966,0.14800639196827786,0.14760940539660516,False,True,68.36734693877551,75.51020408163265,80.61224489795919,77.55102040816327,93.87755102040816,82.6530612244898,34.69387755102041,24.489795918367346,24.489795918367346,94.89795918367348,90.81632653061224,54.08163265306123,68.36734693877551,44.89795918367347,59.183673469387756,56.12244897959184,12.244897959183673,31.428571428571427,2.0408163265306123,74.68354430379746,82.27848101265823,74.68354430379748,88.77551020408163,87.36842105263159,47.368421052631575,86.07594936708861,24.050632911392405,81.63265306122449,88.77551020408163,17.72151898734177,25.31645569620253,11.224489795918368,18.181818181818183,15.957446808510639,12.63157894736841,59.183673469387756,41.83673469387755,59.183673469387756,89.79591836734694,41.333333333333336,79.76190476190477,53.87755102040817,56.53061224489795,30.099457504520792,73.44545812995418,16.838884736193318,58.266666666666666,71.82484289359009,74.93479286645194,100.0,87.46739643322597,73.47585236335648,66.10558592420416,63.94557823129252,51.0204081632653,38.18037974683544,22.067938624039016,Broad Improvement,0.25,45.55279296210208,"[""Healthy Growth""]",Healthy Growth,1,92.85714285714286,2.0612115206968094,False
POW,2026Q1,2026,1,8105,12327.018,-10522.75,1804.268,1408.977,1300.086,-414.178,8332.29,44740.544,95758.312,17669.39,2647.476,13190.02,14183.306,19237.012,54462.924,33080.673,41295.388,45445.655,1073.561,-1855.669,962.855,-4019.051,4518.015,PetroVietnam Power Corporation,Utilities,Non-financial,conventional-electricity-110,42336270494400.0,3067845688.0,HOSE,33420.318,25088.028,38482.85,0.3847667788565396,0.5124602024291348,0.19464319196941338,-33016.028,-0.3669709980398445,-0.4347293746787359,-0.10881742854252677,5466.822,0.4985440368633589,1.2111154547983514,1.2433067919381124,4131.764999999999,0.5525985789469046,1.7550991675905887,2.4808144153676754,3834.982,0.575540980745739,1.7529846732423358,1.6136496534427414,-950.125,-0.6858845461872236,-2.466940107981417,-1.2592814527884189,3212.662000000001,1.813289000806046,24.913240076624938,-0.5228951268700824,-5435.610000000001,-1.985344107800442,-0.15975615777247112,0.5172644943608877,3116.6440000000002,0.3268057886657463,0.36581376743341554,0.10483481594972427,-13907.48,-0.45394377697168947,-0.4099024481966526,0.046294374291062965,9688.635000000002,2.937360617635448,5.906400092941066,0.005727642140548233,0.23662276600860224,-0.10627492866644597,0.20894746433243036,0.4716185821525361,0.08064809197416299,0.18600942470531157,0.21209217212495118,0.28483508496019877,0.21751975067176882,0.3028090244270911,-0.1135539082065294,-0.1920844239258291,0.26078168200097207,-0.03159328860765062,0.09069098068235909,1.1828108940543658,0.15693012378169083,0.4246281679132114,0.1326869903269774,0.7747772794239673,0.05967199289610373,0.19160205883603265,0.04646123776700481,-0.027401665561343515,0.10961656504524882,0.1787132916107856,-0.007496075685779883,0.9223309541666985,-782.1080000000002,-2222.9479999999994,0.5245385104061229,0.5088880527983102,0.1420586572979912,0.10736639827871375,0.09965431354486479,0.08348295409513593,-0.057764640612636524,0.04345632075633707,0.10048468431979056,0.8377254443436765,-0.5796501782798458,0.006498861425209738,0.4591497251373014,0.06879625599455343,0.39950353809973754,0.0901918929907854,0.10816583245767775,0.8092990432733069,0.5687540106178981,0.43124598938210185,3.4611772045424036,4.348654124457307,0.5874716374306527,1.3524677687180064,1.2724368697093917,0.22998497594379802,-3.7400958681560943,0.14124759470777246,1.744058673367892,0.18600942470531157,0.9223309541666985,0.06640720899352626,0.07051739645211293,0.05410446447846766,-0.12555356674562201,0.08274942148185749,False,True,40.0,80.0,80.0,80.0,80.0,80.0,40.0,40.0,40.0,20.0,20.0,40.0,0.0,40.0,20.0,40.0,60.0,100.0,100.0,40.0,20.0,0.0,20.0,25.0,50.0,20.0,20.0,60.0,20.0,80.0,100.0,80.0,100.0,20.0,75.0,20.0,80.0,100.0,40.0,20.0,73.33333333333333,32.0,28.0,75.0,26.11111111111111,75.83333333333333,52.0,36.825,45.976745102745554,85.0,65.48837255137278,37.00808208784953,51.34653841123551,50.0,50.0,50.0,48.05555555555555,Mixed / Divergent,0.25,38.17326920561776,"[""Accounting Profit Risk"", ""Working Capital Absorption"", ""Leverage-Funded Growth"", ""High Working Capital Stress"", ""High Leverage Stress""]",Accounting Profit Risk,5,20.0,-0.14250739145390118,True
PPC,2026Q1,2026,1,8105,1798.181,-1747.453,50.727,101.749,95.732,0.0,111.201,2686.139,5427.922,1411.762,846.556,757.002,0.0,0.0,865.81,865.81,4562.112,186.533,-343.821,-5.36,10.606,59.608,0.0,Pha Lai Thermal Power Joint Stock Company,Utilities,Non-financial,conventional-electricity-110,3135595668120.0,320613054.0,HOSE,0.0,-111.201,6827.8550000000005,0.12898802501605725,0.17060387445202635,-0.054457900533450516,-6614.589,-0.22100549275098005,-0.21229000283048702,0.054209529556180115,213.26400000000012,-0.6860525566599414,-0.4641476348424989,-0.06210584644613104,235.91400000000002,-0.33523889168370785,0.5503192089104233,-0.2575764251232054,213.26199999999994,-0.23856034997017297,0.8294603271670997,-0.3376977090133261,0.0,,,-1.0,25.153000000000247,-2.003798318346374,-5.95571515274125,-0.9690261454649338,-20.509,-4.114503816793893,-0.2234649623373659,-1.1084609848874267,45.345,-0.06050137301798209,-0.07176614738316124,-0.1642244954382084,78.9390000000001,3.4023859422859903,-0.3729763845789723,-0.7267071498802119,0.094,-1.0,1.0,1.0000818124770992,-0.7187739463601533,14.849629418472063,0.07877761463527484,-0.11690071203181877,0.034631094770939716,-0.06880159150065095,0.2810849315565717,-0.3046836368221246,0.1980848892782388,0.044227156497895055,0.1399962953983124,-0.3561911792471284,,,,,,,0.7187739463601533,-14.849629418472063,0.11691478108310328,-0.3086263399302407,0.11691478108310328,-0.3086263399302407,0.02036497393570514,-0.003178737332465111,-0.03334749803076159,-0.12072874684767504,-349.18100000000004,4.644000000000247,-5.489026407240156,-0.9942119661741518,0.031234406706059238,0.03455170035098871,0.03123411378829807,0.0036838802229983273,0.0006801550413710084,0.03789005236439277,0.046671916095510406,0.11794412506682041,0.021776031360487325,0.034655803823267856,0.20676508215244757,0.12398564410052644,0.11444429880677393,-0.2502257362886741,0.09868505703134557,0.0,0.15951039827027727,0.8404896017297228,-0.3953686815355242,,,3.102457814070062,2.1246959494577333,,-0.7424235748767947,0.003003725181627319,0.4522880141140148,-0.06880159150065095,-0.12072874684767504,-0.0002546972408319706,-0.00945294658581497,-0.013357562744130972,-0.10877431694111836,-0.11043101761775677,False,True,0.0,0.0,0.0,0.0,20.0,60.0,0.0,0.0,0.0,0.0,0.0,0.0,40.0,0.0,40.0,20.0,0.0,80.0,20.0,60.0,100.0,100.0,100.0,,,80.0,60.0,0.0,100.0,0.0,0.0,0.0,,60.0,,40.0,0.0,40.0,80.0,80.0,13.333333333333334,0.0,20.0,40.0,77.14285714285714,15.0,48.0,35.45476190476191,51.77781104802829,52.5,52.13890552401415,34.970370641243505,51.34653841123551,50.0,50.0,50.0,48.05555555555555,Mixed / Divergent,0.25,38.17326920561776,[],No Major Flag,0,0.0,-1.6666590431159554,False
PTB,2026Q1,2026,1,8105,2094.736,-1651.939,442.797,189.574,153.966,-23.906,429.283,4108.526,6545.663,1402.321,1768.434,440.573,1550.733,449.172,2890.064,2413.795,3655.6,1652.516,-136.195,-141.85,69.532,-195.901,104.12,Phu Tai Joint Stock Company,Basic Resources,Non-financial,forestry-49,3961059069300.0,100407074.0,HOSE,1999.905,1570.6219999999998,7774.037,0.0018854081272473555,0.29287772217462893,0.1690796301250566,-6179.193,0.023198704803532668,-0.2980155814766652,-0.14836403656957825,1594.844,0.10803959741956151,0.27406365182263115,0.256929749275126,685.93,0.23263283830528766,0.2703477852978625,0.4221677624281327,551.195,0.20391279869886153,0.31650007268001146,0.3666274096572245,-84.096,-0.03310285220397572,-0.37248823056608105,-0.15288440447466572,132.101,-3.6611793695882815,-1.7676244476508252,-0.7010403535889597,-501.659,0.07777626078419896,-0.277145532466597,-0.626608259189126,264.014,-0.023865678346810464,0.15772823390332838,0.06559950920443498,-593.19,0.16118521055899282,-1.4347020953990703,-3.157543559623767,494.89000000000004,-0.6670663660926983,1.57744354230445,3.2846103065751384,-0.34489415341040885,0.10287483300791286,0.008210167729675222,0.28915600273486974,0.023877309845198116,0.22064283039613072,0.09712926184483626,0.1593674378305445,-0.00852804229541193,0.2575074610627455,-0.20486243963009215,-0.10417136873354282,-0.016113518554941635,0.14520713651136874,0.25093854088919104,4.289541552339343,0.03343688862845036,0.38976486841081187,0.22713472041002863,0.4961382532025636,-0.05076301854616904,0.265518237947191,-0.09227947079986594,0.10979386609802139,0.09174596329349133,0.1873565174686531,-0.03586658273001428,0.08268203787286656,-278.04499999999996,-369.558,-5.19020133823618,-3.769033650279857,0.20515003980557334,0.08823343650152424,0.07090202940891586,0.016992586991803615,-0.04753746348261527,0.09257452993268889,0.1636960357996262,0.239662914213663,-0.670466894656156,0.06402621094303207,0.18038517182256786,0.22747949360158692,0.07129943991068088,-0.009712192294512118,0.08842783093768891,0.5470798227377175,0.44152349425871756,0.5584766585141948,1.653383778412201,8.156511605783866,0.2768258623502563,1.7021022912053425,0.9694659239910596,0.22068523828575526,-0.5750521669027984,0.06453005047441888,1.900122720764808,0.22064283039613072,0.08268203787286656,0.014338474724585576,0.01570197007751488,0.010248981086636404,-0.04945680694389912,-0.06760767108725108,False,True,66.66666666666666,66.66666666666666,66.66666666666666,66.66666666666666,66.66666666666666,66.66666666666666,100.0,66.66666666666666,66.66666666666666,100.0,66.66666666666666,33.33333333333333,66.66666666666666,33.33333333333333,66.66666666666666,0.0,0.0,66.66666666666666,100.0,0.0,100.0,100.0,100.0,100.0,100.0,100.0,100.0,100.0,100.0,0.0,0.0,0.0,33.33333333333333,66.66666666666666,0.0,66.66666666666666,66.66666666666666,66.66666666666666,100.0,100.0,66.66666666666664,80.0,39.99999999999999,41.666666666666664,100.0,16.666666666666664,80.0,74.91666666666666,47.91339460192959,85.0,66.45669730096479,75.130473907202,50.6388950194846,49.99999999999999,49.99999999999999,49.99999999999999,50.0,Mixed / Divergent,0.25,37.819447509742304,"[""Accounting Profit Risk"", ""Leverage-Funded Growth""]",Accounting Profit Risk,2,66.66666666666666,0.7897588073080488,False
PVD,2026Q1,2026,1,8105,3401.071,-2762.993,638.078,411.214,300.051,-66.455,1426.897,10817.208,29542.201,5790.494,1515.776,2282.981,969.455,4553.126,12095.43,6497.45,17446.772,14467.983,-290.128,-328.731,269.229,-1187.256,1071.447,PetroVietNam Driling & Well Service Corporation,Oil & Gas,Non-financial,oil-equipment-services-148,16676400180000.0,555880006.0,HOSE,5522.581,4095.684,12731.927,-0.21142777515518396,1.2628639901423426,0.4098097498891036,-10299.342,0.24259894210294328,-1.2416392647274774,-0.38100852512141264,2432.585,-0.04042071956640746,1.3596075690507625,0.5463510885740567,1457.298,0.04355527583992938,1.8228372942323265,0.7406371794305205,1201.663,-0.1990331303672343,1.0990807588985898,0.736273882267268,-204.55399999999997,-0.4848288497631602,-0.29061389369015944,0.06627897422788664,1241.543,-1.3073774052265008,-0.1041096620251092,0.19546960155603052,-3085.6579999999994,0.42202057461947856,-1.5708420336438074,-1.08437310225706,912.1700000000001,0.2581970277596037,0.30213920554848883,0.02315465487865205,-3410.961,-1.052889852576539,-1.4806905154419465,-1.670569610590327,2085.093,20.772510211131657,32.69680205898885,4.7486233188129345,-0.2174414025866334,-0.0053320005074777065,0.10031860512758765,0.4457248158430325,0.04347671132795731,0.2716228542586443,0.05745702004814936,0.6462988445617066,-0.013501279839325262,0.3205303113462165,-0.12061401143557969,1.6258364675707078,0.18077326882930556,0.7783205417938482,0.2689079611529269,0.8335727422570645,0.2524966785794799,0.8236264554538096,0.5838622304790161,1.5697522595298672,0.07851968337678181,0.7332170158460128,-0.019964373036331445,0.7692542498508479,0.020489488066369858,0.07343031145451925,-0.00957464781944608,0.13799494933525377,-618.8589999999999,-1844.1149999999996,-0.5842182060208887,-3.1737450688828677,0.19106180863273878,0.11446012846287919,0.09438186379799382,0.09751414691585963,-0.14484178239476236,0.04553988519745201,0.07131518460204522,1.0331873412096402,-1.5346357506222623,-0.0013499332700363078,0.45480106821221955,0.1190531488281389,0.2216628013711944,0.23648909467260298,-0.08927943854288711,0.31653884168372237,0.4094288709226506,0.5905711629272308,1.7285247152525378,7.124270363815913,1.4718548050193148,1.6648389752903063,1.431551146988434,0.413816705564706,-0.6743582052026339,0.242355929310622,3.3827663703037802,0.2716228542586443,0.13799494933525377,0.01687057700870437,0.021754418744946824,0.017746217109947365,-0.017483670590463615,-0.09591705085477223,False,True,88.77551020408163,83.6734693877551,78.57142857142857,76.53061224489795,97.95918367346938,81.63265306122449,27.55102040816326,28.57142857142857,26.53061224489796,48.97959183673469,15.306122448979592,52.04081632653062,21.428571428571427,46.93877551020408,21.428571428571427,52.04081632653062,69.38775510204081,41.42857142857143,74.48979591836735,41.77215189873418,70.8860759493671,53.164556962025316,75.51020408163265,63.1578947368421,80.26315789473685,45.56962025316456,58.22784810126582,27.55102040816326,75.51020408163265,29.11392405063291,46.835443037974684,24.489795918367346,87.01298701298701,43.61702127659575,36.8421052631579,21.428571428571427,69.38775510204081,76.53061224489795,8.16326530612244,12.0,84.52380952380952,29.387755102040813,38.77551020408164,56.76956858692844,61.09339805209225,44.65187942661927,37.50204081632653,52.4646020295912,73.19455824166768,92.5,82.84727912083383,53.476001272832846,49.761411487998274,61.054421768707485,55.91836734693879,55.085572203564965,42.363486273124025,Mixed / Divergent,0.25,37.38070574399914,"[""Healthy Growth""]",Healthy Growth,1,56.12244897959183,0.4492031764628526,False
PVT,2026Q1,2026,1,8105,4177.077,-3564.055,613.022,444.224,387.444,-115.221,1556.109,8094.339,22260.309,1965.133,364.068,1340.73,1394.718,5819.855,10382.676,4056.832,11877.634,12894.029,676.392,-2.034,605.373,-677.405,-344.537,PetroVietNam Transportation Corporation,Industrial Goods & Services,Non-financial,marine-transportation-44,10385480293500.0,469931235.0,HOSE,7214.572999999999,5658.464,17389.428,-0.06767459519253047,0.497403878623977,0.4516103262223793,-14926.121,0.06459202117705792,-0.551995398082418,-0.55993271211741,2463.3070000000002,-0.08520153943266612,0.24316990866172394,0.02170955542301316,1671.231,0.08290002608375568,0.3251596698317239,0.011851128896617057,1441.438,0.12325725004276256,0.39896732262141194,0.0007171594100269728,-441.905,-0.0007121826661687859,-0.06108409769035262,-0.055479522400322806,3838.6600000000003,-0.527869896044991,0.33745674569434286,0.5314949776160103,-3706.8700000000003,0.9992646303845758,-5.3093220338983045,-0.03659501689874136,2254.417,0.04213842432797677,0.11333375019310415,0.1693574029091591,-4419.027,0.7260098609835907,-4.145147436403397,-0.470121191938635,659.049,-1.2867912874755172,0.14642080279854722,0.05175057969649897,-0.17862884964365763,0.05788452870670436,0.07667023546486225,0.1775689064997947,-0.002363549899751368,0.1385580899004447,0.07454367792774198,0.38055398268136714,0.05393763244132055,0.17728776399142418,0.07614474774132649,0.5363962018963017,0.0008690304390290201,-0.058654001259431404,-0.06822999794589231,0.16112346082467355,-0.05562581876786116,0.11097982516777706,-0.015063180134663219,0.12652879201739226,-0.04061070180736372,0.16862095722531478,-0.003370550234955911,0.175969004382311,0.03365792422248088,0.11351823543077078,-0.044715567922874455,0.11925119884780071,674.3580000000001,131.78999999999996,0.3346804998634361,1.1232226956402223,0.14165543570495823,0.09610615139267376,0.0828916281777641,0.22074676636862353,0.0075787426705467235,0.0689491499074719,0.1278755039611618,2.6630767330957004,0.09142953078800473,-0.10769041885267631,0.1130073398618977,0.02093616880325218,0.0898244091683298,-0.07105634354101215,-0.2743225622309551,0.607408259927861,0.4664210186839724,0.5335790262390337,1.4414089087967132,3.7818784580396243,1.1157158651426309,1.995236430791317,1.9054944843661261,-0.34063050105460224,-0.06733065129693987,0.2131680236980768,1.6442698932806132,0.1385580899004447,0.11925119884780071,-0.059603808806768355,-0.04176855941307997,-0.03734848391461447,0.011514421356496413,0.09685922029026153,False,True,100.0,0.0,20.0,20.0,100.0,100.0,20.0,20.0,40.0,60.0,40.0,80.0,80.0,60.0,60.0,100.0,20.0,20.0,40.0,60.0,80.0,60.0,80.0,40.0,80.0,80.0,80.0,60.0,80.0,20.0,40.0,20.0,0.0,100.0,60.0,60.0,40.0,40.0,40.0,80.0,56.666666666666664,36.0,76.0,35.0,71.11111111111111,40.0,52.0,61.18333333333334,57.585530926157155,85.0,71.29276546307858,61.642658922458516,50.78749263884975,50.0,50.0,50.0,50.0,Mixed / Divergent,0.25,37.89374631942488,"[""Healthy Growth"", ""Margin Compression""]",Healthy Growth,2,80.0,0.9084167472968453,False
REE,2026Q1,2026,1,8105,2470.752,-1424.596,1046.156,1047.014,938.745,-172.361,4004.397,13821.466,40740.993,4366.377,1393.236,870.852,1476.465,9312.383,15800.24,5726.348,24940.753,15792.381,989.08,-299.78,353.94,64.396,-94.907,Refrigeration Electrical Engineering Corporation,Utilities,Non-financial,conventional-electricity-110,31892430643200.0,622899036.0,HOSE,10788.848,6784.451,10414.0,-0.14137792268359017,0.19454467131736555,0.20888398556072021,-6543.0960000000005,0.22492267431263793,-0.27434328109876865,-0.23895663317764715,3870.903,0.0063333756584441105,0.10068735355728871,0.16124001101570692,3698.4719999999998,0.1808330908541357,0.16737503567860704,0.2436554095132539,3271.886,0.21971168525748888,0.14930728998325152,0.22855529329775712,-695.4509999999999,-0.01255999483031069,-0.03368636952454056,0.02453628896519229,3392.1530000000002,-0.08115213645041262,2.2132809200480814,-0.01827994892507661,-2097.946,0.6367302572504293,-0.3363289068385555,-1.1146943794855253,1402.1860000000001,0.046902683660521145,0.05135273219823441,0.06055318437638759,-4139.106,1.0370951324591626,1.182941102942012,-108.09477606147667,-660.0790000000003,-1.2717552836612385,0.47360451701646183,0.5292453422262032,0.31471324921622423,-0.26000994193760607,0.008756714417691595,0.15747977556318568,0.016622419466452508,0.10440887765868645,0.04162067526784355,0.2006026691992816,-0.08557994471091358,0.0020764570622197527,-0.3077917267450826,0.32035696633199806,0.002621886128246206,0.16735149221338722,-0.0071743416297108415,0.03555285261281748,-0.005845039014842861,0.051804309972432704,-0.1309169203352048,0.3999969459644117,0.034161230093844086,0.15651688463384975,0.11251709667391983,0.4448441676603678,0.005815932853207175,0.07376005123583736,0.11768408592003264,0.1442639934197713,689.3000000000001,1294.2070000000003,7.257166473005186,-0.4745907416098173,0.37170184367198,0.35514422892260417,0.3141814864605339,0.3257300748991742,0.12427568657576343,0.0842939320527045,0.13585240649726807,1.0367576987706786,0.3955538181953773,-0.0029519899036334306,0.4192795275590552,0.13378490493566353,0.13309479182332032,-0.008281316361438612,-0.20680752849850045,0.43257908051132216,0.3878216714059964,0.6121783285940036,1.330112899159285,5.3180914255641305,2.712151659538154,2.413661551830242,2.1703588395256452,-0.1570796755882875,-0.2191191205480616,0.20145438832341078,1.4961966529404798,0.10440887765868645,0.1442639934197713,-0.015250381497578958,0.009929495303684366,0.005030592224184893,-0.07537192024694889,-0.16166310284776708,False,True,60.0,60.0,40.0,40.0,40.0,20.0,80.0,100.0,100.0,60.0,40.0,60.0,60.0,100.0,80.0,60.0,40.0,40.0,60.0,80.0,40.0,40.0,60.0,50.0,75.0,60.0,80.0,20.0,60.0,60.0,60.0,40.0,75.0,80.0,50.0,80.0,40.0,80.0,20.0,40.0,43.333333333333336,76.0,72.0,55.0,53.888888888888886,60.833333333333336,52.0,56.34166666666667,49.71551129029991,92.5,71.10775564514995,56.80571790920506,51.34653841123551,50.0,50.0,50.0,48.05555555555555,Mixed / Divergent,0.25,38.17326920561776,"[""Healthy Growth"", ""Accounting Profit Risk"", ""Margin Compression""]",Healthy Growth,3,80.0,0.5408339294689144,False
SAB,2026Q1,2026,1,8105,6457.18,-4052.083,2405.097,1548.338,1245.444,-7.553,3698.869,22187.871,30874.28,495.675,2062.975,2264.04,140.371,167.489,6674.875,5953.544,24199.405,4954.088,951.445,-60.215,161.181,1423.223,-2692.954,Saigon Beer - Alcohol - Beverage Corporation,Food & Beverage,Non-financial,brewers-8,60536943958400.0,1282562372.0,HOSE,307.86,-3391.009,26534.644,-0.05549171570698203,0.11125127329118256,-0.13000126067082446,-16701.05,0.04487510088476882,-0.028796312658302375,0.2199267505891752,9833.593,-0.07285450609231452,0.2847301160644081,0.08179829292336671,6070.793,0.1111654930689318,0.5020289455788584,0.1243450203022408,5018.933999999999,0.11290880349998975,0.5575156165000281,0.17520502551345338,-30.999000000000006,-0.023164454077485814,0.3071277864416109,-0.048964537087168344,4980.536,0.7208670126083633,8.610646722393312,0.2899784897220758,-233.048,-0.0030149581903588713,0.1236355697860572,-0.20513602821402538,714.0840000000001,-0.020777516539996644,-0.09127248125387603,0.21315146130179288,1577.6879999999994,1.9474003570289555,-0.3726453643420421,-0.38845723141160604,-6857.822,-39.10550296444086,-0.026715650951891896,-0.21263907561190082,-0.07916911674278705,-0.07487037346897378,0.0021179281240422186,-0.059676478175514275,-0.05285932103568899,-0.023545391855391222,-0.4509721174582393,-0.4428633569484861,0.017571196319139358,-0.0689289755251273,-0.05806995953599947,0.4265272676751734,-0.47541332815116,-0.7086221247994288,-0.0026617282774390404,-0.009110862633039254,-0.29312086700955176,-0.5269354526428367,0.05315100791263214,-0.013015920529096931,-0.3045222322097363,0.11012754648070504,-0.32957707081566456,0.07324357825255212,0.052156506476247755,-0.054933940210839256,-0.022526863262737208,0.08245475576810957,891.23,4747.488,5.600490385856239,0.29445196078270985,0.37059449525684235,0.22878742974656074,0.18914646075523,0.18769937143305937,0.17891658919561915,0.1606237853446582,0.2015415541563914,0.9923493714003812,0.9459156067802448,0.0012436889216525609,0.018680295842672695,0.07774647362896596,0.1355627340795938,-0.31286209627766165,0.06107228514569715,0.01272180039137326,0.2161953250407783,0.7838046749592217,-0.4997893108452814,195.83834962418138,26.35066359860655,3.7268341344248066,3.3803220401159377,-0.39693419197201224,-0.17330955738940915,0.008782782237440232,0.32635936388436093,-0.023545391855391222,0.08245475576810957,0.07255673185409994,0.05175567182552335,0.04912222767834237,0.06110949584930239,0.05866708457039986,False,True,0.0,44.44444444444444,11.11111111111111,44.44444444444444,11.11111111111111,55.55555555555556,88.88888888888889,88.88888888888889,88.88888888888889,77.77777777777779,66.66666666666666,77.77777777777779,88.88888888888889,88.88888888888889,88.88888888888889,77.77777777777777,33.33333333333333,77.77777777777779,0.0,11.11111111111111,100.0,100.0,100.0,100.0,100.0,100.0,100.0,5.555555555555555,100.0,0.0,0.0,0.0,22.22222222222222,44.44444444444444,0.0,88.88888888888889,33.33333333333333,77.77777777777779,88.88888888888889,87.5,27.777777777777782,82.22222222222221,84.44444444444444,30.555555555555557,89.50617283950618,11.111111111111109,75.27777777777779,74.98148148148148,56.92277846871908,86.66666666666667,71.79472256769287,75.47847571940119,51.29032438140259,50.0,50.0,50.0,50.0,Mixed / Divergent,0.25,38.1451621907013,[],No Major Flag,0,100.0,0.21930471757402717,False
SBT,2026Q1,2026,1,8105,8231.005,-7460.395,770.61,238.603,244.947,-381.84,3603.71,24796.524,38672.431,11296.837,4275.56,1601.935,12876.514,6405.943,26263.482,19648.435,12408.948,3416.81,95.991,-268.172,139.997,-332.617,758.534,Thanh Thanh Cong - Bien Hoa Joint Stock Company,Food & Beverage,Non-financial,food-products-87,18400225352600.0,906415042.0,HOSE,19282.457,15678.747,27170.12,0.22236917902908196,0.12919283408160076,-0.1270719900582389,-24807.38,-0.20107856296143906,-0.13938003597256907,0.10633856954400084,2362.739,0.47559723956219035,0.03923583577427871,-0.29805963200952107,683.203,1.8773696396700592,-0.00424422001502377,-0.3550995711695282,766.218,0.4528808854407631,0.1401899176092724,-0.1523462045649654,-1458.5929999999998,-0.07259632130698096,-0.06946599521619537,0.06542145299276737,-1219.322,1.1304773335544407,1.0905251801478528,-95.07769285320454,-1094.217,0.12320257377703074,-46.116419919246304,-1.343784740146383,539.181,0.09071006746965424,0.07802778291135348,-0.01901275583072995,-2581.442,0.7826105142900466,-9.834683524130787,-0.1522746273826598,2533.807,-0.5221724713127353,0.005478518718824655,-0.07107887705632018,0.1809959703953836,-0.2652039977424207,0.11246173526096753,0.1650455932621231,0.0772667002055228,0.14270967507835647,0.04436618852426802,0.3745042034495115,0.41336341061572934,-0.019721761252464137,1.5026324011873142,0.7385446206573961,-0.02439779463302321,0.011391127258651922,0.212644362469175,0.26156619933553504,0.04335795733945571,0.082720964567979,0.01613838370274116,0.21494619481452362,0.10871708003821152,0.13397601013137578,0.07995561990734962,0.10332820614530339,0.016253323884624846,0.16164537754662722,-0.002092305607460867,-0.10356416680877864,-172.18100000000004,-2313.5389999999998,0.8385282883328972,-3.8243957877176538,0.08696093355494934,0.025145380292762785,0.02820075877471281,-0.04487731375496317,-0.08515012079446097,0.021132624998836454,0.06636460308520596,-1.5913512864485042,-3.019426586167383,0.051342518395080985,0.41578163806416757,0.15736257329743117,0.06457493697440035,0.5015761935077504,0.10735022880577477,1.553915529342213,0.6791267401834656,0.32087323395832035,12.826367982565216,0.46839865541655556,0.27986689565203754,1.2620101295599369,1.0444070481949326,0.20979295462621791,0.4205210241622956,0.04027280703949781,2.0294057097709306,0.14270967507835647,-0.10356416680877864,-0.021183060055387212,-0.008891047343045678,-0.0008408527518699305,-0.04446957432009241,-0.06974302553070905,False,True,11.11111111111111,0.0,0.0,0.0,33.33333333333333,11.11111111111111,0.0,0.0,0.0,0.0,0.0,0.0,0.0,0.0,0.0,22.222222222222214,88.88888888888889,88.88888888888889,100.0,55.55555555555556,0.0,0.0,0.0,0.0,44.44444444444444,33.33333333333333,55.55555555555556,66.66666666666666,0.0,100.0,100.0,100.0,100.0,88.88888888888889,100.0,0.0,88.88888888888889,11.11111111111111,33.33333333333334,12.5,9.25925925925926,0.0,4.444444444444443,83.33333333333333,22.22222222222222,98.14814814814815,29.166666666666668,2.231481481481481,86.60645964270937,25.833333333333332,56.21989648802135,1.9497344154176126,51.29032438140259,50.0,50.0,50.0,50.0,Mixed / Divergent,0.25,38.1451621907013,"[""Leverage-Funded Growth"", ""High Working Capital Stress"", ""High Leverage Stress""]",Leverage-Funded Growth,3,0.0,-2.7015898273059054,True
SCS,2026Q1,2026,1,8105,271.969,-58.697,213.272,218.815,173.292,0.483,146.28,1617.372,2085.428,116.084,0.011,6.065,97.93,0.0,350.477,346.54,1734.951,335.022,152.469,-7.447,11.736,122.071,-236.724,Saigon Cargo Service Corporation,Travel & Leisure,Non-financial,airlines-114,5226341478400.0,102076982.0,HOSE,97.93,-48.349999999999994,1202.27,-0.16827780241288096,0.02112697208851781,0.102584254927729,-266.287,0.3377747190757705,-0.1668919724861835,-0.10111936749740515,935.9830000000001,-0.1052488053734074,-0.012817011585763838,0.10300042777396108,944.858,-0.07105043069229165,0.019047619047619063,0.1371514468064108,754.435,-0.07878285276856338,0.019820625691485575,0.05446512557532348,0.794,0.5530546623794211,,,722.506,0.10373609190742646,-0.07667851584499583,-0.009708205578757468,-12.309000000000001,-0.22262354293219502,-1.1832307241278217,0.2566580107494414,46.437,-0.13807285546415973,0.011288237828522209,0.014329088486490003,-275.6310000000001,1.4346112491722267,4.003567737808178,-7.074732679068394,-461.88800000000003,-3.998404053198226,0.1583206519420307,0.23868296477972478,0.3486378094316139,-0.0887400716399315,-0.045212401709603514,0.25462385843464863,-0.037143845195271974,0.1644080298071945,-0.11627765343564915,0.11833219333147081,,,0.0363978127136022,-0.19176439232409373,0.0,,,,0.0,,-3.5894636924537267,0.6988008098427037,-0.41995038222896014,0.6282776755681923,-0.422689274421673,0.6450360299632582,0.11096660666637205,0.10104376820184643,-0.02104469587170975,-0.09220430835930096,145.022,710.197,-0.10325253524610442,-0.003973184858982208,0.7785131459655485,0.7858950152627945,0.6275087958611626,0.600951533349414,0.5907134004840843,0.38924467386663675,0.4557577829838184,0.9576782625408419,0.9413627416543506,0.01531052618455299,0.09655401864805743,9.14935912898101e-06,0.022776177582833564,0.015747938403741807,,0.056445398169746586,0.1680599857679095,0.8319400142320905,-0.04877458274277586,1189.9974811083123,1.4937200040845502,4.667201477462919,4.6671697350955155,,,0.010238132865329753,0.26506880289424384,0.1644080298071945,-0.09220430835930096,0.0002937406220588912,0.023889679659980567,-0.028635538706261898,-0.06814388113191461,-0.06319599698164202,False,True,34.69387755102041,35.714285714285715,35.714285714285715,21.428571428571427,20.408163265306122,26.53061224489796,87.75510204081633,97.95918367346938,97.95918367346938,97.95918367346938,97.95918367346938,48.97959183673469,65.3061224489796,78.57142857142857,78.57142857142857,44.89795918367348,51.02040816326531,,17.346938775510203,10.126582278481013,91.13924050632912,86.07594936708861,97.95918367346938,97.89473684210527,81.57894736842105,94.9367088607595,98.10126582278481,44.89795918367347,97.95918367346938,8.860759493670885,13.924050632911392,2.0408163265306123,,,2.1052631578947256,78.57142857142857,55.10204081632652,20.408163265306122,72.44897959183675,88.0,29.081632653061224,95.91836734693878,63.265306122448976,26.16464307241884,87.83813058867784,6.732722402751905,62.90612244897959,73.63886986906688,54.019858632491655,100.0,77.00992931624583,74.51923878957462,56.19489818781771,43.62244897959184,52.755102040816325,36.16518126237837,44.82859475455596,Mixed Improvement,0.25,40.59744909390885,"[""Healthy Growth"", ""Accounting Profit Risk""]",Healthy Growth,2,93.87755102040816,-0.4908337006908032,False
SHB,2026Q1,2026,1,8105,7471.236,-11636.025,5497.241,6188.08,3725.963,-11636.025,2351.481,,930982.542,68254.915,,,,,859259.342,,71723.2,5515.58,17542.502,-14.105,,-13.875,,Saigon - Hanoi Commercial Joint Stock Bank,Banks,Banks,banks-151,72229770538750.0,5253074221.0,HOSE,,,30008.23,0.28965815213066515,0.23471075281593898,0.2617301362908699,-40449.352,-0.1220163118218955,-0.3977979564035969,-0.362049867717416,23811.888,0.4350254596866106,-0.008374958894551584,0.1021105200998422,23368.626,0.6791566118921716,0.23970291588860695,0.29262660575568517,12239.522,0.6487021540865964,0.06567220100962441,0.2737540736485479,-40449.352,-0.1220163118218955,-0.3977979564035969,-0.362049867717416,43440.37700000001,-0.3746214887411382,0.1905071882398467,-0.4508228451921088,-339.08899999999994,0.9358980185420833,0.36400937866354044,0.22140326465570498,,,,,-340.79200000000003,0.9369071546149859,0.30499899819675413,0.15297299043841142,,,,,0.15360286109557594,0.39079083791758823,,,0.043035183899099626,0.1773526182621001,0.04463336483690072,3.1661874115855246,,,,,,,,,,,,,0.04206343085927539,0.17824715437551344,,,0.05481950338954469,0.16674054175469424,-0.004217233661537052,0.03639340701381345,17528.397,43101.28800000001,0.19134304438073732,-0.4520929753401408,0.7935119132318034,0.7787405655048631,0.4078721737336724,1.4476154374983132,1.4363155707617545,0.014217744383005987,0.1837816619820533,3.5491890124467282,3.521484580852096,-0.033513899125296384,2.2745398512341444,,,2.904457275294655,,,0.9229596724274556,0.07704032757254431,,0.5777255961974372,,,,,-0.6546764734731012,0.011299866736558603,,0.1773526182621001,0.03639340701381345,-0.11492501407353795,0.018613522262345805,0.003850216904795367,-1.8782694928215682,-1.8712577204895628,False,True,100.0,52.94117647058824,88.23529411764706,82.35294117647058,88.23529411764706,29.411764705882355,64.70588235294117,100.0,70.58823529411765,41.17647058823529,70.58823529411765,35.294117647058826,35.294117647058826,41.17647058823529,41.17647058823529,29.411764705882348,91.17647058823529,,100.0,,,,11.764705882352942,17.647058823529413,,,,52.94117647058824,11.76470588235294,,,88.23529411764706,,23.52941176470588,82.35294117647058,41.17647058823529,29.411764705882355,41.17647058823529,88.23529411764706,,73.52941176470588,69.41176470588235,36.470588235294116,95.58823529411765,23.529411764705884,64.70588235294117,50.0,44.044117647058826,43.90959868899754,92.5,68.20479934449877,44.35799241955065,51.14539221067532,50.0,50.0,50.0,50.0,Mixed / Divergent,0.25,38.072696105337656,"[""Accounting Profit Risk"", ""Working Capital Absorption"", ""Margin Compression"", ""High Working Capital Stress""]",Accounting Profit Risk,4,35.294117647058826,0.053482248999093845,True
SIP,2026Q1,2026,1,8105,2164.789,-1807.762,357.027,446.932,356.576,-55.229,620.707,16381.605,29353.739,3791.122,250.581,271.063,3648.127,1011.04,23178.425,5395.941,6175.314,1257.488,546.581,-104.197,109.288,-614.908,-158.36,Saigon VRG Investment Corporation,Real Estate,Real Estate,real-estate-holding-development-160,12493027858800.0,242112943.0,HOSE,4659.1669999999995,4038.4599999999996,8827.361,-0.058558989528763844,0.11519862515834536,0.11511601936915339,-7424.502,0.05395124172163773,-0.11524364927632245,-0.09615641850383001,1402.859,-0.08121733357008856,0.11497070690667432,0.2274802975298304,1793.086,-0.0427261823166552,-0.10592142114107382,0.02846231895945027,1456.156,-0.10874716309574985,-0.1136564752672135,0.02312391752649759,-184.187,-0.2485644526834561,-0.7122616648581613,-0.9741795108148086,2353.478,-0.04910021502981879,-0.11778738679411256,3.580800747416159,-580.9109999999997,0.2814644204312717,-0.717891647706664,-0.005076326566628033,430.681,0.04238678417458322,0.0871182731522928,0.07960393557686275,-2367.44,-0.7468878017738535,0.5229003309937728,0.1534244713909221,130.59099999999998,-10.4166246125009,-1.3045536892229226,-0.9237263139573527,-0.2607084112973248,0.25071683179489035,0.03933306225344031,0.2507658090318127,0.02114421141164028,0.1150133549049857,-0.5647973606285728,-0.3114093313656488,-0.06054789282085699,-0.21513163046372136,0.8663494839469281,0.20108382591433965,-0.026370353368820112,0.20935420148107586,-0.055626181004359364,-0.08185097332660117,-0.032871838004885655,0.13148012646672466,0.015216201588212335,0.11514015532867473,0.012542842144022967,0.10229440241786956,-0.023029665930792576,0.1795863314267225,0.05477496687662593,0.16548959775573044,-0.03341012319430442,-0.08639813659767778,442.384,1772.5670000000005,-0.208478036439239,28.60706776519705,0.15892167545883756,0.2031282055871511,0.16495938027231466,0.2666117314110072,0.2008037283169908,0.05230478562480829,0.2538231059913441,1.6162265581434958,1.2172919659706793,-0.0305692572929125,0.4294739956822882,0.028386853103662575,0.03650925004801669,-0.4265253507348022,-0.33024764983287475,0.7544826060666712,0.7896242792102225,0.2103757207897774,1.8160445766125677,9.735138744862558,0.1701440218501165,3.035912549822172,2.989473754438753,0.016364107097571273,-1.0026418297742588,0.0658080030940164,1.348819660026794,0.1150133549049857,-0.08639813659767778,0.01454778490779296,-0.017114686991661743,-0.014831986477844367,0.20170975705295274,0.20891467498107705,False,True,61.111111111111114,61.111111111111114,33.33333333333333,27.77777777777778,50.0,33.33333333333333,5.555555555555555,33.33333333333333,33.33333333333333,61.111111111111114,88.88888888888889,83.33333333333334,83.33333333333334,72.22222222222221,77.77777777777779,88.88888888888889,16.666666666666664,16.666666666666664,22.22222222222222,5.555555555555555,33.33333333333334,66.66666666666667,5.555555555555557,66.66666666666666,29.411764705882355,88.88888888888889,100.0,66.66666666666666,5.555555555555555,66.66666666666666,33.33333333333333,94.44444444444444,50.0,35.294117647058826,33.33333333333334,77.77777777777779,50.0,22.22222222222222,27.777777777777786,46.666666666666664,44.444444444444436,44.44444444444444,81.11111111111111,15.277777777777777,51.41612200435729,52.17864923747277,44.888888888888886,58.305065359477126,41.901288522939794,92.5,67.2006442614699,58.55570769696447,50.62440497655373,50.0,50.0,50.0,50.03898635477583,Mixed / Divergent,0.25,37.81220248827687,"[""Healthy Growth"", ""Margin Compression""]",Healthy Growth,2,66.66666666666666,-0.03355734400042152,False
SJS,2026Q1,2026,1,8105,316.754,-87.79,228.964,219.655,175.704,0.265,49.236,4998.439,7991.49,579.822,4311.733,95.42,335.88,834.153,4374.942,1891.591,3616.548,213.083,-299.06,0.761,0.0,20.997,174.295,SJ Group Joint Stock Company,Real Estate,Real Estate,real-estate-holding-development-160,15200963710800.0,297474828.0,HOSE,1170.033,1120.7969999999998,925.3809999999999,-0.16918291121975773,1.2096855205513855,0.37893673360821223,-270.656,0.22171295844821318,-0.8262190048260942,-0.31155929870809534,654.725,-0.1471110829667321,1.403190763579113,0.40886212958798746,581.3409999999999,-0.03298304622116951,1.5467541652656844,0.458976855779028,466.101,-0.04142457323360442,1.605106307268037,0.5935567248223023,0.265,,,-0.5568561872909699,-199.58900000000006,-3.6771822714780633,-11.702174651715938,-2.003640660749755,6.375000000000001,-0.8676521739130435,1.0951012246938265,1.827922077922078,0.0,,,,41.692,-0.11936417397139622,2.3535099593888997,2.267311082740592,159.37899999999996,2.308304934620408,3.0244497357570124,1.9627765931098644,-0.6782065945557335,0.0309908702571404,-0.005961914860697612,-0.0029589451841142166,0.01369437295221811,0.02152784914782878,0.0535724344449511,-0.06989480168240311,0.01456145853652683,0.007694664566705356,0.01521438450899039,-0.049298581221106266,0.0,1.2636473918317832,0.14508787006048363,1.2486817701481594,0.09930172820390419,1.2529576455908742,0.22983813891019422,1.3767049213700437,-0.01545209351416239,-0.08176261937244202,-0.16738003410430422,-0.16875942598601523,0.05134470915944118,0.18242829917311204,-0.005818130919610013,-0.02494348705464593,-299.821,-205.96400000000006,-8.504247765168326,-2.077414798734078,0.7075193893109974,0.6282179988566872,0.5036855089957543,-0.21568305379081706,-0.22257210813708092,0.0589457845381277,0.13965311511020392,-0.4282097656945599,-0.44188705881343326,0.08329986022631575,0.6265765128093186,4.659413798208522,0.3525508394419484,-0.44883153529061537,-0.37124206904150686,0.323522043672585,0.5474501000439217,0.45254989995607825,1.9279510648655436,2193.739622641509,0.1465880671668453,2.6424523060217564,0.36303090890155437,0.874020911982662,-1.015833043069998,0.006889054346263865,,0.02152784914782878,-0.02494348705464593,0.015028296554959741,0.034464320101600276,0.06783629213286246,-0.5120174863423792,-0.507432550139039,False,True,77.77777777777779,66.66666666666666,61.111111111111114,50.0,91.66666666666666,66.66666666666666,100.0,83.33333333333334,77.77777777777779,77.77777777777779,72.22222222222221,50.0,55.55555555555556,33.33333333333333,38.88888888888889,38.888888888888886,11.11111111111111,11.11111111111111,33.33333333333333,77.77777777777779,77.77777777777777,61.11111111111111,38.888888888888886,94.44444444444444,17.647058823529413,72.22222222222221,2.7777777777777777,72.22222222222221,38.88888888888889,22.22222222222222,38.88888888888889,61.111111111111114,94.44444444444444,29.411764705882355,5.555555555555557,38.88888888888889,11.11111111111111,38.88888888888889,77.77777777777777,,68.98148148148148,82.22222222222223,43.33333333333333,33.333333333333336,52.886710239651414,41.93899782135077,41.666666666666664,63.16530501089324,68.4184897386966,73.33333333333333,70.87591153601497,63.599710712107836,50.62440497655373,50.0,50.0,50.0,50.03898635477583,Mixed / Divergent,0.25,37.81220248827687,"[""Accounting Profit Risk"", ""Leverage-Funded Growth""]",Accounting Profit Risk,2,83.33333333333334,0.8539462436445596,False
SSB,2026Q1,2026,1,8105,2913.559,-4536.672,2413.461,1980.758,1110.63,-4536.672,1255.574,,403197.675,2743.069,,,,,361715.908,,41481.767,1452.229,5470.237,-7.844,,-7.844,,Southeast Asia Commercial Joint Stock Bank,Banks,Banks,banks-151,48688955598000.0,3428799690.0,HOSE,,,11207.402000000002,-0.03047543177660145,-0.49937532722080147,-0.27798365274984477,-16234.561,-0.06285818708312534,-0.4319534620932587,-0.4584074047955816,9666.813,-0.015663580309853882,-0.015107640047957989,-0.07185286312574937,6649.082,0.42481099705795605,-0.586127453633194,-0.40999510450163124,3127.684,9.649541178839572,-0.6819943392741844,-0.5599260972602491,-16234.561,-0.06285818708312534,-0.4319534620932587,-0.4584074047955816,38515.66,-0.5683792562115977,3.0861385341907868,0.7942513665122454,-214.98899999999998,0.9234014296316551,0.9272781213205641,0.37320077552150915,,,,,-132.71099999999998,0.8403289500468184,-1.0018682520291995,-1.0334051640052568,,,,,0.20657730865032764,0.37138769045928693,,,0.0170378636223615,0.2080964303097466,0.6704670917735067,0.22721247242420486,,,,,,,,,,,,,0.015854642306448355,0.2255463285571564,,,0.027473414267114037,0.07466814557640822,-0.024920367624940917,0.024203211626117566,5462.393,38300.671,3.0008428429411085,0.813208304632595,0.8625382581975732,0.5932759438806602,0.2790730626063025,3.4366269720672102,3.4174442033934356,0.008488254852241863,0.0781126467449553,12.314434578429278,12.245697135644138,-0.08776830372347758,0.24475511809070466,,,0.5051961251740497,,,0.897118040177191,0.102881959822809,,0.4095633999588902,,,,,-0.04841230029395038,0.019182768673774702,,0.2080964303097466,0.024203211626117566,0.19155981328782157,-0.13274333694289475,-0.17879392751620854,2.0537098961523657,2.056623952150809,False,True,0.0,0.0,2.941176470588235,5.88235294117647,0.0,0.0,91.17647058823529,5.88235294117647,11.76470588235294,5.88235294117647,11.76470588235294,91.17647058823529,88.23529411764706,88.23529411764706,88.23529411764706,88.23529411764706,52.94117647058824,,29.411764705882355,,,,82.35294117647058,5.88235294117647,,,,11.76470588235294,82.35294117647058,,,17.647058823529413,,94.11764705882352,94.11764705882354,88.23529411764706,58.82352941176471,35.294117647058826,52.94117647058824,,1.4705882352941175,25.29411764705882,88.82352941176471,41.1764705882353,45.58823529411764,68.62745098039215,58.82352941176471,39.44117647058823,77.18274685968207,52.5,64.84137342984104,39.586879947347164,51.14539221067532,50.0,50.0,50.0,50.0,Mixed / Divergent,0.25,38.072696105337656,[],No Major Flag,0,17.647058823529413,-0.8218246231108903,False
STB,2026Q1,2026,1,8105,7538.113,-9109.478,6042.042,4130.068,1584.404,-9109.478,5956.879,,859571.527,8969.028,,,,,798094.916,,61476.611,7006.973,-58545.352,-136.447,,-128.122,,SaiGon Thuong Tin Commercial Joint Stock Bank,Banks,Banks,banks-151,126309452972000.0,1885215716.0,HOSE,,,31798.352000000003,-0.020304145644720648,-0.03313396883705888,0.07431350849650355,-33124.024999999994,-0.05079555318443316,-0.3424545897188316,-0.2884451752871858,25859.487,0.12766699228555717,-0.11964305722732028,0.01632823038142038,19272.575,-0.2966513834196723,0.06739603333218758,0.2652568804496598,4626.823,1.575631561852625,-0.45302986993439415,-0.5744582205363815,-33124.024999999994,-0.05079555318443316,-0.3424545897188316,-0.2884451752871858,38435.131,-2.016292946689875,-12.00290639696061,0.8405166070921061,-874.769,0.6235321708420704,0.27330198175359366,0.13050016897600555,,,,,-785.783,0.638517640752183,-0.20103865911732735,0.1431806806943243,,,,,0.1028065395145812,-0.299002261196098,,,-0.06274891874731436,0.13535742223674022,-0.11674647009897249,0.24041691376273472,,,,,,,,,,,,,-0.06900896109838209,0.14138957542052383,,,0.026890839428314297,0.062462591192892,-0.0053433722069978025,-0.04763915673810464,-58681.799,37560.362,-11.51145707740214,0.8896645751930586,0.8132335600285197,0.6060872274135465,0.14550511925901066,1.2087145585406438,1.181204673751646,0.005723911163670235,0.07754084524329971,8.307024279943278,8.117959558859287,-0.039331582001086926,0.2820595230847183,,,0.16610340526623119,,,0.928479935562128,0.07152006443787196,,0.5818307104888372,,,,,-0.5537020557368455,0.02750988478899787,,0.13535742223674022,-0.04763915673810464,-0.04639797728837636,0.0914662790523244,-0.2218339358447768,0.5031852668445446,0.5096653148784173,False,True,29.411764705882355,17.647058823529413,76.47058823529412,5.88235294117647,11.76470588235294,11.76470588235294,76.47058823529412,11.76470588235294,5.88235294117647,5.88235294117647,5.88235294117647,76.47058823529412,88.23529411764706,23.52941176470588,23.52941176470588,41.17647058823529,35.294117647058826,,47.05882352941176,,,,11.764705882352942,23.52941176470588,,,,5.88235294117647,11.76470588235294,,,88.23529411764706,,47.05882352941176,76.47058823529412,23.52941176470588,5.88235294117647,0.0,23.529411764705884,,25.490196078431367,21.17647058823529,50.588235294117645,41.17647058823529,13.23529411764706,70.58823529411764,13.235294117647058,27.269607843137255,62.62378342720421,64.16666666666667,63.39522504693544,27.34300390075091,51.14539221067532,50.0,50.0,50.0,50.0,Mixed / Divergent,0.25,38.072696105337656,"[""Margin Compression"", ""High Leverage Stress""]",Margin Compression,2,0.0,-0.5335354073265544,True
SZC,2026Q1,2026,1,8105,101.942,-67.148,34.794,21.123,17.146,-5.121,410.379,2687.208,8332.97,130.147,1907.551,187.005,434.011,2143.756,5112.935,1196.221,3220.035,690.929,115.054,-81.716,0.0,-217.85,110.983,Sonadezi Chau Duc Shareholding Company,Real Estate,Real Estate,real-estate-holding-development-160,4229667780500.0,179985863.0,HOSE,2577.767,2167.388,785.662,-0.731321490696326,-0.7538970366346792,-0.26647477258871205,-378.663,0.630346103241931,0.7027981622951835,0.3122308456554788,406.99999999999994,-0.8240674726574945,-0.8152125422216556,-0.21807608292620143,346.80199999999996,-0.8764982401160004,-0.8640479883633368,-0.22471854852411227,235.598,-0.8330525885319806,-0.8642965120420423,-0.3453283389649653,-25.72,0.22373806275579808,0.174298613350532,0.12035295324737515,324.453,0.19495653438301674,3.354477329498146,-0.5308416863804363,-807.4630000000001,0.47636074692093766,0.17785781837937914,-0.26395580726256107,0.0,,,,-639.707,-0.42747621419023407,-2.2626928261195145,0.2827978761093697,369.34999999999997,0.19866290812083515,1.377916103394615,1.510467097779983,-0.016330610366449953,0.10532652434590092,0.061545098150755505,0.011137454757264955,0.019763761016835257,0.04000209673564462,0.0464164535996269,-0.13010901459097812,0.007855515160224896,0.08480534022737368,-0.04161434977578478,-0.3130221076065155,-0.15826373992948214,0.13644897499613778,0.09327558984443522,0.2938956062295126,0.040903786437953844,0.264402145655812,0.05249898265314332,0.29982188371465385,0.029052951314288356,0.06952749210081258,-0.1830492176546234,-0.19057820337499015,0.005353291981083244,-0.0036712150747239196,-0.03506522707625452,-0.11690062896940276,33.33800000000001,-483.0100000000001,1.456860165542948,-10.160755604445647,0.5180344728394652,0.44141373771418235,0.2998719551155586,0.4129676629390246,-0.6147809108751602,0.02882739359790278,0.07303173389068551,1.3771466650820463,-2.050144738070782,-0.010663064909630057,0.16565265979517907,2.4279537511041642,0.49385601445084415,0.13636575799773393,0.35128011281608573,0.8005400562416247,0.6135789520423092,0.38642104795769094,6.249641005530534,13.483748055987558,0.9455497671717998,2.2464143331374387,0.6517666885968397,0.5308769182445241,0.34507150177148743,1.0277485738141847,,0.04000209673564462,-0.11690062896940276,0.03206474330554754,0.02377429629213712,-0.0361188279934056,-0.23270393676855944,-0.664007997256438,False,True,5.555555555555555,5.555555555555555,16.666666666666664,11.11111111111111,11.11111111111111,5.555555555555555,55.55555555555556,66.66666666666666,55.55555555555556,38.88888888888889,38.88888888888889,77.77777777777779,22.22222222222222,94.44444444444444,27.77777777777778,66.66666666666667,77.77777777777779,72.22222222222221,0.0,55.55555555555556,27.777777777777786,22.222222222222214,33.33333333333334,83.33333333333334,70.58823529411765,44.44444444444444,16.666666666666664,5.555555555555555,33.33333333333333,72.22222222222221,77.77777777777779,66.66666666666666,83.33333333333334,82.35294117647058,16.666666666666657,27.77777777777778,27.77777777777778,11.11111111111111,2.7777777777777857,,9.25925925925926,51.11111111111111,57.777777777777786,51.388888888888886,37.47276688453159,66.50326797385621,17.361111111111114,33.765795206971674,65.68103791662759,37.5,51.590518958313794,33.23593127930121,50.62440497655373,50.0,50.0,50.0,50.03898635477583,Mixed / Divergent,0.25,37.81220248827687,"[""Leverage-Funded Growth""]",Leverage-Funded Growth,1,16.666666666666664,-2.407028045882686,False
TCB,2026Q1,2026,1,8105,13674.274,-10174.952,9522.053,9805.262,6950.28,-10174.952,5467.7,,1190453.754,49705.962,,,,,1003770.981,,186682.773,11585.812,-12087.775,-35.724,,-32.965,,Vietnam Technological And Commercial Joint Stock Bank,Banks,Banks,banks-151,229239877392900.0,7086240414.0,HOSE,,,55454.201,-0.07573614005432863,0.17767985697944338,0.19668551639855028,-33392.68,-0.2147361622393752,-0.5313042966569549,-0.3241376269329311,39371.751,-0.1173459829686357,0.14649035873437896,0.11491081733119038,38437.67,-0.016602081398098732,0.1776277601902315,0.24255769822469622,26891.241,-0.00423305681259107,0.15577738196537752,0.2509525221927995,-33392.68,-0.2147361622393752,-0.5313042966569549,-0.3241376269329311,38851.119,-1.3093314955302073,-0.09736469608205911,1.1208443020859984,-657.2510000000002,0.759319270492963,-0.006224826071036153,0.5827200327093665,,,,,-814.247,0.8909667624752349,0.06237556174981505,0.2425200615475068,,,,,0.25382353460506635,0.44268508240352694,,,-0.001585434054933544,0.20343156845827495,-0.11415576463407566,0.523993768134347,,,,,,,,,,,,,-0.008956686013320085,0.20174195053371247,,,0.040007093647748945,0.2125985152644157,-0.044306271072662724,-0.04404896799591345,-12123.499,38193.868,-0.09707188968307115,1.281099786067767,0.7099868051475486,0.6931426169137302,0.48492703014511024,0.7005983009294462,0.6887461600970503,0.024674601312434513,0.15788868684884164,1.444749946646196,1.4203088656265437,-0.01004648686252116,0.8963425872820708,,,0.3273082517357967,,,0.8431835152161653,0.15681648478383478,,1.1510807158934233,,,,,-0.5666953251576273,0.011852140832396092,,0.20343156845827495,-0.04404896799591345,-0.052074978940212735,0.025589124915443184,0.02103640025325998,0.30528600067662687,0.32742371410091914,False,True,70.58823529411765,58.82352941176471,70.58823529411765,76.47058823529412,64.70588235294117,58.82352941176471,11.76470588235294,64.70588235294117,94.11764705882352,100.0,29.411764705882355,5.88235294117647,5.88235294117647,11.76470588235294,11.76470588235294,5.882352941176478,47.05882352941176,,82.35294117647058,,,,100.0,94.11764705882352,,,,64.70588235294117,100.0,,,0.0,,41.17647058823529,5.882352941176478,11.76470588235294,52.94117647058824,5.88235294117647,82.35294117647058,,66.66666666666667,60.0,8.23529411764706,64.70588235294117,89.70588235294117,15.686274509803923,38.23529411764706,55.53431372549019,56.140696769441554,92.5,74.32034838472077,56.153965949993115,51.14539221067532,50.0,50.0,50.0,50.0,Mixed / Divergent,0.25,38.072696105337656,"[""Healthy Growth"", ""Accounting Profit Risk"", ""Margin Compression""]",Healthy Growth,3,58.82352941176471,-0.35696292032670573,False
TCH,2026Q1,2026,1,8105,394.084,-268.64,125.444,159.742,92.448,0.0,1729.253,19698.721,21841.162,1320.75,11831.784,816.762,0.0,0.0,7478.587,7380.215,14362.576,361.01,-690.025,0.909,15.148,516.21,-390.0,Hoang Huy Investment Financial Services Joint Stock Company,Real Estate,Real Estate,real-estate-holding-development-160,14137692972000.0,912109224.0,HOSE,0.0,-1729.253,1447.393,0.24305739556127529,-0.5411422656452854,-0.6898656456510378,-1095.943,0.0840683675591637,0.46636472890160213,0.6181717208704047,351.45100000000025,4.285858756109894,-0.6470561754759131,-0.8043947469188572,365.34799999999984,1.8286437766720378,-0.504328614781211,-0.758750819630996,256.416,0.7987392014942796,-0.63681078001925,-0.771362741050578,0.114,-1.0,-1.0,-0.8523316062176166,1828.1780000000003,-1.719493286536683,-2.8694147862365975,0.24149981392897774,-6.487000000000114,2.430188679245283,1.1118218723090172,0.7559535006207408,60.653999999999996,-0.043203638201111734,-0.07010435850214852,-0.5002101203866215,-3022.8199999999997,1.5035399283235236,-0.47871213490612047,-2.7085129118651254,1655.741,-0.9420086344691594,-3.953874119518291,7.8259115138592765,-0.24585663429136384,0.36362009062133804,0.04260801670482936,0.485490715080218,0.034112094154495294,0.42456978194284284,0.045318918234414196,0.5881900945999734,0.137389706416016,0.3922756473693958,0.37791986503584973,0.23218059949400988,,-1.0,-1.0,-1.0,-1.0,-1.0,0.09130306152959308,-0.7943576796922748,0.09173902507386697,2.972041212933668,0.15883944197696645,3.959698582763735,0.006450005259089396,0.06793264873481226,0.03194363056869671,0.01733077833511801,-690.934,1821.6910000000003,-2.70559431933368,0.25983575096388234,0.24281656744229124,0.2524179680294155,0.17715713700425523,1.2630833505481927,1.2586014993854469,0.013795848494234594,0.01843954713888618,7.129734493947337,7.104435760638963,-0.0719632957257494,0.91250268586348,8.174548308579633,0.7452595618567753,1.2780557402510113,1.0821412930204337,0.0,0.3424079268309992,0.6575921189541105,-4.059260285162982,3204.8070175438584,,2.6691256284539135,1.065949569219867,-0.3101343543489622,-0.09358078658662061,0.004481851162745788,0.1069509018366491,0.42456978194284284,0.01733077833511801,-0.14217186299473383,-0.07207425789707622,-0.06314715353694406,0.9475572948724429,0.9487709813231509,False,True,5.555555555555555,5.555555555555555,2.7777777777777777,0.0,11.11111111111111,16.666666666666664,22.22222222222222,44.44444444444444,44.44444444444444,5.555555555555555,2.7777777777777777,94.44444444444444,100.0,100.0,100.0,94.44444444444444,100.0,100.0,50.0,91.66666666666666,100.0,97.22222222222223,94.44444444444444,94.44444444444444,,77.77777777777779,50.0,27.77777777777778,94.44444444444444,0.0,2.7777777777777777,5.555555555555555,16.666666666666664,70.58823529411765,5.555555555555557,100.0,88.88888888888889,61.111111111111114,83.33333333333334,86.66666666666667,6.944444444444444,23.888888888888886,97.77777777777779,85.41666666666666,79.51388888888889,16.857298474945534,84.00000000000001,51.05543300653595,56.68605433841953,52.5,54.59302716920976,50.675694489410276,50.62440497655373,50.0,50.0,50.0,50.03898635477583,Mixed / Divergent,0.25,37.81220248827687,"[""High Working Capital Stress""]",High Working Capital Stress,1,55.55555555555556,-1.3033747703157468,True
TLG,2026Q1,2026,1,8105,1000.101,-518.543,481.558,142.406,115.98,-6.554,480.731,2615.986,3437.541,852.146,919.13,307.517,457.924,6.196,1042.852,1010.89,2394.689,516.392,51.682,-33.763,22.577,160.938,-222.653,Thien Long Group Corporation,Personal & Household Goods,Non-financial,nondurable-household-products-80,4729888660000.0,96528340.0,HOSE,464.12,-16.61099999999999,4379.6,0.053706195272076394,0.25888969589555283,0.16964436892991264,-2169.121,-0.08219626928904451,-0.14021878951129688,-0.04650537841916571,2210.48,0.024659073258023398,0.4177815201262453,0.32232789242775745,565.8100000000001,1.6794739119799804,0.4304541299609254,-0.00954898339649712,487.465,0.5697792455639323,0.47960094914908286,0.08259637465187858,-23.668,-0.12650395324853914,-0.37515736466638694,-0.5676248509736388,388.2950000000001,3.652399281498589,1.4188745613253042,0.12107992308536256,-143.45699999999997,0.3867628094520225,-1.1897010182242687,-0.7849570735349012,91.94800000000001,-0.037720569431420936,-0.043387992034235726,-0.026819923371647424,-160.49099999999999,-0.570166043924053,0.2415181670909511,-2.2153805376751228,-408.51700000000005,0.13477710075543267,-2.377726872781334,-6.939151896766169,-0.012929441428418951,-0.2504377491818028,-0.0523932270385246,-0.014173591543855502,-0.03482993976568329,0.028902922707938518,0.06347296720521764,0.14098375581775235,0.11288830554936705,0.0750838072468413,0.13806247710122824,-0.00395158338650705,0.04249913490083233,0.08851991394986743,0.0,0.0,0.04190799457629555,0.0872350842506459,0.600466615355013,0.9225478859317008,0.008475100765118756,0.13875946052486474,0.0028949216843325077,0.13623105654010903,-0.05254751428583875,-0.012580003777011203,-0.012708421360548516,-0.004911926403964956,17.919000000000004,244.8380000000001,1.1290975634356855,-0.07951486533227042,0.5047218924102658,0.1291921636679149,0.11130354370262123,0.08865992328066491,0.05590419216366793,0.14382642341585578,0.2022723769250192,0.7965597530079085,0.5022678551280607,0.02884911045424619,0.19457165037903001,0.2098661978262855,0.1417703300092526,-0.028660613112160283,-0.09456056168307134,0.19381222363321501,0.30337150887800324,0.6966284911219968,-0.02525396878487223,23.906117965185064,1.0498052078510844,2.587804805666294,1.6785763040489072,-0.08240928467926674,-0.5580758675771417,0.03275573111699698,1.5601970679079475,0.028902922707938518,-0.004911926403964956,0.05827806957789761,-0.023373570740877342,-0.00894954986198454,-0.003840689636913572,-0.015132287515510448,False,True,50.0,73.46938775510205,15.306122448979592,25.510204081632654,61.224489795918366,63.26530612244898,64.28571428571429,30.612244897959183,32.6530612244898,87.75510204081633,75.51020408163265,41.83673469387755,52.04081632653062,42.857142857142854,54.08163265306123,36.73469387755102,43.87755102040816,38.57142857142858,41.83673469387755,60.75949367088608,83.54430379746836,84.81012658227849,85.71428571428572,83.15789473684211,76.31578947368422,75.9493670886076,67.08860759493672,2.0408163265306123,85.71428571428571,16.455696202531644,15.18987341772152,14.285714285714285,46.75324675324675,54.25531914893617,16.84210526315789,54.08163265306123,15.306122448979592,44.89795918367347,35.71428571428571,40.0,48.12925170068027,58.163265306122454,45.51020408163266,46.2613019891501,71.59283078099105,27.29699251188471,38.0,56.27218724471452,79.63464041801959,77.5,78.5673202090098,57.47819290327011,66.10558592420416,63.94557823129252,51.0204081632653,38.18037974683544,22.067938624039016,Broad Improvement,0.25,45.55279296210208,"[""Accounting Profit Risk"", ""Margin Compression""]",Accounting Profit Risk,2,64.28571428571429,-0.08328560565518538,False
TPB,2026Q1,2026,1,8105,4899.335,-5848.485,3459.591,2652.781,1682.225,-5848.485,2592.698,,527169.377,20435.85,,,,,479135.059,,48034.318,1627.109,-7280.016,-81.784,,-94.901,,Tien Phong Commercial Joint Stock Bank,Banks,Banks,banks-151,43552535906100.0,2774046873.0,HOSE,,,19394.637,-0.08500777848953502,0.09299943691734111,0.08741347626271277,-19809.841,-0.11715133986873796,-0.7110589371132662,-0.48344252186953296,13443.65,-0.03769670789390601,0.022453184727117527,0.04515020266055327,12458.649000000001,-0.3580890720705527,0.020892502266699208,0.09782263888786098,7375.232,-0.338426349604741,-0.0026477878876451713,0.1715033274413202,-19809.841,-0.11715133986873796,-0.7110589371132662,-0.48344252186953296,63994.009999999995,-1.2292474732055796,0.8244781382456329,7.170165172463098,-415.20099999999996,0.6635663187859691,-0.13973549618852515,-0.09883685540749744,,,,,-1594.924,0.9327092638300859,-0.32255142427114103,-3.223845338983051,,,,,0.5209080286078991,0.5261246105515585,,,0.04210121767507588,0.35557051632571207,0.6894240994032822,2.9934423115705155,,,,,,,,,,,,,0.04193135199485103,0.37130987579909736,,,0.04379863872469923,0.21631746663264767,0.3417198261076074,0.38759012975273205,-7361.799999999999,63578.808999999994,0.8228128641932977,6.914650038355706,0.6931632698255709,0.6423759825976636,0.3802717215073425,3.299572453972714,3.2781644224637976,0.01610206265333382,0.16852682052540463,8.676880944219787,8.620584274501466,-0.10740149270848104,1.0536856142241795,,,2.906028835307803,,,0.9088825715307056,0.09111742846929442,,0.6289121149432749,,,,,-0.581265160757394,0.021408031508916615,,0.35557051632571207,0.38759012975273205,-0.02802979786927362,0.006090779906053223,0.027295690690718077,3.8810803151184876,3.880857759732339,False,True,35.294117647058826,35.294117647058826,35.294117647058826,52.94117647058824,29.411764705882355,23.52941176470588,5.88235294117647,17.647058823529413,41.17647058823529,58.82352941176471,52.94117647058824,91.17647058823529,88.23529411764706,88.23529411764706,88.23529411764706,97.05882352941177,91.17647058823529,,94.11764705882352,,,,47.05882352941176,41.17647058823529,,,,70.58823529411765,47.05882352941176,,,52.94117647058824,,35.294117647058826,58.82352941176471,88.23529411764706,76.47058823529412,100.0,41.17647058823529,,35.294117647058826,35.294117647058826,90.58823529411765,92.6470588235294,51.470588235294116,49.01960784313726,76.47058823529412,48.11764705882353,49.427578078739316,92.5,70.96378903936966,48.569471316058895,51.14539221067532,50.0,50.0,50.0,50.0,Mixed / Divergent,0.25,38.072696105337656,"[""Margin Compression"", ""High Working Capital Stress""]",Margin Compression,2,47.05882352941176,-0.06933588333707619,True
VCB,2026Q1,2026,1,8105,21179.81,-14440.907,17651.083,14295.755,9462.095,-14440.907,12930.996,,2550963.342,17499.489,,,,,2316932.013,,234031.329,8131.775,35398.194,-308.06,,-294.108,,Joint Stock Commercial Bank For Foreign Trade Of Vietnam,Banks,Banks,banks-151,519722990846800.0,8355675094.0,HOSE,,,76272.67,0.10469764107384054,0.22676780390259324,0.11244936468777898,-49998.23,-0.16047510917142863,-0.3263443478823128,-0.2756195246398845,62638.305,0.09160867271621943,0.28960953384535104,0.13857123111818279,49888.761999999995,0.21823489259732368,0.2310884615427672,0.11019409340277542,35958.801999999996,0.09593847795340697,0.08738139996593765,0.05858167114871412,-49998.23,-0.16047510917142863,-0.3263443478823128,-0.2756195246398845,163920.006,2.9079791758115103,3.685629442373429,0.5022445963873439,-1575.4009999999998,0.49324735569409944,-0.6549286316728178,-0.027412876369453547,,,,,-1498.346,0.5548990794031785,-0.6815972738396094,-0.10842690769261513,,,,,-0.1680377652165947,-0.05704194308778578,,,0.04465092943152789,0.20941116647673674,-0.0299361036284664,0.2685232638737368,,,,,,,,,,,,,0.04630566516644009,0.21667235281198835,,,0.028546939999914603,0.14194024925140464,-0.01228351502701851,0.014462098774565174,35090.134000000005,162344.60499999998,3.625182262065057,0.5090122909812581,0.8212418026011152,0.6540843791098436,0.4714506782049192,2.1491316090022807,2.12847675320662,0.015432220564537937,0.1638314367750996,4.5585502542604175,4.5147389782340355,-0.05016191408680776,0.2294332819344072,,,0.15607389918595782,,,0.9082576667618768,0.09174233323812302,,0.9978105624939121,,,,,-0.3858136180426599,0.02065485579566049,,0.20941116647673674,0.014462098774565174,0.01884148140080988,-0.0013287205606133945,-0.02399055391235766,0.5576463749634961,0.5593559276116884,False,True,52.94117647058824,82.35294117647058,47.05882352941176,29.411764705882355,76.47058823529412,35.294117647058826,91.17647058823529,41.17647058823529,88.23529411764706,52.94117647058824,47.05882352941176,47.05882352941176,47.05882352941176,64.70588235294117,64.70588235294117,58.82352941176471,29.411764705882355,,23.52941176470588,,,,52.94117647058824,82.35294117647058,,,,41.17647058823529,52.94117647058824,,,47.05882352941176,,70.58823529411765,17.64705882352942,64.70588235294117,64.70588235294117,11.76470588235294,47.05882352941176,,53.92156862745099,64.11764705882352,56.47058823529411,26.470588235294116,57.35294117647058,45.09803921568628,47.05882352941176,60.171568627450974,48.96538438097455,100.0,74.48269219048727,60.79933804224222,51.14539221067532,50.0,50.0,50.0,50.0,Mixed / Divergent,0.25,38.072696105337656,"[""Healthy Growth""]",Healthy Growth,1,82.35294117647058,0.830594201329268,False
VCG,2026Q1,2026,1,8105,3424.42,-2992.384,432.037,426.176,368.52,-116.297,2131.862,22698.656,30467.612,6832.395,5517.163,3307.259,5241.367,1844.576,17616.987,15200.773,12850.624,4020.472,-1257.6,-77.418,86.471,1545.541,-486.947,Viet Nam Construction And Import - Export Joint Stock Corporation,Construction & Materials,Non-financial,heavy-construction-9,13058660387200.0,646468336.0,HOSE,7085.943,4954.081,16892.841,-0.2638393165208034,0.31908861539646766,0.31806175918309837,-14747.887,0.2724699999246306,-0.313344270612514,-0.3083585572211203,2144.955,-0.19793523139072058,0.3603051608454579,0.38888493186874656,4786.245,-0.102469926205479,1.4024126948335633,3.9599164753856275,4347.038,0.06173579339195372,1.4337764745507495,4.593117450579766,-398.30899999999997,-0.22271169333641727,-0.7824114518675188,-0.09043298765864721,2748.0190000000002,-2.2784099572846803,-0.6477253371836158,1.3009838563820877,-355.06500000000005,-0.17064098105333209,0.11046511627906966,0.396504103870675,395.31899999999996,0.06231034779297046,0.02216416851860608,0.10705394423270245,-1245.4660000000001,2.482484983703169,5.063107281063346,-0.2613118609085951,-686.5300000000007,-2.6456042104947928,-122.7671917979495,-2.7249869780362777,-0.09158962930452244,0.600807063229965,-0.05855121282788734,0.31434092814524317,-0.03369105001866952,0.050946838652804756,-0.44590538262230384,0.11205431693668898,-0.0955230286443673,-0.23495218141733373,-0.04247549485113928,0.7224212836476015,-0.0011129730540457323,0.15172047211739567,-0.15099981819395253,-0.562161383346867,-0.04500211055422676,-0.19145452066251956,-0.023450600792778057,-0.33341868412756426,-0.07052380140375954,-0.006023669145844866,-0.04461472622595938,0.22572684324621758,0.021819681040758262,0.14056613000828447,-0.09379005760970323,0.1795117629283663,-1335.018,2392.954,-0.5701180571726965,2.949205605240183,0.12697420167513562,0.2833297844927327,0.25733019093709575,0.16267358462676587,0.14165491760681345,0.14622154240245544,0.36048818646505154,0.6321589551322074,0.5504791998597667,0.05248258380079145,0.40445505880272004,0.3265976989897673,0.2242530743556687,-0.20600744224640938,-0.5530139406004321,0.5514084763510317,0.578220144066427,0.42177982311183426,0.9560976184024745,12.016411881227892,0.4067377842459801,1.493256691616933,1.130303899676681,-0.5095162798456179,-4.050349463044275,0.02101866701995242,0.8981733739081604,0.050946838652804756,0.1795117629283663,0.006474773831523048,0.20803695324633065,0.196688324007891,0.06949004032198072,0.09437707275365391,False,True,75.0,75.0,100.0,100.0,87.5,87.5,25.0,100.0,100.0,87.5,93.75,25.0,37.5,62.5,75.0,12.5,50.0,12.5,75.0,75.0,62.5,75.0,62.5,87.5,25.0,62.5,75.0,62.5,62.5,37.5,25.0,37.5,0.0,0.0,12.5,75.0,37.5,87.5,75.0,50.0,87.5,81.25,42.5,53.125,63.888888888888886,18.75,65.0,71.92708333333333,56.75833610335536,92.5,74.62916805167768,72.56136631050302,51.11298298343228,50.0,50.0,50.0,50.0,Mixed / Divergent,0.25,38.056491491716145,"[""Accounting Profit Risk""]",Accounting Profit Risk,1,100.0,2.258608679192875,False
VCI,2026Q1,2026,1,8105,1406.482,-631.835,774.648,403.874,340.73,-271.612,2048.249,35816.716,37097.384,931.713,0.0,416.44,18243.521,0.0,19777.957,19302.558,17319.427,88.83,-2900.035,-19.437,5.262,-19.437,1754.027,Vietcap Securities Joint Stock Company,Financial Services,Securities,investment-services-154,28346508547500.0,1147631925.0,HOSE,18243.521,16195.272,5535.754999999999,-0.07850769405146664,0.6528782072299805,0.4800937826358277,-2708.994,-0.020098936688914618,-1.0133611198740682,-0.630754079452634,2826.7619999999997,-0.14585030923242653,0.4422574230880942,0.3597091987959282,1677.6119999999999,-0.2569343764028819,0.1876376575066532,0.3991596428398665,1387.817,-0.23072581300629447,0.1555340016549779,0.37707034304289333,-901.9849999999999,0.07486895123521335,-0.5835033755815445,-0.19135264360528856,-11701.096,0.18347238536935329,-281.84785977145066,-3.9340401702885597,-69.70700000000001,0.18431323177640688,-1.0812720848056538,-0.976158076770426,16.378,0.37965390665967474,0.5892479613409844,0.39911156671792253,-67.162,0.09654178674351577,-1.0814949668023135,-0.9040625974541434,11514.243,-0.5773249660708502,1.7181289140289278,2.138724097690385,-0.3626496486597667,-0.11033269859581712,-0.0014552712285833156,0.5163096125825104,0.030315033398031134,0.5634680672844415,1.0548020430847402,-0.2586146942952244,,,2.9118509055384383,6.767229320152942,0.13563847104338445,0.7693535153294979,,,0.13563847104338445,0.7693535153294979,0.26024850017773143,1.0222411574791823,0.09902156972050616,0.7742051291665943,0.11413736647635522,0.8089342010068712,-0.0383383647335685,0.376729543900326,0.18015145476285377,1.0804253126610146,-2919.4719999999998,-11770.803,-2958.9250253292803,-3.8906891287854553,0.5106371217656851,0.30305026143678687,0.25070058194410705,-2.1137308280442326,-2.1263229676891413,0.04563310463299726,0.09283196569848041,-8.431296057044985,-8.481523860854853,0.35282576798407134,0.16830820728157228,0.0,0.15372496210770492,-0.7387084769310521,,1.0533559222253717,0.5331361639947442,0.46686383600525583,9.560429518474137,1.859911195862459,0.11227268025728146,1.8555424622995562,1.8555424622995562,0.2892597326936702,-0.5905122864451551,0.01259213964490842,4.256136280376115,0.5634680672844415,1.0804253126610146,-0.04521028279532302,-0.017529888279613992,-0.01875578570863734,-1.4796622455480788,-1.4828231823871016,False,True,37.5,37.5,25.0,37.5,75.0,75.0,37.5,37.5,37.5,75.0,25.0,18.75,12.5,6.25,6.25,18.75,37.5,,62.5,50.0,71.42857142857143,71.42857142857143,87.5,50.0,85.71428571428571,71.42857142857143,71.42857142857143,93.75,87.5,28.57142857142857,28.57142857142857,12.5,100.0,100.0,50.0,6.25,100.0,93.75,25.0,0.0,47.916666666666664,42.5,12.5,50.0,76.68650793650794,53.27380952380952,45.0,43.49107142857142,67.41693874739899,58.333333333333336,62.87513604036616,43.50702161017122,49.88773518325959,50.0,50.0,50.0,53.279320987654316,Mixed / Divergent,0.25,37.4438675916298,"[""Accounting Profit Risk"", ""Leverage-Funded Growth"", ""Margin Compression""]",Accounting Profit Risk,3,50.0,-0.9201031913009298,False
VGC,2026Q1,2026,1,8105,3274.176,-2424.703,849.473,413.899,321.136,-65.064,1685.853,16095.037,26867.61,1149.75,9451.143,1434.561,2719.277,3048.096,14790.126,8208.651,12077.484,5685.511,67.633,-107.063,193.277,-972.708,165.858,Viglacera Corporation - JSC,Construction & Materials,Non-financial,building-materials-fixtures-43,19189380000000.0,448350000.0,HOSE,5767.373,4081.5199999999995,13734.231,-0.1767941854723298,0.14694062852050502,0.13301293711710702,-9727.09,0.08924980299093191,-0.20452988519051532,-0.1442163966445255,4007.141,-0.35402962965216117,0.009215697456149044,0.10670931688306175,2111.6910000000003,-0.49286529960105474,-0.0035630111295949438,0.2703574185110702,1617.048,-0.49713283537683406,0.07568114369167506,0.29491052009494134,-255.66799999999998,-0.05455606340562081,0.0031408478757145425,0.028306906459508382,3432.3900000000003,-0.9457181610966644,3.6334787010357448,-0.189025970666017,-2119.572,0.8727039254269935,0.862077894305623,0.17568174579191942,1268.529,-0.6647621921923484,-0.7677109899117125,-0.45925884561542907,-5118.056,0.5648802614186119,-1.1660208962402798,-1.530025057750477,1049.777,-0.8094795026603809,3.4672805438614764,2.0195305861021087,-0.3047796648052986,-0.272694681148466,0.5529151609518813,0.8059081279031072,0.01630218823235265,0.12122927038455751,0.027275172150679573,0.025091676496312908,1.351403780002896,1.0547428164443031,-0.14304531242719631,-0.10262145997811861,0.002311827659735214,0.0715551769087817,0.06116955444467382,0.3803050975941877,0.03258048934024029,0.21521505934825944,0.29142449609695215,0.6810041082773033,-0.0050865943993915665,0.07856691400569561,-0.017842900349829872,0.06625437450461677,0.04378149551637893,0.1783049167404888,-0.015993131089779962,-0.028082556154171594,-39.43000000000001,1312.8180000000002,0.9508316717356309,-0.20968186639664899,0.2917630408284235,0.1537538577878878,0.11773851772261586,0.24991497521776068,0.09558729571389911,0.06362542365768949,0.14484898441213212,2.122627157635395,0.8118608724045299,-0.06756618843283792,0.08371418829346908,0.6881450443057205,0.14748100408241313,-0.1079212606207941,0.9217298793271961,0.4775309990060843,0.5504816394163827,0.4495183605836172,1.2074717030252466,8.259504513666162,0.619963688877595,1.9607408086907339,0.8093770827874154,0.08220212223115242,-0.2420505120515618,0.15432767950386156,1.6708896682693104,0.12122927038455751,-0.028082556154171594,-0.0069344534352483445,0.01662307280808356,0.01472038503578367,-0.09924158203175842,-0.04144820690591207,False,True,37.5,12.5,37.5,37.5,12.5,25.0,62.5,62.5,62.5,50.0,50.0,75.0,62.5,87.5,62.5,87.5,75.0,93.75,12.5,87.5,75.0,62.5,75.0,62.5,75.0,87.5,25.0,100.0,75.0,25.0,37.5,25.0,87.5,87.5,37.5,62.5,62.5,50.0,12.5,37.5,27.083333333333332,57.5,75.0,67.1875,70.83333333333333,50.0,45.0,50.81770833333333,57.54563419847415,92.5,75.02281709923707,51.47167376288099,51.11298298343228,50.0,50.0,50.0,50.0,Mixed / Divergent,0.25,38.056491491716145,"[""Healthy Growth"", ""Accounting Profit Risk"", ""Working Capital Absorption""]",Healthy Growth,3,50.0,-0.5434923371932264,False
VHC,2026Q1,2026,1,8105,2954.597,-2523.147,431.45,337.395,285.961,-15.627,2093.772,9682.982,13755.884,2624.055,2883.391,436.395,2300.004,0.0,3425.056,3372.748,10330.828,3244.422,-388.99,-238.942,123.318,212.524,253.858,Vinh Hoan Corporation,Food & Beverage,Non-financial,farming-fishing-5,12211119169700.0,209453159.0,HOSE,2300.004,206.23199999999997,12333.02,0.08826819469802985,0.11586274564603116,0.0022903186535247924,-10255.582,-0.1036963581454431,-0.09200055570631184,0.00804736960311175,2077.44,0.006027537803271378,0.27935215469056257,0.05665244870700664,1762.7850000000003,0.1503840921411986,0.3639340418564977,0.1833972544251902,1525.7120000000002,0.16738787873839603,0.353136297389889,0.15155028228119444,-52.425,-0.3316574350234343,0.09382429689765151,0.27909407186369833,1448.37,-5.028312828797482,-2.613570936724823,-0.43528313627878035,-607.617,-0.15673440934132435,-4.4111918835065795,-0.14526732837491924,487.486,-0.003289553445140404,0.03974570840781085,0.041683494344831595,-205.2749999999999,0.1613841042231355,19.790843279201724,0.5029853564995064,-185.73800000000023,3.4669716698926627,0.21675070457639145,0.8483719441809431,0.042579624859517745,1.0315970052512893,0.03764249929246648,0.11547432918200554,0.024905274067241554,0.07281827119446177,0.29263729426734264,0.2818883813225352,0.04052555473638368,-0.06420051109857636,0.2968647845468053,-0.29239133607256473,0.12406641559302217,-0.07472135080792788,,,0.12406641559302217,-0.07472135080792788,4.443632044344728,-0.8582732359405087,-0.0027901039963734425,-0.05312870189523215,-0.002829715352100116,-0.054073034495679136,0.03443004168629212,0.12231113685568819,-0.019944732555835294,-0.027563956928245096,-627.932,840.7529999999999,-4.18881559235617,-0.5866963651039757,0.16844536050375333,0.1429321447625967,0.12370952126891874,0.11743838897528747,0.06817089407136288,0.1148098067888882,0.15619662519866748,0.949307601958954,0.5510561626309551,0.00562246672042308,0.21276662163849566,0.23379439910095012,0.04255194878262394,0.2795980626690104,-0.06649082975210115,0.222635010475443,0.24898843287716005,0.7510115671228399,0.09164762821900116,33.62489270386267,0.9103340689842279,2.8709473699191284,2.016038850219465,-0.07701166946145267,0.09569681743850814,0.04926749490392458,1.2464296410563585,0.07281827119446177,-0.027563956928245096,0.008666093194423463,0.021874313688347663,0.01603480015515843,-0.0909976749533884,-0.09714830801809167,False,True,22.22222222222222,22.22222222222222,55.55555555555556,22.22222222222222,22.22222222222222,22.22222222222222,22.22222222222222,55.55555555555556,55.55555555555556,55.55555555555556,22.22222222222222,66.66666666666666,66.66666666666666,55.55555555555556,66.66666666666666,66.66666666666667,77.77777777777779,33.33333333333333,77.77777777777779,100.0,88.88888888888889,77.77777777777777,88.88888888888889,77.77777777777779,77.77777777777779,88.88888888888889,88.88888888888889,55.55555555555556,88.88888888888889,11.11111111111111,22.22222222222222,11.11111111111111,77.77777777777779,77.77777777777779,22.222222222222214,66.66666666666666,55.55555555555556,44.44444444444444,22.222222222222214,37.5,27.777777777777782,42.222222222222214,64.44444444444443,72.22222222222223,81.4814814814815,37.03703703703704,45.27777777777777,48.638888888888886,57.48002306760882,100.0,78.7400115338044,49.48314757511417,51.29032438140259,50.0,50.0,50.0,50.0,Mixed / Divergent,0.25,38.1451621907013,"[""Accounting Profit Risk"", ""Working Capital Absorption"", ""High Working Capital Stress""]",Accounting Profit Risk,3,44.44444444444444,-0.9719900971568491,True
VHM,2026Q1,2026,1,8105,65114.237,-33744.651,31369.586,30774.661,25625.357,-2561.005,35837.536,517760.338,869974.503,225589.117,138885.119,17221.466,55456.879,106609.958,597132.268,388427.617,272842.235,21404.537,37220.145,-412.825,613.379,-66032.204,15562.997,Vinhomes Joint Stock Company,Real Estate,Real Estate,real-estate-holding-development-160,624326624608000.0,4107412004.0,HOSE,162066.837,126229.301,203518.70200000002,-0.3678814403311725,3.1479539610255296,0.8533729499184874,-131875.24599999998,0.5136750317155759,-2.2015834363378786,-0.7952194691355007,71643.45599999999,-0.06700586422956774,5.08181810955521,0.9708918488131477,77494.283,-0.05689046481087023,7.024568356907528,0.7885738443298811,65084.390999999996,-0.043758422971569295,8.662529590495446,0.7676138659789332,-10501.759,0.0814587740421688,0.2967206816715771,-0.033160673551217754,77258.862,17.66010694296733,57.56238710814332,5.49432784900139,-15917.65,0.961272805493375,0.82243009145931,-4.369497560768275,2441.383,-0.22905726588756967,0.2555914009309791,0.30671867029985567,-134266.965,-1764.9162281287563,-3.5438477336776164,-9.002552208490895,72214.845,3.6077783031423083,1.3547328656951683,4.8330104432233165,-0.28251040921941417,0.6674278241185639,0.033794858862614706,0.9924581874113737,0.10630962294264593,0.5493659667958865,0.048196636120823665,0.5111688772563464,0.030361187190512593,1.494665962026146,-0.14902113889723015,-0.10517464833681342,0.27848973048237907,0.659201505177323,0.03626661442660022,0.9552180610941603,0.10810570081084539,0.8427218434463825,0.31069370418919495,0.8994132837421659,0.10894322290762959,0.7661015548635385,0.12530905883231988,0.6353150159862992,0.10058924526585312,0.22133889598717046,-0.02952682594589521,0.4787758773240964,36807.32,61341.21199999999,22.78856860406264,4.043509618223227,0.35202394323446495,0.3807722938405925,0.3197956274308392,0.3796155401973819,0.301403317715735,0.09093313096888601,0.26231106444105506,1.1870566938238694,0.9424873008337743,-0.01399405494990696,1.1084441615591671,0.682419441727768,0.1305890720385841,-0.34220407266214103,0.6412930121076585,0.5939946834110928,0.686379044375281,0.31362095562471903,1.5791361643249462,7.379171717804607,0.6462234558854276,1.3329647927685842,0.9754075210362809,-0.010651106472104988,-0.8217345178810989,0.07821222248164691,6.519931530611952,0.5493659667958865,0.4787758773240964,0.020990226439052462,-0.013795183325537697,-0.015515481397943842,0.536161568259587,0.48494561793561863,False,True,94.44444444444444,88.88888888888889,77.77777777777779,61.111111111111114,91.66666666666666,94.44444444444444,33.33333333333333,61.111111111111114,61.111111111111114,88.88888888888889,100.0,66.66666666666666,72.22222222222221,83.33333333333334,88.88888888888889,72.22222222222223,22.22222222222222,88.88888888888889,61.111111111111114,22.22222222222222,44.44444444444444,77.77777777777777,11.111111111111114,44.44444444444444,58.82352941176471,5.555555555555555,44.44444444444444,77.77777777777779,11.11111111111111,55.55555555555556,22.22222222222222,88.88888888888889,44.44444444444444,47.05882352941176,55.55555555555556,88.88888888888889,100.0,100.0,22.222222222222214,3.3333333333333286,84.72222222222221,68.88888888888889,76.66666666666666,48.611111111111114,41.72113289760349,52.2875816993464,62.88888888888889,67.70392156862744,60.32090527672185,92.5,76.41045263836092,68.41505432495933,50.62440497655373,50.0,50.0,50.0,50.03898635477583,Mixed / Divergent,0.25,37.81220248827687,"[""Healthy Growth"", ""Margin Compression""]",Healthy Growth,2,94.44444444444444,0.6828760636489991,False
VIB,2026Q1,2026,1,8105,5860.336,-6346.308,4038.566,4007.594,2241.191,-6346.308,1876.239,,564145.938,5878.657,,,,,515001.867,,49144.071,947.559,327.269,-199.786,,-199.635,,Viet Nam International Commercial Joint Stock Bank,Banks,Banks,banks-151,54804491931000.0,3404005710.0,HOSE,,,21265.822,0.10956832314835778,0.2736662859651545,0.07123446423749062,-21920.708,-0.10773771175117224,-0.3626145986783753,-0.3110452473034729,16393.617,-0.041547302077472016,0.08066583019119856,0.016360475288887257,13737.109,0.21059254963086477,0.41007205888562065,0.07721230614135537,7590.157,0.35995919863299636,0.15736259491526816,0.06307831699835485,-21920.708,-0.10773771175117224,-0.3626145986783753,-0.3110452473034729,24227.112,-0.985373985914078,1.0298481857552024,3.078206315600938,-391.90200000000004,-2.619705040402942,-4.160028927114003,-1.1629100622544044,,,,,-387.432,-2.6594687734863345,-4.227689326489997,-1.1922750472482828,,,,,-0.4718649069660477,0.13921622678444362,,,0.014471353283293908,0.13801650700441342,0.463397615560765,2.071945942302155,,,,,,,,,,,,,0.011406592377688202,0.13917267961486202,,,0.047742126866967584,0.1260401518520601,0.11890999564272202,0.19457124811370344,127.483,23835.21,1.0115860247546844,3.0132968490724847,0.7708903516638105,0.6459712208632237,0.3569181101957874,1.1392511420437923,1.1208224163636844,0.01432276271622142,0.16360329250958788,3.191911840558766,3.1402789164967206,-0.029490516335154402,0.2764368572256459,,,2.000711478064664,,,0.9128876631209566,0.08711233687904353,,0.6266726877617275,,,,,-0.38825755344482826,0.018428725680107734,,0.13801650700441342,0.19457124811370344,-0.04162089107780509,0.003584728665604553,-0.0027383463781769923,1.726490761911051,1.717189316382358,False,True,23.52941176470588,23.52941176470588,29.411764705882355,35.294117647058826,94.11764705882352,64.70588235294117,35.294117647058826,23.52941176470588,35.294117647058826,47.05882352941176,41.17647058823529,23.52941176470588,23.52941176470588,17.647058823529413,17.647058823529413,17.64705882352942,91.17647058823529,,41.17647058823529,,,,41.17647058823529,35.294117647058826,,,,29.411764705882355,41.17647058823529,,,58.82352941176471,,64.70588235294117,64.70588235294117,17.647058823529413,11.76470588235294,94.11764705882352,58.82352941176471,,45.09803921568627,36.47058823529412,20.0,66.17647058823529,36.76470588235294,62.74509803921569,45.58823529411765,33.30392156862746,90.02790910970559,92.5,91.2639545548528,34.77075410163698,51.14539221067532,50.0,50.0,50.0,50.0,Mixed / Divergent,0.25,38.072696105337656,"[""Healthy Growth"", ""Accounting Profit Risk"", ""Margin Compression""]",Healthy Growth,3,11.76470588235294,-1.2529803915758668,False
VIC,2026Q1,2026,1,8105,104352.018,-78414.392,25937.626,5084.455,5610.779,-7522.882,54750.36,669086.072,1178694.748,251349.28,217153.958,61547.528,137577.392,220244.483,1024990.928,626455.564,153703.82,195303.913,26509.936,-20163.846,7913.123,-68459.36,24473.223,VinGroup Joint Stock Company,Real Estate,Real Estate,real-estate-holding-development-160,1578965756817600.0,7706031024.0,HOSE,357821.875,303071.515,353069.011,-0.3604290199618961,0.24149744467647558,0.40450694640960194,-293998.401,0.37841202640756694,-0.20920043744049766,-0.44984422300731547,59070.61,-0.2991285781997526,0.3505511914342016,0.21535502402456572,9373.423000000003,-0.6267725889732622,-0.014232250837216954,-0.3266300861720859,14513.972000000002,0.5666781707983812,1.5011619203938542,1.344528421606275,-32385.962,0.08499911393247228,-0.2327830049929887,-0.33535639556101715,118618.642,7.538587005717024,2.5171267484341397,2.976565218058868,-94384.115,-0.10320778002687354,-0.565041256507052,-1.1116835218857573,33161.451,-0.23140028280300162,0.1225671646618568,0.35286846765180496,-202222.234,-10.690648145428513,-3.116929590945605,-4.245493735657376,107161.95000000001,1.1684452753212835,0.019204115992892297,6.1925290071913235,-0.25536558609612536,0.6850444562586573,0.012348242722653313,0.7977297953561087,0.051038709973646866,0.4317227555149058,-0.02221053859559828,0.39915886124719746,0.04908364950200963,0.9596105944354825,0.031726278981273906,0.4937606231457543,0.20729066448438757,0.40075859266075126,-0.005372940614295962,0.47232988326213937,0.06688384784125176,0.4439629883176815,0.15736570996073035,0.4075825279433482,0.05668971312552317,0.5394468907006058,0.057469900524777004,0.4214668633989284,0.01484660575326223,-0.023808862537139465,0.0059393942671617265,0.07920749651024549,6346.09,24234.527000000002,1.2090439373094488,2.6301188479721556,0.1673061304153935,0.02654841605455995,0.041108031426751304,0.33596446673140623,0.06863963204066074,0.01449972604815714,0.09329052318051739,8.172720878888287,1.6697377533868742,-0.08832199360915453,0.7118984452589072,0.615046779055894,0.20934647192179795,-0.005348085162404481,0.5551036480258805,2.327995979540391,0.8695982821160412,0.13040171788395888,7.12524774376903,0.28942858019780304,0.3979604439659679,1.0680503302226239,0.7214112859248226,0.03945604190807955,-0.008726309388931264,0.2673248346907455,2.846199793850999,0.4317227555149058,0.07920749651024549,-0.02603870932304106,-0.02882595395973622,0.016481963702419694,0.21730315944838502,0.12777939361082682,False,True,83.33333333333334,55.55555555555556,11.11111111111111,77.77777777777779,72.22222222222221,61.111111111111114,11.11111111111111,5.555555555555555,5.555555555555555,11.11111111111111,61.111111111111114,100.0,88.88888888888889,77.77777777777779,66.66666666666666,100.0,55.55555555555556,77.77777777777779,38.88888888888889,16.666666666666664,0.0,16.666666666666657,0.0,0.0,47.05882352941176,0.0,27.77777777777778,0.0,0.0,100.0,83.33333333333334,100.0,55.55555555555556,76.47058823529412,100.0,66.66666666666666,94.44444444444444,77.77777777777779,11.111111111111114,13.333333333333329,60.1851851851852,18.88888888888889,86.66666666666667,47.22222222222222,10.16702977487291,85.89324618736384,52.666666666666664,42.9818082788671,52.952334750184214,58.333333333333336,55.642834041758775,42.65456010536888,50.62440497655373,50.0,50.0,50.0,50.03898635477583,Mixed / Divergent,0.25,37.81220248827687,"[""Margin Compression"", ""High Leverage Stress""]",Margin Compression,2,27.77777777777778,0.9644982190844359,True
VIX,2026Q1,2026,1,8105,1653.404,-1339.703,313.701,156.803,138.37,-149.551,970.994,29395.196,29598.211,294.8,0.0,5.735,7011.0,0.0,8005.078,7194.338,21593.133,29.774,3243.431,-1.204,3.154,0.529,-4321.0,VIX Securities Joint Stock Company,Financial Services,Securities,investment-services-154,43860151118800.0,2450287772.0,HOSE,7011.0,6040.006,8952.865,-0.21322150135665902,0.6876911330592314,2.6439724579418673,-1993.5,-3.256930962057252,-1.8636595850193127,-0.617744798019267,6959.366,-0.824431727553833,-0.38712916743999765,4.682850110972656,6416.804,-0.9025585957769158,-0.6628871187934685,4.951702274089039,5176.115,-0.8924622545388979,-0.6283144002987023,4.924707748764091,-493.081,0.07454918996522249,-2.6080725711114865,-3.557673287918142,-2544.4680000000003,30.545668517852107,3.4364789257179265,0.7388599453738833,-13.548,0.9109928291565018,-2.5416133162612033,-0.7311525683618706,9.585,0.3152627189324436,0.5929292929292929,0.34356602186711527,-10.331000000000001,1.041894353369763,-0.322663252240717,-0.9004782928623991,3040.5,-5.119161105815062,-4.839182585517547,-0.5453406274224575,-0.5261345025015958,0.9936187380787639,-0.13827873710585423,0.4294551679748156,-0.13372054073037098,0.43605772699368023,-0.8003385034463282,-0.36070643240359634,,,,-0.6107377994977262,-0.3813095658312743,0.7657725727238384,,,-0.3813095658312743,0.7657725727238384,-0.34934117627795075,0.7339154384060166,-0.3702879828675948,0.9088246452255649,-0.3941829984949599,0.767358804639627,0.006449383756884316,0.31528959766018416,-0.0614380733221952,0.2700051185804471,3242.227,-2558.016,3.434146385410559,0.7376801988859785,0.7773339595760687,0.7167319064902687,0.5781517983349465,-0.28420712252446567,-0.2857203811293927,0.20618296140429146,0.2723543508153914,-0.49157872265202773,-0.49419612972277477,0.2608462720939452,0.0329280068447363,0.0,0.0028768497617256083,-3.0046788903454638,,0.3246865566011194,0.27045817059686483,0.7295418294031353,0.9398755662005521,13.013691462457487,0.13849579232634432,4.085879201116211,4.085879201116211,-1.878199885218029,-8.50937556200718,0.0015132586049270262,1.4134585289514865,0.43605772699368023,0.2700051185804471,0.27888978385360247,0.2779076497143437,0.22256139303916073,3.6816453328287704,3.683317392940907,False,True,93.75,100.0,100.0,100.0,87.5,12.5,87.5,87.5,100.0,100.0,100.0,75.0,75.0,75.0,75.0,18.75,12.5,,0.0,50.0,100.0,100.0,100.0,100.0,100.0,100.0,100.0,75.0,100.0,0.0,0.0,0.0,0.0,0.0,0.0,75.0,87.5,75.0,87.5,14.285714285714292,82.29166666666667,95.0,63.75,20.833333333333332,97.22222222222223,0.0,67.85714285714286,90.56696428571429,63.56747774282329,73.33333333333333,68.45040553807831,90.86167794219969,49.88773518325959,50.0,50.0,50.0,53.279320987654316,Mixed / Divergent,0.25,37.4438675916298,"[""Accounting Profit Risk""]",Accounting Profit Risk,1,100.0,1.4802574299195523,False
VJC,2026Q1,2026,1,8105,21021.315,-18206.512,2814.803,1126.487,1023.398,-828.588,6950.829,50569.48,143533.584,33364.235,2302.034,4271.276,23828.193,44509.2,117504.595,44814.349,26028.99,37265.472,4569.252,-5307.779,516.632,-7978.28,-695.933,VietJet Aviation Joint Stock Company,Travel & Leisure,Non-financial,airlines-114,101165538114000.0,591611334.0,HOSE,68337.393,61386.564,85162.11499999999,-0.2831374150863399,0.17096364502301936,0.17944174680236027,-76282.094,0.34441861025334886,-0.17095244906506513,-0.18461977132962473,8880.02,0.8130776167471819,0.1710360671069348,0.13675794547849784,2690.1670000000004,1.735479813310151,0.3649953712006282,0.3765211789453435,2505.496,1.0098667090872313,0.5957282921900533,0.6634550524498739,-3638.2839999999997,0.2086097174506663,-0.02296961788086913,-0.04560469341573357,7250.548000000001,1.9443674759740235,6.382936713632723,3.1647995562048465,-34290.591,0.6399811599478777,-1.385958311419183,-3.1902370259776776,1387.078,0.47027334689870076,1.4983654757529448,1.209324513521994,-32705.192,0.3571062966238709,-2.709780541028649,-2.202410650525685,30039.537,-1.0427033504126362,-2.0787969635762464,1.3578955159891173,-0.36733460276082275,2.1251085789510595,-0.07510781542663958,0.38752391081957127,0.029220233231701365,0.4532676661344024,-0.13349241702126383,0.1950512318551048,0.04919044439532296,0.10148645842404587,-0.10445498043703375,-0.32328535375820117,-0.08550578320414567,0.7988422519166519,0.03645832726917067,0.48639205488962794,-0.009598607785130275,0.5822188537111787,0.05814978316799193,0.4984513264831471,0.025272565032960572,0.4517687176510702,-0.03895935038155359,0.4028441571983355,0.04742660475865618,0.46007324433403135,0.0666025234468551,1.6557033437707247,-738.527,-27040.042999999998,0.7597059311583475,-1.3446326120882608,0.10427195238164295,0.03158877630035375,0.029420312071864355,0.08513818615237541,-0.3175125817389575,0.02068096769765947,0.11425967852961902,2.8938573440149176,-10.79229142652792,-0.033058827542409866,0.3917732080749756,0.027031198086144296,0.05599316662701997,0.015609485052744537,-0.0779552883783144,2.62543391042065,0.8186557579444265,0.18134424902258417,15.055892888457768,0.7394054449845039,0.2917060895049826,1.1284216133542406,1.0770533785953245,0.4027771069088184,-0.42212587236107707,0.402650767891333,24.721458346250177,0.4532676661344024,1.6557033437707247,-0.00391527793301312,0.004522631537086312,0.008560389099851327,0.13152378832386818,-0.15779135628676028,False,True,54.08163265306123,43.87755102040816,64.28571428571429,72.44897959183673,46.93877551020408,67.3469387755102,9.183673469387756,11.224489795918368,9.183673469387756,26.53061224489796,38.775510204081634,78.57142857142857,2.0408163265306123,41.83673469387755,14.285714285714285,74.48979591836735,50.0,44.285714285714285,66.3265306122449,24.050632911392405,1.8987341772151893,7.594936708860757,21.42857142857143,18.947368421052634,46.05263157894737,10.126582278481013,41.77215189873418,97.95918367346938,21.428571428571427,98.10126582278481,92.40506329113924,78.57142857142857,85.71428571428571,61.702127659574465,81.05263157894737,14.285714285714285,93.87755102040816,97.95918367346938,2.040816326530617,2.0,58.16326530612245,18.97959183673469,42.244897959183675,46.16571945233789,29.689859065989268,82.92446710636001,42.03265306122448,36.078930467930434,55.17304442671761,85.0,70.0865222133588,36.613129033293816,56.19489818781771,43.62244897959184,52.755102040816325,36.16518126237837,44.82859475455596,Mixed Improvement,0.25,40.59744909390885,"[""High Leverage Stress""]",High Leverage Stress,1,20.408163265306122,0.21647573081199947,True
VND,2026Q1,2026,1,8105,1807.011,-681.187,1125.824,681.321,545.335,-347.836,1426.064,45929.896,47964.656,4110.018,0.0,15.38,22189.009,0.0,26516.412,24436.419,21448.244,76.813,4085.586,-7.783,15.614,-7.783,-4273.866,VNDIRECT Securities Corporation,Financial Services,Securities,investment-services-154,26716363385400.0,1522299908.0,HOSE,22189.009,20762.945,7189.225,0.2658748283688738,0.4364397179921127,0.38304143011511643,-2781.6620000000003,-0.2549086434127093,-0.5096158960357421,-0.22874698518433448,4407.564,0.272602109503845,0.3955106123729002,0.5020800482021822,2711.4170000000004,0.8089208671295253,0.42207922321342856,0.5035328419553678,2184.89,0.5945654335138425,0.4256006064883802,0.47241293793854494,-1239.813,-0.0347211480110899,-0.5585307058812988,-0.6920577297075985,4853.012999999999,-0.06415408800637527,1.7852939480492522,1.3724220127909312,-37.394,-0.6478932881643025,0.5153496481723644,0.27311251069123715,64.457,0.1115540684843739,-0.01718386101844273,0.038875010073333736,58.817999999999984,-0.2742305173542896,-1.177062937062937,1.5159337912160205,-4463.1410000000005,-0.2798343410023987,-1.8060261870541046,-1.414832926971635,-0.12086784820177451,0.4590800636809732,-0.09192586017532489,-0.023081927198062676,-0.07097278437235043,-0.04243880178798208,0.16660923530376845,1.590987060881625,,,-0.682657587950067,2.2440413414891376,-0.16150425222111164,-0.21143977981022252,,,-0.16150425222111164,-0.21143977981022252,-0.16415785208408973,-0.2355677924267442,-0.13700396032740353,-0.11590844946801458,-0.147250934697941,-0.18333658899150843,0.026088952499386527,0.06720429639381303,-0.10480619070927435,0.04775480139677003,4077.803,4815.618999999999,1.7813860557432255,1.3680991897890256,0.6130791566545768,0.377150110060542,0.30391175683053456,0.6750397991438575,0.669838404000431,0.044564540198780096,0.10517971677695889,2.221170402171276,2.204055581745534,-0.05562685574144426,0.5716913853718586,0.0,0.005529068592805308,1.2079456307665086,,1.0345373262258672,0.5528323188641235,0.44716768113587635,7.479786546507514,2.1869564200407643,0.06426893603044644,1.8795673785099198,1.8795673785099198,-0.5944812099253389,-1.1955905716629665,0.005201395143426447,0.5801386971159067,-0.04243880178798208,0.04775480139677003,0.04858602287773761,0.030224380850770838,0.018446626794273446,3.181894864439492,3.1865901109133246,False,True,25.0,50.0,62.5,75.0,37.5,100.0,62.5,62.5,62.5,62.5,75.0,87.5,87.5,87.5,87.5,100.0,87.5,,100.0,50.0,85.71428571428572,85.71428571428572,75.0,66.66666666666666,42.857142857142854,85.71428571428571,85.71428571428571,12.5,75.0,14.285714285714285,14.285714285714285,25.0,14.285714285714285,66.66666666666666,33.33333333333334,87.5,0.0,50.0,50.0,71.42857142857143,58.333333333333336,65.0,90.0,79.16666666666667,68.32010582010581,27.976190476190478,51.78571428571429,64.93849206349206,72.3757191992981,100.0,86.18785959964904,66.12007842305601,49.88773518325959,50.0,50.0,50.0,53.279320987654316,Mixed / Divergent,0.25,37.4438675916298,"[""High Working Capital Stress""]",High Working Capital Stress,1,87.5,1.6468880833812825,True
VNM,2026Q1,2026,1,8105,16148.658,-9252.732,6895.926,2991.831,2458.221,-118.301,2077.596,38757.017,55429.011,5591.444,7399.151,4069.39,10334.848,31.134,18740.932,18456.942,36688.079,11345.205,269.327,-422.226,537.337,-880.996,895.708,Vietnam Dairy Products Joint Stock Company,Food & Beverage,Non-financial,food-products-87,123516366799500.0,2089955445.0,HOSE,10365.982,8288.386,66860.039,-0.051950057157778964,0.24849447273011224,0.10321535607558381,-38965.122,0.08781977880492352,-0.19791616363648837,-0.09098430639458449,27894.917999999998,0.0008576176227142198,0.3234718016490606,0.12076678271327748,12701.049,-0.12847453746387497,0.533834181723477,0.17287399747178817,10284.538,-0.13051009143678957,0.5487071222152712,0.16430726775470036,-368.95000000000005,-0.31474772171593685,-0.5740935400172976,-0.3757345702950214,9062.179,-0.845120282838483,3.1595397506314398,0.047206082319033706,-1767.2179999999998,-0.2215384882439223,-0.012488669553832274,0.007218267627005141,2141.791,-0.008125684139410387,0.049914906670887126,0.018772064846270343,552.6310000000003,-2.2173922570419577,-2.6240335942367743,1.174375167037054,-10079.984,1.1857252634281048,9.431462620253404,-1.126628255086088,0.15751247994294876,-0.18141199610405573,0.0688294184351029,0.009087406505126025,0.03970260486069921,0.007547580343037586,-0.07237812512494356,0.022346115393251178,0.08186110233825784,0.06016997334369544,0.03723413067897524,0.039075875399446645,0.10018494237171009,0.02731413491720623,-0.5050867934126025,-0.797773389799683,0.09615852133605539,0.014877586909446554,0.0817854632711917,0.07977959348087361,-0.004696018530639996,0.07760373547650434,-0.0034202495577012665,0.0868674646435727,0.0639463805586605,-0.02483647480101605,-0.10306899025971865,-0.0783495175049906,-152.899,7294.961,0.7177594866843998,0.0613004294979956,0.4172136064712735,0.1899647261647574,0.15382189651429906,0.13553954104035146,0.10910793815121765,0.18624189004406,0.2767987993309377,0.8811459493853783,0.709313437317262,0.022052693669746343,0.08362908672548038,0.11066626808279306,0.10443673190603636,-0.08086924068233263,-0.04304538273188837,0.2825436022420253,0.3381069166108701,0.6618930833891299,0.558409711349041,34.42485160590866,0.2010282105745532,2.099861233784015,1.6989740770708388,-0.08833776916613725,-0.5486085677668096,0.026431602889133817,0.8251122541835313,0.007547580343037586,-0.0783495175049906,0.006533646534830906,0.01128227308846727,0.008071128624222934,-0.0072492620002310715,-0.004309101447177888,False,True,66.66666666666666,66.66666666666666,44.44444444444444,33.33333333333333,66.66666666666666,44.44444444444444,100.0,77.77777777777779,77.77777777777779,88.88888888888889,88.88888888888889,55.55555555555556,77.77777777777779,66.66666666666666,77.77777777777779,44.44444444444444,55.55555555555556,44.44444444444444,44.44444444444444,22.22222222222222,77.77777777777777,66.66666666666667,77.77777777777777,88.88888888888889,33.33333333333333,66.66666666666666,77.77777777777779,5.555555555555555,77.77777777777779,22.22222222222222,33.33333333333333,22.22222222222222,66.66666666666666,22.22222222222222,11.111111111111114,77.77777777777779,44.44444444444444,22.22222222222222,44.44444444444444,50.0,53.703703703703695,86.66666666666667,64.44444444444444,41.66666666666667,63.58024691358024,29.62962962962963,47.777777777777786,67.26851851851852,67.98765628324549,100.0,83.99382814162274,68.37546803513473,51.29032438140259,50.0,50.0,50.0,50.0,Mixed / Divergent,0.25,38.1451621907013,"[""Healthy Growth""]",Healthy Growth,1,88.88888888888889,-0.37553949344578763,False
VPB,2026Q1,2026,1,8105,19908.207,-14588.966,16960.628,15589.88,6329.468,-14588.966,4065.152,,1372010.032,17321.796,,,,,1185405.231,,186604.801,1970.053,12145.698,-21.73,,-18.002,,Vietnam Prosperity Joint Stock Commercial Bank,Banks,Banks,banks-151,213819241046950.0,7933923601.0,HOSE,,,78995.936,-0.11185698744201691,0.2789473501627383,0.22644439577055522,-48356.676,-0.15008099225205127,-0.6524794442019854,-0.5188714850910441,62267.577000000005,0.01153760248819502,0.2699107291803001,0.19665330303769205,59921.191,-0.05466039337951568,0.3333587634203934,0.20654468618843475,26749.11,-0.22035610671992503,0.6085240132413237,0.594116459713668,-48356.676,-0.15008099225205127,-0.6524794442019854,-0.5188714850910441,48127.513,-0.2911757827972266,0.42041557252029804,-0.3242950659548349,-88.79599999999999,0.6953638670423798,0.6606225304159052,0.2681869503943562,,,,,-50.941,0.6841643566440927,0.6776550217558687,0.48969696969696974,,,,,0.4653515883240538,0.5215703066457761,,,0.0887675847019039,0.3802408901319273,-0.011464284489342814,-0.4828859720883506,,,,,,,,,,,,,0.09772553763211515,0.4064694776131179,,,0.03510830629247185,0.23404968008052102,-0.028968012996691658,0.014927795239447025,12123.968,48038.717,0.42857152956888117,-0.32439081249350077,0.7882377265584903,0.7585351099580616,0.3386137484338435,0.6092403664917648,0.6081163086668154,0.022610804928061518,0.15836395392393393,1.7992192263593068,1.7958996392777178,-0.015581812451353854,0.21927452065382197,,,-0.7093303678589058,,,0.8639916643116791,0.136008335688321,,1.239150329522236,,,,,-0.7254161712794789,0.0011240578249493746,,0.3802408901319273,0.014927795239447025,-0.019623447449512166,-0.012510625233195682,0.0780989462893743,-0.4965669104920677,-0.49580716148865556,False,True,88.23529411764706,94.11764705882352,64.70588235294117,100.0,100.0,94.11764705882352,52.94117647058824,94.11764705882352,23.52941176470588,94.11764705882352,35.294117647058826,11.76470588235294,11.76470588235294,5.88235294117647,5.88235294117647,11.764705882352942,11.76470588235294,,17.647058823529413,,,,94.11764705882354,100.0,,,,94.11764705882352,94.11764705882352,,,5.88235294117647,,11.76470588235294,0.0,5.88235294117647,82.35294117647058,17.647058823529413,100.0,,90.19607843137254,60.0,9.411764705882351,14.705882352941178,95.58823529411765,5.88235294117647,51.470588235294116,72.82843137254902,44.27043728112111,85.0,64.63521864056055,72.96382710984392,51.14539221067532,50.0,50.0,50.0,50.0,Mixed / Divergent,0.25,38.072696105337656,"[""Healthy Growth"", ""Accounting Profit Risk"", ""Margin Compression""]",Healthy Growth,3,100.0,1.2595381056041532,False
VPI,2026Q1,2026,1,8105,287.35,-204.325,83.025,33.86,26.508,-24.401,143.246,8541.514,15427.623,1638.341,5954.443,211.296,1922.457,4986.445,9874.713,3953.09,5552.91,519.827,-1095.038,4.519,9.28,-87.636,619.774,Van Phu Real Estate Development Joint Stock Company,Real Estate,Real Estate,real-estate-holding-development-160,20131118393300.0,320049577.0,HOSE,6908.902,6765.656,2042.7259999999997,-0.7565672208253417,0.15527805474253004,0.011495357044353654,-1242.6459999999997,0.7042411522038069,-0.06956840369565782,0.2613489245196212,800.081,-0.8304082458054001,0.43908273100722806,1.3727757479418254,390.4920000000001,-0.825387412010417,-0.7875637591050826,-0.09678583324081279,279.279,-0.7992472149224117,-0.8135878088058452,-0.2577203683769884,-38.038,-0.7920828437132785,-0.21404049952733964,0.5074074074074074,-1143.8710000000003,-11.329148699010325,-8.768926790161121,-2.4964337949602182,-18.01399999999999,-0.9658476862733243,2.825858585858586,-2.400777604976671,40.915,-0.2756225119038327,-0.01746956061408162,0.0722241148877067,-415.11599999999976,-1.2298142835414625,0.792967079696193,-5.056442077490584,964.3190000000001,1.514673602122834,0.1856416181874878,2.374014356834885,-0.7971456570256829,-0.8058786860364268,0.023987265486740485,0.29797460675605186,0.048954918789337214,0.21911755478932574,-0.17437892252166182,-0.28455818872815425,0.07402326889312408,0.695620106838331,0.4861893608491063,1.3649978174003559,0.4868868726415204,0.5759549393868847,-0.0019498869838138944,0.05405736764949898,0.09854688917128104,0.16104623698215778,0.21183684113992257,0.29792699048451804,0.07012241906063177,0.3290080211161623,0.20392568905131725,0.9735304322647157,0.01331121640375435,0.06283763298605363,-0.010951647979481779,-0.016886806012603117,-1099.557,-1161.8850000000002,-8.940415667696929,-2.5460096495453333,0.3916731857331821,0.19116220188121175,0.13671877677182356,-0.5599728010511447,-0.5687914091268239,0.019889988625959584,0.05182621824431191,-4.0958002570905805,-4.160302063527871,0.09224687432406148,0.8020365922791408,2.914949435215492,0.17003716263521554,-0.2960535457725079,0.6841247497939773,1.244194845585468,0.6400670407878128,0.35993295921218715,15.68276824437248,10.265839423734164,0.07451193966887165,2.1607183241464267,0.6544427270818521,0.14955087993780414,0.6041932406482202,0.00881860807567926,0.44027862642062787,0.21911755478932574,-0.016886806012603117,0.22470603378402212,-0.022917345098230374,-0.049586224785484134,-0.9384792810851725,-0.9409300109962861,False,True,38.88888888888889,94.44444444444444,27.77777777777778,16.666666666666664,66.66666666666666,5.555555555555555,38.88888888888889,27.77777777777778,11.11111111111111,22.22222222222222,22.22222222222222,11.11111111111111,16.666666666666664,22.22222222222222,33.33333333333333,27.777777777777786,27.77777777777778,94.44444444444444,44.44444444444444,61.111111111111114,5.555555555555557,2.7777777777777857,16.666666666666657,72.22222222222221,11.76470588235294,33.33333333333333,22.22222222222222,22.22222222222222,16.666666666666664,94.44444444444444,97.22222222222221,83.33333333333334,72.22222222222221,100.0,27.777777777777786,33.33333333333333,72.22222222222221,44.44444444444444,72.22222222222223,73.33333333333333,41.666666666666664,24.444444444444446,22.22222222222222,56.94444444444445,22.603485838779953,79.16666666666667,59.11111111111111,28.634967320261435,70.22190499347441,39.166666666666664,54.69428583007054,28.260291736178804,50.62440497655373,50.0,50.0,50.0,50.03898635477583,Mixed / Divergent,0.25,37.81220248827687,"[""Working Capital Absorption"", ""Leverage-Funded Growth"", ""Margin Compression"", ""High Leverage Stress""]",Working Capital Absorption,4,11.11111111111111,-1.017566968426051,True
VRE,2026Q1,2026,1,8105,2293.618,-1039.842,1253.776,1919.582,1606.257,-194.8,3788.657,8182.621,60962.946,3277.884,222.141,152.929,20.029,6368.966,10988.486,3256.31,49974.46,264.156,-262.982,-514.382,330.578,-377.094,-5.884,Vincom Retail Joint Stock Company,Real Estate,Real Estate,real-estate-holding-development-160,70896334392000.0,2272318410.0,HOSE,6388.995000000001,2600.3380000000006,8999.574,-0.008090554705521662,0.07609654390679657,0.02083463306857694,-4215.975,0.056267697669352926,-0.11906750293799871,-0.02490938395676688,4783.599,0.0357624953944118,0.042883997937149636,0.01727016145839098,8087.474,-0.41677796885159235,0.3595139245957045,0.6885521122784805,6874.784,-0.3958798527326045,0.36424301722951813,0.6405249844890945,-674.7090000000001,-0.05080887469589662,-0.31160786426070564,-0.1751175188927187,-3677.574,0.8863788759120556,-2.7257508842617812,-4.832910115513878,-3031.4399999999996,0.7145858186801907,-2.0400468079573524,0.222164803229331,1365.397,-0.04792926674730733,-0.04588485205324474,-0.02033944516392881,2746.2299999999987,-1.0955524940205892,-2.2631879543094495,19.042402259507806,1803.8430000000003,0.00016992353440942155,-0.10001869508319314,2.694696092989912,-0.14566308657545848,0.29919469384032016,0.0278316232578308,-0.36680090882168515,-0.005160042284529671,0.08965909510544726,0.1358922423576662,0.2670829350204662,-0.059354330575292796,-0.18900891889030466,-0.7680036165761764,-0.6617991790952356,-0.028944051197517758,-0.9900567533058106,-0.0018006552824210151,1.4984106822239232,-0.0018881185849701527,0.4000088527785127,0.3223420311788066,0.5784678832644062,-0.14890155996315058,-0.14464970058225537,-0.37062234228738833,-0.620823561289911,0.03320894514108779,0.15949918281976502,-0.03270386360390639,0.2474546175787227,-777.364,-6709.013999999999,-45.23038953315493,-0.4817496049375351,0.5315361593782105,0.8986507583581178,0.7639010468717741,-0.4086386755639767,-0.7454812861142093,0.11760839249748814,0.1477264787640705,-0.53493666128274,-0.9758872424209982,0.173094620460107,0.3642265733911405,0.024683501685746456,0.03627369706888679,0.24624830195188926,-0.2098435519588816,0.1278452033298609,0.18024860543976992,0.81975139456023,0.27508446904649403,11.986610523944396,189.15857007339358,2.5128507420976507,2.4446321142643055,0.3791742197099358,-0.8636696311711991,0.3368426105502326,2.2201894394084647,0.08965909510544726,0.2474546175787227,-0.0018624802158501153,0.35536055695152247,0.2885552568002464,-0.3371216276126505,-0.23189038476757384,False,True,44.44444444444444,22.22222222222222,72.22222222222221,55.55555555555556,44.44444444444444,50.0,61.111111111111114,94.44444444444444,94.44444444444444,94.44444444444444,77.77777777777779,38.88888888888889,44.44444444444444,27.77777777777778,22.22222222222222,11.111111111111114,88.88888888888889,27.77777777777778,11.11111111111111,0.0,94.44444444444444,88.88888888888889,100.0,77.77777777777779,100.0,66.66666666666666,94.44444444444444,61.111111111111114,100.0,5.555555555555555,11.11111111111111,0.0,77.77777777777779,41.17647058823529,22.222222222222214,22.22222222222222,44.44444444444444,83.33333333333334,2.7777777777777857,20.0,48.148148148148145,84.44444444444444,28.888888888888893,31.944444444444443,87.03703703703702,26.307189542483666,34.55555555555556,62.47706971677559,47.60385050345851,73.33333333333333,60.468591918395916,62.391109437109236,50.62440497655373,50.0,50.0,50.0,50.03898635477583,Mixed / Divergent,0.25,37.81220248827687,"[""Accounting Profit Risk"", ""Working Capital Absorption"", ""Leverage-Funded Growth""]",Accounting Profit Risk,3,77.77777777777779,-0.23008670783371443,False
VSC,2026Q1,2026,1,8105,860.569,-529.054,331.515,93.267,69.645,-120.861,1112.835,3771.658,14121.256,1608.248,54.37,95.631,2528.482,3363.261,7351.806,3426.885,6769.45,4836.647,970.265,-1405.276,83.287,-1289.543,518.23,Viet Nam Container Shipping Joint Stock Company,Industrial Goods & Services,Non-financial,transportation-services-47,7431251685700.0,374370362.0,HOSE,5891.743,4778.908,3383.9519999999998,-0.013458533615954907,0.26159459808129837,0.1735070777282605,-2139.256,0.00412052488221036,-0.1637177095797845,-0.06089997589828465,1244.695,-0.028003377645382386,0.4571767653458165,0.43535292964470634,617.169,-0.5583572463562235,-0.24547977121777195,0.06003259952904157,483.984,-0.5425315291644772,-0.3737298347211482,0.017230435531940785,-359.599,-0.19423145330224115,-2.3783647798742145,-1.4747534530339215,1532.757,-0.6107805209142315,13.919579290514045,28.1885942350331,-2321.9440000000004,-0.5279140187119117,-8.202192376449633,-13.16640126902781,382.23400000000004,-0.373970234515935,0.00557802595834595,0.2791960054617011,-5115.867,0.6597541498979033,-61.25465868494738,-3.151205674219255,3811.722,-0.6342257886241065,0.7733331052064263,1.3635112234666904,0.215145380452586,0.25968391168906446,-0.0575197477762121,0.7268310326671702,0.08935856912981491,0.7195261495111901,-0.015397952368037352,3.7841030446358186,0.09725333494783144,0.18890905512671918,-0.3543244885558032,0.06532467387792847,0.062170051758316636,6.3663629980742735,0.12369885069529941,0.8980028216704289,0.0964413603463209,1.7853688009012663,0.07205448537477771,2.8795411353741573,0.11792300482276676,1.380854856965204,0.11406532731603007,3.3436793352058976,0.059945658105148604,0.3210203711256515,0.37613549422575554,0.3138392658261683,-435.0110000000001,-789.1870000000004,-3.961461255959306,-2.582653895042672,0.36782288874073865,0.18238113306571724,0.14302330529511056,0.45294880069220844,-0.23321459642453568,0.043341428329064194,0.08138384006537826,3.1669579986115246,-1.6306055572085036,-0.07426910184193249,0.4752573322553039,0.016067012770866727,0.044702924755148525,3.610595966907558,0.015401977398458694,0.8703429377571296,0.5206198372156131,0.4793801627843869,4.781762712339267,1.7162700674918452,0.44011980310716076,1.1006082783635867,1.0847425577455911,1.6118617231730057,-1.534786052562963,0.6861633971167441,6.074666303887148,0.7195261495111901,0.3138392658261683,0.06710049888603159,-0.019523554197492965,-0.021972604364369874,0.4724988597671986,-0.1568245828894792,False,True,20.0,100.0,40.0,40.0,40.0,20.0,80.0,80.0,80.0,20.0,0.0,100.0,20.0,100.0,0.0,80.0,100.0,40.0,100.0,0.0,40.0,0.0,60.0,0.0,60.0,20.0,40.0,80.0,60.0,60.0,100.0,40.0,100.0,0.0,100.0,0.0,100.0,60.0,0.0,0.0,43.333333333333336,52.0,60.0,60.0,40.0,66.66666666666667,32.0,43.43333333333334,46.01659843629162,85.0,65.50829921814581,43.603435610211875,50.78749263884975,50.0,50.0,50.0,50.0,Mixed / Divergent,0.25,37.89374631942488,"[""Healthy Growth"", ""Margin Compression""]",Healthy Growth,2,40.0,-1.3759914731227936,False
VTP,2026Q1,2026,1,8105,4758.284,-4501.923,256.36,50.975,38.995,-31.918,291.801,5103.418,6938.304,2146.141,335.967,785.763,1221.466,450.204,5183.474,4695.672,1754.83,1042.653,-81.221,-68.403,49.519,201.857,-179.159,Viettel Post Joint Stock Corporation,Industrial Goods & Services,Non-financial,delivery-services-30,11292454310700.0,172931919.0,HOSE,1671.6699999999998,1379.869,20563.485,-0.19290969897396423,-0.0562081946308633,-0.025531717879343847,-19434.358,0.18595923831821592,0.05758047336980835,0.02823156804153811,1129.126,-0.298147631015545,-0.031445162704064784,0.02340517518759588,481.933,-0.7443824309619445,-0.4290306682497368,-0.036846733417271245,374.576,-0.7455697358805721,-0.4376261897894434,-0.04922468519096687,-88.613,-0.38430845296439264,-0.8508553203827195,-0.4335657547765033,532.171,-0.36217421930030536,-1.559515854591046,1.1911131972150506,-358.9090000000001,0.23237571540792273,0.7148021213788962,0.20414525925055368,198.875,-0.029819164985012022,0.23977267037203942,0.35821313445883185,-729.1220000000001,1.421605239963073,2.4352642543781684,-33.499952682880576,-80.24599999999992,-1.6056454202795667,-2.039705890887144,0.8224759915846108,-0.16584671413910707,-0.484853727559525,-0.10437549478630596,0.014968717141264281,-0.07845781665434545,0.03314865133698885,-0.19396489883910029,0.01967714562370587,1.2004217889352449,-0.4014878762668415,-0.08350226394231555,0.6141856996709026,-0.10435523513987567,-0.17107145474731744,-0.07564377902703233,2.0670145583115906,-0.0967998141374412,0.031680446721885545,-0.08070816175476177,0.3093053001535258,-0.10021410272834295,0.021491935523602266,-0.10350847449860949,-0.041613337037068154,-0.007577077164257176,0.06918836780962095,-0.018476296268403768,0.3389180817949272,-149.62400000000002,173.26199999999994,-0.5802959411075089,1.8326061048746731,0.054909272431205115,0.023436348459417264,0.018215589429515473,0.02587941684009301,0.008425711886871313,0.05486688435147758,0.2205916605002852,1.4207290376318824,0.4625549955149287,-0.022713764055308044,0.10436659933858487,0.016338038031977555,0.04043164173470511,0.045208863503049715,-0.3759561583874977,0.9526107942079859,0.7470808428111538,0.2529191571888461,2.026810789532438,5.438626386647558,0.23889408301172527,1.0868344296620378,1.0152862039767685,0.057212164601229396,-0.39671902135923204,0.0174537049532217,1.8046964173475806,0.03314865133698885,0.3389180817949272,0.0026256357291302435,-0.0002753275684891296,-0.00045392571535383605,0.014369892410910958,0.01828702438502909,False,True,0.0,20.0,0.0,0.0,0.0,0.0,0.0,0.0,0.0,40.0,80.0,60.0,100.0,40.0,80.0,60.0,60.0,0.0,0.0,20.0,20.0,40.0,0.0,60.0,0.0,0.0,20.0,0.0,0.0,80.0,60.0,100.0,40.0,60.0,40.0,80.0,0.0,80.0,80.0,60.0,3.3333333333333335,24.0,68.0,20.0,15.555555555555555,63.333333333333336,60.0,35.06666666666666,43.732519722298235,64.16666666666667,53.94959319448245,34.65883364236203,50.78749263884975,50.0,50.0,50.0,50.0,Mixed / Divergent,0.25,37.89374631942488,[],No Major Flag,0,20.0,-0.5306284753571008,False
