period,period_order,left_core,right_core,correlation,expected_direction,consistency_score,diagnostic_label,severity
2018Q1,8073,balance_sheet_resilience_score,balance_sheet_resilience_score,1.0,1,100.0,Confirmed,Low
2018Q1,8073,balance_sheet_resilience_score,capital_allocation_score,,1,,Insufficient Data,Insufficient Data
2018Q1,8073,balance_sheet_resilience_score,cash_conversion_score,,1,,Insufficient Data,Insufficient Data
2018Q1,8073,balance_sheet_resilience_score,growth_score,,1,,Insufficient Data,Insufficient Data
2018Q1,8073,balance_sheet_resilience_score,profitability_score,,1,,Insufficient Data,Insufficient Data
2018Q1,8073,balance_sheet_resilience_score,working_capital_stress_score,,1,,Insufficient Data,Insufficient Data
2018Q1,8073,capital_allocation_score,balance_sheet_resilience_score,,1,,Insufficient Data,Insufficient Data
2018Q1,8073,capital_allocation_score,capital_allocation_score,,1,,Insufficient Data,Insufficient Data
2018Q1,8073,capital_allocation_score,cash_conversion_score,,1,,Insufficient Data,Insufficient Data
2018Q1,8073,capital_allocation_score,growth_score,,1,,Insufficient Data,Insufficient Data
2018Q1,8073,capital_allocation_score,profitability_score,,1,,Insufficient Data,Insufficient Data
2018Q1,8073,capital_allocation_score,working_capital_stress_score,,1,,Insufficient Data,Insufficient Data
2018Q1,8073,cash_conversion_score,balance_sheet_resilience_score,,1,,Insufficient Data,Insufficient Data
2018Q1,8073,cash_conversion_score,capital_allocation_score,,1,,Insufficient Data,Insufficient Data
2018Q1,8073,cash_conversion_score,cash_conversion_score,,1,,Insufficient Data,Insufficient Data
2018Q1,8073,cash_conversion_score,growth_score,,1,,Insufficient Data,Insufficient Data
2018Q1,8073,cash_conversion_score,profitability_score,,1,,Insufficient Data,Insufficient Data
2018Q1,8073,cash_conversion_score,working_capital_stress_score,,1,,Insufficient Data,Insufficient Data
2018Q1,8073,growth_score,balance_sheet_resilience_score,,1,,Insufficient Data,Insufficient Data
2018Q1,8073,growth_score,capital_allocation_score,,1,,Insufficient Data,Insufficient Data
2018Q1,8073,growth_score,cash_conversion_score,,1,,Insufficient Data,Insufficient Data
2018Q1,8073,growth_score,growth_score,,1,,Insufficient Data,Insufficient Data
2018Q1,8073,growth_score,profitability_score,,1,,Insufficient Data,Insufficient Data
2018Q1,8073,growth_score,working_capital_stress_score,,-1,,Insufficient Data,Insufficient Data
2018Q1,8073,profitability_score,balance_sheet_resilience_score,,1,,Insufficient Data,Insufficient Data
2018Q1,8073,profitability_score,capital_allocation_score,,1,,Insufficient Data,Insufficient Data
2018Q1,8073,profitability_score,cash_conversion_score,,1,,Insufficient Data,Insufficient Data
2018Q1,8073,profitability_score,growth_score,,1,,Insufficient Data,Insufficient Data
2018Q1,8073,profitability_score,profitability_score,,1,,Insufficient Data,Insufficient Data
2018Q1,8073,profitability_score,working_capital_stress_score,,1,,Insufficient Data,Insufficient Data
2018Q1,8073,working_capital_stress_score,balance_sheet_resilience_score,,1,,Insufficient Data,Insufficient Data
2018Q1,8073,working_capital_stress_score,capital_allocation_score,,1,,Insufficient Data,Insufficient Data
2018Q1,8073,working_capital_stress_score,cash_conversion_score,,1,,Insufficient Data,Insufficient Data
2018Q1,8073,working_capital_stress_score,growth_score,,-1,,Insufficient Data,Insufficient Data
2018Q1,8073,working_capital_stress_score,profitability_score,,1,,Insufficient Data,Insufficient Data
2018Q1,8073,working_capital_stress_score,working_capital_stress_score,,1,,Insufficient Data,Insufficient Data
2018Q2,8074,balance_sheet_resilience_score,balance_sheet_resilience_score,1.0,1,100.0,Confirmed,Low
2018Q2,8074,balance_sheet_resilience_score,capital_allocation_score,,1,,Insufficient Data,Insufficient Data
2018Q2,8074,balance_sheet_resilience_score,cash_conversion_score,,1,,Insufficient Data,Insufficient Data
2018Q2,8074,balance_sheet_resilience_score,growth_score,,1,,Insufficient Data,Insufficient Data
2018Q2,8074,balance_sheet_resilience_score,profitability_score,,1,,Insufficient Data,Insufficient Data
2018Q2,8074,balance_sheet_resilience_score,working_capital_stress_score,,1,,Insufficient Data,Insufficient Data
2018Q2,8074,capital_allocation_score,balance_sheet_resilience_score,,1,,Insufficient Data,Insufficient Data
2018Q2,8074,capital_allocation_score,capital_allocation_score,,1,,Insufficient Data,Insufficient Data
2018Q2,8074,capital_allocation_score,cash_conversion_score,,1,,Insufficient Data,Insufficient Data
2018Q2,8074,capital_allocation_score,growth_score,,1,,Insufficient Data,Insufficient Data
2018Q2,8074,capital_allocation_score,profitability_score,,1,,Insufficient Data,Insufficient Data
2018Q2,8074,capital_allocation_score,working_capital_stress_score,,1,,Insufficient Data,Insufficient Data
2018Q2,8074,cash_conversion_score,balance_sheet_resilience_score,,1,,Insufficient Data,Insufficient Data
2018Q2,8074,cash_conversion_score,capital_allocation_score,,1,,Insufficient Data,Insufficient Data
2018Q2,8074,cash_conversion_score,cash_conversion_score,,1,,Insufficient Data,Insufficient Data
2018Q2,8074,cash_conversion_score,growth_score,,1,,Insufficient Data,Insufficient Data
2018Q2,8074,cash_conversion_score,profitability_score,,1,,Insufficient Data,Insufficient Data
2018Q2,8074,cash_conversion_score,working_capital_stress_score,,1,,Insufficient Data,Insufficient Data
2018Q2,8074,growth_score,balance_sheet_resilience_score,,1,,Insufficient Data,Insufficient Data
2018Q2,8074,growth_score,capital_allocation_score,,1,,Insufficient Data,Insufficient Data
2018Q2,8074,growth_score,cash_conversion_score,,1,,Insufficient Data,Insufficient Data
2018Q2,8074,growth_score,growth_score,,1,,Insufficient Data,Insufficient Data
2018Q2,8074,growth_score,profitability_score,,1,,Insufficient Data,Insufficient Data
2018Q2,8074,growth_score,working_capital_stress_score,,-1,,Insufficient Data,Insufficient Data
2018Q2,8074,profitability_score,balance_sheet_resilience_score,,1,,Insufficient Data,Insufficient Data
2018Q2,8074,profitability_score,capital_allocation_score,,1,,Insufficient Data,Insufficient Data
2018Q2,8074,profitability_score,cash_conversion_score,,1,,Insufficient Data,Insufficient Data
2018Q2,8074,profitability_score,growth_score,,1,,Insufficient Data,Insufficient Data
2018Q2,8074,profitability_score,profitability_score,,1,,Insufficient Data,Insufficient Data
2018Q2,8074,profitability_score,working_capital_stress_score,,1,,Insufficient Data,Insufficient Data
2018Q2,8074,working_capital_stress_score,balance_sheet_resilience_score,,1,,Insufficient Data,Insufficient Data
2018Q2,8074,working_capital_stress_score,capital_allocation_score,,1,,Insufficient Data,Insufficient Data
2018Q2,8074,working_capital_stress_score,cash_conversion_score,,1,,Insufficient Data,Insufficient Data
2018Q2,8074,working_capital_stress_score,growth_score,,-1,,Insufficient Data,Insufficient Data
2018Q2,8074,working_capital_stress_score,profitability_score,,1,,Insufficient Data,Insufficient Data
2018Q2,8074,working_capital_stress_score,working_capital_stress_score,,1,,Insufficient Data,Insufficient Data
2018Q3,8075,balance_sheet_resilience_score,balance_sheet_resilience_score,1.0,1,100.0,Confirmed,Low
2018Q3,8075,balance_sheet_resilience_score,capital_allocation_score,,1,,Insufficient Data,Insufficient Data
2018Q3,8075,balance_sheet_resilience_score,cash_conversion_score,,1,,Insufficient Data,Insufficient Data
2018Q3,8075,balance_sheet_resilience_score,growth_score,,1,,Insufficient Data,Insufficient Data
2018Q3,8075,balance_sheet_resilience_score,profitability_score,,1,,Insufficient Data,Insufficient Data
2018Q3,8075,balance_sheet_resilience_score,working_capital_stress_score,,1,,Insufficient Data,Insufficient Data
2018Q3,8075,capital_allocation_score,balance_sheet_resilience_score,,1,,Insufficient Data,Insufficient Data
2018Q3,8075,capital_allocation_score,capital_allocation_score,,1,,Insufficient Data,Insufficient Data
2018Q3,8075,capital_allocation_score,cash_conversion_score,,1,,Insufficient Data,Insufficient Data
2018Q3,8075,capital_allocation_score,growth_score,,1,,Insufficient Data,Insufficient Data
2018Q3,8075,capital_allocation_score,profitability_score,,1,,Insufficient Data,Insufficient Data
2018Q3,8075,capital_allocation_score,working_capital_stress_score,,1,,Insufficient Data,Insufficient Data
2018Q3,8075,cash_conversion_score,balance_sheet_resilience_score,,1,,Insufficient Data,Insufficient Data
2018Q3,8075,cash_conversion_score,capital_allocation_score,,1,,Insufficient Data,Insufficient Data
2018Q3,8075,cash_conversion_score,cash_conversion_score,,1,,Insufficient Data,Insufficient Data
2018Q3,8075,cash_conversion_score,growth_score,,1,,Insufficient Data,Insufficient Data
2018Q3,8075,cash_conversion_score,profitability_score,,1,,Insufficient Data,Insufficient Data
2018Q3,8075,cash_conversion_score,working_capital_stress_score,,1,,Insufficient Data,Insufficient Data
2018Q3,8075,growth_score,balance_sheet_resilience_score,,1,,Insufficient Data,Insufficient Data
2018Q3,8075,growth_score,capital_allocation_score,,1,,Insufficient Data,Insufficient Data
2018Q3,8075,growth_score,cash_conversion_score,,1,,Insufficient Data,Insufficient Data
2018Q3,8075,growth_score,growth_score,,1,,Insufficient Data,Insufficient Data
2018Q3,8075,growth_score,profitability_score,,1,,Insufficient Data,Insufficient Data
2018Q3,8075,growth_score,working_capital_stress_score,,-1,,Insufficient Data,Insufficient Data
2018Q3,8075,profitability_score,balance_sheet_resilience_score,,1,,Insufficient Data,Insufficient Data
2018Q3,8075,profitability_score,capital_allocation_score,,1,,Insufficient Data,Insufficient Data
2018Q3,8075,profitability_score,cash_conversion_score,,1,,Insufficient Data,Insufficient Data
2018Q3,8075,profitability_score,growth_score,,1,,Insufficient Data,Insufficient Data
2018Q3,8075,profitability_score,profitability_score,,1,,Insufficient Data,Insufficient Data
2018Q3,8075,profitability_score,working_capital_stress_score,,1,,Insufficient Data,Insufficient Data
2018Q3,8075,working_capital_stress_score,balance_sheet_resilience_score,,1,,Insufficient Data,Insufficient Data
2018Q3,8075,working_capital_stress_score,capital_allocation_score,,1,,Insufficient Data,Insufficient Data
2018Q3,8075,working_capital_stress_score,cash_conversion_score,,1,,Insufficient Data,Insufficient Data
2018Q3,8075,working_capital_stress_score,growth_score,,-1,,Insufficient Data,Insufficient Data
2018Q3,8075,working_capital_stress_score,profitability_score,,1,,Insufficient Data,Insufficient Data
2018Q3,8075,working_capital_stress_score,working_capital_stress_score,,1,,Insufficient Data,Insufficient Data
2018Q4,8076,balance_sheet_resilience_score,balance_sheet_resilience_score,1.0,1,100.0,Confirmed,Low
2018Q4,8076,balance_sheet_resilience_score,capital_allocation_score,0.11918666313974867,1,55.959333156987434,Balance Sheet Drag,Medium
2018Q4,8076,balance_sheet_resilience_score,cash_conversion_score,-0.0002835499878343472,1,49.985822500608286,Balance Sheet Drag,Medium
2018Q4,8076,balance_sheet_resilience_score,growth_score,,1,,Insufficient Data,Insufficient Data
2018Q4,8076,balance_sheet_resilience_score,profitability_score,0.175527977028111,1,58.77639885140555,Balance Sheet Drag,Medium
2018Q4,8076,balance_sheet_resilience_score,working_capital_stress_score,-0.2352299253536426,1,38.23850373231787,Balance Sheet Drag,High
2018Q4,8076,capital_allocation_score,balance_sheet_resilience_score,0.11918666313974867,1,55.959333156987434,Balance Sheet Drag,Medium
2018Q4,8076,capital_allocation_score,capital_allocation_score,1.0,1,100.0,Confirmed,Low
2018Q4,8076,capital_allocation_score,cash_conversion_score,0.5178368479732443,1,75.8918423986622,Confirmed,Low
2018Q4,8076,capital_allocation_score,growth_score,,1,,Insufficient Data,Insufficient Data
2018Q4,8076,capital_allocation_score,profitability_score,-0.1965094893774069,1,40.17452553112966,Divergence,High
2018Q4,8076,capital_allocation_score,working_capital_stress_score,-0.3537313835593559,1,32.31343082203221,Divergence,High
2018Q4,8076,cash_conversion_score,balance_sheet_resilience_score,-0.0002835499878343472,1,49.985822500608286,Balance Sheet Drag,Medium
2018Q4,8076,cash_conversion_score,capital_allocation_score,0.5178368479732443,1,75.8918423986622,Confirmed,Low
2018Q4,8076,cash_conversion_score,cash_conversion_score,1.0,1,100.0,Confirmed,Low
2018Q4,8076,cash_conversion_score,growth_score,,1,,Insufficient Data,Insufficient Data
2018Q4,8076,cash_conversion_score,profitability_score,-0.08364610699589008,1,45.817694650205496,Earnings Quality Divergence,Medium
2018Q4,8076,cash_conversion_score,working_capital_stress_score,-0.2189678925384854,1,39.05160537307573,Divergence,High
2018Q4,8076,growth_score,balance_sheet_resilience_score,,1,,Insufficient Data,Insufficient Data
2018Q4,8076,growth_score,capital_allocation_score,,1,,Insufficient Data,Insufficient Data
2018Q4,8076,growth_score,cash_conversion_score,,1,,Insufficient Data,Insufficient Data
2018Q4,8076,growth_score,growth_score,,1,,Insufficient Data,Insufficient Data
2018Q4,8076,growth_score,profitability_score,,1,,Insufficient Data,Insufficient Data
2018Q4,8076,growth_score,working_capital_stress_score,,-1,,Insufficient Data,Insufficient Data
2018Q4,8076,profitability_score,balance_sheet_resilience_score,0.175527977028111,1,58.77639885140555,Balance Sheet Drag,Medium
2018Q4,8076,profitability_score,capital_allocation_score,-0.1965094893774069,1,40.17452553112966,Divergence,High
2018Q4,8076,profitability_score,cash_conversion_score,-0.08364610699589008,1,45.817694650205496,Earnings Quality Divergence,Medium
2018Q4,8076,profitability_score,growth_score,,1,,Insufficient Data,Insufficient Data
2018Q4,8076,profitability_score,profitability_score,1.0,1,100.0,Confirmed,Low
2018Q4,8076,profitability_score,working_capital_stress_score,0.02472267854688928,1,51.23613392734446,Divergence,Medium
2018Q4,8076,working_capital_stress_score,balance_sheet_resilience_score,-0.2352299253536426,1,38.23850373231787,Balance Sheet Drag,High
2018Q4,8076,working_capital_stress_score,capital_allocation_score,-0.3537313835593559,1,32.31343082203221,Divergence,High
2018Q4,8076,working_capital_stress_score,cash_conversion_score,-0.2189678925384854,1,39.05160537307573,Divergence,High
2018Q4,8076,working_capital_stress_score,growth_score,,-1,,Insufficient Data,Insufficient Data
2018Q4,8076,working_capital_stress_score,profitability_score,0.02472267854688928,1,51.23613392734446,Divergence,Medium
2018Q4,8076,working_capital_stress_score,working_capital_stress_score,1.0,1,100.0,Confirmed,Low
2019Q1,8077,balance_sheet_resilience_score,balance_sheet_resilience_score,1.0,1,100.0,Confirmed,Low
2019Q1,8077,balance_sheet_resilience_score,capital_allocation_score,0.20284951471358567,1,60.14247573567928,Balance Sheet Drag,Medium
2019Q1,8077,balance_sheet_resilience_score,cash_conversion_score,-0.12739943693656292,1,43.63002815317185,Balance Sheet Drag,High
2019Q1,8077,balance_sheet_resilience_score,growth_score,0.15472592838420582,1,57.736296419210284,Balance Sheet Drag,Medium
2019Q1,8077,balance_sheet_resilience_score,profitability_score,0.4510745393312496,1,72.55372696656248,Confirmed,Low
2019Q1,8077,balance_sheet_resilience_score,working_capital_stress_score,-0.33928619759376594,1,33.0356901203117,Balance Sheet Drag,High
2019Q1,8077,capital_allocation_score,balance_sheet_resilience_score,0.20284951471358567,1,60.14247573567928,Balance Sheet Drag,Medium
2019Q1,8077,capital_allocation_score,capital_allocation_score,1.0,1,100.0,Confirmed,Low
2019Q1,8077,capital_allocation_score,cash_conversion_score,0.39935820938628136,1,69.96791046931406,Divergence,Medium
2019Q1,8077,capital_allocation_score,growth_score,0.09258165523264499,1,54.629082761632255,Divergence,Medium
2019Q1,8077,capital_allocation_score,profitability_score,-0.11007699783598021,1,44.496150108200986,Divergence,High
2019Q1,8077,capital_allocation_score,working_capital_stress_score,-0.20937936231605767,1,39.53103188419711,Divergence,High
2019Q1,8077,cash_conversion_score,balance_sheet_resilience_score,-0.12739943693656292,1,43.63002815317185,Balance Sheet Drag,High
2019Q1,8077,cash_conversion_score,capital_allocation_score,0.39935820938628136,1,69.96791046931406,Divergence,Medium
2019Q1,8077,cash_conversion_score,cash_conversion_score,1.0,1,100.0,Confirmed,Low
2019Q1,8077,cash_conversion_score,growth_score,0.03381142046178662,1,51.690571023089326,Divergence,Medium
2019Q1,8077,cash_conversion_score,profitability_score,-0.04085575289750813,1,47.9572123551246,Earnings Quality Divergence,Medium
2019Q1,8077,cash_conversion_score,working_capital_stress_score,-0.10862269625780818,1,44.568865187109594,Divergence,High
2019Q1,8077,growth_score,balance_sheet_resilience_score,0.15472592838420582,1,57.736296419210284,Balance Sheet Drag,Medium
2019Q1,8077,growth_score,capital_allocation_score,0.09258165523264499,1,54.629082761632255,Divergence,Medium
2019Q1,8077,growth_score,cash_conversion_score,0.03381142046178662,1,51.690571023089326,Divergence,Medium
2019Q1,8077,growth_score,growth_score,1.0,1,100.0,Confirmed,Low
2019Q1,8077,growth_score,profitability_score,0.294763286898489,1,64.73816434492446,Divergence,Medium
2019Q1,8077,growth_score,working_capital_stress_score,-0.03932258210180043,-1,51.96612910509002,Working Capital Absorption,Medium
2019Q1,8077,profitability_score,balance_sheet_resilience_score,0.4510745393312496,1,72.55372696656248,Confirmed,Low
2019Q1,8077,profitability_score,capital_allocation_score,-0.11007699783598021,1,44.496150108200986,Divergence,High
2019Q1,8077,profitability_score,cash_conversion_score,-0.04085575289750813,1,47.9572123551246,Earnings Quality Divergence,Medium
2019Q1,8077,profitability_score,growth_score,0.294763286898489,1,64.73816434492446,Divergence,Medium
2019Q1,8077,profitability_score,profitability_score,1.0,1,100.0,Confirmed,Low
2019Q1,8077,profitability_score,working_capital_stress_score,-0.045725725453291545,1,47.713713727335424,Divergence,Medium
2019Q1,8077,working_capital_stress_score,balance_sheet_resilience_score,-0.33928619759376594,1,33.0356901203117,Balance Sheet Drag,High
2019Q1,8077,working_capital_stress_score,capital_allocation_score,-0.20937936231605767,1,39.53103188419711,Divergence,High
2019Q1,8077,working_capital_stress_score,cash_conversion_score,-0.10862269625780818,1,44.568865187109594,Divergence,High
2019Q1,8077,working_capital_stress_score,growth_score,-0.03932258210180043,-1,51.96612910509002,Working Capital Absorption,Medium
2019Q1,8077,working_capital_stress_score,profitability_score,-0.045725725453291545,1,47.713713727335424,Divergence,Medium
2019Q1,8077,working_capital_stress_score,working_capital_stress_score,1.0,1,100.0,Confirmed,Low
2019Q2,8078,balance_sheet_resilience_score,balance_sheet_resilience_score,1.0,1,100.0,Confirmed,Low
2019Q2,8078,balance_sheet_resilience_score,capital_allocation_score,0.31625214869983787,1,65.81260743499189,Balance Sheet Drag,Medium
2019Q2,8078,balance_sheet_resilience_score,cash_conversion_score,-0.015052726774016645,1,49.24736366129917,Balance Sheet Drag,Medium
2019Q2,8078,balance_sheet_resilience_score,growth_score,-0.18517996953733237,1,40.74100152313338,Balance Sheet Drag,High
2019Q2,8078,balance_sheet_resilience_score,profitability_score,0.4116850963067157,1,70.58425481533578,Confirmed,Low
2019Q2,8078,balance_sheet_resilience_score,working_capital_stress_score,-0.3411222635101866,1,32.94388682449067,Balance Sheet Drag,High
2019Q2,8078,capital_allocation_score,balance_sheet_resilience_score,0.31625214869983787,1,65.81260743499189,Balance Sheet Drag,Medium
2019Q2,8078,capital_allocation_score,capital_allocation_score,1.0,1,100.0,Confirmed,Low
2019Q2,8078,capital_allocation_score,cash_conversion_score,0.25940565353588857,1,62.97028267679443,Divergence,Medium
2019Q2,8078,capital_allocation_score,growth_score,0.14833100584220657,1,57.41655029211032,Divergence,Medium
2019Q2,8078,capital_allocation_score,profitability_score,0.10461468189087239,1,55.23073409454362,Divergence,Medium
2019Q2,8078,capital_allocation_score,working_capital_stress_score,-0.2422440058221746,1,37.887799708891265,Divergence,High
2019Q2,8078,cash_conversion_score,balance_sheet_resilience_score,-0.015052726774016645,1,49.24736366129917,Balance Sheet Drag,Medium
2019Q2,8078,cash_conversion_score,capital_allocation_score,0.25940565353588857,1,62.97028267679443,Divergence,Medium
2019Q2,8078,cash_conversion_score,cash_conversion_score,1.0,1,100.0,Confirmed,Low
2019Q2,8078,cash_conversion_score,growth_score,-0.0027064354794101306,1,49.86467822602949,Divergence,Medium
2019Q2,8078,cash_conversion_score,profitability_score,-0.033002843898968674,1,48.34985780505156,Earnings Quality Divergence,Medium
2019Q2,8078,cash_conversion_score,working_capital_stress_score,-0.19748905603502617,1,40.12554719824869,Divergence,High
2019Q2,8078,growth_score,balance_sheet_resilience_score,-0.18517996953733237,1,40.74100152313338,Balance Sheet Drag,High
2019Q2,8078,growth_score,capital_allocation_score,0.14833100584220657,1,57.41655029211032,Divergence,Medium
2019Q2,8078,growth_score,cash_conversion_score,-0.0027064354794101306,1,49.86467822602949,Divergence,Medium
2019Q2,8078,growth_score,growth_score,1.0,1,100.0,Confirmed,Low
2019Q2,8078,growth_score,profitability_score,0.2152743938811644,1,60.76371969405822,Divergence,Medium
2019Q2,8078,growth_score,working_capital_stress_score,0.1866006245148385,-1,40.66996877425807,Working Capital Absorption,High
2019Q2,8078,profitability_score,balance_sheet_resilience_score,0.4116850963067157,1,70.58425481533578,Confirmed,Low
2019Q2,8078,profitability_score,capital_allocation_score,0.10461468189087239,1,55.23073409454362,Divergence,Medium
2019Q2,8078,profitability_score,cash_conversion_score,-0.033002843898968674,1,48.34985780505156,Earnings Quality Divergence,Medium
2019Q2,8078,profitability_score,growth_score,0.2152743938811644,1,60.76371969405822,Divergence,Medium
2019Q2,8078,profitability_score,profitability_score,1.0,1,100.0,Confirmed,Low
2019Q2,8078,profitability_score,working_capital_stress_score,-0.08388246519433744,1,45.80587674028313,Divergence,Medium
2019Q2,8078,working_capital_stress_score,balance_sheet_resilience_score,-0.3411222635101866,1,32.94388682449067,Balance Sheet Drag,High
2019Q2,8078,working_capital_stress_score,capital_allocation_score,-0.2422440058221746,1,37.887799708891265,Divergence,High
2019Q2,8078,working_capital_stress_score,cash_conversion_score,-0.19748905603502617,1,40.12554719824869,Divergence,High
2019Q2,8078,working_capital_stress_score,growth_score,0.1866006245148385,-1,40.66996877425807,Working Capital Absorption,High
2019Q2,8078,working_capital_stress_score,profitability_score,-0.08388246519433744,1,45.80587674028313,Divergence,Medium
2019Q2,8078,working_capital_stress_score,working_capital_stress_score,1.0,1,100.0,Confirmed,Low
2019Q3,8079,balance_sheet_resilience_score,balance_sheet_resilience_score,1.0,1,100.0,Confirmed,Low
2019Q3,8079,balance_sheet_resilience_score,capital_allocation_score,0.25885367435391893,1,62.94268371769595,Balance Sheet Drag,Medium
2019Q3,8079,balance_sheet_resilience_score,cash_conversion_score,0.027489549557591433,1,51.37447747787958,Balance Sheet Drag,Medium
2019Q3,8079,balance_sheet_resilience_score,growth_score,0.047985234118979064,1,52.39926170594895,Balance Sheet Drag,Medium
2019Q3,8079,balance_sheet_resilience_score,profitability_score,0.42080595098835416,1,71.0402975494177,Confirmed,Low
2019Q3,8079,balance_sheet_resilience_score,working_capital_stress_score,-0.25614003775306127,1,37.192998112346935,Balance Sheet Drag,High
2019Q3,8079,capital_allocation_score,balance_sheet_resilience_score,0.25885367435391893,1,62.94268371769595,Balance Sheet Drag,Medium
2019Q3,8079,capital_allocation_score,capital_allocation_score,1.0,1,100.0,Confirmed,Low
2019Q3,8079,capital_allocation_score,cash_conversion_score,0.18120382928912768,1,59.06019146445638,Divergence,Medium
2019Q3,8079,capital_allocation_score,growth_score,0.2535234052658232,1,62.676170263291155,Divergence,Medium
2019Q3,8079,capital_allocation_score,profitability_score,0.0438247225542349,1,52.19123612771175,Divergence,Medium
2019Q3,8079,capital_allocation_score,working_capital_stress_score,-0.20576140243233484,1,39.71192987838326,Divergence,High
2019Q3,8079,cash_conversion_score,balance_sheet_resilience_score,0.027489549557591433,1,51.37447747787958,Balance Sheet Drag,Medium
2019Q3,8079,cash_conversion_score,capital_allocation_score,0.18120382928912768,1,59.06019146445638,Divergence,Medium
2019Q3,8079,cash_conversion_score,cash_conversion_score,1.0,1,100.0,Confirmed,Low
2019Q3,8079,cash_conversion_score,growth_score,0.09053775098162072,1,54.52688754908104,Divergence,Medium
2019Q3,8079,cash_conversion_score,profitability_score,-0.035578672562915255,1,48.221066371854235,Earnings Quality Divergence,Medium
2019Q3,8079,cash_conversion_score,working_capital_stress_score,-0.2162288278715135,1,39.18855860642432,Divergence,High
2019Q3,8079,growth_score,balance_sheet_resilience_score,0.047985234118979064,1,52.39926170594895,Balance Sheet Drag,Medium
2019Q3,8079,growth_score,capital_allocation_score,0.2535234052658232,1,62.676170263291155,Divergence,Medium
2019Q3,8079,growth_score,cash_conversion_score,0.09053775098162072,1,54.52688754908104,Divergence,Medium
2019Q3,8079,growth_score,growth_score,1.0,1,100.0,Confirmed,Low
2019Q3,8079,growth_score,profitability_score,0.011187845275222078,1,50.559392263761104,Divergence,Medium
2019Q3,8079,growth_score,working_capital_stress_score,-0.026771531719198084,-1,51.338576585959906,Working Capital Absorption,Medium
2019Q3,8079,profitability_score,balance_sheet_resilience_score,0.42080595098835416,1,71.0402975494177,Confirmed,Low
2019Q3,8079,profitability_score,capital_allocation_score,0.0438247225542349,1,52.19123612771175,Divergence,Medium
2019Q3,8079,profitability_score,cash_conversion_score,-0.035578672562915255,1,48.221066371854235,Earnings Quality Divergence,Medium
2019Q3,8079,profitability_score,growth_score,0.011187845275222078,1,50.559392263761104,Divergence,Medium
2019Q3,8079,profitability_score,profitability_score,1.0,1,100.0,Confirmed,Low
2019Q3,8079,profitability_score,working_capital_stress_score,-0.07002420600554557,1,46.49878969972272,Divergence,Medium
2019Q3,8079,working_capital_stress_score,balance_sheet_resilience_score,-0.25614003775306127,1,37.192998112346935,Balance Sheet Drag,High
2019Q3,8079,working_capital_stress_score,capital_allocation_score,-0.20576140243233484,1,39.71192987838326,Divergence,High
2019Q3,8079,working_capital_stress_score,cash_conversion_score,-0.2162288278715135,1,39.18855860642432,Divergence,High
2019Q3,8079,working_capital_stress_score,growth_score,-0.026771531719198084,-1,51.338576585959906,Working Capital Absorption,Medium
2019Q3,8079,working_capital_stress_score,profitability_score,-0.07002420600554557,1,46.49878969972272,Divergence,Medium
2019Q3,8079,working_capital_stress_score,working_capital_stress_score,1.0,1,100.0,Confirmed,Low
2019Q4,8080,balance_sheet_resilience_score,balance_sheet_resilience_score,1.0,1,100.0,Confirmed,Low
2019Q4,8080,balance_sheet_resilience_score,capital_allocation_score,0.19814489324638482,1,59.907244662319236,Balance Sheet Drag,Medium
2019Q4,8080,balance_sheet_resilience_score,cash_conversion_score,-0.03965095476217848,1,48.01745226189107,Balance Sheet Drag,Medium
2019Q4,8080,balance_sheet_resilience_score,growth_score,-0.10854892016146585,1,44.5725539919267,Balance Sheet Drag,High
2019Q4,8080,balance_sheet_resilience_score,profitability_score,0.4155907576079625,1,70.77953788039812,Confirmed,Low
2019Q4,8080,balance_sheet_resilience_score,working_capital_stress_score,-0.19246871038315153,1,40.376564480842426,Balance Sheet Drag,High
2019Q4,8080,capital_allocation_score,balance_sheet_resilience_score,0.19814489324638482,1,59.907244662319236,Balance Sheet Drag,Medium
2019Q4,8080,capital_allocation_score,capital_allocation_score,1.0,1,100.0,Confirmed,Low
2019Q4,8080,capital_allocation_score,cash_conversion_score,0.3714423470816286,1,68.57211735408143,Divergence,Medium
2019Q4,8080,capital_allocation_score,growth_score,0.08385909453829676,1,54.192954726914834,Divergence,Medium
2019Q4,8080,capital_allocation_score,profitability_score,0.13595032149801078,1,56.797516074900535,Divergence,Medium
2019Q4,8080,capital_allocation_score,working_capital_stress_score,-0.16638926253514644,1,41.68053687324268,Divergence,High
2019Q4,8080,cash_conversion_score,balance_sheet_resilience_score,-0.03965095476217848,1,48.01745226189107,Balance Sheet Drag,Medium
2019Q4,8080,cash_conversion_score,capital_allocation_score,0.3714423470816286,1,68.57211735408143,Divergence,Medium
2019Q4,8080,cash_conversion_score,cash_conversion_score,1.0,1,100.0,Confirmed,Low
2019Q4,8080,cash_conversion_score,growth_score,0.20398074213776182,1,60.199037106888085,Divergence,Medium
2019Q4,8080,cash_conversion_score,profitability_score,-0.07633399121966618,1,46.18330043901669,Earnings Quality Divergence,Medium
2019Q4,8080,cash_conversion_score,working_capital_stress_score,-0.24933454058184665,1,37.53327297090767,Divergence,High
2019Q4,8080,growth_score,balance_sheet_resilience_score,-0.10854892016146585,1,44.5725539919267,Balance Sheet Drag,High
2019Q4,8080,growth_score,capital_allocation_score,0.08385909453829676,1,54.192954726914834,Divergence,Medium
2019Q4,8080,growth_score,cash_conversion_score,0.20398074213776182,1,60.199037106888085,Divergence,Medium
2019Q4,8080,growth_score,growth_score,1.0,1,100.0,Confirmed,Low
2019Q4,8080,growth_score,profitability_score,0.1408487867918628,1,57.042439339593145,Divergence,Medium
2019Q4,8080,growth_score,working_capital_stress_score,-0.3119296340767123,-1,65.59648170383562,Working Capital Absorption,Medium
2019Q4,8080,profitability_score,balance_sheet_resilience_score,0.4155907576079625,1,70.77953788039812,Confirmed,Low
2019Q4,8080,profitability_score,capital_allocation_score,0.13595032149801078,1,56.797516074900535,Divergence,Medium
2019Q4,8080,profitability_score,cash_conversion_score,-0.07633399121966618,1,46.18330043901669,Earnings Quality Divergence,Medium
2019Q4,8080,profitability_score,growth_score,0.1408487867918628,1,57.042439339593145,Divergence,Medium
2019Q4,8080,profitability_score,profitability_score,1.0,1,100.0,Confirmed,Low
2019Q4,8080,profitability_score,working_capital_stress_score,0.029023890243598853,1,51.451194512179946,Divergence,Medium
2019Q4,8080,working_capital_stress_score,balance_sheet_resilience_score,-0.19246871038315153,1,40.376564480842426,Balance Sheet Drag,High
2019Q4,8080,working_capital_stress_score,capital_allocation_score,-0.16638926253514644,1,41.68053687324268,Divergence,High
2019Q4,8080,working_capital_stress_score,cash_conversion_score,-0.24933454058184665,1,37.53327297090767,Divergence,High
2019Q4,8080,working_capital_stress_score,growth_score,-0.3119296340767123,-1,65.59648170383562,Working Capital Absorption,Medium
2019Q4,8080,working_capital_stress_score,profitability_score,0.029023890243598853,1,51.451194512179946,Divergence,Medium
2019Q4,8080,working_capital_stress_score,working_capital_stress_score,1.0,1,100.0,Confirmed,Low
2020Q1,8081,balance_sheet_resilience_score,balance_sheet_resilience_score,1.0,1,100.0,Confirmed,Low
2020Q1,8081,balance_sheet_resilience_score,capital_allocation_score,0.3297718694874336,1,66.48859347437168,Balance Sheet Drag,Medium
2020Q1,8081,balance_sheet_resilience_score,cash_conversion_score,0.262942729896905,1,63.14713649484525,Balance Sheet Drag,Medium
2020Q1,8081,balance_sheet_resilience_score,growth_score,0.0029268281485782836,1,50.14634140742892,Balance Sheet Drag,Medium
2020Q1,8081,balance_sheet_resilience_score,profitability_score,0.41371709776445337,1,70.68585488822266,Confirmed,Low
2020Q1,8081,balance_sheet_resilience_score,working_capital_stress_score,-0.1981283415029443,1,40.09358292485278,Balance Sheet Drag,High
2020Q1,8081,capital_allocation_score,balance_sheet_resilience_score,0.3297718694874336,1,66.48859347437168,Balance Sheet Drag,Medium
2020Q1,8081,capital_allocation_score,capital_allocation_score,1.0,1,100.0,Confirmed,Low
2020Q1,8081,capital_allocation_score,cash_conversion_score,0.3911569568237708,1,69.55784784118853,Divergence,Medium
2020Q1,8081,capital_allocation_score,growth_score,0.17898736924276945,1,58.94936846213847,Divergence,Medium
2020Q1,8081,capital_allocation_score,profitability_score,0.1986632828028978,1,59.93316414014489,Divergence,Medium
2020Q1,8081,capital_allocation_score,working_capital_stress_score,-0.19271270146279557,1,40.36436492686022,Divergence,High
2020Q1,8081,cash_conversion_score,balance_sheet_resilience_score,0.262942729896905,1,63.14713649484525,Balance Sheet Drag,Medium
2020Q1,8081,cash_conversion_score,capital_allocation_score,0.3911569568237708,1,69.55784784118853,Divergence,Medium
2020Q1,8081,cash_conversion_score,cash_conversion_score,1.0,1,100.0,Confirmed,Low
2020Q1,8081,cash_conversion_score,growth_score,0.15265932766129758,1,57.632966383064876,Divergence,Medium
2020Q1,8081,cash_conversion_score,profitability_score,0.09930216498941394,1,54.965108249470696,Earnings Quality Divergence,Medium
2020Q1,8081,cash_conversion_score,working_capital_stress_score,-0.38754889449646,1,30.622555275177,Divergence,High
2020Q1,8081,growth_score,balance_sheet_resilience_score,0.0029268281485782836,1,50.14634140742892,Balance Sheet Drag,Medium
2020Q1,8081,growth_score,capital_allocation_score,0.17898736924276945,1,58.94936846213847,Divergence,Medium
2020Q1,8081,growth_score,cash_conversion_score,0.15265932766129758,1,57.632966383064876,Divergence,Medium
2020Q1,8081,growth_score,growth_score,1.0,1,100.0,Confirmed,Low
2020Q1,8081,growth_score,profitability_score,0.2906751164597038,1,64.5337558229852,Divergence,Medium
2020Q1,8081,growth_score,working_capital_stress_score,-0.24106233546891023,-1,62.05311677344552,Working Capital Absorption,Medium
2020Q1,8081,profitability_score,balance_sheet_resilience_score,0.41371709776445337,1,70.68585488822266,Confirmed,Low
2020Q1,8081,profitability_score,capital_allocation_score,0.1986632828028978,1,59.93316414014489,Divergence,Medium
2020Q1,8081,profitability_score,cash_conversion_score,0.09930216498941394,1,54.965108249470696,Earnings Quality Divergence,Medium
2020Q1,8081,profitability_score,growth_score,0.2906751164597038,1,64.5337558229852,Divergence,Medium
2020Q1,8081,profitability_score,profitability_score,1.0,1,100.0,Confirmed,Low
2020Q1,8081,profitability_score,working_capital_stress_score,-0.058820189394909336,1,47.05899053025453,Divergence,Medium
2020Q1,8081,working_capital_stress_score,balance_sheet_resilience_score,-0.1981283415029443,1,40.09358292485278,Balance Sheet Drag,High
2020Q1,8081,working_capital_stress_score,capital_allocation_score,-0.19271270146279557,1,40.36436492686022,Divergence,High
2020Q1,8081,working_capital_stress_score,cash_conversion_score,-0.38754889449646,1,30.622555275177,Divergence,High
2020Q1,8081,working_capital_stress_score,growth_score,-0.24106233546891023,-1,62.05311677344552,Working Capital Absorption,Medium
2020Q1,8081,working_capital_stress_score,profitability_score,-0.058820189394909336,1,47.05899053025453,Divergence,Medium
2020Q1,8081,working_capital_stress_score,working_capital_stress_score,1.0,1,100.0,Confirmed,Low
2020Q2,8082,balance_sheet_resilience_score,balance_sheet_resilience_score,1.0,1,100.0,Confirmed,Low
2020Q2,8082,balance_sheet_resilience_score,capital_allocation_score,0.20737390249371518,1,60.36869512468576,Balance Sheet Drag,Medium
2020Q2,8082,balance_sheet_resilience_score,cash_conversion_score,0.13599963283660754,1,56.79998164183038,Balance Sheet Drag,Medium
2020Q2,8082,balance_sheet_resilience_score,growth_score,0.031095298384234988,1,51.55476491921175,Balance Sheet Drag,Medium
2020Q2,8082,balance_sheet_resilience_score,profitability_score,0.3417161724589565,1,67.08580862294782,Balance Sheet Drag,Medium
2020Q2,8082,balance_sheet_resilience_score,working_capital_stress_score,-0.1643168271287914,1,41.78415864356043,Balance Sheet Drag,High
2020Q2,8082,capital_allocation_score,balance_sheet_resilience_score,0.20737390249371518,1,60.36869512468576,Balance Sheet Drag,Medium
2020Q2,8082,capital_allocation_score,capital_allocation_score,1.0,1,100.0,Confirmed,Low
2020Q2,8082,capital_allocation_score,cash_conversion_score,0.4704211718402552,1,73.52105859201276,Confirmed,Low
2020Q2,8082,capital_allocation_score,growth_score,0.20393705070193838,1,60.19685253509692,Divergence,Medium
2020Q2,8082,capital_allocation_score,profitability_score,0.12536924545962458,1,56.26846227298123,Divergence,Medium
2020Q2,8082,capital_allocation_score,working_capital_stress_score,-0.05259816828264088,1,47.370091585867954,Divergence,Medium
2020Q2,8082,cash_conversion_score,balance_sheet_resilience_score,0.13599963283660754,1,56.79998164183038,Balance Sheet Drag,Medium
2020Q2,8082,cash_conversion_score,capital_allocation_score,0.4704211718402552,1,73.52105859201276,Confirmed,Low
2020Q2,8082,cash_conversion_score,cash_conversion_score,1.0,1,100.0,Confirmed,Low
2020Q2,8082,cash_conversion_score,growth_score,0.23036062953242942,1,61.51803147662147,Divergence,Medium
2020Q2,8082,cash_conversion_score,profitability_score,0.08765266132697448,1,54.38263306634873,Earnings Quality Divergence,Medium
2020Q2,8082,cash_conversion_score,working_capital_stress_score,-0.24773654735235745,1,37.61317263238213,Divergence,High
2020Q2,8082,growth_score,balance_sheet_resilience_score,0.031095298384234988,1,51.55476491921175,Balance Sheet Drag,Medium
2020Q2,8082,growth_score,capital_allocation_score,0.20393705070193838,1,60.19685253509692,Divergence,Medium
2020Q2,8082,growth_score,cash_conversion_score,0.23036062953242942,1,61.51803147662147,Divergence,Medium
2020Q2,8082,growth_score,growth_score,1.0,1,100.0,Confirmed,Low
2020Q2,8082,growth_score,profitability_score,0.2072230117972449,1,60.36115058986225,Divergence,Medium
2020Q2,8082,growth_score,working_capital_stress_score,-0.13918762131196932,-1,56.95938106559847,Working Capital Absorption,Medium
2020Q2,8082,profitability_score,balance_sheet_resilience_score,0.3417161724589565,1,67.08580862294782,Balance Sheet Drag,Medium
2020Q2,8082,profitability_score,capital_allocation_score,0.12536924545962458,1,56.26846227298123,Divergence,Medium
2020Q2,8082,profitability_score,cash_conversion_score,0.08765266132697448,1,54.38263306634873,Earnings Quality Divergence,Medium
2020Q2,8082,profitability_score,growth_score,0.2072230117972449,1,60.36115058986225,Divergence,Medium
2020Q2,8082,profitability_score,profitability_score,1.0,1,100.0,Confirmed,Low
2020Q2,8082,profitability_score,working_capital_stress_score,-0.023741693383591576,1,48.812915330820424,Divergence,Medium
2020Q2,8082,working_capital_stress_score,balance_sheet_resilience_score,-0.1643168271287914,1,41.78415864356043,Balance Sheet Drag,High
2020Q2,8082,working_capital_stress_score,capital_allocation_score,-0.05259816828264088,1,47.370091585867954,Divergence,Medium
2020Q2,8082,working_capital_stress_score,cash_conversion_score,-0.24773654735235745,1,37.61317263238213,Divergence,High
2020Q2,8082,working_capital_stress_score,growth_score,-0.13918762131196932,-1,56.95938106559847,Working Capital Absorption,Medium
2020Q2,8082,working_capital_stress_score,profitability_score,-0.023741693383591576,1,48.812915330820424,Divergence,Medium
2020Q2,8082,working_capital_stress_score,working_capital_stress_score,1.0,1,100.0,Confirmed,Low
2020Q3,8083,balance_sheet_resilience_score,balance_sheet_resilience_score,1.0,1,100.0,Confirmed,Low
2020Q3,8083,balance_sheet_resilience_score,capital_allocation_score,0.2588533058249629,1,62.94266529124815,Balance Sheet Drag,Medium
2020Q3,8083,balance_sheet_resilience_score,cash_conversion_score,0.20191226938988235,1,60.09561346949411,Balance Sheet Drag,Medium
2020Q3,8083,balance_sheet_resilience_score,growth_score,-0.011805466573607095,1,49.409726671319646,Balance Sheet Drag,Medium
2020Q3,8083,balance_sheet_resilience_score,profitability_score,0.42190502654566225,1,71.09525132728311,Confirmed,Low
2020Q3,8083,balance_sheet_resilience_score,working_capital_stress_score,-0.1597037272096253,1,42.014813639518735,Balance Sheet Drag,High
2020Q3,8083,capital_allocation_score,balance_sheet_resilience_score,0.2588533058249629,1,62.94266529124815,Balance Sheet Drag,Medium
2020Q3,8083,capital_allocation_score,capital_allocation_score,1.0,1,100.0,Confirmed,Low
2020Q3,8083,capital_allocation_score,cash_conversion_score,0.472272241940091,1,73.61361209700455,Confirmed,Low
2020Q3,8083,capital_allocation_score,growth_score,0.218180492145487,1,60.909024607274354,Divergence,Medium
2020Q3,8083,capital_allocation_score,profitability_score,0.252323323379902,1,62.6161661689951,Divergence,Medium
2020Q3,8083,capital_allocation_score,working_capital_stress_score,-0.0811800878169176,1,45.94099560915412,Divergence,Medium
2020Q3,8083,cash_conversion_score,balance_sheet_resilience_score,0.20191226938988235,1,60.09561346949411,Balance Sheet Drag,Medium
2020Q3,8083,cash_conversion_score,capital_allocation_score,0.472272241940091,1,73.61361209700455,Confirmed,Low
2020Q3,8083,cash_conversion_score,cash_conversion_score,1.0,1,100.0,Confirmed,Low
2020Q3,8083,cash_conversion_score,growth_score,0.14138901789623992,1,57.06945089481199,Divergence,Medium
2020Q3,8083,cash_conversion_score,profitability_score,0.17739533636939808,1,58.869766818469905,Earnings Quality Divergence,Medium
2020Q3,8083,cash_conversion_score,working_capital_stress_score,-0.3089393474011551,1,34.55303262994225,Divergence,High
2020Q3,8083,growth_score,balance_sheet_resilience_score,-0.011805466573607095,1,49.409726671319646,Balance Sheet Drag,Medium
2020Q3,8083,growth_score,capital_allocation_score,0.218180492145487,1,60.909024607274354,Divergence,Medium
2020Q3,8083,growth_score,cash_conversion_score,0.14138901789623992,1,57.06945089481199,Divergence,Medium
2020Q3,8083,growth_score,growth_score,1.0,1,100.0,Confirmed,Low
2020Q3,8083,growth_score,profitability_score,0.18546953122349247,1,59.27347656117462,Divergence,Medium
2020Q3,8083,growth_score,working_capital_stress_score,-0.2435807324506897,-1,62.17903662253449,Working Capital Absorption,Medium
2020Q3,8083,profitability_score,balance_sheet_resilience_score,0.42190502654566225,1,71.09525132728311,Confirmed,Low
2020Q3,8083,profitability_score,capital_allocation_score,0.252323323379902,1,62.6161661689951,Divergence,Medium
2020Q3,8083,profitability_score,cash_conversion_score,0.17739533636939808,1,58.869766818469905,Earnings Quality Divergence,Medium
2020Q3,8083,profitability_score,growth_score,0.18546953122349247,1,59.27347656117462,Divergence,Medium
2020Q3,8083,profitability_score,profitability_score,1.0,1,100.0,Confirmed,Low
2020Q3,8083,profitability_score,working_capital_stress_score,-0.22241270934022367,1,38.87936453298882,Divergence,High
2020Q3,8083,working_capital_stress_score,balance_sheet_resilience_score,-0.1597037272096253,1,42.014813639518735,Balance Sheet Drag,High
2020Q3,8083,working_capital_stress_score,capital_allocation_score,-0.0811800878169176,1,45.94099560915412,Divergence,Medium
2020Q3,8083,working_capital_stress_score,cash_conversion_score,-0.3089393474011551,1,34.55303262994225,Divergence,High
2020Q3,8083,working_capital_stress_score,growth_score,-0.2435807324506897,-1,62.17903662253449,Working Capital Absorption,Medium
2020Q3,8083,working_capital_stress_score,profitability_score,-0.22241270934022367,1,38.87936453298882,Divergence,High
2020Q3,8083,working_capital_stress_score,working_capital_stress_score,1.0,1,100.0,Confirmed,Low
2020Q4,8084,balance_sheet_resilience_score,balance_sheet_resilience_score,1.0,1,100.0,Confirmed,Low
2020Q4,8084,balance_sheet_resilience_score,capital_allocation_score,0.24462767868746368,1,62.231383934373184,Balance Sheet Drag,Medium
2020Q4,8084,balance_sheet_resilience_score,cash_conversion_score,0.08119055541357957,1,54.05952777067898,Balance Sheet Drag,Medium
2020Q4,8084,balance_sheet_resilience_score,growth_score,-0.026190110147021266,1,48.69049449264894,Balance Sheet Drag,Medium
2020Q4,8084,balance_sheet_resilience_score,profitability_score,0.4130492876057072,1,70.65246438028537,Confirmed,Low
2020Q4,8084,balance_sheet_resilience_score,working_capital_stress_score,-0.09542208711111047,1,45.22889564444448,Balance Sheet Drag,Medium
2020Q4,8084,capital_allocation_score,balance_sheet_resilience_score,0.24462767868746368,1,62.231383934373184,Balance Sheet Drag,Medium
2020Q4,8084,capital_allocation_score,capital_allocation_score,1.0,1,100.0,Confirmed,Low
2020Q4,8084,capital_allocation_score,cash_conversion_score,0.371365956680535,1,68.56829783402675,Divergence,Medium
2020Q4,8084,capital_allocation_score,growth_score,0.0990169712776101,1,54.950848563880506,Divergence,Medium
2020Q4,8084,capital_allocation_score,profitability_score,0.170466331904134,1,58.5233165952067,Divergence,Medium
2020Q4,8084,capital_allocation_score,working_capital_stress_score,0.0562090818272498,1,52.81045409136249,Divergence,Medium
2020Q4,8084,cash_conversion_score,balance_sheet_resilience_score,0.08119055541357957,1,54.05952777067898,Balance Sheet Drag,Medium
2020Q4,8084,cash_conversion_score,capital_allocation_score,0.371365956680535,1,68.56829783402675,Divergence,Medium
2020Q4,8084,cash_conversion_score,cash_conversion_score,1.0,1,100.0,Confirmed,Low
2020Q4,8084,cash_conversion_score,growth_score,-0.040520956233387376,1,47.973952188330635,Divergence,Medium
2020Q4,8084,cash_conversion_score,profitability_score,0.13552506592409688,1,56.77625329620485,Earnings Quality Divergence,Medium
2020Q4,8084,cash_conversion_score,working_capital_stress_score,-0.31076308039246,1,34.46184598037701,Divergence,High
2020Q4,8084,growth_score,balance_sheet_resilience_score,-0.026190110147021266,1,48.69049449264894,Balance Sheet Drag,Medium
2020Q4,8084,growth_score,capital_allocation_score,0.0990169712776101,1,54.950848563880506,Divergence,Medium
2020Q4,8084,growth_score,cash_conversion_score,-0.040520956233387376,1,47.973952188330635,Divergence,Medium
2020Q4,8084,growth_score,growth_score,1.0,1,100.0,Confirmed,Low
2020Q4,8084,growth_score,profitability_score,0.22743040311414897,1,61.37152015570745,Divergence,Medium
2020Q4,8084,growth_score,working_capital_stress_score,-0.1740080220002105,-1,58.700401100010524,Working Capital Absorption,Medium
2020Q4,8084,profitability_score,balance_sheet_resilience_score,0.4130492876057072,1,70.65246438028537,Confirmed,Low
2020Q4,8084,profitability_score,capital_allocation_score,0.170466331904134,1,58.5233165952067,Divergence,Medium
2020Q4,8084,profitability_score,cash_conversion_score,0.13552506592409688,1,56.77625329620485,Earnings Quality Divergence,Medium
2020Q4,8084,profitability_score,growth_score,0.22743040311414897,1,61.37152015570745,Divergence,Medium
2020Q4,8084,profitability_score,profitability_score,1.0,1,100.0,Confirmed,Low
2020Q4,8084,profitability_score,working_capital_stress_score,-0.2619975244751013,1,36.90012377624494,Divergence,High
2020Q4,8084,working_capital_stress_score,balance_sheet_resilience_score,-0.09542208711111047,1,45.22889564444448,Balance Sheet Drag,Medium
2020Q4,8084,working_capital_stress_score,capital_allocation_score,0.0562090818272498,1,52.81045409136249,Divergence,Medium
2020Q4,8084,working_capital_stress_score,cash_conversion_score,-0.31076308039246,1,34.46184598037701,Divergence,High
2020Q4,8084,working_capital_stress_score,growth_score,-0.1740080220002105,-1,58.700401100010524,Working Capital Absorption,Medium
2020Q4,8084,working_capital_stress_score,profitability_score,-0.2619975244751013,1,36.90012377624494,Divergence,High
2020Q4,8084,working_capital_stress_score,working_capital_stress_score,1.0,1,100.0,Confirmed,Low
2021Q1,8085,balance_sheet_resilience_score,balance_sheet_resilience_score,1.0,1,100.0,Confirmed,Low
2021Q1,8085,balance_sheet_resilience_score,capital_allocation_score,0.34560129332193046,1,67.28006466609654,Balance Sheet Drag,Medium
2021Q1,8085,balance_sheet_resilience_score,cash_conversion_score,0.06305583462115674,1,53.15279173105784,Balance Sheet Drag,Medium
2021Q1,8085,balance_sheet_resilience_score,growth_score,0.019683235938375298,1,50.98416179691877,Balance Sheet Drag,Medium
2021Q1,8085,balance_sheet_resilience_score,profitability_score,0.40627480411148387,1,70.31374020557419,Confirmed,Low
2021Q1,8085,balance_sheet_resilience_score,working_capital_stress_score,-0.13192053916353932,1,43.403973041823036,Balance Sheet Drag,High
2021Q1,8085,capital_allocation_score,balance_sheet_resilience_score,0.34560129332193046,1,67.28006466609654,Balance Sheet Drag,Medium
2021Q1,8085,capital_allocation_score,capital_allocation_score,1.0,1,100.0,Confirmed,Low
2021Q1,8085,capital_allocation_score,cash_conversion_score,0.3669466428040344,1,68.34733214020173,Divergence,Medium
2021Q1,8085,capital_allocation_score,growth_score,0.20436821163247154,1,60.21841058162358,Divergence,Medium
2021Q1,8085,capital_allocation_score,profitability_score,0.18127359426527573,1,59.06367971326378,Divergence,Medium
2021Q1,8085,capital_allocation_score,working_capital_stress_score,-0.11856427475920284,1,44.07178626203986,Divergence,High
2021Q1,8085,cash_conversion_score,balance_sheet_resilience_score,0.06305583462115674,1,53.15279173105784,Balance Sheet Drag,Medium
2021Q1,8085,cash_conversion_score,capital_allocation_score,0.3669466428040344,1,68.34733214020173,Divergence,Medium
2021Q1,8085,cash_conversion_score,cash_conversion_score,1.0,1,100.0,Confirmed,Low
2021Q1,8085,cash_conversion_score,growth_score,-0.11446000541685585,1,44.276999729157204,Divergence,High
2021Q1,8085,cash_conversion_score,profitability_score,-0.00010342019037279904,1,49.99482899048136,Earnings Quality Divergence,Medium
2021Q1,8085,cash_conversion_score,working_capital_stress_score,-0.3741692679482726,1,31.29153660258637,Divergence,High
2021Q1,8085,growth_score,balance_sheet_resilience_score,0.019683235938375298,1,50.98416179691877,Balance Sheet Drag,Medium
2021Q1,8085,growth_score,capital_allocation_score,0.20436821163247154,1,60.21841058162358,Divergence,Medium
2021Q1,8085,growth_score,cash_conversion_score,-0.11446000541685585,1,44.276999729157204,Divergence,High
2021Q1,8085,growth_score,growth_score,1.0,1,100.0,Confirmed,Low
2021Q1,8085,growth_score,profitability_score,0.11870522116070902,1,55.935261058035444,Divergence,Medium
2021Q1,8085,growth_score,working_capital_stress_score,-0.12302833333454255,-1,56.15141666672713,Working Capital Absorption,Medium
2021Q1,8085,profitability_score,balance_sheet_resilience_score,0.40627480411148387,1,70.31374020557419,Confirmed,Low
2021Q1,8085,profitability_score,capital_allocation_score,0.18127359426527573,1,59.06367971326378,Divergence,Medium
2021Q1,8085,profitability_score,cash_conversion_score,-0.00010342019037279904,1,49.99482899048136,Earnings Quality Divergence,Medium
2021Q1,8085,profitability_score,growth_score,0.11870522116070902,1,55.935261058035444,Divergence,Medium
2021Q1,8085,profitability_score,profitability_score,1.0,1,100.0,Confirmed,Low
2021Q1,8085,profitability_score,working_capital_stress_score,-0.12241718170123637,1,43.87914091493818,Divergence,High
2021Q1,8085,working_capital_stress_score,balance_sheet_resilience_score,-0.13192053916353932,1,43.403973041823036,Balance Sheet Drag,High
2021Q1,8085,working_capital_stress_score,capital_allocation_score,-0.11856427475920284,1,44.07178626203986,Divergence,High
2021Q1,8085,working_capital_stress_score,cash_conversion_score,-0.3741692679482726,1,31.29153660258637,Divergence,High
2021Q1,8085,working_capital_stress_score,growth_score,-0.12302833333454255,-1,56.15141666672713,Working Capital Absorption,Medium
2021Q1,8085,working_capital_stress_score,profitability_score,-0.12241718170123637,1,43.87914091493818,Divergence,High
2021Q1,8085,working_capital_stress_score,working_capital_stress_score,1.0,1,100.0,Confirmed,Low
2021Q2,8086,balance_sheet_resilience_score,balance_sheet_resilience_score,1.0,1,100.0,Confirmed,Low
2021Q2,8086,balance_sheet_resilience_score,capital_allocation_score,0.20938645752173857,1,60.46932287608693,Balance Sheet Drag,Medium
2021Q2,8086,balance_sheet_resilience_score,cash_conversion_score,0.030161988695983702,1,51.508099434799185,Balance Sheet Drag,Medium
2021Q2,8086,balance_sheet_resilience_score,growth_score,0.05081673200882824,1,52.54083660044141,Balance Sheet Drag,Medium
2021Q2,8086,balance_sheet_resilience_score,profitability_score,0.39599214235433955,1,69.79960711771697,Balance Sheet Drag,Medium
2021Q2,8086,balance_sheet_resilience_score,working_capital_stress_score,-0.11349557409718233,1,44.325221295140885,Balance Sheet Drag,High
2021Q2,8086,capital_allocation_score,balance_sheet_resilience_score,0.20938645752173857,1,60.46932287608693,Balance Sheet Drag,Medium
2021Q2,8086,capital_allocation_score,capital_allocation_score,1.0,1,100.0,Confirmed,Low
2021Q2,8086,capital_allocation_score,cash_conversion_score,0.3555464257093867,1,67.77732128546934,Divergence,Medium
2021Q2,8086,capital_allocation_score,growth_score,0.26961478738422523,1,63.48073936921126,Divergence,Medium
2021Q2,8086,capital_allocation_score,profitability_score,0.11307857126741948,1,55.65392856337097,Divergence,Medium
2021Q2,8086,capital_allocation_score,working_capital_stress_score,0.0025305387875763233,1,50.12652693937881,Divergence,Medium
2021Q2,8086,cash_conversion_score,balance_sheet_resilience_score,0.030161988695983702,1,51.508099434799185,Balance Sheet Drag,Medium
2021Q2,8086,cash_conversion_score,capital_allocation_score,0.3555464257093867,1,67.77732128546934,Divergence,Medium
2021Q2,8086,cash_conversion_score,cash_conversion_score,1.0,1,100.0,Confirmed,Low
2021Q2,8086,cash_conversion_score,growth_score,-0.012709969464243725,1,49.36450152678781,Divergence,Medium
2021Q2,8086,cash_conversion_score,profitability_score,0.14519341895241414,1,57.25967094762071,Earnings Quality Divergence,Medium
2021Q2,8086,cash_conversion_score,working_capital_stress_score,-0.2843679028609288,1,35.781604856953564,Divergence,High
2021Q2,8086,growth_score,balance_sheet_resilience_score,0.05081673200882824,1,52.54083660044141,Balance Sheet Drag,Medium
2021Q2,8086,growth_score,capital_allocation_score,0.26961478738422523,1,63.48073936921126,Divergence,Medium
2021Q2,8086,growth_score,cash_conversion_score,-0.012709969464243725,1,49.36450152678781,Divergence,Medium
2021Q2,8086,growth_score,growth_score,1.0,1,100.0,Confirmed,Low
2021Q2,8086,growth_score,profitability_score,0.17066507181891863,1,58.53325359094593,Divergence,Medium
2021Q2,8086,growth_score,working_capital_stress_score,-0.12159841314521275,-1,56.079920657260644,Working Capital Absorption,Medium
2021Q2,8086,profitability_score,balance_sheet_resilience_score,0.39599214235433955,1,69.79960711771697,Balance Sheet Drag,Medium
2021Q2,8086,profitability_score,capital_allocation_score,0.11307857126741948,1,55.65392856337097,Divergence,Medium
2021Q2,8086,profitability_score,cash_conversion_score,0.14519341895241414,1,57.25967094762071,Earnings Quality Divergence,Medium
2021Q2,8086,profitability_score,growth_score,0.17066507181891863,1,58.53325359094593,Divergence,Medium
2021Q2,8086,profitability_score,profitability_score,1.0,1,100.0,Confirmed,Low
2021Q2,8086,profitability_score,working_capital_stress_score,-0.057749641282990094,1,47.1125179358505,Divergence,Medium
2021Q2,8086,working_capital_stress_score,balance_sheet_resilience_score,-0.11349557409718233,1,44.325221295140885,Balance Sheet Drag,High
2021Q2,8086,working_capital_stress_score,capital_allocation_score,0.0025305387875763233,1,50.12652693937881,Divergence,Medium
2021Q2,8086,working_capital_stress_score,cash_conversion_score,-0.2843679028609288,1,35.781604856953564,Divergence,High
2021Q2,8086,working_capital_stress_score,growth_score,-0.12159841314521275,-1,56.079920657260644,Working Capital Absorption,Medium
2021Q2,8086,working_capital_stress_score,profitability_score,-0.057749641282990094,1,47.1125179358505,Divergence,Medium
2021Q2,8086,working_capital_stress_score,working_capital_stress_score,1.0,1,100.0,Confirmed,Low
2021Q3,8087,balance_sheet_resilience_score,balance_sheet_resilience_score,1.0,1,100.0,Confirmed,Low
2021Q3,8087,balance_sheet_resilience_score,capital_allocation_score,0.1666481828973007,1,58.33240914486504,Balance Sheet Drag,Medium
2021Q3,8087,balance_sheet_resilience_score,cash_conversion_score,-0.06985335047922712,1,46.50733247603864,Balance Sheet Drag,Medium
2021Q3,8087,balance_sheet_resilience_score,growth_score,-0.010390239862351158,1,49.48048800688244,Balance Sheet Drag,Medium
2021Q3,8087,balance_sheet_resilience_score,profitability_score,0.4086750738219247,1,70.43375369109623,Confirmed,Low
2021Q3,8087,balance_sheet_resilience_score,working_capital_stress_score,-0.07813894954979243,1,46.09305252251038,Balance Sheet Drag,Medium
2021Q3,8087,capital_allocation_score,balance_sheet_resilience_score,0.1666481828973007,1,58.33240914486504,Balance Sheet Drag,Medium
2021Q3,8087,capital_allocation_score,capital_allocation_score,1.0,1,100.0,Confirmed,Low
2021Q3,8087,capital_allocation_score,cash_conversion_score,0.3093534631177865,1,65.46767315588933,Divergence,Medium
2021Q3,8087,capital_allocation_score,growth_score,0.21231213080445743,1,60.61560654022286,Divergence,Medium
2021Q3,8087,capital_allocation_score,profitability_score,0.09857829798627486,1,54.92891489931374,Divergence,Medium
2021Q3,8087,capital_allocation_score,working_capital_stress_score,0.08310815801383185,1,54.155407900691586,Divergence,Medium
2021Q3,8087,cash_conversion_score,balance_sheet_resilience_score,-0.06985335047922712,1,46.50733247603864,Balance Sheet Drag,Medium
2021Q3,8087,cash_conversion_score,capital_allocation_score,0.3093534631177865,1,65.46767315588933,Divergence,Medium
2021Q3,8087,cash_conversion_score,cash_conversion_score,1.0,1,100.0,Confirmed,Low
2021Q3,8087,cash_conversion_score,growth_score,-0.09482362240214678,1,45.25881887989266,Divergence,Medium
2021Q3,8087,cash_conversion_score,profitability_score,0.1763605714046175,1,58.81802857023087,Earnings Quality Divergence,Medium
2021Q3,8087,cash_conversion_score,working_capital_stress_score,-0.2600428683448817,1,36.997856582755915,Divergence,High
2021Q3,8087,growth_score,balance_sheet_resilience_score,-0.010390239862351158,1,49.48048800688244,Balance Sheet Drag,Medium
2021Q3,8087,growth_score,capital_allocation_score,0.21231213080445743,1,60.61560654022286,Divergence,Medium
2021Q3,8087,growth_score,cash_conversion_score,-0.09482362240214678,1,45.25881887989266,Divergence,Medium
2021Q3,8087,growth_score,growth_score,1.0,1,100.0,Confirmed,Low
2021Q3,8087,growth_score,profitability_score,0.10713534075280924,1,55.356767037640466,Divergence,Medium
2021Q3,8087,growth_score,working_capital_stress_score,-0.10072482491358926,-1,55.03624124567946,Working Capital Absorption,Medium
2021Q3,8087,profitability_score,balance_sheet_resilience_score,0.4086750738219247,1,70.43375369109623,Confirmed,Low
2021Q3,8087,profitability_score,capital_allocation_score,0.09857829798627486,1,54.92891489931374,Divergence,Medium
2021Q3,8087,profitability_score,cash_conversion_score,0.1763605714046175,1,58.81802857023087,Earnings Quality Divergence,Medium
2021Q3,8087,profitability_score,growth_score,0.10713534075280924,1,55.356767037640466,Divergence,Medium
2021Q3,8087,profitability_score,profitability_score,1.0,1,100.0,Confirmed,Low
2021Q3,8087,profitability_score,working_capital_stress_score,-0.15254764044667893,1,42.37261797766605,Divergence,High
2021Q3,8087,working_capital_stress_score,balance_sheet_resilience_score,-0.07813894954979243,1,46.09305252251038,Balance Sheet Drag,Medium
2021Q3,8087,working_capital_stress_score,capital_allocation_score,0.08310815801383185,1,54.155407900691586,Divergence,Medium
2021Q3,8087,working_capital_stress_score,cash_conversion_score,-0.2600428683448817,1,36.997856582755915,Divergence,High
2021Q3,8087,working_capital_stress_score,growth_score,-0.10072482491358926,-1,55.03624124567946,Working Capital Absorption,Medium
2021Q3,8087,working_capital_stress_score,profitability_score,-0.15254764044667893,1,42.37261797766605,Divergence,High
2021Q3,8087,working_capital_stress_score,working_capital_stress_score,1.0,1,100.0,Confirmed,Low
2021Q4,8088,balance_sheet_resilience_score,balance_sheet_resilience_score,1.0,1,100.0,Confirmed,Low
2021Q4,8088,balance_sheet_resilience_score,capital_allocation_score,0.3706237231024842,1,68.53118615512422,Balance Sheet Drag,Medium
2021Q4,8088,balance_sheet_resilience_score,cash_conversion_score,0.18307374863754727,1,59.153687431877366,Balance Sheet Drag,Medium
2021Q4,8088,balance_sheet_resilience_score,growth_score,0.07272084960782446,1,53.636042480391225,Balance Sheet Drag,Medium
2021Q4,8088,balance_sheet_resilience_score,profitability_score,0.3627890483269133,1,68.13945241634568,Balance Sheet Drag,Medium
2021Q4,8088,balance_sheet_resilience_score,working_capital_stress_score,-0.08529264717635839,1,45.73536764118208,Balance Sheet Drag,Medium
2021Q4,8088,capital_allocation_score,balance_sheet_resilience_score,0.3706237231024842,1,68.53118615512422,Balance Sheet Drag,Medium
2021Q4,8088,capital_allocation_score,capital_allocation_score,1.0,1,100.0,Confirmed,Low
2021Q4,8088,capital_allocation_score,cash_conversion_score,0.4364712394950826,1,71.82356197475413,Confirmed,Low
2021Q4,8088,capital_allocation_score,growth_score,0.20380553685552208,1,60.1902768427761,Divergence,Medium
2021Q4,8088,capital_allocation_score,profitability_score,0.1750690522037198,1,58.75345261018599,Divergence,Medium
2021Q4,8088,capital_allocation_score,working_capital_stress_score,0.04322535672802946,1,52.16126783640147,Divergence,Medium
2021Q4,8088,cash_conversion_score,balance_sheet_resilience_score,0.18307374863754727,1,59.153687431877366,Balance Sheet Drag,Medium
2021Q4,8088,cash_conversion_score,capital_allocation_score,0.4364712394950826,1,71.82356197475413,Confirmed,Low
2021Q4,8088,cash_conversion_score,cash_conversion_score,1.0,1,100.0,Confirmed,Low
2021Q4,8088,cash_conversion_score,growth_score,-0.07730715896271553,1,46.13464205186422,Divergence,Medium
2021Q4,8088,cash_conversion_score,profitability_score,0.23068712623817428,1,61.53435631190871,Earnings Quality Divergence,Medium
2021Q4,8088,cash_conversion_score,working_capital_stress_score,-0.24644101053150994,1,37.677949473424505,Divergence,High
2021Q4,8088,growth_score,balance_sheet_resilience_score,0.07272084960782446,1,53.636042480391225,Balance Sheet Drag,Medium
2021Q4,8088,growth_score,capital_allocation_score,0.20380553685552208,1,60.1902768427761,Divergence,Medium
2021Q4,8088,growth_score,cash_conversion_score,-0.07730715896271553,1,46.13464205186422,Divergence,Medium
2021Q4,8088,growth_score,growth_score,1.0,1,100.0,Confirmed,Low
2021Q4,8088,growth_score,profitability_score,0.3158670808982835,1,65.79335404491418,Divergence,Medium
2021Q4,8088,growth_score,working_capital_stress_score,-0.2665096456132013,-1,63.32548228066006,Working Capital Absorption,Medium
2021Q4,8088,profitability_score,balance_sheet_resilience_score,0.3627890483269133,1,68.13945241634568,Balance Sheet Drag,Medium
2021Q4,8088,profitability_score,capital_allocation_score,0.1750690522037198,1,58.75345261018599,Divergence,Medium
2021Q4,8088,profitability_score,cash_conversion_score,0.23068712623817428,1,61.53435631190871,Earnings Quality Divergence,Medium
2021Q4,8088,profitability_score,growth_score,0.3158670808982835,1,65.79335404491418,Divergence,Medium
2021Q4,8088,profitability_score,profitability_score,1.0,1,100.0,Confirmed,Low
2021Q4,8088,profitability_score,working_capital_stress_score,-0.1662756758208621,1,41.68621620895689,Divergence,High
2021Q4,8088,working_capital_stress_score,balance_sheet_resilience_score,-0.08529264717635839,1,45.73536764118208,Balance Sheet Drag,Medium
2021Q4,8088,working_capital_stress_score,capital_allocation_score,0.04322535672802946,1,52.16126783640147,Divergence,Medium
2021Q4,8088,working_capital_stress_score,cash_conversion_score,-0.24644101053150994,1,37.677949473424505,Divergence,High
2021Q4,8088,working_capital_stress_score,growth_score,-0.2665096456132013,-1,63.32548228066006,Working Capital Absorption,Medium
2021Q4,8088,working_capital_stress_score,profitability_score,-0.1662756758208621,1,41.68621620895689,Divergence,High
2021Q4,8088,working_capital_stress_score,working_capital_stress_score,1.0,1,100.0,Confirmed,Low
2022Q1,8089,balance_sheet_resilience_score,balance_sheet_resilience_score,1.0,1,100.0,Confirmed,Low
2022Q1,8089,balance_sheet_resilience_score,capital_allocation_score,0.31511955968130706,1,65.75597798406535,Balance Sheet Drag,Medium
2022Q1,8089,balance_sheet_resilience_score,cash_conversion_score,0.09144216609037438,1,54.57210830451872,Balance Sheet Drag,Medium
2022Q1,8089,balance_sheet_resilience_score,growth_score,0.04164230246727991,1,52.08211512336399,Balance Sheet Drag,Medium
2022Q1,8089,balance_sheet_resilience_score,profitability_score,0.3669713635364012,1,68.34856817682005,Balance Sheet Drag,Medium
2022Q1,8089,balance_sheet_resilience_score,working_capital_stress_score,-0.2146843281660649,1,39.26578359169676,Balance Sheet Drag,High
2022Q1,8089,capital_allocation_score,balance_sheet_resilience_score,0.31511955968130706,1,65.75597798406535,Balance Sheet Drag,Medium
2022Q1,8089,capital_allocation_score,capital_allocation_score,1.0,1,100.0,Confirmed,Low
2022Q1,8089,capital_allocation_score,cash_conversion_score,0.3889596025556231,1,69.44798012778115,Divergence,Medium
2022Q1,8089,capital_allocation_score,growth_score,0.006999301614574626,1,50.34996508072873,Divergence,Medium
2022Q1,8089,capital_allocation_score,profitability_score,0.15885162423460195,1,57.942581211730094,Divergence,Medium
2022Q1,8089,capital_allocation_score,working_capital_stress_score,-0.07213083456177163,1,46.39345827191142,Divergence,Medium
2022Q1,8089,cash_conversion_score,balance_sheet_resilience_score,0.09144216609037438,1,54.57210830451872,Balance Sheet Drag,Medium
2022Q1,8089,cash_conversion_score,capital_allocation_score,0.3889596025556231,1,69.44798012778115,Divergence,Medium
2022Q1,8089,cash_conversion_score,cash_conversion_score,1.0,1,100.0,Confirmed,Low
2022Q1,8089,cash_conversion_score,growth_score,-0.13118939918485464,1,43.44053004075727,Divergence,High
2022Q1,8089,cash_conversion_score,profitability_score,0.18922637809177964,1,59.46131890458898,Earnings Quality Divergence,Medium
2022Q1,8089,cash_conversion_score,working_capital_stress_score,-0.23472064210835786,1,38.26396789458211,Divergence,High
2022Q1,8089,growth_score,balance_sheet_resilience_score,0.04164230246727991,1,52.08211512336399,Balance Sheet Drag,Medium
2022Q1,8089,growth_score,capital_allocation_score,0.006999301614574626,1,50.34996508072873,Divergence,Medium
2022Q1,8089,growth_score,cash_conversion_score,-0.13118939918485464,1,43.44053004075727,Divergence,High
2022Q1,8089,growth_score,growth_score,1.0,1,100.0,Confirmed,Low
2022Q1,8089,growth_score,profitability_score,0.2784117619456283,1,63.92058809728142,Divergence,Medium
2022Q1,8089,growth_score,working_capital_stress_score,-0.23750587908737092,-1,61.87529395436855,Working Capital Absorption,Medium
2022Q1,8089,profitability_score,balance_sheet_resilience_score,0.3669713635364012,1,68.34856817682005,Balance Sheet Drag,Medium
2022Q1,8089,profitability_score,capital_allocation_score,0.15885162423460195,1,57.942581211730094,Divergence,Medium
2022Q1,8089,profitability_score,cash_conversion_score,0.18922637809177964,1,59.46131890458898,Earnings Quality Divergence,Medium
2022Q1,8089,profitability_score,growth_score,0.2784117619456283,1,63.92058809728142,Divergence,Medium
2022Q1,8089,profitability_score,profitability_score,1.0,1,100.0,Confirmed,Low
2022Q1,8089,profitability_score,working_capital_stress_score,-0.10658999220664422,1,44.67050038966779,Divergence,High
2022Q1,8089,working_capital_stress_score,balance_sheet_resilience_score,-0.2146843281660649,1,39.26578359169676,Balance Sheet Drag,High
2022Q1,8089,working_capital_stress_score,capital_allocation_score,-0.07213083456177163,1,46.39345827191142,Divergence,Medium
2022Q1,8089,working_capital_stress_score,cash_conversion_score,-0.23472064210835786,1,38.26396789458211,Divergence,High
2022Q1,8089,working_capital_stress_score,growth_score,-0.23750587908737092,-1,61.87529395436855,Working Capital Absorption,Medium
2022Q1,8089,working_capital_stress_score,profitability_score,-0.10658999220664422,1,44.67050038966779,Divergence,High
2022Q1,8089,working_capital_stress_score,working_capital_stress_score,1.0,1,100.0,Confirmed,Low
2022Q2,8090,balance_sheet_resilience_score,balance_sheet_resilience_score,1.0,1,100.0,Confirmed,Low
2022Q2,8090,balance_sheet_resilience_score,capital_allocation_score,0.35813810977087557,1,67.90690548854379,Balance Sheet Drag,Medium
2022Q2,8090,balance_sheet_resilience_score,cash_conversion_score,0.01974873201460682,1,50.98743660073034,Balance Sheet Drag,Medium
2022Q2,8090,balance_sheet_resilience_score,growth_score,0.03338426245787905,1,51.66921312289395,Balance Sheet Drag,Medium
2022Q2,8090,balance_sheet_resilience_score,profitability_score,0.3688113959012652,1,68.44056979506325,Balance Sheet Drag,Medium
2022Q2,8090,balance_sheet_resilience_score,working_capital_stress_score,-0.09029871136742751,1,45.48506443162862,Balance Sheet Drag,Medium
2022Q2,8090,capital_allocation_score,balance_sheet_resilience_score,0.35813810977087557,1,67.90690548854379,Balance Sheet Drag,Medium
2022Q2,8090,capital_allocation_score,capital_allocation_score,1.0,1,100.0,Confirmed,Low
2022Q2,8090,capital_allocation_score,cash_conversion_score,0.3520189774648975,1,67.60094887324487,Divergence,Medium
2022Q2,8090,capital_allocation_score,growth_score,0.11735905965363687,1,55.86795298268184,Divergence,Medium
2022Q2,8090,capital_allocation_score,profitability_score,0.1893951831021914,1,59.46975915510957,Divergence,Medium
2022Q2,8090,capital_allocation_score,working_capital_stress_score,-0.08095563117296861,1,45.95221844135157,Divergence,Medium
2022Q2,8090,cash_conversion_score,balance_sheet_resilience_score,0.01974873201460682,1,50.98743660073034,Balance Sheet Drag,Medium
2022Q2,8090,cash_conversion_score,capital_allocation_score,0.3520189774648975,1,67.60094887324487,Divergence,Medium
2022Q2,8090,cash_conversion_score,cash_conversion_score,1.0,1,100.0,Confirmed,Low
2022Q2,8090,cash_conversion_score,growth_score,-0.07504861292361338,1,46.24756935381933,Divergence,Medium
2022Q2,8090,cash_conversion_score,profitability_score,0.21659529447425369,1,60.829764723712685,Earnings Quality Divergence,Medium
2022Q2,8090,cash_conversion_score,working_capital_stress_score,-0.27543054758678387,1,36.22847262066081,Divergence,High
2022Q2,8090,growth_score,balance_sheet_resilience_score,0.03338426245787905,1,51.66921312289395,Balance Sheet Drag,Medium
2022Q2,8090,growth_score,capital_allocation_score,0.11735905965363687,1,55.86795298268184,Divergence,Medium
2022Q2,8090,growth_score,cash_conversion_score,-0.07504861292361338,1,46.24756935381933,Divergence,Medium
2022Q2,8090,growth_score,growth_score,1.0,1,100.0,Confirmed,Low
2022Q2,8090,growth_score,profitability_score,0.346145970399381,1,67.30729851996905,Divergence,Medium
2022Q2,8090,growth_score,working_capital_stress_score,-0.16163660132899016,-1,58.08183006644951,Working Capital Absorption,Medium
2022Q2,8090,profitability_score,balance_sheet_resilience_score,0.3688113959012652,1,68.44056979506325,Balance Sheet Drag,Medium
2022Q2,8090,profitability_score,capital_allocation_score,0.1893951831021914,1,59.46975915510957,Divergence,Medium
2022Q2,8090,profitability_score,cash_conversion_score,0.21659529447425369,1,60.829764723712685,Earnings Quality Divergence,Medium
2022Q2,8090,profitability_score,growth_score,0.346145970399381,1,67.30729851996905,Divergence,Medium
2022Q2,8090,profitability_score,profitability_score,1.0,1,100.0,Confirmed,Low
2022Q2,8090,profitability_score,working_capital_stress_score,-0.004678083785566344,1,49.76609581072168,Divergence,Medium
2022Q2,8090,working_capital_stress_score,balance_sheet_resilience_score,-0.09029871136742751,1,45.48506443162862,Balance Sheet Drag,Medium
2022Q2,8090,working_capital_stress_score,capital_allocation_score,-0.08095563117296861,1,45.95221844135157,Divergence,Medium
2022Q2,8090,working_capital_stress_score,cash_conversion_score,-0.27543054758678387,1,36.22847262066081,Divergence,High
2022Q2,8090,working_capital_stress_score,growth_score,-0.16163660132899016,-1,58.08183006644951,Working Capital Absorption,Medium
2022Q2,8090,working_capital_stress_score,profitability_score,-0.004678083785566344,1,49.76609581072168,Divergence,Medium
2022Q2,8090,working_capital_stress_score,working_capital_stress_score,1.0,1,100.0,Confirmed,Low
2022Q3,8091,balance_sheet_resilience_score,balance_sheet_resilience_score,1.0,1,100.0,Confirmed,Low
2022Q3,8091,balance_sheet_resilience_score,capital_allocation_score,0.2959920701119787,1,64.79960350559894,Balance Sheet Drag,Medium
2022Q3,8091,balance_sheet_resilience_score,cash_conversion_score,-0.02301024486310491,1,48.84948775684476,Balance Sheet Drag,Medium
2022Q3,8091,balance_sheet_resilience_score,growth_score,0.05715672343034897,1,52.85783617151745,Balance Sheet Drag,Medium
2022Q3,8091,balance_sheet_resilience_score,profitability_score,0.4201163209583428,1,71.00581604791714,Confirmed,Low
2022Q3,8091,balance_sheet_resilience_score,working_capital_stress_score,-0.07510600500192176,1,46.24469974990391,Balance Sheet Drag,Medium
2022Q3,8091,capital_allocation_score,balance_sheet_resilience_score,0.2959920701119787,1,64.79960350559894,Balance Sheet Drag,Medium
2022Q3,8091,capital_allocation_score,capital_allocation_score,1.0,1,100.0,Confirmed,Low
2022Q3,8091,capital_allocation_score,cash_conversion_score,0.35368804356288663,1,67.68440217814432,Divergence,Medium
2022Q3,8091,capital_allocation_score,growth_score,0.029082091677642995,1,51.454104583882156,Divergence,Medium
2022Q3,8091,capital_allocation_score,profitability_score,0.049568006616145056,1,52.478400330807254,Divergence,Medium
2022Q3,8091,capital_allocation_score,working_capital_stress_score,-0.215098407231749,1,39.24507963841255,Divergence,High
2022Q3,8091,cash_conversion_score,balance_sheet_resilience_score,-0.02301024486310491,1,48.84948775684476,Balance Sheet Drag,Medium
2022Q3,8091,cash_conversion_score,capital_allocation_score,0.35368804356288663,1,67.68440217814432,Divergence,Medium
2022Q3,8091,cash_conversion_score,cash_conversion_score,1.0,1,100.0,Confirmed,Low
2022Q3,8091,cash_conversion_score,growth_score,0.008156779466771916,1,50.40783897333859,Divergence,Medium
2022Q3,8091,cash_conversion_score,profitability_score,0.03720917570751849,1,51.860458785375926,Earnings Quality Divergence,Medium
2022Q3,8091,cash_conversion_score,working_capital_stress_score,-0.42949317312954977,1,28.525341343522513,Divergence,High
2022Q3,8091,growth_score,balance_sheet_resilience_score,0.05715672343034897,1,52.85783617151745,Balance Sheet Drag,Medium
2022Q3,8091,growth_score,capital_allocation_score,0.029082091677642995,1,51.454104583882156,Divergence,Medium
2022Q3,8091,growth_score,cash_conversion_score,0.008156779466771916,1,50.40783897333859,Divergence,Medium
2022Q3,8091,growth_score,growth_score,1.0,1,100.0,Confirmed,Low
2022Q3,8091,growth_score,profitability_score,0.3095316631029487,1,65.47658315514744,Divergence,Medium
2022Q3,8091,growth_score,working_capital_stress_score,-0.23405341122961024,-1,61.70267056148051,Working Capital Absorption,Medium
2022Q3,8091,profitability_score,balance_sheet_resilience_score,0.4201163209583428,1,71.00581604791714,Confirmed,Low
2022Q3,8091,profitability_score,capital_allocation_score,0.049568006616145056,1,52.478400330807254,Divergence,Medium
2022Q3,8091,profitability_score,cash_conversion_score,0.03720917570751849,1,51.860458785375926,Earnings Quality Divergence,Medium
2022Q3,8091,profitability_score,growth_score,0.3095316631029487,1,65.47658315514744,Divergence,Medium
2022Q3,8091,profitability_score,profitability_score,1.0,1,100.0,Confirmed,Low
2022Q3,8091,profitability_score,working_capital_stress_score,0.03502727363892916,1,51.75136368194646,Divergence,Medium
2022Q3,8091,working_capital_stress_score,balance_sheet_resilience_score,-0.07510600500192176,1,46.24469974990391,Balance Sheet Drag,Medium
2022Q3,8091,working_capital_stress_score,capital_allocation_score,-0.215098407231749,1,39.24507963841255,Divergence,High
2022Q3,8091,working_capital_stress_score,cash_conversion_score,-0.42949317312954977,1,28.525341343522513,Divergence,High
2022Q3,8091,working_capital_stress_score,growth_score,-0.23405341122961024,-1,61.70267056148051,Working Capital Absorption,Medium
2022Q3,8091,working_capital_stress_score,profitability_score,0.03502727363892916,1,51.75136368194646,Divergence,Medium
2022Q3,8091,working_capital_stress_score,working_capital_stress_score,1.0,1,100.0,Confirmed,Low
2022Q4,8092,balance_sheet_resilience_score,balance_sheet_resilience_score,1.0,1,100.0,Confirmed,Low
2022Q4,8092,balance_sheet_resilience_score,capital_allocation_score,0.24034493306760973,1,62.01724665338049,Balance Sheet Drag,Medium
2022Q4,8092,balance_sheet_resilience_score,cash_conversion_score,0.05897543785549,1,52.9487718927745,Balance Sheet Drag,Medium
2022Q4,8092,balance_sheet_resilience_score,growth_score,0.13479255789375502,1,56.73962789468775,Balance Sheet Drag,Medium
2022Q4,8092,balance_sheet_resilience_score,profitability_score,0.4021192011985037,1,70.10596005992518,Confirmed,Low
2022Q4,8092,balance_sheet_resilience_score,working_capital_stress_score,-0.27166964734389515,1,36.416517632805245,Balance Sheet Drag,High
2022Q4,8092,capital_allocation_score,balance_sheet_resilience_score,0.24034493306760973,1,62.01724665338049,Balance Sheet Drag,Medium
2022Q4,8092,capital_allocation_score,capital_allocation_score,1.0,1,100.0,Confirmed,Low
2022Q4,8092,capital_allocation_score,cash_conversion_score,0.3893591878663757,1,69.46795939331878,Divergence,Medium
2022Q4,8092,capital_allocation_score,growth_score,0.14986826458604127,1,57.49341322930206,Divergence,Medium
2022Q4,8092,capital_allocation_score,profitability_score,0.21639450761978,1,60.819725380989,Divergence,Medium
2022Q4,8092,capital_allocation_score,working_capital_stress_score,-0.19138458726065932,1,40.43077063696703,Divergence,High
2022Q4,8092,cash_conversion_score,balance_sheet_resilience_score,0.05897543785549,1,52.9487718927745,Balance Sheet Drag,Medium
2022Q4,8092,cash_conversion_score,capital_allocation_score,0.3893591878663757,1,69.46795939331878,Divergence,Medium
2022Q4,8092,cash_conversion_score,cash_conversion_score,1.0,1,100.0,Confirmed,Low
2022Q4,8092,cash_conversion_score,growth_score,0.2591803979373366,1,62.95901989686683,Divergence,Medium
2022Q4,8092,cash_conversion_score,profitability_score,0.25105077214179067,1,62.55253860708954,Earnings Quality Divergence,Medium
2022Q4,8092,cash_conversion_score,working_capital_stress_score,-0.3432184723023006,1,32.83907638488497,Divergence,High
2022Q4,8092,growth_score,balance_sheet_resilience_score,0.13479255789375502,1,56.73962789468775,Balance Sheet Drag,Medium
2022Q4,8092,growth_score,capital_allocation_score,0.14986826458604127,1,57.49341322930206,Divergence,Medium
2022Q4,8092,growth_score,cash_conversion_score,0.2591803979373366,1,62.95901989686683,Divergence,Medium
2022Q4,8092,growth_score,growth_score,1.0,1,100.0,Confirmed,Low
2022Q4,8092,growth_score,profitability_score,0.18550397290289602,1,59.2751986451448,Divergence,Medium
2022Q4,8092,growth_score,working_capital_stress_score,-0.24643997876685023,-1,62.32199893834252,Working Capital Absorption,Medium
2022Q4,8092,profitability_score,balance_sheet_resilience_score,0.4021192011985037,1,70.10596005992518,Confirmed,Low
2022Q4,8092,profitability_score,capital_allocation_score,0.21639450761978,1,60.819725380989,Divergence,Medium
2022Q4,8092,profitability_score,cash_conversion_score,0.25105077214179067,1,62.55253860708954,Earnings Quality Divergence,Medium
2022Q4,8092,profitability_score,growth_score,0.18550397290289602,1,59.2751986451448,Divergence,Medium
2022Q4,8092,profitability_score,profitability_score,1.0,1,100.0,Confirmed,Low
2022Q4,8092,profitability_score,working_capital_stress_score,-0.06315617260072968,1,46.842191369963516,Divergence,Medium
2022Q4,8092,working_capital_stress_score,balance_sheet_resilience_score,-0.27166964734389515,1,36.416517632805245,Balance Sheet Drag,High
2022Q4,8092,working_capital_stress_score,capital_allocation_score,-0.19138458726065932,1,40.43077063696703,Divergence,High
2022Q4,8092,working_capital_stress_score,cash_conversion_score,-0.3432184723023006,1,32.83907638488497,Divergence,High
2022Q4,8092,working_capital_stress_score,growth_score,-0.24643997876685023,-1,62.32199893834252,Working Capital Absorption,Medium
2022Q4,8092,working_capital_stress_score,profitability_score,-0.06315617260072968,1,46.842191369963516,Divergence,Medium
2022Q4,8092,working_capital_stress_score,working_capital_stress_score,1.0,1,100.0,Confirmed,Low
2023Q1,8093,balance_sheet_resilience_score,balance_sheet_resilience_score,1.0,1,100.0,Confirmed,Low
2023Q1,8093,balance_sheet_resilience_score,capital_allocation_score,0.1107314582881438,1,55.53657291440719,Balance Sheet Drag,Medium
2023Q1,8093,balance_sheet_resilience_score,cash_conversion_score,-0.05214532188754277,1,47.39273390562286,Balance Sheet Drag,Medium
2023Q1,8093,balance_sheet_resilience_score,growth_score,0.14339346914212925,1,57.16967345710646,Balance Sheet Drag,Medium
2023Q1,8093,balance_sheet_resilience_score,profitability_score,0.42468918650803794,1,71.2344593254019,Confirmed,Low
2023Q1,8093,balance_sheet_resilience_score,working_capital_stress_score,-0.2698091509388097,1,36.50954245305952,Balance Sheet Drag,High
2023Q1,8093,capital_allocation_score,balance_sheet_resilience_score,0.1107314582881438,1,55.53657291440719,Balance Sheet Drag,Medium
2023Q1,8093,capital_allocation_score,capital_allocation_score,1.0,1,100.0,Confirmed,Low
2023Q1,8093,capital_allocation_score,cash_conversion_score,0.34851864153325357,1,67.42593207666268,Divergence,Medium
2023Q1,8093,capital_allocation_score,growth_score,0.13858461302425318,1,56.929230651212656,Divergence,Medium
2023Q1,8093,capital_allocation_score,profitability_score,0.12847175882420805,1,56.42358794121041,Divergence,Medium
2023Q1,8093,capital_allocation_score,working_capital_stress_score,-0.05152756451210242,1,47.42362177439488,Divergence,Medium
2023Q1,8093,cash_conversion_score,balance_sheet_resilience_score,-0.05214532188754277,1,47.39273390562286,Balance Sheet Drag,Medium
2023Q1,8093,cash_conversion_score,capital_allocation_score,0.34851864153325357,1,67.42593207666268,Divergence,Medium
2023Q1,8093,cash_conversion_score,cash_conversion_score,1.0,1,100.0,Confirmed,Low
2023Q1,8093,cash_conversion_score,growth_score,0.18593697972898587,1,59.29684898644929,Divergence,Medium
2023Q1,8093,cash_conversion_score,profitability_score,0.2974440626685175,1,64.87220313342587,Earnings Quality Divergence,Medium
2023Q1,8093,cash_conversion_score,working_capital_stress_score,-0.3285289557859229,1,33.57355221070385,Divergence,High
2023Q1,8093,growth_score,balance_sheet_resilience_score,0.14339346914212925,1,57.16967345710646,Balance Sheet Drag,Medium
2023Q1,8093,growth_score,capital_allocation_score,0.13858461302425318,1,56.929230651212656,Divergence,Medium
2023Q1,8093,growth_score,cash_conversion_score,0.18593697972898587,1,59.29684898644929,Divergence,Medium
2023Q1,8093,growth_score,growth_score,1.0,1,100.0,Confirmed,Low
2023Q1,8093,growth_score,profitability_score,0.34315250605774683,1,67.15762530288734,Divergence,Medium
2023Q1,8093,growth_score,working_capital_stress_score,-0.39892754596638014,-1,69.946377298319,Working Capital Absorption,Medium
2023Q1,8093,profitability_score,balance_sheet_resilience_score,0.42468918650803794,1,71.2344593254019,Confirmed,Low
2023Q1,8093,profitability_score,capital_allocation_score,0.12847175882420805,1,56.42358794121041,Divergence,Medium
2023Q1,8093,profitability_score,cash_conversion_score,0.2974440626685175,1,64.87220313342587,Earnings Quality Divergence,Medium
2023Q1,8093,profitability_score,growth_score,0.34315250605774683,1,67.15762530288734,Divergence,Medium
2023Q1,8093,profitability_score,profitability_score,1.0,1,100.0,Confirmed,Low
2023Q1,8093,profitability_score,working_capital_stress_score,-0.25726515740645123,1,37.13674212967744,Divergence,High
2023Q1,8093,working_capital_stress_score,balance_sheet_resilience_score,-0.2698091509388097,1,36.50954245305952,Balance Sheet Drag,High
2023Q1,8093,working_capital_stress_score,capital_allocation_score,-0.05152756451210242,1,47.42362177439488,Divergence,Medium
2023Q1,8093,working_capital_stress_score,cash_conversion_score,-0.3285289557859229,1,33.57355221070385,Divergence,High
2023Q1,8093,working_capital_stress_score,growth_score,-0.39892754596638014,-1,69.946377298319,Working Capital Absorption,Medium
2023Q1,8093,working_capital_stress_score,profitability_score,-0.25726515740645123,1,37.13674212967744,Divergence,High
2023Q1,8093,working_capital_stress_score,working_capital_stress_score,1.0,1,100.0,Confirmed,Low
2023Q2,8094,balance_sheet_resilience_score,balance_sheet_resilience_score,1.0,1,100.0,Confirmed,Low
2023Q2,8094,balance_sheet_resilience_score,capital_allocation_score,0.2179044168249866,1,60.89522084124933,Balance Sheet Drag,Medium
2023Q2,8094,balance_sheet_resilience_score,cash_conversion_score,0.03866431760041137,1,51.93321588002057,Balance Sheet Drag,Medium
2023Q2,8094,balance_sheet_resilience_score,growth_score,0.1863415938685649,1,59.31707969342824,Balance Sheet Drag,Medium
2023Q2,8094,balance_sheet_resilience_score,profitability_score,0.4929681743370311,1,74.64840871685155,Confirmed,Low
2023Q2,8094,balance_sheet_resilience_score,working_capital_stress_score,-0.20862089599098185,1,39.56895520045091,Balance Sheet Drag,High
2023Q2,8094,capital_allocation_score,balance_sheet_resilience_score,0.2179044168249866,1,60.89522084124933,Balance Sheet Drag,Medium
2023Q2,8094,capital_allocation_score,capital_allocation_score,1.0,1,100.0,Confirmed,Low
2023Q2,8094,capital_allocation_score,cash_conversion_score,0.48899179619487776,1,74.44958980974388,Confirmed,Low
2023Q2,8094,capital_allocation_score,growth_score,0.051366822276337154,1,52.56834111381685,Divergence,Medium
2023Q2,8094,capital_allocation_score,profitability_score,0.12447059711214184,1,56.22352985560709,Divergence,Medium
2023Q2,8094,capital_allocation_score,working_capital_stress_score,-0.04869736999401716,1,47.56513150029914,Divergence,Medium
2023Q2,8094,cash_conversion_score,balance_sheet_resilience_score,0.03866431760041137,1,51.93321588002057,Balance Sheet Drag,Medium
2023Q2,8094,cash_conversion_score,capital_allocation_score,0.48899179619487776,1,74.44958980974388,Confirmed,Low
2023Q2,8094,cash_conversion_score,cash_conversion_score,1.0,1,100.0,Confirmed,Low
2023Q2,8094,cash_conversion_score,growth_score,0.0016451739662403332,1,50.08225869831202,Divergence,Medium
2023Q2,8094,cash_conversion_score,profitability_score,0.0856521623893657,1,54.28260811946829,Earnings Quality Divergence,Medium
2023Q2,8094,cash_conversion_score,working_capital_stress_score,-0.1653695779559447,1,41.73152110220276,Divergence,High
2023Q2,8094,growth_score,balance_sheet_resilience_score,0.1863415938685649,1,59.31707969342824,Balance Sheet Drag,Medium
2023Q2,8094,growth_score,capital_allocation_score,0.051366822276337154,1,52.56834111381685,Divergence,Medium
2023Q2,8094,growth_score,cash_conversion_score,0.0016451739662403332,1,50.08225869831202,Divergence,Medium
2023Q2,8094,growth_score,growth_score,1.0,1,100.0,Confirmed,Low
2023Q2,8094,growth_score,profitability_score,0.2984421891427917,1,64.92210945713958,Divergence,Medium
2023Q2,8094,growth_score,working_capital_stress_score,-0.43366201526253284,-1,71.68310076312665,Confirmed,Low
2023Q2,8094,profitability_score,balance_sheet_resilience_score,0.4929681743370311,1,74.64840871685155,Confirmed,Low
2023Q2,8094,profitability_score,capital_allocation_score,0.12447059711214184,1,56.22352985560709,Divergence,Medium
2023Q2,8094,profitability_score,cash_conversion_score,0.0856521623893657,1,54.28260811946829,Earnings Quality Divergence,Medium
2023Q2,8094,profitability_score,growth_score,0.2984421891427917,1,64.92210945713958,Divergence,Medium
2023Q2,8094,profitability_score,profitability_score,1.0,1,100.0,Confirmed,Low
2023Q2,8094,profitability_score,working_capital_stress_score,-0.20100678291286808,1,39.949660854356594,Divergence,High
2023Q2,8094,working_capital_stress_score,balance_sheet_resilience_score,-0.20862089599098185,1,39.56895520045091,Balance Sheet Drag,High
2023Q2,8094,working_capital_stress_score,capital_allocation_score,-0.04869736999401716,1,47.56513150029914,Divergence,Medium
2023Q2,8094,working_capital_stress_score,cash_conversion_score,-0.1653695779559447,1,41.73152110220276,Divergence,High
2023Q2,8094,working_capital_stress_score,growth_score,-0.43366201526253284,-1,71.68310076312665,Confirmed,Low
2023Q2,8094,working_capital_stress_score,profitability_score,-0.20100678291286808,1,39.949660854356594,Divergence,High
2023Q2,8094,working_capital_stress_score,working_capital_stress_score,1.0,1,100.0,Confirmed,Low
2023Q3,8095,balance_sheet_resilience_score,balance_sheet_resilience_score,1.0,1,100.0,Confirmed,Low
2023Q3,8095,balance_sheet_resilience_score,capital_allocation_score,0.1552680683396256,1,57.76340341698128,Balance Sheet Drag,Medium
2023Q3,8095,balance_sheet_resilience_score,cash_conversion_score,0.013905778823679413,1,50.69528894118397,Balance Sheet Drag,Medium
2023Q3,8095,balance_sheet_resilience_score,growth_score,0.23304999778577584,1,61.65249988928879,Balance Sheet Drag,Medium
2023Q3,8095,balance_sheet_resilience_score,profitability_score,0.4972375087599293,1,74.86187543799646,Confirmed,Low
2023Q3,8095,balance_sheet_resilience_score,working_capital_stress_score,-0.37264618876415,1,31.3676905617925,Balance Sheet Drag,High
2023Q3,8095,capital_allocation_score,balance_sheet_resilience_score,0.1552680683396256,1,57.76340341698128,Balance Sheet Drag,Medium
2023Q3,8095,capital_allocation_score,capital_allocation_score,1.0,1,100.0,Confirmed,Low
2023Q3,8095,capital_allocation_score,cash_conversion_score,0.4631374107346543,1,73.15687053673273,Confirmed,Low
2023Q3,8095,capital_allocation_score,growth_score,0.07033627638386536,1,53.51681381919327,Divergence,Medium
2023Q3,8095,capital_allocation_score,profitability_score,0.13555539077491477,1,56.77776953874574,Divergence,Medium
2023Q3,8095,capital_allocation_score,working_capital_stress_score,-0.19157470950533254,1,40.421264524733374,Divergence,High
2023Q3,8095,cash_conversion_score,balance_sheet_resilience_score,0.013905778823679413,1,50.69528894118397,Balance Sheet Drag,Medium
2023Q3,8095,cash_conversion_score,capital_allocation_score,0.4631374107346543,1,73.15687053673273,Confirmed,Low
2023Q3,8095,cash_conversion_score,cash_conversion_score,1.0,1,100.0,Confirmed,Low
2023Q3,8095,cash_conversion_score,growth_score,0.009162721762812135,1,50.458136088140606,Divergence,Medium
2023Q3,8095,cash_conversion_score,profitability_score,0.16030751175066196,1,58.0153755875331,Earnings Quality Divergence,Medium
2023Q3,8095,cash_conversion_score,working_capital_stress_score,-0.13591031546109206,1,43.2044842269454,Divergence,High
2023Q3,8095,growth_score,balance_sheet_resilience_score,0.23304999778577584,1,61.65249988928879,Balance Sheet Drag,Medium
2023Q3,8095,growth_score,capital_allocation_score,0.07033627638386536,1,53.51681381919327,Divergence,Medium
2023Q3,8095,growth_score,cash_conversion_score,0.009162721762812135,1,50.458136088140606,Divergence,Medium
2023Q3,8095,growth_score,growth_score,1.0,1,100.0,Confirmed,Low
2023Q3,8095,growth_score,profitability_score,0.325490669056767,1,66.27453345283834,Divergence,Medium
2023Q3,8095,growth_score,working_capital_stress_score,-0.3347795289051402,-1,66.73897644525701,Working Capital Absorption,Medium
2023Q3,8095,profitability_score,balance_sheet_resilience_score,0.4972375087599293,1,74.86187543799646,Confirmed,Low
2023Q3,8095,profitability_score,capital_allocation_score,0.13555539077491477,1,56.77776953874574,Divergence,Medium
2023Q3,8095,profitability_score,cash_conversion_score,0.16030751175066196,1,58.0153755875331,Earnings Quality Divergence,Medium
2023Q3,8095,profitability_score,growth_score,0.325490669056767,1,66.27453345283834,Divergence,Medium
2023Q3,8095,profitability_score,profitability_score,1.0,1,100.0,Confirmed,Low
2023Q3,8095,profitability_score,working_capital_stress_score,-0.2671362695902765,1,36.643186520486175,Divergence,High
2023Q3,8095,working_capital_stress_score,balance_sheet_resilience_score,-0.37264618876415,1,31.3676905617925,Balance Sheet Drag,High
2023Q3,8095,working_capital_stress_score,capital_allocation_score,-0.19157470950533254,1,40.421264524733374,Divergence,High
2023Q3,8095,working_capital_stress_score,cash_conversion_score,-0.13591031546109206,1,43.2044842269454,Divergence,High
2023Q3,8095,working_capital_stress_score,growth_score,-0.3347795289051402,-1,66.73897644525701,Working Capital Absorption,Medium
2023Q3,8095,working_capital_stress_score,profitability_score,-0.2671362695902765,1,36.643186520486175,Divergence,High
2023Q3,8095,working_capital_stress_score,working_capital_stress_score,1.0,1,100.0,Confirmed,Low
2023Q4,8096,balance_sheet_resilience_score,balance_sheet_resilience_score,1.0,1,100.0,Confirmed,Low
2023Q4,8096,balance_sheet_resilience_score,capital_allocation_score,0.07906720501110573,1,53.953360250555285,Balance Sheet Drag,Medium
2023Q4,8096,balance_sheet_resilience_score,cash_conversion_score,0.0466624717739432,1,52.33312358869716,Balance Sheet Drag,Medium
2023Q4,8096,balance_sheet_resilience_score,growth_score,0.05760115038323343,1,52.880057519161674,Balance Sheet Drag,Medium
2023Q4,8096,balance_sheet_resilience_score,profitability_score,0.4633825330411196,1,73.16912665205598,Confirmed,Low
2023Q4,8096,balance_sheet_resilience_score,working_capital_stress_score,-0.16157817149495995,1,41.921091425252,Balance Sheet Drag,High
2023Q4,8096,capital_allocation_score,balance_sheet_resilience_score,0.07906720501110573,1,53.953360250555285,Balance Sheet Drag,Medium
2023Q4,8096,capital_allocation_score,capital_allocation_score,1.0,1,100.0,Confirmed,Low
2023Q4,8096,capital_allocation_score,cash_conversion_score,0.4616725732694546,1,73.08362866347274,Confirmed,Low
2023Q4,8096,capital_allocation_score,growth_score,0.11462317962452608,1,55.7311589812263,Divergence,Medium
2023Q4,8096,capital_allocation_score,profitability_score,0.12592880214308363,1,56.296440107154176,Divergence,Medium
2023Q4,8096,capital_allocation_score,working_capital_stress_score,-0.08526704678327061,1,45.73664766083647,Divergence,Medium
2023Q4,8096,cash_conversion_score,balance_sheet_resilience_score,0.0466624717739432,1,52.33312358869716,Balance Sheet Drag,Medium
2023Q4,8096,cash_conversion_score,capital_allocation_score,0.4616725732694546,1,73.08362866347274,Confirmed,Low
2023Q4,8096,cash_conversion_score,cash_conversion_score,1.0,1,100.0,Confirmed,Low
2023Q4,8096,cash_conversion_score,growth_score,-0.06171159107420576,1,46.91442044628971,Divergence,Medium
2023Q4,8096,cash_conversion_score,profitability_score,0.10306281816035315,1,55.15314090801766,Earnings Quality Divergence,Medium
2023Q4,8096,cash_conversion_score,working_capital_stress_score,-0.08059106764748583,1,45.97044661762571,Divergence,Medium
2023Q4,8096,growth_score,balance_sheet_resilience_score,0.05760115038323343,1,52.880057519161674,Balance Sheet Drag,Medium
2023Q4,8096,growth_score,capital_allocation_score,0.11462317962452608,1,55.7311589812263,Divergence,Medium
2023Q4,8096,growth_score,cash_conversion_score,-0.06171159107420576,1,46.91442044628971,Divergence,Medium
2023Q4,8096,growth_score,growth_score,1.0,1,100.0,Confirmed,Low
2023Q4,8096,growth_score,profitability_score,0.30159210816243026,1,65.07960540812151,Divergence,Medium
2023Q4,8096,growth_score,working_capital_stress_score,-0.23102536732960025,-1,61.551268366480016,Working Capital Absorption,Medium
2023Q4,8096,profitability_score,balance_sheet_resilience_score,0.4633825330411196,1,73.16912665205598,Confirmed,Low
2023Q4,8096,profitability_score,capital_allocation_score,0.12592880214308363,1,56.296440107154176,Divergence,Medium
2023Q4,8096,profitability_score,cash_conversion_score,0.10306281816035315,1,55.15314090801766,Earnings Quality Divergence,Medium
2023Q4,8096,profitability_score,growth_score,0.30159210816243026,1,65.07960540812151,Divergence,Medium
2023Q4,8096,profitability_score,profitability_score,1.0,1,100.0,Confirmed,Low
2023Q4,8096,profitability_score,working_capital_stress_score,-0.18127317128365722,1,40.936341435817134,Divergence,High
2023Q4,8096,working_capital_stress_score,balance_sheet_resilience_score,-0.16157817149495995,1,41.921091425252,Balance Sheet Drag,High
2023Q4,8096,working_capital_stress_score,capital_allocation_score,-0.08526704678327061,1,45.73664766083647,Divergence,Medium
2023Q4,8096,working_capital_stress_score,cash_conversion_score,-0.08059106764748583,1,45.97044661762571,Divergence,Medium
2023Q4,8096,working_capital_stress_score,growth_score,-0.23102536732960025,-1,61.551268366480016,Working Capital Absorption,Medium
2023Q4,8096,working_capital_stress_score,profitability_score,-0.18127317128365722,1,40.936341435817134,Divergence,High
2023Q4,8096,working_capital_stress_score,working_capital_stress_score,1.0,1,100.0,Confirmed,Low
2024Q1,8097,balance_sheet_resilience_score,balance_sheet_resilience_score,1.0,1,100.0,Confirmed,Low
2024Q1,8097,balance_sheet_resilience_score,capital_allocation_score,0.1831451457467261,1,59.15725728733631,Balance Sheet Drag,Medium
2024Q1,8097,balance_sheet_resilience_score,cash_conversion_score,0.037274392825819805,1,51.863719641291,Balance Sheet Drag,Medium
2024Q1,8097,balance_sheet_resilience_score,growth_score,0.0596710041428754,1,52.98355020714377,Balance Sheet Drag,Medium
2024Q1,8097,balance_sheet_resilience_score,profitability_score,0.5323472055150023,1,76.61736027575012,Confirmed,Low
2024Q1,8097,balance_sheet_resilience_score,working_capital_stress_score,-0.21959292654777535,1,39.02035367261123,Balance Sheet Drag,High
2024Q1,8097,capital_allocation_score,balance_sheet_resilience_score,0.1831451457467261,1,59.15725728733631,Balance Sheet Drag,Medium
2024Q1,8097,capital_allocation_score,capital_allocation_score,1.0,1,100.0,Confirmed,Low
2024Q1,8097,capital_allocation_score,cash_conversion_score,0.4166497852837131,1,70.83248926418565,Confirmed,Low
2024Q1,8097,capital_allocation_score,growth_score,0.0781309684060629,1,53.906548420303146,Divergence,Medium
2024Q1,8097,capital_allocation_score,profitability_score,0.0131230011319794,1,50.65615005659897,Divergence,Medium
2024Q1,8097,capital_allocation_score,working_capital_stress_score,0.04683558948331948,1,52.341779474165975,Divergence,Medium
2024Q1,8097,cash_conversion_score,balance_sheet_resilience_score,0.037274392825819805,1,51.863719641291,Balance Sheet Drag,Medium
2024Q1,8097,cash_conversion_score,capital_allocation_score,0.4166497852837131,1,70.83248926418565,Confirmed,Low
2024Q1,8097,cash_conversion_score,cash_conversion_score,1.0,1,100.0,Confirmed,Low
2024Q1,8097,cash_conversion_score,growth_score,-0.077765724086495,1,46.11171379567525,Divergence,Medium
2024Q1,8097,cash_conversion_score,profitability_score,-0.0005320875181681657,1,49.973395624091594,Earnings Quality Divergence,Medium
2024Q1,8097,cash_conversion_score,working_capital_stress_score,-0.08002388381586853,1,45.99880580920657,Divergence,Medium
2024Q1,8097,growth_score,balance_sheet_resilience_score,0.0596710041428754,1,52.98355020714377,Balance Sheet Drag,Medium
2024Q1,8097,growth_score,capital_allocation_score,0.0781309684060629,1,53.906548420303146,Divergence,Medium
2024Q1,8097,growth_score,cash_conversion_score,-0.077765724086495,1,46.11171379567525,Divergence,Medium
2024Q1,8097,growth_score,growth_score,1.0,1,100.0,Confirmed,Low
2024Q1,8097,growth_score,profitability_score,0.21206963525556838,1,60.60348176277842,Divergence,Medium
2024Q1,8097,growth_score,working_capital_stress_score,-0.27804600521081657,-1,63.90230026054083,Working Capital Absorption,Medium
2024Q1,8097,profitability_score,balance_sheet_resilience_score,0.5323472055150023,1,76.61736027575012,Confirmed,Low
2024Q1,8097,profitability_score,capital_allocation_score,0.0131230011319794,1,50.65615005659897,Divergence,Medium
2024Q1,8097,profitability_score,cash_conversion_score,-0.0005320875181681657,1,49.973395624091594,Earnings Quality Divergence,Medium
2024Q1,8097,profitability_score,growth_score,0.21206963525556838,1,60.60348176277842,Divergence,Medium
2024Q1,8097,profitability_score,profitability_score,1.0,1,100.0,Confirmed,Low
2024Q1,8097,profitability_score,working_capital_stress_score,-0.16069957414097819,1,41.965021292951086,Divergence,High
2024Q1,8097,working_capital_stress_score,balance_sheet_resilience_score,-0.21959292654777535,1,39.02035367261123,Balance Sheet Drag,High
2024Q1,8097,working_capital_stress_score,capital_allocation_score,0.04683558948331948,1,52.341779474165975,Divergence,Medium
2024Q1,8097,working_capital_stress_score,cash_conversion_score,-0.08002388381586853,1,45.99880580920657,Divergence,Medium
2024Q1,8097,working_capital_stress_score,growth_score,-0.27804600521081657,-1,63.90230026054083,Working Capital Absorption,Medium
2024Q1,8097,working_capital_stress_score,profitability_score,-0.16069957414097819,1,41.965021292951086,Divergence,High
2024Q1,8097,working_capital_stress_score,working_capital_stress_score,1.0,1,100.0,Confirmed,Low
2024Q2,8098,balance_sheet_resilience_score,balance_sheet_resilience_score,1.0,1,100.0,Confirmed,Low
2024Q2,8098,balance_sheet_resilience_score,capital_allocation_score,0.1251645240487461,1,56.2582262024373,Balance Sheet Drag,Medium
2024Q2,8098,balance_sheet_resilience_score,cash_conversion_score,0.1220679923479631,1,56.10339961739815,Balance Sheet Drag,Medium
2024Q2,8098,balance_sheet_resilience_score,growth_score,-0.09740754174690026,1,45.12962291265499,Balance Sheet Drag,Medium
2024Q2,8098,balance_sheet_resilience_score,profitability_score,0.511184700572043,1,75.55923502860216,Confirmed,Low
2024Q2,8098,balance_sheet_resilience_score,working_capital_stress_score,-0.27467648110853954,1,36.26617594457302,Balance Sheet Drag,High
2024Q2,8098,capital_allocation_score,balance_sheet_resilience_score,0.1251645240487461,1,56.2582262024373,Balance Sheet Drag,Medium
2024Q2,8098,capital_allocation_score,capital_allocation_score,1.0,1,100.0,Confirmed,Low
2024Q2,8098,capital_allocation_score,cash_conversion_score,0.43757577071841974,1,71.87878853592099,Confirmed,Low
2024Q2,8098,capital_allocation_score,growth_score,0.12173400929659531,1,56.08670046482976,Divergence,Medium
2024Q2,8098,capital_allocation_score,profitability_score,0.005483893172426946,1,50.274194658621354,Divergence,Medium
2024Q2,8098,capital_allocation_score,working_capital_stress_score,0.06050238747830952,1,53.02511937391547,Divergence,Medium
2024Q2,8098,cash_conversion_score,balance_sheet_resilience_score,0.1220679923479631,1,56.10339961739815,Balance Sheet Drag,Medium
2024Q2,8098,cash_conversion_score,capital_allocation_score,0.43757577071841974,1,71.87878853592099,Confirmed,Low
2024Q2,8098,cash_conversion_score,cash_conversion_score,1.0,1,100.0,Confirmed,Low
2024Q2,8098,cash_conversion_score,growth_score,-0.1519259672089298,1,42.40370163955351,Divergence,High
2024Q2,8098,cash_conversion_score,profitability_score,0.0006231448397032495,1,50.031157241985156,Earnings Quality Divergence,Medium
2024Q2,8098,cash_conversion_score,working_capital_stress_score,0.02181920610145731,1,51.09096030507286,Divergence,Medium
2024Q2,8098,growth_score,balance_sheet_resilience_score,-0.09740754174690026,1,45.12962291265499,Balance Sheet Drag,Medium
2024Q2,8098,growth_score,capital_allocation_score,0.12173400929659531,1,56.08670046482976,Divergence,Medium
2024Q2,8098,growth_score,cash_conversion_score,-0.1519259672089298,1,42.40370163955351,Divergence,High
2024Q2,8098,growth_score,growth_score,1.0,1,100.0,Confirmed,Low
2024Q2,8098,growth_score,profitability_score,0.03669653436167063,1,51.83482671808353,Divergence,Medium
2024Q2,8098,growth_score,working_capital_stress_score,-0.15567597556772575,-1,57.783798778386284,Working Capital Absorption,Medium
2024Q2,8098,profitability_score,balance_sheet_resilience_score,0.511184700572043,1,75.55923502860216,Confirmed,Low
2024Q2,8098,profitability_score,capital_allocation_score,0.005483893172426946,1,50.274194658621354,Divergence,Medium
2024Q2,8098,profitability_score,cash_conversion_score,0.0006231448397032495,1,50.031157241985156,Earnings Quality Divergence,Medium
2024Q2,8098,profitability_score,growth_score,0.03669653436167063,1,51.83482671808353,Divergence,Medium
2024Q2,8098,profitability_score,profitability_score,1.0,1,100.0,Confirmed,Low
2024Q2,8098,profitability_score,working_capital_stress_score,-0.19770867328760827,1,40.114566335619585,Divergence,High
2024Q2,8098,working_capital_stress_score,balance_sheet_resilience_score,-0.27467648110853954,1,36.26617594457302,Balance Sheet Drag,High
2024Q2,8098,working_capital_stress_score,capital_allocation_score,0.06050238747830952,1,53.02511937391547,Divergence,Medium
2024Q2,8098,working_capital_stress_score,cash_conversion_score,0.02181920610145731,1,51.09096030507286,Divergence,Medium
2024Q2,8098,working_capital_stress_score,growth_score,-0.15567597556772575,-1,57.783798778386284,Working Capital Absorption,Medium
2024Q2,8098,working_capital_stress_score,profitability_score,-0.19770867328760827,1,40.114566335619585,Divergence,High
2024Q2,8098,working_capital_stress_score,working_capital_stress_score,1.0,1,100.0,Confirmed,Low
2024Q3,8099,balance_sheet_resilience_score,balance_sheet_resilience_score,1.0,1,100.0,Confirmed,Low
2024Q3,8099,balance_sheet_resilience_score,capital_allocation_score,0.11622334896312918,1,55.81116744815646,Balance Sheet Drag,Medium
2024Q3,8099,balance_sheet_resilience_score,cash_conversion_score,0.13311132893732291,1,56.655566446866146,Balance Sheet Drag,Medium
2024Q3,8099,balance_sheet_resilience_score,growth_score,-0.08570186291040632,1,45.714906854479686,Balance Sheet Drag,Medium
2024Q3,8099,balance_sheet_resilience_score,profitability_score,0.5121595201889081,1,75.6079760094454,Confirmed,Low
2024Q3,8099,balance_sheet_resilience_score,working_capital_stress_score,-0.19793794036340573,1,40.103102981829714,Balance Sheet Drag,High
2024Q3,8099,capital_allocation_score,balance_sheet_resilience_score,0.11622334896312918,1,55.81116744815646,Balance Sheet Drag,Medium
2024Q3,8099,capital_allocation_score,capital_allocation_score,1.0,1,100.0,Confirmed,Low
2024Q3,8099,capital_allocation_score,cash_conversion_score,0.5767240482505124,1,78.83620241252562,Confirmed,Low
2024Q3,8099,capital_allocation_score,growth_score,-0.006461839503853893,1,49.676908024807304,Divergence,Medium
2024Q3,8099,capital_allocation_score,profitability_score,0.04565660451825855,1,52.282830225912925,Divergence,Medium
2024Q3,8099,capital_allocation_score,working_capital_stress_score,-0.01128003707795038,1,49.435998146102484,Divergence,Medium
2024Q3,8099,cash_conversion_score,balance_sheet_resilience_score,0.13311132893732291,1,56.655566446866146,Balance Sheet Drag,Medium
2024Q3,8099,cash_conversion_score,capital_allocation_score,0.5767240482505124,1,78.83620241252562,Confirmed,Low
2024Q3,8099,cash_conversion_score,cash_conversion_score,1.0,1,100.0,Confirmed,Low
2024Q3,8099,cash_conversion_score,growth_score,-0.037629299097607934,1,48.1185350451196,Divergence,Medium
2024Q3,8099,cash_conversion_score,profitability_score,0.08426711113730143,1,54.213355556865075,Earnings Quality Divergence,Medium
2024Q3,8099,cash_conversion_score,working_capital_stress_score,-0.16488886373037734,1,41.755556813481135,Divergence,High
2024Q3,8099,growth_score,balance_sheet_resilience_score,-0.08570186291040632,1,45.714906854479686,Balance Sheet Drag,Medium
2024Q3,8099,growth_score,capital_allocation_score,-0.006461839503853893,1,49.676908024807304,Divergence,Medium
2024Q3,8099,growth_score,cash_conversion_score,-0.037629299097607934,1,48.1185350451196,Divergence,Medium
2024Q3,8099,growth_score,growth_score,1.0,1,100.0,Confirmed,Low
2024Q3,8099,growth_score,profitability_score,-0.05858000443258211,1,47.07099977837089,Divergence,Medium
2024Q3,8099,growth_score,working_capital_stress_score,-0.2906296888175085,-1,64.53148444087542,Working Capital Absorption,Medium
2024Q3,8099,profitability_score,balance_sheet_resilience_score,0.5121595201889081,1,75.6079760094454,Confirmed,Low
2024Q3,8099,profitability_score,capital_allocation_score,0.04565660451825855,1,52.282830225912925,Divergence,Medium
2024Q3,8099,profitability_score,cash_conversion_score,0.08426711113730143,1,54.213355556865075,Earnings Quality Divergence,Medium
2024Q3,8099,profitability_score,growth_score,-0.05858000443258211,1,47.07099977837089,Divergence,Medium
2024Q3,8099,profitability_score,profitability_score,1.0,1,100.0,Confirmed,Low
2024Q3,8099,profitability_score,working_capital_stress_score,-0.09998257725890436,1,45.00087113705478,Divergence,Medium
2024Q3,8099,working_capital_stress_score,balance_sheet_resilience_score,-0.19793794036340573,1,40.103102981829714,Balance Sheet Drag,High
2024Q3,8099,working_capital_stress_score,capital_allocation_score,-0.01128003707795038,1,49.435998146102484,Divergence,Medium
2024Q3,8099,working_capital_stress_score,cash_conversion_score,-0.16488886373037734,1,41.755556813481135,Divergence,High
2024Q3,8099,working_capital_stress_score,growth_score,-0.2906296888175085,-1,64.53148444087542,Working Capital Absorption,Medium
2024Q3,8099,working_capital_stress_score,profitability_score,-0.09998257725890436,1,45.00087113705478,Divergence,Medium
2024Q3,8099,working_capital_stress_score,working_capital_stress_score,1.0,1,100.0,Confirmed,Low
2024Q4,8100,balance_sheet_resilience_score,balance_sheet_resilience_score,1.0,1,100.0,Confirmed,Low
2024Q4,8100,balance_sheet_resilience_score,capital_allocation_score,0.1393056691188064,1,56.965283455940316,Balance Sheet Drag,Medium
2024Q4,8100,balance_sheet_resilience_score,cash_conversion_score,0.11912211979893376,1,55.95610598994669,Balance Sheet Drag,Medium
2024Q4,8100,balance_sheet_resilience_score,growth_score,-0.012557223792813968,1,49.3721388103593,Balance Sheet Drag,Medium
2024Q4,8100,balance_sheet_resilience_score,profitability_score,0.45514414680110526,1,72.75720734005526,Confirmed,Low
2024Q4,8100,balance_sheet_resilience_score,working_capital_stress_score,-0.2535860127491267,1,37.320699362543664,Balance Sheet Drag,High
2024Q4,8100,capital_allocation_score,balance_sheet_resilience_score,0.1393056691188064,1,56.965283455940316,Balance Sheet Drag,Medium
2024Q4,8100,capital_allocation_score,capital_allocation_score,1.0,1,100.0,Confirmed,Low
2024Q4,8100,capital_allocation_score,cash_conversion_score,0.40187339716066633,1,70.09366985803331,Confirmed,Low
2024Q4,8100,capital_allocation_score,growth_score,0.060248359920319766,1,53.01241799601599,Divergence,Medium
2024Q4,8100,capital_allocation_score,profitability_score,0.010776598315982659,1,50.538829915799134,Divergence,Medium
2024Q4,8100,capital_allocation_score,working_capital_stress_score,-0.15596359197979398,1,42.2018204010103,Divergence,High
2024Q4,8100,cash_conversion_score,balance_sheet_resilience_score,0.11912211979893376,1,55.95610598994669,Balance Sheet Drag,Medium
2024Q4,8100,cash_conversion_score,capital_allocation_score,0.40187339716066633,1,70.09366985803331,Confirmed,Low
2024Q4,8100,cash_conversion_score,cash_conversion_score,1.0,1,100.0,Confirmed,Low
2024Q4,8100,cash_conversion_score,growth_score,-0.021570404674722946,1,48.92147976626385,Divergence,Medium
2024Q4,8100,cash_conversion_score,profitability_score,0.08350603717791578,1,54.175301858895786,Earnings Quality Divergence,Medium
2024Q4,8100,cash_conversion_score,working_capital_stress_score,-0.21926327220900602,1,39.0368363895497,Divergence,High
2024Q4,8100,growth_score,balance_sheet_resilience_score,-0.012557223792813968,1,49.3721388103593,Balance Sheet Drag,Medium
2024Q4,8100,growth_score,capital_allocation_score,0.060248359920319766,1,53.01241799601599,Divergence,Medium
2024Q4,8100,growth_score,cash_conversion_score,-0.021570404674722946,1,48.92147976626385,Divergence,Medium
2024Q4,8100,growth_score,growth_score,1.0,1,100.0,Confirmed,Low
2024Q4,8100,growth_score,profitability_score,-0.02652293760166703,1,48.67385311991665,Divergence,Medium
2024Q4,8100,growth_score,working_capital_stress_score,-0.13039938385109998,-1,56.519969192554996,Working Capital Absorption,Medium
2024Q4,8100,profitability_score,balance_sheet_resilience_score,0.45514414680110526,1,72.75720734005526,Confirmed,Low
2024Q4,8100,profitability_score,capital_allocation_score,0.010776598315982659,1,50.538829915799134,Divergence,Medium
2024Q4,8100,profitability_score,cash_conversion_score,0.08350603717791578,1,54.175301858895786,Earnings Quality Divergence,Medium
2024Q4,8100,profitability_score,growth_score,-0.02652293760166703,1,48.67385311991665,Divergence,Medium
2024Q4,8100,profitability_score,profitability_score,1.0,1,100.0,Confirmed,Low
2024Q4,8100,profitability_score,working_capital_stress_score,-0.04256723632746366,1,47.87163818362682,Divergence,Medium
2024Q4,8100,working_capital_stress_score,balance_sheet_resilience_score,-0.2535860127491267,1,37.320699362543664,Balance Sheet Drag,High
2024Q4,8100,working_capital_stress_score,capital_allocation_score,-0.15596359197979398,1,42.2018204010103,Divergence,High
2024Q4,8100,working_capital_stress_score,cash_conversion_score,-0.21926327220900602,1,39.0368363895497,Divergence,High
2024Q4,8100,working_capital_stress_score,growth_score,-0.13039938385109998,-1,56.519969192554996,Working Capital Absorption,Medium
2024Q4,8100,working_capital_stress_score,profitability_score,-0.04256723632746366,1,47.87163818362682,Divergence,Medium
2024Q4,8100,working_capital_stress_score,working_capital_stress_score,1.0,1,100.0,Confirmed,Low
2025Q1,8101,balance_sheet_resilience_score,balance_sheet_resilience_score,1.0,1,100.0,Confirmed,Low
2025Q1,8101,balance_sheet_resilience_score,capital_allocation_score,0.25399070370076293,1,62.699535185038144,Balance Sheet Drag,Medium
2025Q1,8101,balance_sheet_resilience_score,cash_conversion_score,0.16094861016549777,1,58.047430508274886,Balance Sheet Drag,Medium
2025Q1,8101,balance_sheet_resilience_score,growth_score,-0.0933060201050627,1,45.334698994746866,Balance Sheet Drag,Medium
2025Q1,8101,balance_sheet_resilience_score,profitability_score,0.4679635478617739,1,73.39817739308869,Confirmed,Low
2025Q1,8101,balance_sheet_resilience_score,working_capital_stress_score,-0.2143501058725543,1,39.28249470637228,Balance Sheet Drag,High
2025Q1,8101,capital_allocation_score,balance_sheet_resilience_score,0.25399070370076293,1,62.699535185038144,Balance Sheet Drag,Medium
2025Q1,8101,capital_allocation_score,capital_allocation_score,1.0,1,100.0,Confirmed,Low
2025Q1,8101,capital_allocation_score,cash_conversion_score,0.4641273665529169,1,73.20636832764585,Confirmed,Low
2025Q1,8101,capital_allocation_score,growth_score,0.01675198772985526,1,50.83759938649276,Divergence,Medium
2025Q1,8101,capital_allocation_score,profitability_score,0.1358366028987741,1,56.79183014493871,Divergence,Medium
2025Q1,8101,capital_allocation_score,working_capital_stress_score,-0.19734782276776325,1,40.13260886161184,Divergence,High
2025Q1,8101,cash_conversion_score,balance_sheet_resilience_score,0.16094861016549777,1,58.047430508274886,Balance Sheet Drag,Medium
2025Q1,8101,cash_conversion_score,capital_allocation_score,0.4641273665529169,1,73.20636832764585,Confirmed,Low
2025Q1,8101,cash_conversion_score,cash_conversion_score,1.0,1,100.0,Confirmed,Low
2025Q1,8101,cash_conversion_score,growth_score,-0.016248521414729288,1,49.187573929263536,Divergence,Medium
2025Q1,8101,cash_conversion_score,profitability_score,0.11365321544775821,1,55.68266077238791,Earnings Quality Divergence,Medium
2025Q1,8101,cash_conversion_score,working_capital_stress_score,-0.257838721732165,1,37.10806391339175,Divergence,High
2025Q1,8101,growth_score,balance_sheet_resilience_score,-0.0933060201050627,1,45.334698994746866,Balance Sheet Drag,Medium
2025Q1,8101,growth_score,capital_allocation_score,0.01675198772985526,1,50.83759938649276,Divergence,Medium
2025Q1,8101,growth_score,cash_conversion_score,-0.016248521414729288,1,49.187573929263536,Divergence,Medium
2025Q1,8101,growth_score,growth_score,1.0,1,100.0,Confirmed,Low
2025Q1,8101,growth_score,profitability_score,0.012488913142463628,1,50.62444565712318,Divergence,Medium
2025Q1,8101,growth_score,working_capital_stress_score,0.015883951382797985,-1,49.2058024308601,Working Capital Absorption,Medium
2025Q1,8101,profitability_score,balance_sheet_resilience_score,0.4679635478617739,1,73.39817739308869,Confirmed,Low
2025Q1,8101,profitability_score,capital_allocation_score,0.1358366028987741,1,56.79183014493871,Divergence,Medium
2025Q1,8101,profitability_score,cash_conversion_score,0.11365321544775821,1,55.68266077238791,Earnings Quality Divergence,Medium
2025Q1,8101,profitability_score,growth_score,0.012488913142463628,1,50.62444565712318,Divergence,Medium
2025Q1,8101,profitability_score,profitability_score,1.0,1,100.0,Confirmed,Low
2025Q1,8101,profitability_score,working_capital_stress_score,-0.044846092989041596,1,47.75769535054792,Divergence,Medium
2025Q1,8101,working_capital_stress_score,balance_sheet_resilience_score,-0.2143501058725543,1,39.28249470637228,Balance Sheet Drag,High
2025Q1,8101,working_capital_stress_score,capital_allocation_score,-0.19734782276776325,1,40.13260886161184,Divergence,High
2025Q1,8101,working_capital_stress_score,cash_conversion_score,-0.257838721732165,1,37.10806391339175,Divergence,High
2025Q1,8101,working_capital_stress_score,growth_score,0.015883951382797985,-1,49.2058024308601,Working Capital Absorption,Medium
2025Q1,8101,working_capital_stress_score,profitability_score,-0.044846092989041596,1,47.75769535054792,Divergence,Medium
2025Q1,8101,working_capital_stress_score,working_capital_stress_score,1.0,1,100.0,Confirmed,Low
2025Q2,8102,balance_sheet_resilience_score,balance_sheet_resilience_score,1.0,1,100.0,Confirmed,Low
2025Q2,8102,balance_sheet_resilience_score,capital_allocation_score,0.18883183096128184,1,59.44159154806409,Balance Sheet Drag,Medium
2025Q2,8102,balance_sheet_resilience_score,cash_conversion_score,0.04416442972381633,1,52.20822148619082,Balance Sheet Drag,Medium
2025Q2,8102,balance_sheet_resilience_score,growth_score,-0.10244909355825846,1,44.87754532208707,Balance Sheet Drag,High
2025Q2,8102,balance_sheet_resilience_score,profitability_score,0.45161028159550576,1,72.58051407977528,Confirmed,Low
2025Q2,8102,balance_sheet_resilience_score,working_capital_stress_score,-0.1158620952411455,1,44.206895237942724,Balance Sheet Drag,High
2025Q2,8102,capital_allocation_score,balance_sheet_resilience_score,0.18883183096128184,1,59.44159154806409,Balance Sheet Drag,Medium
2025Q2,8102,capital_allocation_score,capital_allocation_score,1.0,1,100.0,Confirmed,Low
2025Q2,8102,capital_allocation_score,cash_conversion_score,0.3840933743716645,1,69.20466871858324,Divergence,Medium
2025Q2,8102,capital_allocation_score,growth_score,0.1260731028888646,1,56.30365514444323,Divergence,Medium
2025Q2,8102,capital_allocation_score,profitability_score,0.25978932312244046,1,62.98946615612202,Divergence,Medium
2025Q2,8102,capital_allocation_score,working_capital_stress_score,-0.10411244268901156,1,44.79437786554942,Divergence,High
2025Q2,8102,cash_conversion_score,balance_sheet_resilience_score,0.04416442972381633,1,52.20822148619082,Balance Sheet Drag,Medium
2025Q2,8102,cash_conversion_score,capital_allocation_score,0.3840933743716645,1,69.20466871858324,Divergence,Medium
2025Q2,8102,cash_conversion_score,cash_conversion_score,1.0,1,100.0,Confirmed,Low
2025Q2,8102,cash_conversion_score,growth_score,-0.006831835245349239,1,49.65840823773254,Divergence,Medium
2025Q2,8102,cash_conversion_score,profitability_score,0.1326425481390438,1,56.63212740695219,Earnings Quality Divergence,Medium
2025Q2,8102,cash_conversion_score,working_capital_stress_score,-0.2088975682455737,1,39.55512158772132,Divergence,High
2025Q2,8102,growth_score,balance_sheet_resilience_score,-0.10244909355825846,1,44.87754532208707,Balance Sheet Drag,High
2025Q2,8102,growth_score,capital_allocation_score,0.1260731028888646,1,56.30365514444323,Divergence,Medium
2025Q2,8102,growth_score,cash_conversion_score,-0.006831835245349239,1,49.65840823773254,Divergence,Medium
2025Q2,8102,growth_score,growth_score,1.0,1,100.0,Confirmed,Low
2025Q2,8102,growth_score,profitability_score,0.1095267253912941,1,55.476336269564705,Divergence,Medium
2025Q2,8102,growth_score,working_capital_stress_score,-0.011910137241685109,-1,50.595506862084264,Working Capital Absorption,Medium
2025Q2,8102,profitability_score,balance_sheet_resilience_score,0.45161028159550576,1,72.58051407977528,Confirmed,Low
2025Q2,8102,profitability_score,capital_allocation_score,0.25978932312244046,1,62.98946615612202,Divergence,Medium
2025Q2,8102,profitability_score,cash_conversion_score,0.1326425481390438,1,56.63212740695219,Earnings Quality Divergence,Medium
2025Q2,8102,profitability_score,growth_score,0.1095267253912941,1,55.476336269564705,Divergence,Medium
2025Q2,8102,profitability_score,profitability_score,1.0,1,100.0,Confirmed,Low
2025Q2,8102,profitability_score,working_capital_stress_score,-0.09197806294145797,1,45.401096852927104,Divergence,Medium
2025Q2,8102,working_capital_stress_score,balance_sheet_resilience_score,-0.1158620952411455,1,44.206895237942724,Balance Sheet Drag,High
2025Q2,8102,working_capital_stress_score,capital_allocation_score,-0.10411244268901156,1,44.79437786554942,Divergence,High
2025Q2,8102,working_capital_stress_score,cash_conversion_score,-0.2088975682455737,1,39.55512158772132,Divergence,High
2025Q2,8102,working_capital_stress_score,growth_score,-0.011910137241685109,-1,50.595506862084264,Working Capital Absorption,Medium
2025Q2,8102,working_capital_stress_score,profitability_score,-0.09197806294145797,1,45.401096852927104,Divergence,Medium
2025Q2,8102,working_capital_stress_score,working_capital_stress_score,1.0,1,100.0,Confirmed,Low
2025Q3,8103,balance_sheet_resilience_score,balance_sheet_resilience_score,1.0,1,100.0,Confirmed,Low
2025Q3,8103,balance_sheet_resilience_score,capital_allocation_score,0.1875198297450667,1,59.37599148725333,Balance Sheet Drag,Medium
2025Q3,8103,balance_sheet_resilience_score,cash_conversion_score,0.0401236724241047,1,52.00618362120524,Balance Sheet Drag,Medium
2025Q3,8103,balance_sheet_resilience_score,growth_score,0.02158030077129449,1,51.07901503856473,Balance Sheet Drag,Medium
2025Q3,8103,balance_sheet_resilience_score,profitability_score,0.517544600618567,1,75.87723003092835,Confirmed,Low
2025Q3,8103,balance_sheet_resilience_score,working_capital_stress_score,-0.10334895772113992,1,44.832552113943,Balance Sheet Drag,High
2025Q3,8103,capital_allocation_score,balance_sheet_resilience_score,0.1875198297450667,1,59.37599148725333,Balance Sheet Drag,Medium
2025Q3,8103,capital_allocation_score,capital_allocation_score,1.0,1,100.0,Confirmed,Low
2025Q3,8103,capital_allocation_score,cash_conversion_score,0.45475371392505537,1,72.73768569625277,Confirmed,Low
2025Q3,8103,capital_allocation_score,growth_score,0.10245477467791846,1,55.12273873389593,Divergence,Medium
2025Q3,8103,capital_allocation_score,profitability_score,0.12216377027343726,1,56.10818851367186,Divergence,Medium
2025Q3,8103,capital_allocation_score,working_capital_stress_score,-0.10682161462602793,1,44.658919268698604,Divergence,High
2025Q3,8103,cash_conversion_score,balance_sheet_resilience_score,0.0401236724241047,1,52.00618362120524,Balance Sheet Drag,Medium
2025Q3,8103,cash_conversion_score,capital_allocation_score,0.45475371392505537,1,72.73768569625277,Confirmed,Low
2025Q3,8103,cash_conversion_score,cash_conversion_score,1.0,1,100.0,Confirmed,Low
2025Q3,8103,cash_conversion_score,growth_score,0.06120313330238511,1,53.06015666511925,Divergence,Medium
2025Q3,8103,cash_conversion_score,profitability_score,0.07376494306302642,1,53.68824715315132,Earnings Quality Divergence,Medium
2025Q3,8103,cash_conversion_score,working_capital_stress_score,-0.2912550047415903,1,35.43724976292049,Divergence,High
2025Q3,8103,growth_score,balance_sheet_resilience_score,0.02158030077129449,1,51.07901503856473,Balance Sheet Drag,Medium
2025Q3,8103,growth_score,capital_allocation_score,0.10245477467791846,1,55.12273873389593,Divergence,Medium
2025Q3,8103,growth_score,cash_conversion_score,0.06120313330238511,1,53.06015666511925,Divergence,Medium
2025Q3,8103,growth_score,growth_score,1.0,1,100.0,Confirmed,Low
2025Q3,8103,growth_score,profitability_score,0.08551440913796553,1,54.27572045689828,Divergence,Medium
2025Q3,8103,growth_score,working_capital_stress_score,-0.028603598136244166,-1,51.430179906812214,Working Capital Absorption,Medium
2025Q3,8103,profitability_score,balance_sheet_resilience_score,0.517544600618567,1,75.87723003092835,Confirmed,Low
2025Q3,8103,profitability_score,capital_allocation_score,0.12216377027343726,1,56.10818851367186,Divergence,Medium
2025Q3,8103,profitability_score,cash_conversion_score,0.07376494306302642,1,53.68824715315132,Earnings Quality Divergence,Medium
2025Q3,8103,profitability_score,growth_score,0.08551440913796553,1,54.27572045689828,Divergence,Medium
2025Q3,8103,profitability_score,profitability_score,1.0,1,100.0,Confirmed,Low
2025Q3,8103,profitability_score,working_capital_stress_score,0.0749514003909161,1,53.74757001954581,Divergence,Medium
2025Q3,8103,working_capital_stress_score,balance_sheet_resilience_score,-0.10334895772113992,1,44.832552113943,Balance Sheet Drag,High
2025Q3,8103,working_capital_stress_score,capital_allocation_score,-0.10682161462602793,1,44.658919268698604,Divergence,High
2025Q3,8103,working_capital_stress_score,cash_conversion_score,-0.2912550047415903,1,35.43724976292049,Divergence,High
2025Q3,8103,working_capital_stress_score,growth_score,-0.028603598136244166,-1,51.430179906812214,Working Capital Absorption,Medium
2025Q3,8103,working_capital_stress_score,profitability_score,0.0749514003909161,1,53.74757001954581,Divergence,Medium
2025Q3,8103,working_capital_stress_score,working_capital_stress_score,1.0,1,100.0,Confirmed,Low
2025Q4,8104,balance_sheet_resilience_score,balance_sheet_resilience_score,1.0,1,100.0,Confirmed,Low
2025Q4,8104,balance_sheet_resilience_score,capital_allocation_score,0.15129961845462017,1,57.56498092273101,Balance Sheet Drag,Medium
2025Q4,8104,balance_sheet_resilience_score,cash_conversion_score,0.07507453234470188,1,53.753726617235095,Balance Sheet Drag,Medium
2025Q4,8104,balance_sheet_resilience_score,growth_score,-0.09836507473071417,1,45.08174626346429,Balance Sheet Drag,Medium
2025Q4,8104,balance_sheet_resilience_score,profitability_score,0.4035133706004211,1,70.17566853002106,Confirmed,Low
2025Q4,8104,balance_sheet_resilience_score,working_capital_stress_score,0.001277066649278666,1,50.063853332463935,Balance Sheet Drag,Medium
2025Q4,8104,capital_allocation_score,balance_sheet_resilience_score,0.15129961845462017,1,57.56498092273101,Balance Sheet Drag,Medium
2025Q4,8104,capital_allocation_score,capital_allocation_score,1.0,1,100.0,Confirmed,Low
2025Q4,8104,capital_allocation_score,cash_conversion_score,0.37123938560536257,1,68.56196928026813,Divergence,Medium
2025Q4,8104,capital_allocation_score,growth_score,0.1979417256847064,1,59.89708628423532,Divergence,Medium
2025Q4,8104,capital_allocation_score,profitability_score,0.0938031296427688,1,54.69015648213844,Divergence,Medium
2025Q4,8104,capital_allocation_score,working_capital_stress_score,-0.06547199783120841,1,46.72640010843958,Divergence,Medium
2025Q4,8104,cash_conversion_score,balance_sheet_resilience_score,0.07507453234470188,1,53.753726617235095,Balance Sheet Drag,Medium
2025Q4,8104,cash_conversion_score,capital_allocation_score,0.37123938560536257,1,68.56196928026813,Divergence,Medium
2025Q4,8104,cash_conversion_score,cash_conversion_score,1.0,1,100.0,Confirmed,Low
2025Q4,8104,cash_conversion_score,growth_score,-0.14066416699385287,1,42.96679165030736,Divergence,High
2025Q4,8104,cash_conversion_score,profitability_score,0.059327855176658825,1,52.96639275883294,Earnings Quality Divergence,Medium
2025Q4,8104,cash_conversion_score,working_capital_stress_score,-0.3475447933718788,1,32.622760331406056,Divergence,High
2025Q4,8104,growth_score,balance_sheet_resilience_score,-0.09836507473071417,1,45.08174626346429,Balance Sheet Drag,Medium
2025Q4,8104,growth_score,capital_allocation_score,0.1979417256847064,1,59.89708628423532,Divergence,Medium
2025Q4,8104,growth_score,cash_conversion_score,-0.14066416699385287,1,42.96679165030736,Divergence,High
2025Q4,8104,growth_score,growth_score,1.0,1,100.0,Confirmed,Low
2025Q4,8104,growth_score,profitability_score,0.19779362068125114,1,59.88968103406256,Divergence,Medium
2025Q4,8104,growth_score,working_capital_stress_score,0.1169992073003757,-1,44.15003963498121,Working Capital Absorption,High
2025Q4,8104,profitability_score,balance_sheet_resilience_score,0.4035133706004211,1,70.17566853002106,Confirmed,Low
2025Q4,8104,profitability_score,capital_allocation_score,0.0938031296427688,1,54.69015648213844,Divergence,Medium
2025Q4,8104,profitability_score,cash_conversion_score,0.059327855176658825,1,52.96639275883294,Earnings Quality Divergence,Medium
2025Q4,8104,profitability_score,growth_score,0.19779362068125114,1,59.88968103406256,Divergence,Medium
2025Q4,8104,profitability_score,profitability_score,1.0,1,100.0,Confirmed,Low
2025Q4,8104,profitability_score,working_capital_stress_score,0.022321690266740767,1,51.116084513337036,Divergence,Medium
2025Q4,8104,working_capital_stress_score,balance_sheet_resilience_score,0.001277066649278666,1,50.063853332463935,Balance Sheet Drag,Medium
2025Q4,8104,working_capital_stress_score,capital_allocation_score,-0.06547199783120841,1,46.72640010843958,Divergence,Medium
2025Q4,8104,working_capital_stress_score,cash_conversion_score,-0.3475447933718788,1,32.622760331406056,Divergence,High
2025Q4,8104,working_capital_stress_score,growth_score,0.1169992073003757,-1,44.15003963498121,Working Capital Absorption,High
2025Q4,8104,working_capital_stress_score,profitability_score,0.022321690266740767,1,51.116084513337036,Divergence,Medium
2025Q4,8104,working_capital_stress_score,working_capital_stress_score,1.0,1,100.0,Confirmed,Low
2026Q1,8105,balance_sheet_resilience_score,balance_sheet_resilience_score,1.0,1,100.0,Confirmed,Low
2026Q1,8105,balance_sheet_resilience_score,capital_allocation_score,0.24644857702641143,1,62.32242885132058,Balance Sheet Drag,Medium
2026Q1,8105,balance_sheet_resilience_score,cash_conversion_score,0.16046997505397384,1,58.023498752698686,Balance Sheet Drag,Medium
2026Q1,8105,balance_sheet_resilience_score,growth_score,0.03629820988197854,1,51.81491049409893,Balance Sheet Drag,Medium
2026Q1,8105,balance_sheet_resilience_score,profitability_score,0.43177238732576906,1,71.58861936628846,Confirmed,Low
2026Q1,8105,balance_sheet_resilience_score,working_capital_stress_score,-0.21434689021885447,1,39.28265548905728,Balance Sheet Drag,High
2026Q1,8105,capital_allocation_score,balance_sheet_resilience_score,0.24644857702641143,1,62.32242885132058,Balance Sheet Drag,Medium
2026Q1,8105,capital_allocation_score,capital_allocation_score,1.0,1,100.0,Confirmed,Low
2026Q1,8105,capital_allocation_score,cash_conversion_score,0.39282759637120157,1,69.64137981856008,Divergence,Medium
2026Q1,8105,capital_allocation_score,growth_score,0.3402729034092778,1,67.01364517046389,Divergence,Medium
2026Q1,8105,capital_allocation_score,profitability_score,0.13691000114572474,1,56.84550005728624,Divergence,Medium
2026Q1,8105,capital_allocation_score,working_capital_stress_score,-0.04658973214814827,1,47.67051339259258,Divergence,Medium
2026Q1,8105,cash_conversion_score,balance_sheet_resilience_score,0.16046997505397384,1,58.023498752698686,Balance Sheet Drag,Medium
2026Q1,8105,cash_conversion_score,capital_allocation_score,0.39282759637120157,1,69.64137981856008,Divergence,Medium
2026Q1,8105,cash_conversion_score,cash_conversion_score,1.0,1,100.0,Confirmed,Low
2026Q1,8105,cash_conversion_score,growth_score,-0.12165951170837391,1,43.917024414581306,Divergence,High
2026Q1,8105,cash_conversion_score,profitability_score,0.1828549184544953,1,59.14274592272477,Earnings Quality Divergence,Medium
2026Q1,8105,cash_conversion_score,working_capital_stress_score,-0.2169176113179548,1,39.154119434102256,Divergence,High
2026Q1,8105,growth_score,balance_sheet_resilience_score,0.03629820988197854,1,51.81491049409893,Balance Sheet Drag,Medium
2026Q1,8105,growth_score,capital_allocation_score,0.3402729034092778,1,67.01364517046389,Divergence,Medium
2026Q1,8105,growth_score,cash_conversion_score,-0.12165951170837391,1,43.917024414581306,Divergence,High
2026Q1,8105,growth_score,growth_score,1.0,1,100.0,Confirmed,Low
2026Q1,8105,growth_score,profitability_score,0.20244082197836602,1,60.1220410989183,Divergence,Medium
2026Q1,8105,growth_score,working_capital_stress_score,-0.02804060767880568,-1,51.402030383940286,Working Capital Absorption,Medium
2026Q1,8105,profitability_score,balance_sheet_resilience_score,0.43177238732576906,1,71.58861936628846,Confirmed,Low
2026Q1,8105,profitability_score,capital_allocation_score,0.13691000114572474,1,56.84550005728624,Divergence,Medium
2026Q1,8105,profitability_score,cash_conversion_score,0.1828549184544953,1,59.14274592272477,Earnings Quality Divergence,Medium
2026Q1,8105,profitability_score,growth_score,0.20244082197836602,1,60.1220410989183,Divergence,Medium
2026Q1,8105,profitability_score,profitability_score,1.0,1,100.0,Confirmed,Low
2026Q1,8105,profitability_score,working_capital_stress_score,-0.11939042125842728,1,44.03047893707864,Divergence,High
2026Q1,8105,working_capital_stress_score,balance_sheet_resilience_score,-0.21434689021885447,1,39.28265548905728,Balance Sheet Drag,High
2026Q1,8105,working_capital_stress_score,capital_allocation_score,-0.04658973214814827,1,47.67051339259258,Divergence,Medium
2026Q1,8105,working_capital_stress_score,cash_conversion_score,-0.2169176113179548,1,39.154119434102256,Divergence,High
2026Q1,8105,working_capital_stress_score,growth_score,-0.02804060767880568,-1,51.402030383940286,Working Capital Absorption,Medium
2026Q1,8105,working_capital_stress_score,profitability_score,-0.11939042125842728,1,44.03047893707864,Divergence,High
2026Q1,8105,working_capital_stress_score,working_capital_stress_score,1.0,1,100.0,Confirmed,Low
