sector,period,period_order,sector_health_score,corporate_health_score_median,sector_growth_score,growth_score_median,sector_profitability_score,profitability_score_median,sector_cash_conversion_score,cash_conversion_score_median,sector_working_capital_stress,working_capital_stress_score_median,sector_leverage_stress,leverage_stress_score_median,sector_balance_sheet_score,balance_sheet_resilience_score_median,sector_capital_allocation_score,capital_allocation_score_median,sector_matrix_consistency_score,matrix_consistency_score_median,company_count,sector_health_trend_yoy,sector_diffusion_label
Banks,2018Q1,8073,51.28184742647059,51.28184742647059,50.0,50.0,50.0,50.0,50.0,50.0,50.0,50.0,50.0,50.0,50.0,50.0,50.0,50.0,50.0,50.0,18,,Mixed / Divergent
Basic Resources,2018Q1,8073,51.28184742647059,51.28184742647059,50.0,50.0,50.0,50.0,50.0,50.0,50.0,50.0,50.0,49.99999999999999,50.0,50.0,50.0,50.0,50.0,50.0,4,,Mixed / Divergent
Chemicals,2018Q1,8073,51.345949965533094,49.53344996553309,50.0,50.0,50.0,50.0,50.0,50.0,50.0,50.0,50.0,49.99999999999999,50.416666666666664,42.5,50.0,50.0,50.0,50.0,4,,Mixed / Divergent
Construction & Materials,2018Q1,8073,51.40547375180541,49.49922375180541,50.0,50.0,50.0,50.0,50.0,50.0,50.0,50.0,50.0,53.57142857142857,50.80357142857143,41.66666666666667,50.0,50.0,50.0,50.0,8,,Mixed / Divergent
Financial Services,2018Q1,8073,50.41900690067694,48.626348170518206,50.0,50.0,50.0,50.0,50.0,50.0,50.0,50.0,52.77777777777778,59.82142857142857,47.16931216931217,42.261904761904766,50.0,50.0,50.0,50.0,9,,Mixed / Divergent
Food & Beverage,2018Q1,8073,51.281847426470584,49.892958537581706,50.0,50.0,50.0,50.0,50.0,50.0,50.0,50.0,50.0,50.0,50.0,44.44444444444444,50.0,50.0,50.0,50.0,10,,Mixed / Divergent
Health Care,2018Q1,8073,64.86930861475112,64.86930861475112,50.0,50.0,50.0,50.0,50.0,50.0,50.0,50.0,4.191489361702128,4.191489361702128,92.51002158495221,92.51002158495221,50.0,50.0,50.0,50.0,1,,Mixed Improvement
Industrial Goods & Services,2018Q1,8073,51.281847426470584,52.53184742647059,50.0,50.0,50.0,50.0,50.0,50.0,50.0,50.0,50.0,62.5,49.99999999999999,41.666666666666664,50.0,50.0,50.0,50.0,5,,Mixed / Divergent
Insurance,2018Q1,8073,52.68195599030038,52.68195599030038,50.0,50.0,50.0,50.0,50.0,50.0,50.0,50.0,45.75886524822695,45.75886524822695,54.859574468085114,54.859574468085114,50.0,50.0,50.0,50.0,1,,Mixed / Divergent
Oil & Gas,2018Q1,8073,50.95098107406251,50.95098107406251,50.0,50.0,50.0,50.0,50.0,50.0,50.0,50.0,51.54255319148937,51.54255319148937,49.39192106074621,49.39192106074621,50.0,50.0,50.0,50.0,2,,Mixed / Divergent
Personal & Household Goods,2018Q1,8073,57.773175330321195,57.773175330321195,50.0,50.0,50.0,50.0,50.0,50.0,50.0,50.0,22.578014184397162,22.578014184397162,64.77166204131976,64.77166204131976,50.0,50.0,50.0,50.0,2,,Mixed Improvement
Real Estate,2018Q1,8073,51.35307246987337,50.87216969209559,50.0,50.0,50.0,50.0,50.0,50.0,50.0,50.0,50.0,51.5625,50.46296296296296,50.97222222222223,50.0,50.0,50.0,50.0,18,,Mixed / Divergent
Retail,2018Q1,8073,51.28184742647059,51.28184742647059,50.0,50.0,50.0,50.0,50.0,50.0,50.0,50.0,50.0,50.0,50.0,50.0,50.0,50.0,50.0,50.0,3,,Mixed / Divergent
Technology,2018Q1,8073,51.73451453302701,51.73451453302701,50.0,50.0,50.0,50.0,50.0,50.0,50.0,50.0,46.141843971631204,46.141843971631204,49.08418131359852,49.08418131359852,50.0,50.0,50.0,50.0,2,,Mixed / Divergent
Travel & Leisure,2018Q1,8073,56.62068955771962,56.62068955771962,50.0,50.0,50.0,50.0,50.0,50.0,50.0,50.0,34.42198581560284,34.42198581560284,69.12447322438072,69.12447322438072,50.0,50.0,50.0,50.0,2,,Mixed Improvement
Unknown,2018Q1,8073,66.03339649229505,66.03339649229505,50.0,50.0,50.0,50.0,50.0,50.0,50.0,50.0,2.0638297872340425,2.0638297872340425,97.94893617021276,97.94893617021276,50.0,50.0,50.0,50.0,1,,Broad Improvement
Utilities,2018Q1,8073,51.28184742647059,50.03184742647059,50.0,50.0,50.0,50.0,50.0,50.0,50.0,50.0,50.0,55.0,50.0,46.66666666666667,50.0,50.0,50.0,50.0,6,,Mixed / Divergent
Banks,2018Q2,8074,51.278079044117646,51.278079044117646,50.0,50.0,50.0,50.0,50.0,50.0,50.0,50.0,50.0,50.0,50.0,50.0,50.0,50.0,50.0,50.0,18,,Mixed / Divergent
Basic Resources,2018Q2,8074,51.278079044117646,49.81974571078432,50.0,50.0,50.0,50.0,50.0,50.0,50.0,50.0,50.0,54.166666666666664,50.0,44.44444444444444,50.0,50.0,50.0,50.0,4,,Mixed / Divergent
Chemicals,2018Q2,8074,51.534489200367645,46.284489200367645,50.0,50.0,50.0,50.0,50.0,50.0,50.0,50.0,50.0,62.5,51.666666666666664,29.166666666666668,50.0,50.0,50.0,50.0,5,,Mixed / Divergent
Construction & Materials,2018Q2,8074,51.36965409992122,50.708939814206936,50.0,50.0,50.0,50.0,50.0,50.0,50.0,50.0,50.0,50.0,50.595238095238095,46.904761904761905,50.0,50.0,50.0,50.0,8,,Mixed / Divergent
Financial Services,2018Q2,8074,50.38674850096288,52.044486596200976,50.0,50.0,50.0,50.0,50.0,50.0,50.0,50.0,52.77777777777778,47.32142857142857,46.98412698412699,52.57936507936508,50.0,50.0,50.0,50.0,9,,Mixed / Divergent
Food & Beverage,2018Q2,8074,51.278079044117646,50.861412377450975,50.0,50.0,50.0,50.0,50.0,50.0,50.0,50.0,50.0,50.0,50.0,46.2962962962963,50.0,50.0,50.0,50.0,10,,Mixed / Divergent
Health Care,2018Q2,8074,65.17685904000581,65.17685904000581,50.0,50.0,50.0,50.0,50.0,50.0,50.0,50.0,3.026315789473684,3.026315789473684,93.36842105263158,93.36842105263158,50.0,50.0,50.0,50.0,1,,Broad Improvement
Industrial Goods & Services,2018Q2,8074,51.278079044117646,53.153079044117646,50.0,50.0,50.0,50.0,50.0,50.0,50.0,50.0,50.0,50.0,50.0,37.5,50.0,50.0,50.0,50.0,5,,Mixed / Divergent
Insurance,2018Q2,8074,53.21734954165054,53.21734954165054,50.0,50.0,50.0,50.0,50.0,50.0,50.0,50.0,45.921052631578945,45.921052631578945,58.526315789473685,58.526315789473685,50.0,50.0,50.0,50.0,1,,Mixed / Divergent
Oil & Gas,2018Q2,8074,50.90872152328227,50.90872152328227,50.0,50.0,50.0,50.0,50.0,50.0,50.0,50.0,53.55263157894737,53.55263157894737,51.151806755695205,51.151806755695205,50.0,50.0,50.0,50.0,2,,Mixed / Divergent
Personal & Household Goods,2018Q2,8074,56.39205674312773,56.39205674312773,50.0,50.0,50.0,50.0,50.0,50.0,50.0,50.0,26.97368421052632,26.97368421052632,60.21455223880597,60.21455223880597,50.0,50.0,50.0,50.0,2,,Mixed Improvement
Real Estate,2018Q2,8074,51.34930408752043,50.54548464307598,50.0,50.0,50.0,50.0,50.0,50.0,50.0,50.0,50.0,54.6875,50.46296296296296,48.78472222222223,50.0,50.0,50.0,50.0,18,,Mixed / Divergent
Retail,2018Q2,8074,51.278079044117646,51.278079044117646,50.0,50.0,50.0,50.0,50.0,50.0,50.0,50.0,50.0,50.0,50.0,50.0,50.0,50.0,50.0,50.0,3,,Mixed / Divergent
Technology,2018Q2,8074,51.01723760472743,51.01723760472743,50.0,50.0,50.0,50.0,50.0,50.0,50.0,50.0,49.276315789473685,49.276315789473685,47.58084577114428,47.58084577114428,50.0,50.0,50.0,50.0,2,,Mixed / Divergent
Travel & Leisure,2018Q2,8074,54.77535848045774,54.77535848045774,50.0,50.0,50.0,50.0,50.0,50.0,50.0,50.0,35.39473684210527,35.39473684210527,58.127062058130406,58.127062058130406,50.0,50.0,50.0,50.0,2,,Mixed / Divergent
Unknown,2018Q2,8074,65.8246320663216,65.8246320663216,50.0,50.0,50.0,50.0,50.0,50.0,50.0,50.0,3.026315789473684,3.026315789473684,97.57894736842105,97.57894736842105,50.0,50.0,50.0,50.0,1,,Broad Improvement
Utilities,2018Q2,8074,51.278079044117646,48.778079044117646,50.0,50.0,50.0,50.0,50.0,50.0,50.0,50.0,50.0,60.0,50.0,43.333333333333336,50.0,50.0,50.0,50.0,6,,Mixed / Divergent
Banks,2018Q3,8075,51.13111213235294,51.13111213235294,50.0,50.0,50.0,50.0,50.0,50.0,50.0,50.0,50.0,50.0,50.0,50.0,50.0,50.0,50.0,50.0,18,,Mixed / Divergent
Basic Resources,2018Q3,8075,51.13111213235294,49.67277879901961,50.0,50.0,50.0,50.0,50.0,50.0,50.0,50.0,50.0,54.166666666666664,50.0,44.44444444444444,50.0,50.0,50.0,50.0,4,,Mixed / Divergent
Chemicals,2018Q3,8075,51.13111213235294,49.25611213235294,50.0,50.0,50.0,50.0,50.0,50.0,50.0,50.0,50.0,50.0,50.0,50.0,50.0,50.0,50.0,50.0,5,,Mixed / Divergent
Construction & Materials,2018Q3,8075,51.24100219931723,50.68743077074579,50.0,50.0,50.0,50.0,50.0,50.0,50.0,50.0,50.0,50.0,50.714285714285715,45.23809523809524,50.0,50.0,50.0,50.0,8,,Mixed / Divergent
Financial Services,2018Q3,8075,50.359846662362855,47.87968793220413,50.0,50.0,50.0,50.0,50.0,50.0,50.0,50.0,52.77777777777778,58.92857142857143,47.76455026455026,41.42857142857142,50.0,50.0,50.0,50.0,9,,Mixed / Divergent
Food & Beverage,2018Q3,8075,51.13111213235294,51.5477787990196,50.0,50.0,50.0,50.0,50.0,50.0,50.0,50.0,50.0,50.0,50.0,47.22222222222222,50.0,50.0,50.0,50.0,10,,Mixed / Divergent
Health Care,2018Q3,8075,65.11086375653058,65.11086375653058,50.0,50.0,50.0,50.0,50.0,50.0,50.0,50.0,3.026315789473684,3.026315789473684,93.89473684210526,93.89473684210526,50.0,50.0,50.0,50.0,1,,Broad Improvement
Industrial Goods & Services,2018Q3,8075,51.13111213235294,53.00611213235294,50.0,50.0,50.0,50.0,50.0,50.0,50.0,50.0,50.0,50.0,50.0,37.5,50.0,50.0,50.0,50.0,5,,Mixed / Divergent
Insurance,2018Q3,8075,53.08252837412926,53.08252837412926,50.0,50.0,50.0,50.0,50.0,50.0,50.0,50.0,46.31578947368421,46.31578947368421,59.0,59.0,50.0,50.0,50.0,50.0,1,,Mixed / Divergent
Oil & Gas,2018Q3,8075,51.837629281153255,51.837629281153255,50.0,50.0,50.0,50.0,50.0,50.0,50.0,50.0,48.0921052631579,48.0921052631579,52.68446852425181,52.68446852425181,50.0,50.0,50.0,50.0,2,,Mixed / Divergent
Personal & Household Goods,2018Q3,8075,55.500702391822266,55.500702391822266,50.0,50.0,50.0,50.0,50.0,50.0,50.0,50.0,29.407894736842106,29.407894736842106,57.81024251805985,57.81024251805985,50.0,50.0,50.0,50.0,2,,Mixed Improvement
Real Estate,2018Q3,8075,51.13111213235294,49.25611213235294,50.0,50.0,50.0,50.0,50.0,50.0,50.0,50.0,50.0,54.6875,50.0,46.875,50.0,50.0,50.0,50.0,18,,Mixed / Divergent
Retail,2018Q3,8075,51.13111213235294,51.13111213235294,50.0,50.0,50.0,50.0,50.0,50.0,50.0,50.0,50.0,50.0,50.0,50.0,50.0,50.0,50.0,50.0,3,,Mixed / Divergent
Technology,2018Q3,8075,49.523587158958975,49.523587158958975,50.0,50.0,50.0,50.0,50.0,50.0,50.0,50.0,52.63157894736842,52.63157894736842,42.18266253869969,42.18266253869969,50.0,50.0,50.0,50.0,2,,Mixed / Divergent
Travel & Leisure,2018Q3,8075,56.726608874927436,56.726608874927436,50.0,50.0,50.0,50.0,50.0,50.0,50.0,50.0,32.63157894736842,32.63157894736842,69.00232198142415,69.00232198142415,50.0,50.0,50.0,50.0,2,,Mixed Improvement
Unknown,2018Q3,8075,65.67766515455689,65.67766515455689,50.0,50.0,50.0,50.0,50.0,50.0,50.0,50.0,3.026315789473684,3.026315789473684,97.57894736842105,97.57894736842105,50.0,50.0,50.0,50.0,1,,Broad Improvement
Utilities,2018Q3,8075,51.13111213235294,49.13111213235294,50.0,50.0,50.0,50.0,50.0,50.0,50.0,50.0,50.0,55.0,50.0,43.333333333333336,50.0,50.0,50.0,50.0,6,,Mixed / Divergent
Banks,2018Q4,8076,51.97492630463644,54.978194278492644,50.0,50.0,50.0,55.3921568627451,50.0,50.0,50.0,50.0,50.0,42.64705882352942,50.0,54.90196078431372,50.0,51.470588235294116,75.27777777777777,100.0,18,,Mixed / Divergent
Basic Resources,2018Q4,8076,52.088886374080886,52.495136374080886,50.0,50.0,50.0,44.444444444444436,50.0,48.333333333333336,50.0,58.33333333333333,50.0,52.08333333333333,50.0,53.125,50.0,55.555555555555564,77.5,77.5,4,,Mixed / Divergent
Chemicals,2018Q4,8076,52.33247602251838,51.96997602251838,50.0,50.0,49.99999999999999,50.0,50.0,50.0,49.99999999999999,50.0,50.0,50.0,50.41666666666667,43.75,50.0,50.0,81.0,100.0,5,,Mixed / Divergent
Construction & Materials,2018Q4,8076,52.32123082370155,56.237056007941916,50.0,50.0,50.0,59.52380952380952,50.0,48.57142857142857,50.0,39.285714285714285,49.25595238095238,46.13095238095238,50.815795068027214,51.58163265306122,51.48809523809524,50.39682539682539,74.375,100.0,8,,Mixed / Divergent
Financial Services,2018Q4,8076,49.665975135714014,52.76640975400577,50.0,50.0,50.0,41.666666666666664,50.0,45.0,52.77777777777778,50.0,51.91798941798942,49.55357142857143,47.49622071050643,47.470238095238095,48.148148148148145,51.19047619047618,55.55555555555556,20.0,9,,Mixed / Divergent
Food & Beverage,2018Q4,8076,51.9986679857707,57.65723280058551,50.0,50.0,50.0,57.407407407407405,50.0,50.0,50.0,52.77777777777778,50.0,48.611111111111114,50.0,50.34722222222223,50.37037037037037,57.407407407407405,75.0,100.0,10,,Mixed / Divergent
Health Care,2018Q4,8076,56.50903429131467,56.50903429131467,50.0,50.0,43.61702127659574,43.61702127659574,42.795698924731184,42.795698924731184,58.46808510638298,58.46808510638298,5.3464912280701755,5.3464912280701755,91.38095238095238,91.38095238095238,15.171454555181086,15.171454555181086,55.0,55.0,1,,Mixed Improvement
Industrial Goods & Services,2018Q4,8076,52.576065670955884,48.10106567095588,50.0,50.0,50.0,41.666666666666664,50.0,35.0,50.0,62.5,50.0,43.75,50.0,43.75,52.5,52.77777777777778,82.0,100.0,5,,Mixed / Divergent
Insurance,2018Q4,8076,57.77441328638618,57.77441328638618,50.0,50.0,5.673758865248227,5.673758865248227,91.18279569892474,91.18279569892474,33.39716312056738,33.39716312056738,56.92251461988304,56.92251461988304,50.480367585630745,50.480367585630745,85.22976515273096,85.22976515273096,100.0,100.0,1,,Mixed Improvement
Oil & Gas,2018Q4,8076,49.30403842671697,49.30403842671697,50.0,50.0,5.319148936170213,5.319148936170213,55.59139784946237,55.59139784946237,32.8936170212766,32.8936170212766,53.01608187134503,53.01608187134503,51.751440488476085,51.751440488476085,66.0140159417964,66.0140159417964,100.0,100.0,2,,Mixed / Divergent
Personal & Household Goods,2018Q4,8076,46.78077598347949,46.78077598347949,50.0,50.0,32.6241134751773,32.6241134751773,26.129032258064512,26.129032258064512,43.18085106382979,43.18085106382979,29.179093567251464,29.179093567251464,60.65861498108015,60.65861498108015,43.29160648371048,43.29160648371048,37.5,37.5,2,,Mixed / Divergent
Real Estate,2018Q4,8076,51.478139108524275,52.29149986949533,50.0,50.0,50.0,50.0,50.0,50.0,50.0,50.0,50.0,48.4375,50.164128151260506,47.5,50.490196078431374,48.88888888888889,64.11764705882354,100.0,17,,Mixed / Divergent
Retail,2018Q4,8076,50.50769041053922,34.38269041053922,50.0,50.0,50.0,50.0,50.0,50.0,50.0,25.0,50.0,50.0,50.0,56.25,50.0,58.333333333333336,46.666666666666664,20.0,3,,Mixed / Divergent
Technology,2018Q4,8076,49.748806550152494,49.748806550152494,50.0,50.0,29.78723404255319,29.78723404255319,58.06451612903226,58.06451612903226,40.59929078014184,40.59929078014184,48.117690058479525,48.117690058479525,46.61936704506363,46.61936704506363,39.62713315144707,39.62713315144707,77.5,77.5,2,,Mixed / Divergent
Travel & Leisure,2018Q4,8076,69.41823288242597,69.41823288242597,50.0,50.0,60.81560283687943,60.81560283687943,56.98924731182796,56.98924731182796,26.680851063829785,26.680851063829785,22.737573099415204,22.737573099415204,71.50042385375203,71.50042385375203,63.97849462365591,63.97849462365591,100.0,100.0,2,,Broad Improvement
Unknown,2018Q4,8076,54.531140548419046,54.531140548419046,50.0,50.0,61.70212765957447,61.70212765957447,7.311827956989246,7.311827956989246,36.709219858156025,36.709219858156025,2.6842105263157894,2.6842105263157894,97.64912280701755,97.64912280701755,2.1505376344086047,2.1505376344086047,20.0,20.0,1,,Mixed / Divergent
Utilities,2018Q4,8076,52.088886374080886,48.463886374080886,50.0,50.0,50.0,60.0,50.0,54.0,50.0,40.0,50.0,57.5,50.0,43.75,50.0,43.333333333333336,77.5,77.5,6,,Mixed / Divergent
Banks,2019Q1,8077,52.43923561325572,54.744791168811275,50.0,41.17647058823529,50.0,53.529411764705884,50.0,53.52941176470588,50.0,50.0,50.0,45.588235294117645,50.0,53.67647058823529,50.0,50.73529411764706,81.38888888888889,88.75,18,1.157388186785127,Mixed / Divergent
Basic Resources,2019Q1,8077,51.79108771829044,55.423032162734884,50.0,49.99999999999999,50.0,50.0,50.0,38.33333333333333,50.0,50.0,50.0,56.24999999999999,50.0,47.222222222222214,50.0,55.0,68.75,68.75,4,0.5092402918198502,Mixed / Divergent
Chemicals,2019Q1,8077,52.00903635110294,50.859036351102944,50.0,49.99999999999999,49.99999999999999,50.0,49.99999999999999,53.33333333333333,50.0,50.0,50.0,41.666666666666664,50.0,50.0,50.0,50.0,73.0,60.0,5,0.6630863855698479,Mixed / Divergent
Construction & Materials,2019Q1,8077,53.09865777848412,58.400413376556685,50.0,53.57142857142857,50.0,47.857142857142854,50.0,54.285714285714285,50.0,42.85714285714286,48.95833333333333,51.48809523809524,51.10337537792895,54.735449735449734,50.625,50.0,86.5625,88.75,8,1.6931840266787077,Mixed / Divergent
Financial Services,2019Q1,8077,50.984690213002885,53.23818999254432,50.0,50.0,50.0,42.5,50.0,50.0,52.77777777777778,50.0,52.74470899470899,37.5,48.15127131099353,57.460317460317455,50.208333333333336,48.92857142857143,74.72222222222223,77.5,9,0.5656833123259446,Mixed / Divergent
Food & Beverage,2019Q1,8077,52.24407924028119,50.40657924028118,49.99999999999999,52.77777777777777,50.0,47.77777777777777,50.0,48.88888888888889,50.0,52.77777777777778,50.0,50.0,50.0,50.0,50.166666666666664,48.47222222222223,77.25,88.75,10,0.9622318138106039,Mixed / Divergent
Health Care,2019Q1,8077,56.78649234267602,56.78649234267602,50.53191489361702,50.53191489361702,46.94960806270997,46.94960806270997,29.247311827956985,29.247311827956985,56.05263157894737,56.05263157894737,6.982323498992629,6.982323498992629,86.61551748503604,86.61551748503604,30.235743487213153,30.235743487213153,77.5,77.5,1,-8.0828162720751,Mixed Improvement
Industrial Goods & Services,2019Q1,8077,52.291087522977946,49.657754189644606,50.0,50.0,50.0,45.0,50.0,50.0,50.0,50.0,50.0,50.0,50.0,44.44444444444444,50.0,55.0,78.5,77.5,5,1.0092400965073622,Mixed / Divergent
Insurance,2019Q1,8077,54.128350636346234,54.128350636346234,48.40425531914893,48.40425531914893,8.909294512877938,8.909294512877938,82.58064516129032,82.58064516129032,34.60526315789474,34.60526315789474,56.874762397566954,56.874762397566954,48.61623340469815,48.61623340469815,67.46849293266888,67.46849293266888,100.0,100.0,1,1.446394646045853,Mixed / Divergent
Oil & Gas,2019Q1,8077,51.86024147924519,51.86024147924519,49.734042553191486,49.734042553191486,19.413213885778273,19.413213885778273,61.39784946236559,61.39784946236559,33.75,33.75,49.83410330121781,49.83410330121781,50.19571461331419,50.19571461331419,49.17459938527648,49.17459938527648,100.0,100.0,2,0.9092604051826783,Mixed / Divergent
Personal & Household Goods,2019Q1,8077,57.12696066147981,57.12696066147981,47.6063829787234,47.6063829787234,52.871220604703254,52.871220604703254,29.89247311827957,29.89247311827957,41.973684210526315,41.973684210526315,23.395416569065667,23.395416569065667,70.00498745873648,70.00498745873648,56.15260660678583,56.15260660678583,77.5,77.5,2,-0.646214668841381,Mixed Improvement
Real Estate,2019Q1,8077,51.89084642185053,49.961021316060354,50.0,53.125,49.06318082788671,51.98529411764706,50.0,50.0,50.0,55.882352941176464,49.741285403050114,49.26470588235294,50.11488970588235,52.19566993464053,49.230324074074076,50.19871794871795,74.86111111111111,68.75,18,0.5377739519771652,Mixed / Divergent
Retail,2019Q1,8077,52.32527554381127,34.70027554381127,50.0,50.0,50.0,40.0,50.0,50.0,50.0,50.0,50.0,50.0,50.0,55.55555555555556,50.0,55.0,79.16666666666667,77.5,3,1.0434281173406816,Mixed / Divergent
Technology,2019Q1,8077,59.435085742860295,59.435085742860295,76.59574468085106,76.59574468085106,44.69876819708847,44.69876819708847,46.12903225806451,46.12903225806451,37.23684210526316,37.23684210526316,49.166635466347174,49.166635466347174,48.93042508258098,48.93042508258098,47.59362597356092,47.59362597356092,88.75,88.75,2,7.700571209833285,Mixed Improvement
Travel & Leisure,2019Q1,8077,69.37391261373456,69.37391261373456,59.04255319148937,59.04255319148937,75.03247480403135,75.03247480403135,42.36559139784946,42.36559139784946,30.06578947368421,30.06578947368421,23.13597791241382,23.13597791241382,71.4730313602171,71.4730313602171,51.62319835277968,51.62319835277968,88.75,88.75,2,12.753223056014939,Broad Improvement
Unknown,2019Q1,8077,63.8240220890656,63.8240220890656,82.97872340425532,82.97872340425532,46.13661814109742,46.13661814109742,10.752688172043014,10.752688172043014,37.89473684210526,37.89473684210526,2.2181400470874153,2.2181400470874153,86.34105988929218,86.34105988929218,31.128460306566005,31.128460306566005,60.0,60.0,1,-2.2093744032294538,Mixed Improvement
Utilities,2019Q1,8077,52.32527554381128,48.57110887714461,50.0,50.0,50.0,56.0,50.0,58.0,50.0,50.0,50.0,55.0,50.0,47.77777777777778,50.0,48.0,79.16666666666667,77.5,6,1.0434281173406887,Mixed / Divergent
Banks,2019Q2,8078,50.75744491607384,47.314021416301756,50.0,54.41176470588235,50.0,51.76470588235294,50.0,50.0,50.0,50.0,50.0,44.11764705882353,50.0,54.41176470588235,50.0,53.67647058823529,66.01850473096239,71.59547415107292,18,-0.5206341280438096,Mixed / Divergent
Basic Resources,2019Q2,8078,50.59161425786268,58.5565964163965,49.99999999999999,49.99999999999999,50.0,53.33333333333333,50.0,38.33333333333333,49.99999999999999,66.66666666666666,50.0,52.08333333333333,50.0,46.29629629629629,50.0,53.33333333333333,62.7848056326811,62.363100767143415,4,-0.686464786254966,Mixed / Divergent
Chemicals,2019Q2,8078,51.10020492289921,44.485921882486274,50.0,49.99999999999999,50.0,50.0,50.0,50.0,50.0,50.0,50.0,50.0,50.0,52.77777777777778,50.0,45.0,72.70232747492547,74.76492876261345,5,-0.4342842774684357,Mixed / Divergent
Construction & Materials,2019Q2,8078,51.448223160705034,54.02593428620426,50.0,50.0,50.0,46.42857142857142,50.0,52.857142857142854,50.0,46.42857142857142,48.95833333333333,52.08333333333333,50.94039351851852,49.65608465608466,50.535714285714285,50.95238095238095,72.47107663607596,74.25969913304739,8,0.07856906078381343,Mixed / Divergent
Financial Services,2019Q2,8078,49.3889452042778,53.09611710506351,50.0,56.25,50.0,47.5,50.0,42.5,52.77777777777778,50.0,52.5380291005291,45.625,47.938712522045854,40.833333333333336,49.791666666666664,48.57142857142857,61.880699662266494,69.53273556157856,9,-0.9978032966850776,Mixed / Divergent
Food & Beverage,2019Q2,8078,51.04733957408664,53.41313683601285,50.0,55.55555555555556,50.0,48.888888888888886,50.0,48.888888888888886,50.0,52.77777777777777,49.99999999999999,48.611111111111114,50.0,49.074074074074076,50.05555555555556,50.83333333333333,71.56034165928362,72.13554615706711,10,-0.23073947003100415,Mixed / Divergent
Health Care,2019Q2,8078,55.42448606801189,55.42448606801189,48.421052631578945,48.421052631578945,47.50438596491229,47.50438596491229,37.05263157894736,37.05263157894736,56.026785714285715,56.026785714285715,9.202896237657473,9.202896237657473,74.04168011231296,74.04168011231296,40.0177909562639,40.0177909562639,70.2209330165253,70.2209330165253,1,-9.752372971993921,Mixed Improvement
Industrial Goods & Services,2019Q2,8078,50.85890259210722,44.444269643660135,50.0,25.0,50.0,50.0,50.0,45.0,50.0,25.0,50.0,43.75,50.0,47.22222222222222,50.0,55.0,67.99693018643583,69.2876045508275,5,-0.41917645201042575,Mixed / Divergent
Insurance,2019Q2,8078,51.547684240479946,51.547684240479946,38.94736842105263,38.94736842105263,7.765350877192982,7.765350877192982,88.00000000000001,88.00000000000001,30.97267316017316,30.97267316017316,53.51693601342478,53.51693601342478,48.82519997004769,48.82519997004769,70.71905114899926,70.71905114899926,69.18505727490198,69.18505727490198,1,-1.6696653011705962,Mixed / Divergent
Oil & Gas,2019Q2,8078,45.9613419085306,45.9613419085306,42.36842105263158,42.36842105263158,26.11951754385965,26.11951754385965,44.8421052631579,44.8421052631579,35.237418831168824,35.237418831168824,49.04881225983754,49.04881225983754,51.42857394753307,51.42857394753307,50.26538176426983,50.26538176426983,74.84807096169128,74.84807096169128,2,-4.947379614751668,Mixed / Divergent
Personal & Household Goods,2019Q2,8078,57.22503570488654,57.22503570488654,47.36842105263158,47.36842105263158,55.04385964912281,55.04385964912281,35.15789473684211,35.15789473684211,43.662067099567096,43.662067099567096,23.316620762196607,23.316620762196607,71.12695085766067,71.12695085766067,55.14603409933283,55.14603409933283,71.7505943843066,71.7505943843066,2,0.8329789617588048,Mixed Improvement
Real Estate,2019Q2,8078,50.40657858899723,52.54314056600699,50.0,51.470588235294116,49.06318082788671,53.23529411764706,50.0,49.375,50.0,55.88235294117647,50.14978213507626,48.25367647058824,50.19715640885984,55.86703431372548,50.14756944444444,48.448660714285715,62.48662365856634,59.46533375798454,18,-0.9427254985232025,Mixed / Divergent
Retail,2019Q2,8078,51.1381178974365,33.250086438403535,50.0,75.0,50.0,45.0,50.0,50.0,50.0,50.0,50.0,62.5,50.0,50.0,50.0,55.0,73.44163076719302,65.68100158653355,3,-0.139961146681145,Mixed / Divergent
Technology,2019Q2,8078,47.74578741483107,47.74578741483107,42.63157894736842,42.63157894736842,45.26644736842105,45.26644736842105,43.78947368421052,43.78947368421052,39.15719696969697,39.15719696969697,51.08852114645654,51.08852114645654,47.05295797127241,47.05295797127241,47.53595255744996,47.53595255744996,72.41595688873443,72.41595688873443,2,-3.271450189896356,Mixed / Divergent
Travel & Leisure,2019Q2,8078,65.27768957082185,65.27768957082185,53.684210526315795,53.684210526315795,74.14035087719299,74.14035087719299,37.1578947368421,37.1578947368421,24.33035714285714,24.33035714285714,24.670454292118617,24.670454292118617,71.68594617193588,71.68594617193588,48.421052631578945,48.421052631578945,70.65184154026028,70.65184154026028,2,10.502331090364109,Broad Improvement
Unknown,2019Q2,8078,62.36694568429133,62.36694568429133,79.47368421052632,79.47368421052632,47.32675438596491,47.32675438596491,5.263157894736841,5.263157894736841,30.201569264069263,30.201569264069263,1.993145743145743,1.993145743145743,86.41189011489764,86.41189011489764,31.31578947368421,31.31578947368421,59.39268369712735,59.39268369712735,1,-3.4576863820302677,Mixed Improvement
Utilities,2019Q2,8078,50.227278147917076,44.47306506412709,50.0,55.0,50.0,56.0,50.0,56.0,50.0,55.0,50.0,50.0,50.0,50.0,50.0,56.0,55.68024871352415,57.75582387296147,6,-1.0508008962005704,Mixed / Divergent
Banks,2019Q3,8079,51.96593182924573,49.157972093294276,50.0,55.882352941176464,50.0,54.411764705882355,50.0,50.0,50.0,50.0,50.0,44.117647058823536,50.0,55.88235294117647,50.0,54.411764705882355,69.21832983186358,72.07977564088998,18,0.8348196968927937,Mixed / Divergent
Basic Resources,2019Q3,8079,51.62786799383787,52.28229525964881,49.99999999999999,49.99999999999999,50.0,53.33333333333333,50.0,45.0,49.99999999999999,58.33333333333333,50.0,54.166666666666664,50.0,48.148148148148145,50.0,51.66666666666667,62.62608246631369,62.56652184669918,4,0.4967558614849281,Mixed / Divergent
Chemicals,2019Q3,8079,52.24669571321832,52.22651682846397,50.0,25.0,50.0,65.0,50.0,55.0,50.0,50.0,50.0,37.5,50.0,58.333333333333336,50.0,55.0,74.69322770796106,73.23867666003646,5,1.1155835808653833,Mixed / Divergent
Construction & Materials,2019Q3,8079,51.54175152222902,41.509440687644236,50.0,50.0,50.0,50.0,50.0,50.0,50.0,50.0,51.1739417989418,43.035714285714285,49.64962836986646,49.24603174603175,50.0,51.42857142857142,65.51975090120158,59.90901003642952,9,0.30074932291179124,Mixed / Divergent
Financial Services,2019Q3,8079,50.396320107365014,51.42518948349565,50.0,50.0,50.0,52.5,50.0,43.75,52.77777777777778,50.0,51.570767195767196,36.25,48.95631246325691,51.911375661375665,49.791666666666664,47.142857142857146,55.20425349668906,53.58211332321905,9,0.036473445002158655,Mixed / Divergent
Food & Beverage,2019Q3,8079,51.87405044020126,54.26624464362395,50.0,58.33333333333333,50.0,53.33333333333333,50.0,41.11111111111111,50.0,50.0,50.0,47.22222222222223,50.0,50.61728395061728,50.0,51.80555555555556,67.42664204561834,66.56682241036845,10,0.7429383078483198,Mixed / Divergent
Health Care,2019Q3,8079,55.88025405024453,55.88025405024453,44.79166666666667,44.79166666666667,46.881578947368425,46.881578947368425,38.526315789473685,38.526315789473685,55.377435064935064,55.377435064935064,9.291074046228683,9.291074046228683,74.37863330601746,74.37863330601746,39.593567251461984,39.593567251461984,71.64022358929125,71.64022358929125,1,-9.230609706286046,Mixed Improvement
Industrial Goods & Services,2019Q3,8079,51.86883205785135,49.050693052585295,50.0,50.0,50.0,50.0,50.0,55.0,50.0,37.5,50.0,43.75,50.83333333333333,51.85185185185185,50.0,50.0,64.82488355004574,68.49483705926299,5,0.7377199254984106,Mixed / Divergent
Insurance,2019Q3,8079,62.97481673931457,62.97481673931457,77.60416666666667,77.60416666666667,9.857456140350877,9.857456140350877,88.8421052631579,88.8421052631579,33.056006493506494,33.056006493506494,54.179089810533114,54.179089810533114,52.11094690713519,52.11094690713519,67.65789473684211,67.65789473684211,71.12924920463978,71.12924920463978,1,9.892288365185308,Mixed Improvement
Oil & Gas,2019Q3,8079,46.531361900076675,46.531361900076675,24.739583333333332,24.739583333333332,25.906798245614034,25.906798245614034,60.52631578947367,60.52631578947367,36.864177489177486,36.864177489177486,46.45106826163527,46.45106826163527,54.10935484840935,54.10935484840935,52.917397660818715,52.917397660818715,75.59667939546807,75.59667939546807,2,-5.30626738107658,Mixed / Divergent
Personal & Household Goods,2019Q3,8079,56.251878429080264,56.251878429080264,44.270833333333336,44.270833333333336,53.58004385964913,53.58004385964913,36.526315789473685,36.526315789473685,42.55614177489177,42.55614177489177,28.658063371336567,28.658063371336567,65.85935008022197,65.85935008022197,59.777777777777786,59.777777777777786,67.52372555481426,67.52372555481426,2,0.7511760372579985,Mixed Improvement
Real Estate,2019Q3,8079,51.323928268918344,54.42150478743287,50.0,50.0,49.106753812636164,53.19852941176471,50.0,46.25,50.0,54.41176470588235,50.23148148148148,48.943014705882355,50.047941630355844,52.879901960784316,50.234375,47.622767857142854,60.354109818048414,57.541391087618265,18,0.19281613656540486,Mixed / Divergent
Retail,2019Q3,8079,52.256319718001095,68.05830807611255,50.0,25.0,50.0,30.0,50.0,70.0,50.0,50.0,50.0,25.0,50.0,66.66666666666667,50.0,55.0,74.880895874533,83.80705277739668,3,1.1252075856481554,Mixed / Divergent
Technology,2019Q3,8079,51.62988121303857,51.62988121303857,44.010416666666664,44.010416666666664,45.47039473684211,45.47039473684211,44.94736842105263,44.94736842105263,37.27002164502164,37.27002164502164,47.08830151806956,47.08830151806956,54.812513981667536,54.812513981667536,49.28508771929825,49.28508771929825,71.0094563968247,71.0094563968247,2,2.106294054079598,Mixed / Divergent
Travel & Leisure,2019Q3,8079,62.79477489355147,62.79477489355147,38.28125,38.28125,74.03837719298245,74.03837719298245,44.736842105263165,44.736842105263165,25.89285714285714,25.89285714285714,26.84347081898628,26.84347081898628,69.32498090293205,69.32498090293205,47.44663742690058,47.44663742690058,69.21449120113618,69.21449120113618,2,6.068166018624034,Mixed Improvement
Unknown,2019Q3,8079,79.70087134718686,79.70087134718686,60.93749999999999,60.93749999999999,54.82675438596491,54.82675438596491,93.89473684210527,93.89473684210527,42.70156926406927,42.70156926406927,2.1913367274192015,2.1913367274192015,85.88602726111446,85.88602726111446,55.26315789473685,55.26315789473685,76.97071718340064,76.97071718340064,1,14.02320619262997,Broad Improvement
Utilities,2019Q3,8079,51.371167669062864,51.546745307867546,50.0,55.0,50.0,50.0,50.0,58.0,50.0,40.0,50.0,50.0,50.0,52.22222222222222,50.0,54.0,57.6204241778658,59.63197695395941,6,0.2400555367099244,Mixed / Divergent
Banks,2019Q4,8080,50.45302369693448,48.1790045456959,50.0,49.50980392156863,50.0,53.529411764705884,50.0,50.0,50.0,47.05882352941176,50.0,50.0,50.0,52.205882352941174,50.0,48.529411764705884,69.05265059884034,67.98855924427735,18,-1.5219026077019606,Mixed / Divergent
Basic Resources,2019Q4,8080,49.82646796989886,55.48210025951125,49.999999999999986,55.55555555555555,49.999999999999986,53.333333333333314,50.0,51.666666666666664,49.99999999999999,58.33333333333333,50.0,47.222222222222214,50.0,50.0,50.0,50.0,56.83480914905155,57.33327446791484,4,-2.2624184041820286,Mixed / Divergent
Chemicals,2019Q4,8080,49.830147285406994,54.36379948907672,50.0,50.0,50.0,65.0,50.0,55.0,50.0,50.0,51.666666666666664,48.61111111111111,50.0,47.22222222222222,50.0,50.0,61.90655582948621,65.51597397102275,5,-2.502328737111384,Mixed / Divergent
Construction & Materials,2019Q4,8080,49.97962196109215,38.23855630389596,50.0,52.38095238095237,50.0,48.57142857142857,50.0,50.0,50.0,50.0,50.476741622574956,47.00396825396825,50.321239606953895,45.11904761904762,50.0,51.42857142857142,60.28781919078709,54.244019224421514,9,-2.341608862609398,Mixed / Divergent
Financial Services,2019Q4,8080,49.38395985406396,50.98394982593751,50.0,47.916666666666664,50.0,52.5,50.0,47.5,50.0,50.0,49.31878306878306,57.738095238095234,48.680004409171076,53.57142857142857,50.208333333333336,45.71428571428571,49.70556683177165,47.72674371285404,9,-0.28201528165005385,Mixed / Divergent
Food & Beverage,2019Q4,8080,50.10292749942097,50.44175080235837,50.0,60.18518518518519,50.0,51.1111111111111,50.0,52.222222222222214,50.0,49.99999999999999,50.0,48.148148148148145,50.0,52.46913580246914,50.0,52.77777777777778,62.22577208057761,57.526959487413016,10,-1.8957404863497302,Mixed / Divergent
Health Care,2019Q4,8080,58.248815884867,58.248815884867,56.79299645390071,56.79299645390071,47.723684210526315,47.723684210526315,32.083333333333336,32.083333333333336,50.147226443769,50.147226443769,7.689158493282204,7.689158493282204,79.82149949820415,79.82149949820415,39.946407113674596,39.946407113674596,72.02944728980842,72.02944728980842,1,1.7397815935523298,Mixed Improvement
Industrial Goods & Services,2019Q4,8080,49.81224569525414,56.80310318900863,50.0,50.0,50.0,50.0,50.0,50.0,50.0,50.0,50.0,50.0,50.00000000000001,47.22222222222222,50.0,55.0,56.55747468514589,52.065992100997185,5,-2.763819975701743,Mixed / Divergent
Insurance,2019Q4,8080,55.7026642796626,55.7026642796626,53.1286938534279,53.1286938534279,7.969298245614036,7.969298245614036,89.16666666666666,89.16666666666666,27.52170258819195,27.52170258819195,59.01096786330262,59.01096786330262,56.599638040563164,56.599638040563164,67.93243811583754,67.93243811583754,71.16757403440768,71.16757403440768,1,-2.0717490067235786,Mixed Improvement
Oil & Gas,2019Q4,8080,37.84124903565981,37.84124903565981,34.00007387706856,34.00007387706856,19.639254385964914,19.639254385964914,45.208333333333336,45.208333333333336,55.10611673344386,55.10611673344386,55.04593628077558,55.04593628077558,53.16283447432842,53.16283447432842,52.945385724585435,52.945385724585435,58.8091125456609,58.8091125456609,2,-11.462789391057164,Weakening
Personal & Household Goods,2019Q4,8080,58.73914125616153,58.73914125616153,66.47643321513003,66.47643321513003,56.305921052631575,56.305921052631575,31.354166666666668,31.354166666666668,44.30987064796905,44.30987064796905,35.273162715931065,35.273162715931065,66.15945246834649,66.15945246834649,58.61917207402067,58.61917207402067,70.6418877064803,70.6418877064803,2,11.958365272682045,Mixed Improvement
Real Estate,2019Q4,8080,50.590560478678945,48.106483781502945,51.08932461873638,50.52083333333333,49.106753812636164,56.06617647058823,50.0,50.588235294117645,48.8562091503268,49.126838235294116,49.68037400145243,47.35416666666666,49.96985445412733,50.60457516339869,50.202194535221494,48.047181372549026,65.15677756878753,64.76378925323773,18,-0.8875786298453292,Mixed / Divergent
Retail,2019Q4,8080,50.48794182885189,59.99455414323904,50.0,50.0,50.0,35.0,50.0,50.0,50.0,62.5,50.0,41.666666666666664,50.0,61.111111111111114,50.0,50.0,69.73355443720807,76.53246739161776,3,-0.019748581687331068,Mixed / Divergent
Technology,2019Q4,8080,54.109281853842745,54.109281853842745,56.3848256501182,56.3848256501182,46.21052631578947,46.21052631578947,44.0625,44.0625,37.48334168048264,37.48334168048264,43.846722253332324,43.846722253332324,56.705581927367064,56.705581927367064,48.383426459985586,48.383426459985586,74.44007209459025,74.44007209459025,2,4.360475303690251,Mixed / Divergent
Travel & Leisure,2019Q4,8080,54.24967058326637,54.24967058326637,33.03782505910166,33.03782505910166,72.46381578947368,72.46381578947368,48.75,48.75,47.722127717141014,47.722127717141014,42.358900443042344,42.358900443042344,70.83967549117216,70.83967549117216,44.874143835616444,44.874143835616444,61.01867568449266,61.01867568449266,2,-15.168562299159596,Mixed / Divergent
Unknown,2019Q4,8080,63.66155108966824,63.66155108966824,83.00827423167847,83.00827423167847,60.46929824561403,60.46929824561403,11.874999999999996,11.874999999999996,52.98751189708636,52.98751189708636,1.977661513743988,1.977661513743988,86.72948205193768,86.72948205193768,32.36842105263158,32.36842105263158,62.17070319958429,62.17070319958429,1,9.13041054124919,Mixed Improvement
Utilities,2019Q4,8080,49.72183859403206,49.13984298518938,50.0,50.0,50.0,56.0,50.0,48.0,50.0,52.5,50.0,50.0,50.0,48.888888888888886,50.0,58.0,54.79453552266713,56.07482161322625,6,-2.3670477800488285,Mixed / Divergent
Banks,2020Q1,8081,49.70859225130284,52.30537467061504,50.0,54.90196078431373,50.0,54.705882352941174,50.0,48.23529411764706,50.0,50.0,50.0,48.03921568627452,50.0,50.73529411764706,50.0,43.38235294117648,63.43131793377854,64.49817261208528,18,-2.730643361952879,Mixed / Divergent
Basic Resources,2020Q1,8081,49.59082951219906,57.58728155720067,50.0,47.222222222222214,49.999999999999986,56.66666666666665,49.99999999999999,46.66666666666666,49.99999999999999,50.0,49.99999999999999,47.22222222222222,50.0,46.2962962962963,50.0,53.33333333333333,61.134943624233564,61.53162497059102,4,-2.200258206091384,Mixed / Divergent
Chemicals,2020Q1,8081,48.61170096065722,60.85558251840257,46.66666666666667,45.833333333333336,50.0,65.0,50.0,45.0,50.0,50.0,51.25,40.27777777777778,50.0,52.77777777777778,50.0,55.0,62.458596077625735,65.03512256497513,5,-3.3973353904457255,Mixed / Divergent
Construction & Materials,2020Q1,8081,49.49118905487221,37.6399476539393,49.99999999999999,54.76190476190476,49.99999999999999,45.71428571428571,50.0,50.0,50.0,57.14285714285714,50.592482363315696,47.44047619047618,49.91155412782397,48.10846560846561,50.0,50.0,61.234738653855125,54.7895892849761,9,-3.607468723611909,Mixed / Divergent
Financial Services,2020Q1,8081,49.59607556881892,51.18521889310927,50.0,43.75,50.0,45.0,50.0,42.5,49.76851851851852,45.833333333333336,48.67151675485009,59.64285714285714,49.12643298059965,38.0952380952381,50.38194444444444,48.57142857142857,58.41415975769917,53.41487090434857,9,-1.388614644183967,Mixed / Divergent
Food & Beverage,2020Q1,8081,49.5172244559412,49.29794066581633,50.0,51.85185185185185,50.0,51.111111111111114,50.0,54.44444444444444,50.0,50.69444444444444,50.0,50.0,50.0,50.308641975308646,49.83333333333333,51.94444444444444,60.03297779987499,55.59087431219484,10,-2.7268547843399915,Mixed / Divergent
Health Care,2020Q1,8081,62.51740991465156,62.51740991465156,58.729897660818715,58.729897660818715,52.08333333333333,52.08333333333333,52.083333333333336,52.083333333333336,48.575197959280835,48.575197959280835,23.836813527667733,23.836813527667733,80.48362091849822,80.48362091849822,48.6472602739726,48.6472602739726,81.37785612292825,81.37785612292825,1,5.730917571975539,Mixed Improvement
Industrial Goods & Services,2020Q1,8081,49.31161553710935,48.06663293612712,50.0,45.833333333333336,50.0,45.0,50.0,60.0,50.0,43.75,50.0,50.0,50.90277777777778,42.59259259259259,50.0,45.0,52.98193564982498,52.17219767623804,5,-2.9794719858685994,Mixed / Divergent
Insurance,2020Q1,8081,52.71218640186049,52.71218640186049,41.29751461988304,41.29751461988304,6.25,6.25,93.12499999999999,93.12499999999999,29.92097197284255,29.92097197284255,58.01624800069598,58.01624800069598,58.34510474491145,58.34510474491145,73.17351598173516,73.17351598173516,60.44316737159736,60.44316737159736,1,-1.4161642344857412,Mixed / Divergent
Oil & Gas,2020Q1,8081,35.94771588441727,35.94771588441727,32.96509502923976,32.96509502923976,12.916666666666668,12.916666666666668,45.520833333333336,45.520833333333336,42.6044610338601,42.6044610338601,57.84000653681134,57.84000653681134,48.80846270103204,48.80846270103204,50.27682648401827,50.27682648401827,50.87301045497638,50.87301045497638,2,-15.912525594827919,Weakening
Personal & Household Goods,2020Q1,8081,49.73647547867798,49.73647547867798,44.194992690058484,44.194992690058484,55.10416666666667,55.10416666666667,25.72916666666667,25.72916666666667,44.20050481316929,44.20050481316929,39.40440569369565,39.40440569369565,65.43182196972853,65.43182196972853,52.906678082191775,52.906678082191775,68.37265374338551,68.37265374338551,2,-7.390485182801832,Mixed / Divergent
Real Estate,2020Q1,8081,49.607998477180416,54.728567399244056,50.0,45.09803921568627,50.0,51.76470588235294,50.0,52.94117647058823,50.0,47.05882352941177,50.30433006535947,47.54289215686274,49.798021060275964,52.3202614379085,49.85294117647059,55.66666666666667,63.28278323445871,61.853533234367674,18,-2.2828479446701166,Mixed / Divergent
Retail,2020Q1,8081,50.1920063154495,66.46596844682625,50.0,50.0,50.0,40.0,50.0,50.0,50.0,37.5,50.0,33.333333333333336,50.0,66.66666666666667,50.0,45.0,72.85789586689549,80.83713849443063,3,-2.133269228361776,Mixed / Divergent
Technology,2020Q1,8081,53.415055087297965,53.415055087297965,48.94828216374269,48.94828216374269,48.4375,48.4375,53.75,53.75,37.60448972669122,37.60448972669122,47.72259938157298,47.72259938157298,56.86528768671755,56.86528768671755,50.01712328767124,50.01712328767124,67.56711833910099,67.56711833910099,2,-6.02003065556233,Mixed / Divergent
Travel & Leisure,2020Q1,8081,49.234009031362355,49.234009031362355,29.544956140350877,29.544956140350877,61.041666666666664,61.041666666666664,50.41666666666667,50.41666666666667,50.26957844705046,50.26957844705046,46.13173783952919,46.13173783952919,64.57859722505182,64.57859722505182,46.75228310502283,46.75228310502283,62.5824184693984,62.5824184693984,2,-20.139903582372206,Mixed / Divergent
Unknown,2020Q1,8081,68.74721139362441,68.74721139362441,60.45138888888889,60.45138888888889,59.374999999999986,59.374999999999986,51.666666666666664,51.666666666666664,44.99914559125085,44.99914559125085,2.1913367274192015,2.1913367274192015,87.05614004306935,87.05614004306935,48.697916666666664,48.697916666666664,71.26811861219547,71.26811861219547,1,4.923189304558811,Broad Improvement
Utilities,2020Q1,8081,49.30924676681693,50.188413780313326,50.0,51.66666666666667,50.0,54.0,50.0,50.0,50.0,45.0,50.0,53.333333333333336,50.69444444444445,46.388888888888886,50.0,54.0,53.560744611079535,48.63082040758329,6,-3.0160287769943466,Mixed / Divergent
Banks,2020Q2,8082,50.2041468257432,53.062520427997725,50.0,54.90196078431372,50.0,57.647058823529406,50.0,47.647058823529406,50.0,58.82352941176471,50.00000000000001,45.09803921568628,50.0,50.73529411764706,50.0,52.20588235294118,64.26765635911914,66.56306786027997,18,-0.5532980903306353,Mixed / Divergent
Basic Resources,2020Q2,8082,50.19931386740138,51.96799458499841,49.99999999999999,51.388888888888886,49.999999999999986,56.66666666666665,50.0,49.99999999999999,50.0,45.83333333333333,49.99999999999999,52.77777777777777,50.0,44.44444444444444,50.0,46.66666666666667,64.17341363464031,64.54702798658084,4,-0.39230039046130116,Mixed / Divergent
Chemicals,2020Q2,8082,50.2714761881152,46.40643129702228,50.0,41.666666666666664,50.0,50.0,50.0,55.0,50.0,37.5,50.0,54.166666666666664,50.0,47.22222222222222,50.0,50.0,65.58057943823371,65.64973962357035,5,-0.8287287347840078,Mixed / Divergent
Construction & Materials,2020Q2,8082,49.84212987730918,36.40879705528733,50.0,50.0,50.0,50.0,50.0,50.0,50.0,53.57142857142857,50.85703262786596,44.36507936507937,49.53493743176283,51.03174603174603,50.0,51.42857142857142,61.17460869541323,53.10371704053338,9,-1.6060932833958503,Mixed / Divergent
Financial Services,2020Q2,8082,50.0626296744951,57.2474551438019,50.0,47.916666666666664,50.0,47.5,50.0,50.0,50.0,50.0,49.66765873015873,49.345238095238095,48.88705173427396,51.97089947089947,50.3125,50.892857142857146,63.224891819472504,63.65696117033517,9,0.6736844702172959,Mixed / Divergent
Food & Beverage,2020Q2,8082,49.87082837726341,49.046374455976775,50.0,50.0,50.0,51.111111111111114,50.0,51.11111111111111,50.0,45.83333333333333,50.0,48.14814814814815,50.0,48.76543209876543,49.61111111111111,48.333333333333336,58.54572185259101,51.47024842266033,10,-1.1765111968232347,Mixed / Divergent
Health Care,2020Q2,8082,62.55569813203785,62.55569813203785,61.631944444444436,61.631944444444436,53.33333333333333,53.33333333333333,43.958333333333336,43.958333333333336,53.98145053475936,53.98145053475936,13.196384458299155,13.196384458299155,78.07881183655827,78.07881183655827,47.320205479452056,47.320205479452056,80.45327053769157,80.45327053769157,1,7.131212064025959,Mixed Improvement
Industrial Goods & Services,2020Q2,8082,49.811826086410306,51.55443519799955,50.0,50.0,50.0,45.0,50.0,40.0,50.0,43.75,50.0,50.0,51.041666666666664,46.29629629629629,50.0,55.0,53.49239895374602,55.21958118553083,5,-1.0470765056969142,Mixed / Divergent
Insurance,2020Q2,8082,52.82450717959443,52.82450717959443,43.229166666666664,43.229166666666664,7.083333333333333,7.083333333333333,89.37499999999999,89.37499999999999,33.15169817927171,33.15169817927171,52.66600630011816,52.66600630011816,59.075163836101154,59.075163836101154,71.44121004566209,71.44121004566209,50.73073839087749,50.73073839087749,1,1.2768229391144814,Mixed / Divergent
Oil & Gas,2020Q2,8082,35.26884040887357,35.26884040887357,22.743055555555557,22.743055555555557,10.625,10.625,55.62500000000001,55.62500000000001,42.90061194932518,42.90061194932518,57.06451272725715,57.06451272725715,49.896027710229035,49.896027710229035,45.195490867579906,45.195490867579906,54.13009885121005,54.13009885121005,2,-10.692501499657027,Weakening
Personal & Household Goods,2020Q2,8082,40.04804882011193,40.04804882011193,25.78125,25.78125,45.20833333333333,45.20833333333333,22.708333333333336,22.708333333333336,48.02867169595111,48.02867169595111,42.30911282506467,42.30911282506467,62.1731019863911,62.1731019863911,49.99999999999999,49.99999999999999,50.14479882558377,50.14479882558377,2,-17.176986884774607,Weakening
Real Estate,2020Q2,8082,49.98970990797156,51.88745903626589,50.0,53.92156862745099,50.0,51.76470588235294,50.0,50.588235294117645,50.0,50.73529411764706,50.16339869281045,46.200980392156865,49.981844589687725,49.877450980392155,50.08169934640523,54.84313725490197,60.467398445723035,60.15209504167821,18,-0.41686868102566876,Mixed / Divergent
Retail,2020Q2,8082,50.78748764800079,61.361297231339535,50.0,50.0,50.0,35.0,50.0,50.0,50.0,50.0,50.0,50.0,50.0,50.0,50.0,50.0,75.6428068365604,83.64021567104088,3,-0.3506302494357101,Mixed / Divergent
Technology,2020Q2,8082,55.28210805276666,55.28210805276666,53.03819444444444,53.03819444444444,48.75,48.75,53.125,53.125,34.4025536350904,34.4025536350904,49.76975781381542,49.76975781381542,55.551482611636956,55.551482611636956,51.92494292237443,51.92494292237443,72.60956741071013,72.60956741071013,2,7.536320637935589,Mixed Improvement
Travel & Leisure,2020Q2,8082,45.05653976289305,45.05653976289305,23.524305555555557,23.524305555555557,61.979166666666664,61.979166666666664,46.25,46.25,62.143692704354464,62.143692704354464,40.37736512354556,40.37736512354556,54.40808780519502,54.40808780519502,48.067922374429216,48.067922374429216,61.554150298049876,61.554150298049876,2,-20.221149807928796,Mixed / Divergent
Unknown,2020Q2,8082,77.43838988249193,77.43838988249193,44.61805555555555,44.61805555555555,53.958333333333336,53.958333333333336,97.91666666666666,97.91666666666666,19.78715728715729,19.78715728715729,2.4050119410944153,2.4050119410944153,87.11337447530377,87.11337447530377,55.46875,55.46875,59.04420989520241,59.04420989520241,1,15.071444198200602,Broad Improvement
Utilities,2020Q2,8082,49.87428115791772,48.811326308727566,50.0,50.0,50.0,56.0,50.0,50.0,50.0,47.5,50.0,48.33333333333333,50.64814814814815,44.16666666666667,50.0,53.0,55.89082887942834,56.63066089182382,6,-0.3529969899993546,Mixed / Divergent
Banks,2020Q3,8083,49.42126245380431,50.829418311107936,50.0,48.529411764705884,50.0,57.64705882352941,50.0,46.470588235294116,50.0,55.88235294117648,50.0,50.0,50.0,50.73529411764706,50.0,53.6764705882353,60.765931797273225,59.698939963979235,18,-2.5446693754414227,Mixed / Divergent
Basic Resources,2020Q3,8083,49.44501750510188,53.52585044308975,50.0,56.94444444444444,50.0,56.666666666666664,50.0,60.0,49.99999999999999,45.83333333333333,49.99999999999999,49.99999999999999,49.99999999999999,42.59259259259259,50.0,50.0,61.2291554785227,59.512480904946806,4,-2.182850488735987,Mixed / Divergent
Chemicals,2020Q3,8083,49.784746798782066,51.874597689900106,50.0,62.5,50.0,50.0,50.0,40.0,50.0,50.0,50.0,66.66666666666667,50.0,44.44444444444444,50.0,50.0,67.85387929306889,74.13605008115879,5,-2.461948914436256,Mixed / Divergent
Construction & Materials,2020Q3,8083,49.61200780333952,47.52857307679926,50.0,54.76190476190476,50.0,47.5,50.0,47.5,50.0,50.0,48.78472222222222,48.47222222222223,50.88183421516755,51.785714285714285,50.0,52.5,58.19413158731761,58.08463017820544,9,-1.9297437188894975,Mixed / Divergent
Financial Services,2020Q3,8083,49.14208642855297,46.4739292908617,50.0,52.083333333333336,50.0,55.0,50.0,45.0,49.88425925925926,50.0,50.85383597883598,50.793650793650805,47.99107142857142,52.38095238095238,50.59027777777778,54.642857142857146,62.38251305135097,63.31564000046385,9,-1.2542336788120423,Mixed / Divergent
Food & Beverage,2020Q3,8083,49.36746500460329,46.6534998969381,49.99999999999999,49.07407407407406,50.0,45.55555555555556,50.0,61.11111111111111,49.99999999999999,43.05555555555556,50.0,45.37037037037037,50.0,46.29629629629629,49.833333333333336,49.58333333333334,60.05021446140114,54.650450186851195,10,-2.5065854355979695,Mixed / Divergent
Health Care,2020Q3,8083,51.99159806874353,51.99159806874353,52.25694444444445,52.25694444444445,53.608247422680414,53.608247422680414,29.07216494845361,29.07216494845361,66.64908851129667,66.64908851129667,25.36677717090088,25.36677717090088,73.24939149391015,73.24939149391015,50.58233491223182,50.58233491223182,74.01587690096403,74.01587690096403,1,-3.888655981501003,Mixed / Divergent
Industrial Goods & Services,2020Q3,8083,49.20534418103181,58.710212928318164,50.0,41.666666666666664,50.0,50.0,50.0,40.0,50.0,37.5,50.0,45.833333333333336,51.041666666666664,37.03703703703704,50.0,55.0,53.43052383351892,55.80999900382328,5,-2.663487876819538,Mixed / Divergent
Insurance,2020Q3,8083,51.62545148218303,51.62545148218303,33.50694444444445,33.50694444444445,9.896907216494846,9.896907216494846,92.57731958762886,92.57731958762886,30.33615458475222,30.33615458475222,51.89250898013784,51.89250898013784,59.13343529322911,59.13343529322911,74.50821955976595,74.50821955976595,46.58525089711985,46.58525089711985,1,-11.349365257131538,Mixed / Divergent
Oil & Gas,2020Q3,8083,36.16560395398608,36.16560395398608,27.60416666666666,27.60416666666666,12.680412371134022,12.680412371134022,56.391752577319586,56.391752577319586,38.24466629931116,38.24466629931116,59.60772117344281,59.60772117344281,47.536065217929604,47.536065217929604,43.00501532460295,43.00501532460295,52.90993306806156,52.90993306806156,2,-10.365757946090596,Weakening
Personal & Household Goods,2020Q3,8083,47.86074566567045,47.86074566567045,38.28125,38.28125,50.0,50.0,34.02061855670103,34.02061855670103,43.84769421249864,43.84769421249864,36.08444342980425,36.08444342980425,64.04179992280761,64.04179992280761,44.46503204235163,44.46503204235163,61.588067388887694,61.588067388887694,2,-8.391132763409814,Mixed / Divergent
Real Estate,2020Q3,8083,49.522985581332115,50.25307544887208,50.0,50.0,50.0,53.529411764705884,50.0,58.23529411764706,50.0,44.85294117647058,49.869281045751634,47.32843137254902,50.16339869281046,51.53186274509804,49.91830065359477,48.43137254901961,62.03057931054392,60.72074970903526,18,-1.8009426875862289,Mixed / Divergent
Retail,2020Q3,8083,50.19965055861716,62.7174902254931,50.0,50.0,50.0,40.0,50.0,60.0,50.0,50.0,50.0,50.0,50.0,50.0,50.0,50.0,75.94450577025425,84.78291344310495,3,-2.0566691593839366,Mixed / Divergent
Technology,2020Q3,8083,54.51515041298407,54.51515041298407,46.35416666666666,46.35416666666666,48.144329896907216,48.144329896907216,66.18556701030928,66.18556701030928,37.37175964259614,37.37175964259614,47.07836669821205,47.07836669821205,52.415380762266196,52.415380762266196,46.593758707160774,46.593758707160774,73.92308416149856,73.92308416149856,2,2.8852691999454976,Mixed / Divergent
Travel & Leisure,2020Q3,8083,43.6735216732239,43.6735216732239,16.840277777777775,16.840277777777775,49.48453608247422,49.48453608247422,66.08247422680412,66.08247422680412,68.66953165088398,68.66953165088398,37.56390612060715,37.56390612060715,61.30321004359047,61.30321004359047,42.132906101978264,42.132906101978264,52.740383648062064,52.740383648062064,2,-19.121253220327567,Weakening
Unknown,2020Q3,8083,67.72136152237516,67.72136152237516,15.277777777777777,15.277777777777777,44.32989690721649,44.32989690721649,97.31958762886597,97.31958762886597,11.005650277557493,11.005650277557493,2.183011719094193,2.183011719094193,86.58566519391262,86.58566519391262,53.608247422680414,53.608247422680414,47.223671559382666,47.223671559382666,1,-11.9795098248117,Mixed Improvement
Utilities,2020Q3,8083,49.183694019042726,50.714465813695845,50.0,43.33333333333333,50.0,54.0,50.0,40.0,50.0,55.0,50.0,51.66666666666667,50.74074074074074,44.44444444444444,50.0,52.0,53.91112328759601,51.335157938740366,6,-2.187473650020138,Mixed / Divergent
Banks,2020Q4,8084,50.72740329537194,54.64434418639475,50.0,53.4313725490196,50.0,57.05882352941176,50.0,50.58823529411765,50.0,51.470588235294116,50.0,49.01960784313726,50.0,50.73529411764706,50.0,49.26470588235294,65.72841911690195,68.36030824675905,18,0.27437959843746285,Mixed / Divergent
Basic Resources,2020Q4,8084,50.71322379125515,49.99211676534872,49.99999999999999,63.88888888888887,50.0,49.99999999999999,50.0,46.66666666666667,49.99999999999999,49.99999999999999,49.99999999999999,52.77777777777777,50.0,46.296296296296305,50.0,53.33333333333333,65.4519186786164,67.65183697452282,4,0.8867558213562958,Mixed / Divergent
Chemicals,2020Q4,8084,51.242998192178426,56.6029451539371,50.0,50.0,50.0,50.0,50.0,55.0,50.0,50.0,50.00000000000001,58.333333333333336,50.0,55.55555555555556,50.0,45.0,75.78252353201286,75.18017279792186,5,1.4128509067714319,Mixed / Divergent
Construction & Materials,2020Q4,8084,51.7553638007693,51.58844742111272,51.851851851851855,57.142857142857146,50.0,47.5,50.0,50.0,49.30555555555556,46.875,48.55324074074073,49.166666666666664,51.01410934744268,48.842592592592595,53.75,56.66666666666667,59.54845838962303,55.45497542611774,9,1.7757418396771527,Mixed / Divergent
Financial Services,2020Q4,8084,50.113272798022294,48.45443784278256,50.0,47.916666666666664,50.0,57.5,50.0,52.5,49.88425925925927,45.833333333333336,50.70436507936508,54.66269841269841,47.42339065255732,50.79365079365079,50.486111111111114,53.57142857142858,62.27634857661352,60.47494833190093,9,0.7293129439583339,Mixed / Divergent
Food & Beverage,2020Q4,8084,50.31981978777168,46.20241720886209,50.0,46.2962962962963,50.0,42.22222222222223,50.0,48.888888888888886,50.0,48.61111111111111,50.0,49.074074074074076,50.0,47.53086419753086,50.05555555555556,54.861111111111114,57.66942650294435,49.524999738332085,10,0.2168922883507065,Mixed / Divergent
Health Care,2020Q4,8084,52.31477164777994,52.31477164777994,47.95067296678122,47.95067296678122,58.35051546391753,58.35051546391753,33.263157894736835,33.263157894736835,68.49576666511172,68.49576666511172,34.52814092130573,34.52814092130573,79.97129761661972,79.97129761661972,45.320944112859465,45.320944112859465,68.9899974952956,68.9899974952956,1,-5.934044237087058,Mixed / Divergent
Industrial Goods & Services,2020Q4,8084,50.23842420352359,43.618735743724805,50.0,45.833333333333336,50.0,50.0,50.0,55.0,50.0,43.75,50.0,50.0,50.972222222222214,40.74074074074073,50.0,55.0,53.27665643454567,51.993998349680965,5,0.4261785082694516,Mixed / Divergent
Insurance,2020Q4,8084,50.4594220960845,50.4594220960845,42.48818728522337,42.48818728522337,12.577319587628866,12.577319587628866,88.84210526315789,88.84210526315789,43.39220496882337,43.39220496882337,52.850775726075824,52.850775726075824,51.96129614944048,51.96129614944048,62.30807258696569,62.30807258696569,50.61305632271382,50.61305632271382,1,-5.243242183578097,Mixed / Divergent
Oil & Gas,2020Q4,8084,34.30551262921374,34.30551262921374,23.222723367697593,23.222723367697593,10.618556701030927,10.618556701030927,54.526315789473685,54.526315789473685,47.339478763353085,47.339478763353085,54.04919991286677,54.04919991286677,45.97640640644367,45.97640640644367,38.34826972930608,38.34826972930608,58.34859658835769,58.34859658835769,2,-3.5357364064460697,Stress
Personal & Household Goods,2020Q4,8084,53.802790097108996,53.802790097108996,27.830577033218784,27.830577033218784,49.69072164948453,49.69072164948453,64.0,64.0,41.83136317076394,41.83136317076394,31.643762028506416,31.643762028506416,66.88041323985857,66.88041323985857,46.49376017362995,46.49376017362995,58.579328943524786,58.579328943524786,2,-4.936351159052535,Mixed / Divergent
Real Estate,2020Q4,8084,50.574123616039,56.10809973972313,50.0,59.31372549019608,50.0,52.352941176470594,50.0,51.76470588235294,50.0,47.794117647058826,49.582652505446625,51.01511437908496,50.190631808278866,45.669934640522875,50.44934640522876,51.34313725490196,60.01683348339475,54.295221224433014,18,-0.016436862639942262,Mixed / Divergent
Retail,2020Q4,8084,51.24453321082931,46.39458523614533,50.0,41.666666666666664,50.0,50.0,50.0,45.0,50.0,50.0,50.0,58.333333333333336,50.0,50.0,50.0,50.0,75.81245640739772,85.48016358038487,3,0.7565913819774224,Mixed / Divergent
Technology,2020Q4,8084,52.2907833724293,52.2907833724293,43.86633734249713,43.86633734249713,47.83505154639175,47.83505154639175,59.473684210526315,59.473684210526315,37.71105934443563,37.71105934443563,51.86531576871925,51.86531576871925,51.0382120214655,51.0382120214655,45.08343883764394,45.08343883764394,73.09532438770657,73.09532438770657,2,-1.8184984814134424,Mixed / Divergent
Travel & Leisure,2020Q4,8084,42.408514826578624,42.408514826578624,21.236039518900345,21.236039518900345,49.38144329896906,49.38144329896906,41.05263157894736,41.05263157894736,56.64528983183282,56.64528983183282,39.16632164465274,39.16632164465274,60.77072291691623,60.77072291691623,43.61237716283837,43.61237716283837,53.49144485573796,53.49144485573796,2,-11.841155756687748,Weakening
Unknown,2020Q4,8084,73.16995602898932,73.16995602898932,37.256586483390606,37.256586483390606,48.865979381443296,48.865979381443296,97.05263157894737,97.05263157894737,25.680952066261344,25.680952066261344,2.183011719094193,2.183011719094193,87.17476681394207,87.17476681394207,54.359739555073254,54.359739555073254,46.74910391721767,46.74910391721767,1,9.508404939321082,Broad Improvement
Utilities,2020Q4,8084,50.3095682288184,48.48698209824417,50.0,43.333333333333336,50.0,58.0,50.0,44.0,50.0,42.5,50.0,50.0,50.78703703703704,39.16666666666667,50.0,51.0,55.21952102526737,53.59799397117729,6,0.5877296347863421,Mixed / Divergent
Banks,2021Q1,8085,51.35922640860537,51.49981474817783,50.0,50.98039215686275,50.0,58.23529411764706,50.0,50.0,50.0,54.411764705882355,50.0,44.11764705882353,50.0,52.205882352941174,50.0,47.794117647058826,66.21454905896591,65.20186406092122,18,1.6506341573025338,Mixed / Divergent
Basic Resources,2021Q1,8085,51.40155361872392,56.23617305965607,49.99999999999999,58.333333333333314,50.0,53.33333333333333,50.0,46.666666666666664,49.99999999999999,49.99999999999999,49.99999999999999,52.77777777777777,50.0,44.44444444444444,50.0,60.0,67.03992997869216,70.1087616738715,4,1.8107241065248658,Mixed / Divergent
Chemicals,2021Q1,8085,51.91062733904313,49.643616983923245,50.0,54.166666666666664,50.0,70.0,50.0,50.0,50.0,62.5,50.0,58.333333333333336,50.0,44.44444444444444,50.0,50.0,76.96687140262796,77.04333096689692,5,3.2989263783859144,Mixed / Divergent
Construction & Materials,2021Q1,8085,52.54189712497579,53.28983092261783,52.31481481481481,52.67857142857142,50.0,50.0,50.0,50.0,49.30555555555556,42.857142857142854,48.39891975308642,48.47222222222223,50.94246031746032,48.74338624338624,53.75,50.833333333333336,60.48860793628801,56.49512626710977,9,3.050708070103582,Mixed / Divergent
Financial Services,2021Q1,8085,50.68114096716175,50.99638488617616,50.0,43.75,50.0,45.0,50.0,52.5,49.4212962962963,43.75,52.23214285714286,48.57142857142858,47.17537477954144,49.20634920634921,50.138888888888886,48.92857142857143,66.14829312962473,66.10076578267712,9,1.0850653983428344,Mixed / Divergent
Food & Beverage,2021Q1,8085,50.98871263374648,48.349005600315415,49.99999999999999,55.55555555555556,50.0,46.66666666666667,50.0,46.666666666666664,50.0,54.166666666666664,50.0,47.22222222222223,50.0,47.53086419753086,50.11111111111111,54.72222222222222,58.76730540472117,58.37373243123109,10,1.4714881778052842,Mixed / Divergent
Health Care,2021Q1,8085,51.30033625104815,51.30033625104815,32.41337342497136,32.41337342497136,52.57731958762887,52.57731958762887,40.8421052631579,40.8421052631579,67.6715734866508,67.6715734866508,28.290514112168722,28.290514112168722,83.97460076835111,83.97460076835111,48.65029842647856,48.65029842647856,67.98348764846669,67.98348764846669,1,-11.217073663603408,Mixed / Divergent
Industrial Goods & Services,2021Q1,8085,51.07184959261208,51.67630237802083,50.0,50.0,50.0,55.0,50.0,50.0,50.0,50.0,50.0,47.916666666666664,50.97222222222222,48.148148148148145,50.0,45.0,57.69403229142605,54.895573971544295,5,1.7602340555027354,Mixed / Divergent
Insurance,2021Q1,8085,51.249975130381486,51.249975130381486,42.50429553264605,42.50429553264605,12.164948453608249,12.164948453608249,87.78947368421053,87.78947368421053,37.844177123664686,37.844177123664686,51.69254553296144,51.69254553296144,53.20096608896222,53.20096608896222,54.850847048893705,54.850847048893705,51.0505576921114,51.0505576921114,1,-1.4622112714790063,Mixed / Divergent
Oil & Gas,2021Q1,8085,33.779728370481976,33.779728370481976,25.96202033218786,25.96202033218786,13.608247422680414,13.608247422680414,51.05263157894737,51.05263157894737,59.775877911632534,59.775877911632534,58.28667034024177,58.28667034024177,50.24666280218476,50.24666280218476,37.95571833363478,37.95571833363478,62.4968054235233,62.4968054235233,2,-2.1679875139352944,Stress
Personal & Household Goods,2021Q1,8085,64.01362506234501,64.01362506234501,46.82309564719358,46.82309564719358,52.371134020618555,52.371134020618555,68.63157894736842,68.63157894736842,35.90816258105146,35.90816258105146,27.359535807772698,27.359535807772698,70.60599174668405,70.60599174668405,49.18585337915235,49.18585337915235,74.46250225805349,74.46250225805349,2,14.277149583667033,Mixed Improvement
Real Estate,2021Q1,8085,51.40489717100956,52.80988426016832,50.0,49.99999999999999,50.0,50.0,50.0,51.76470588235294,50.0,50.0,48.52998509345258,52.28758169934641,50.53606237816764,46.877269426289025,50.44117647058823,52.156862745098046,60.204544478408756,58.53571831716839,19,1.7968986938291422,Mixed / Divergent
Retail,2021Q1,8085,51.84193416007158,41.34237610919549,50.0,41.666666666666664,50.0,60.0,50.0,50.0,50.0,50.0,50.0,58.333333333333336,50.0,38.888888888888886,50.0,60.0,75.62735388943382,85.6361928719121,3,1.6499278446220842,Mixed / Divergent
Technology,2021Q1,8085,47.338210761127264,47.338210761127264,38.42264461626576,38.42264461626576,43.60824742268041,43.60824742268041,53.36842105263158,53.36842105263158,44.29571243644166,44.29571243644166,53.888136635650206,53.888136635650206,47.596580658555595,47.596580658555595,43.376454452281905,43.376454452281905,72.79371265776906,72.79371265776906,2,-6.076844326170701,Mixed / Divergent
Travel & Leisure,2021Q1,8085,44.322556939036076,44.322556939036076,18.645296391752577,18.645296391752577,56.288659793814425,56.288659793814425,42.31578947368421,42.31578947368421,55.69645210383915,55.69645210383915,39.568264223553555,39.568264223553555,62.53271655002497,62.53271655002497,41.77847109181889,41.77847109181889,55.994218922421005,55.994218922421005,2,-4.911452092326279,Weakening
Unknown,2021Q1,8085,71.13110179875429,71.13110179875429,32.99863974799542,32.99863974799542,45.360824742268036,45.360824742268036,95.15789473684211,95.15789473684211,27.417063177372455,27.417063177372455,2.165179606409263,2.165179606409263,86.75054362368438,86.75054362368438,53.328811720021704,53.328811720021704,46.53566715684153,46.53566715684153,1,2.3838904051298755,Broad Improvement
Utilities,2021Q1,8085,51.269781078579165,48.71341147246105,50.0,43.33333333333333,50.0,56.0,50.0,46.0,50.0,52.5,49.27777777777778,45.41666666666667,50.74074074074074,42.5,50.0,52.0,60.081475553243784,59.252768887671394,6,1.9605343117622311,Mixed / Divergent
Banks,2021Q2,8086,51.547675330367994,51.13154481727683,50.0,43.627450980392155,50.0,51.76470588235294,50.0,46.470588235294116,50.0,51.470588235294116,50.0,50.0,50.0,50.73529411764706,50.0,50.73529411764706,70.03268687773829,71.63748841620756,18,1.3435285046247927,Mixed / Divergent
Basic Resources,2021Q2,8086,51.50555896532327,57.64093623286787,50.0,51.38888888888888,50.0,45.0,50.0,46.66666666666667,50.0,45.83333333333333,50.0,47.222222222222214,50.0,55.55555555555556,50.0,50.0,69.21141743855767,69.23253895384349,4,1.306245097921888,Mixed / Divergent
Chemicals,2021Q2,8086,51.892320214911294,56.15797731108559,50.0,45.833333333333336,50.0,65.0,50.0,50.0,50.0,56.25,50.0,50.0,50.0,38.888888888888886,50.0,50.0,76.75326475155855,77.48307334171092,5,1.6208440267960924,Mixed / Divergent
Construction & Materials,2021Q2,8086,52.01776648475345,51.92525816088171,51.85185185185185,54.464285714285715,50.0,52.5,50.0,50.0,48.958333333333336,45.535714285714285,49.24768518518519,51.25,50.43402777777778,44.14682539682539,52.916666666666664,50.83333333333333,57.42284759865827,55.3776990002808,9,2.175636607444268,Mixed / Divergent
Financial Services,2021Q2,8086,50.39352203669778,54.07972910909517,50.0,41.666666666666664,50.0,42.5,50.0,45.0,51.50462962962963,50.0,51.288139329806,59.047619047619044,46.811618165784836,40.01322751322751,49.93055555555556,46.96428571428571,65.60903012960497,65.96223238138853,9,0.3308923622026825,Mixed / Divergent
Food & Beverage,2021Q2,8086,51.14948044985045,54.58712286341016,50.0,52.77777777777778,50.0,45.55555555555556,50.0,53.33333333333333,50.0,47.222222222222214,50.0,47.22222222222222,50.0,48.148148148148145,50.11111111111111,57.22222222222223,62.0456614522977,66.9189806650547,10,1.2786520725870432,Mixed / Divergent
Health Care,2021Q2,8086,50.806377193484344,50.806377193484344,26.485538373424973,26.485538373424973,50.92783505154639,50.92783505154639,47.78947368421052,47.78947368421052,61.57980118097992,61.57980118097992,26.15299147600668,26.15299147600668,76.82366577341243,76.82366577341243,47.2966458545085,47.2966458545085,66.41452969345109,66.41452969345109,1,-11.749320938553502,Mixed / Divergent
Industrial Goods & Services,2021Q2,8086,51.410839522183835,48.95025315359387,50.0,45.833333333333336,50.0,55.0,50.0,45.0,50.0,56.25,50.0,50.0,50.90277777777778,43.51851851851851,50.0,50.0,64.65605424250931,73.71048727217637,5,1.5990134357735286,Mixed / Divergent
Insurance,2021Q2,8086,51.77722692737903,51.77722692737903,38.98374856815579,38.98374856815579,11.546391752577318,11.546391752577318,91.15789473684211,91.15789473684211,37.4845841885525,37.4845841885525,51.027802758929234,51.027802758929234,53.45845740352816,53.45845740352816,57.73098056597862,57.73098056597862,58.47288346943869,58.47288346943869,1,-1.0472802522153941,Mixed / Divergent
Oil & Gas,2021Q2,8086,29.635236013113264,29.635236013113264,35.026489117983964,35.026489117983964,14.63917525773196,14.63917525773196,21.263157894736842,21.263157894736842,62.32816047215873,62.32816047215873,56.07723636646158,56.07723636646158,49.735066111479256,49.735066111479256,38.21812262615301,38.21812262615301,53.57292200936908,53.57292200936908,2,-5.633604395760308,Stress
Personal & Household Goods,2021Q2,8086,67.3089734500166,67.3089734500166,62.354130870561285,62.354130870561285,54.94845360824742,54.94845360824742,59.578947368421055,59.578947368421055,32.34271863483696,32.34271863483696,30.045452515690144,30.045452515690144,69.03739578041282,69.03739578041282,53.19107701008002,53.19107701008002,81.16803409839818,81.16803409839818,2,27.260924629904665,Broad Improvement
Real Estate,2021Q2,8086,51.518504867167486,49.36880204840582,50.0,44.11764705882353,50.0,52.94117647058823,50.0,51.76470588235293,50.0,48.529411764705884,48.748996674693274,43.58660130718954,50.702566601689405,54.90196078431373,50.1625386996904,50.08403361344538,63.278075442762066,65.4129664476637,19,1.5287949591959276,Mixed / Divergent
Retail,2021Q2,8086,51.86531435424096,40.1575461150909,50.0,33.333333333333336,50.0,60.0,50.0,60.0,50.0,62.5,50.0,50.0,50.0,44.44444444444444,50.0,55.0,76.226650262778,79.57128547977689,3,1.0778267062401667,Mixed / Divergent
Technology,2021Q2,8086,46.46520126422953,46.46520126422953,36.232817869415804,36.232817869415804,42.06185567010309,42.06185567010309,56.210526315789465,56.210526315789465,43.60660501313927,43.60660501313927,54.639380042475,54.639380042475,46.07612424255798,46.07612424255798,40.04406471383919,40.04406471383919,73.09223959470637,73.09223959470637,2,-8.816906788537132,Mixed / Divergent
Travel & Leisure,2021Q2,8086,45.36682869598958,45.36682869598958,20.465528350515463,20.465528350515463,49.48453608247422,49.48453608247422,43.15789473684211,43.15789473684211,47.81249757040009,47.81249757040009,39.563714923335745,39.563714923335745,59.520323074627186,59.520323074627186,48.07224901225038,48.07224901225038,64.03193562965578,64.03193562965578,2,0.3102889330965297,Mixed / Divergent
Unknown,2021Q2,8086,52.46268974271708,52.46268974271708,51.115048682703325,51.115048682703325,47.42268041237113,47.42268041237113,2.9473684210526305,2.9473684210526305,42.73421667107234,42.73421667107234,2.165179606409263,2.165179606409263,86.30871740866228,86.30871740866228,29.896907216494846,29.896907216494846,46.79825831464109,46.79825831464109,1,-24.97570013977485,Mixed / Divergent
Utilities,2021Q2,8086,51.29571881514881,53.16243442142384,50.0,55.0,50.0,60.0,50.0,46.0,50.0,47.5,49.11111111111111,47.916666666666664,50.64814814814815,40.27777777777778,50.0,52.0,60.5084218006524,59.52141642395568,6,1.4214376572310883,Mixed / Divergent
Banks,2021Q3,8087,51.812247205084205,55.52278399372352,50.0,52.94117647058824,50.0,50.58823529411765,50.0,47.05882352941177,50.0,55.88235294117647,50.0,51.96078431372549,50.0,50.0,50.0,53.30882352941176,72.25429334663698,72.39292175241948,18,2.3909847512798947,Mixed / Divergent
Basic Resources,2021Q3,8087,51.50715458306993,56.89343279678567,49.99999999999999,49.999999999999986,49.99999999999999,46.66666666666666,50.0,50.0,49.99999999999999,45.83333333333333,49.99999999999999,44.44444444444444,50.0,50.0,50.0,50.0,66.30498489341008,66.36189866470818,4,2.0621370779680532,Mixed / Divergent
Chemicals,2021Q3,8087,52.199758070284055,53.52891854811673,50.00000000000001,45.833333333333336,50.0,50.0,50.0,45.0,50.0,50.0,50.0,50.0,50.0,47.22222222222222,50.0,45.0,79.81075816977821,79.72730105976493,5,2.4150112715019887,Mixed / Divergent
Construction & Materials,2021Q3,8087,51.78713929594281,54.83690144121568,50.0,45.833333333333336,50.0,52.5,50.0,50.0,50.0,50.0,48.28703703703704,50.595238095238095,50.42438271604939,49.20634920634921,53.333333333333336,50.0,58.68598522342437,51.86707468972848,9,2.1751314926032848,Mixed / Divergent
Financial Services,2021Q3,8087,50.55864796477047,50.068943601288154,50.0,52.083333333333336,50.0,45.0,50.0,40.0,50.23148148148148,50.0,51.995149911816576,56.44841269841269,46.73170194003527,43.35317460317461,49.93055555555556,51.42857142857143,64.43277586029234,64.7810935501906,9,1.4165615362175004,Mixed / Divergent
Food & Beverage,2021Q3,8087,51.34433567080324,57.43323795000239,50.0,46.29629629629629,50.0,44.44444444444444,50.0,51.111111111111114,50.0,50.0,50.0,46.29629629629629,50.0,48.148148148148145,49.83333333333333,50.69444444444444,63.46334819732043,66.49567548816421,10,1.9768706661999502,Mixed / Divergent
Health Care,2021Q3,8087,53.15003731117697,53.15003731117697,23.02405498281787,23.02405498281787,48.24742268041237,48.24742268041237,64.0,64.0,53.0039995862497,53.0039995862497,25.069085255378795,25.069085255378795,70.16485181310001,70.16485181310001,45.6513797925917,45.6513797925917,66.65318447031126,66.65318447031126,1,1.1584392424334453,Mixed / Divergent
Industrial Goods & Services,2021Q3,8087,51.79816946463973,46.96606760091475,50.0,54.166666666666664,50.0,55.0,50.0,45.0,50.0,43.75,49.0,44.444444444444436,50.90277777777778,40.74074074074073,50.0,55.0,66.27144396740364,72.76564478998067,5,2.5928252836079153,Mixed / Divergent
Insurance,2021Q3,8087,49.82061041649994,49.82061041649994,46.21993127147766,46.21993127147766,10.515463917525773,10.515463917525773,87.78947368421053,87.78947368421053,38.76093277706904,38.76093277706904,69.1357168357945,69.1357168357945,43.680526403083135,43.680526403083135,62.88140126707069,62.88140126707069,75.98352112943344,75.98352112943344,1,-1.8048410656830924,Mixed / Divergent
Oil & Gas,2021Q3,8087,29.20445125101291,29.20445125101291,36.42611683848797,36.42611683848797,12.886597938144329,12.886597938144329,17.894736842105264,17.894736842105264,60.57929352135986,60.57929352135986,54.63917782781307,54.63917782781307,48.54948162616911,48.54948162616911,34.072707542051006,34.072707542051006,58.007730805829965,58.007730805829965,2,-6.96115270297317,Stress
Personal & Household Goods,2021Q3,8087,48.26385066737429,48.26385066737429,19.329896907216494,19.329896907216494,46.90721649484536,46.90721649484536,48.10526315789475,48.10526315789475,42.910216184532636,42.910216184532636,37.597482088753736,37.597482088753736,64.80288209178796,64.80288209178796,48.94125469037775,48.94125469037775,75.59306984917838,75.59306984917838,2,0.40310500170384245,Mixed / Divergent
Real Estate,2021Q3,8087,51.446414000713865,49.235741886730764,50.0,50.0,50.0,50.0,50.0,50.588235294117645,50.0,50.0,48.94736842105263,46.41203703703704,50.32488628979857,53.485838779956424,50.20897832817337,49.66386554621848,60.57003281220975,58.899571450517655,19,1.9234284193817501,Mixed / Divergent
Retail,2021Q3,8087,51.99224782455354,43.31668074011026,50.0,66.66666666666667,50.0,60.0,50.0,50.0,50.0,50.0,50.0,50.0,50.0,44.44444444444444,50.0,55.0,75.76430679738802,72.54498387411049,3,1.7925972659363794,Mixed / Divergent
Technology,2021Q3,8087,48.62284578059481,48.62284578059481,43.38487972508591,43.38487972508591,44.94845360824742,44.94845360824742,55.78947368421052,55.78947368421052,48.4781746715857,48.4781746715857,53.29380730212293,53.29380730212293,46.60245978514985,46.60245978514985,40.00117689315492,40.00117689315492,75.69104625892102,75.69104625892102,2,-5.892304632389262,Mixed / Divergent
Travel & Leisure,2021Q3,8087,52.38489348700858,52.38489348700858,42.78350515463917,42.78350515463917,56.70103092783505,56.70103092783505,43.263157894736835,43.263157894736835,50.5651355032238,50.5651355032238,40.61406285030948,40.61406285030948,59.49273785889548,59.49273785889548,47.48556013236227,47.48556013236227,69.73488036182363,69.73488036182363,2,8.71137181378468,Mixed / Divergent
Unknown,2021Q3,8087,58.67082549720789,58.67082549720789,77.31958762886597,77.31958762886597,48.45360824742268,48.45360824742268,3.1578947368421044,3.1578947368421044,52.782183452286546,52.782183452286546,2.165179606409263,2.165179606409263,85.86689119364019,85.86689119364019,30.927835051546392,30.927835051546392,58.33841769683114,58.33841769683114,1,-9.050536025167268,Mixed Improvement
Utilities,2021Q3,8087,51.760779813477505,49.18443848107971,50.0,58.33333333333333,50.0,54.0,50.0,50.0,50.0,50.0,49.166666666666664,43.75,50.60185185185185,40.27777777777778,50.0,50.0,66.9451232627138,66.68011293921887,6,2.5770857944347796,Mixed / Divergent
Banks,2021Q4,8088,51.39698311104067,56.549006113632544,50.0,51.9607843137255,50.0,54.117647058823536,50.0,50.0,50.0,55.882352941176464,50.0,49.01960784313726,50.0,48.529411764705884,50.0,52.94117647058823,72.9047595757001,73.60244307272283,18,0.669579815668726,Mixed / Divergent
Basic Resources,2021Q4,8088,51.14555075677381,56.56545324243126,49.99999999999999,49.999999999999986,50.0,38.33333333333333,50.0,43.33333333333333,49.99999999999999,54.16666666666666,50.0,43.05555555555555,50.0,53.7037037037037,50.0,46.666666666666664,68.00182675228815,68.28531530938604,4,0.432326965518655,Mixed / Divergent
Chemicals,2021Q4,8088,51.5956304153234,60.82443459086711,50.0,62.5,50.0,50.0,50.0,40.0,50.0,56.25,50.0,43.75,50.0,54.166666666666664,50.0,60.0,76.77838352234767,74.33766168665926,5,0.35263222314497256,Mixed / Divergent
Construction & Materials,2021Q4,8088,50.846516434506974,51.90953651973183,50.0,43.75,50.0,57.5,50.0,55.0,50.0,37.5,49.10879629629629,42.5,50.0,50.0,50.0,50.0,59.497044079172355,56.121550223537454,9,-0.9088473662623286,Mixed / Divergent
Financial Services,2021Q4,8088,49.905981343259256,50.225508166099026,50.0,47.916666666666664,50.0,50.0,50.0,47.5,51.736111111111114,47.916666666666664,51.736111111111114,58.92857142857142,47.17261904761905,50.669642857142854,49.44444444444444,51.96428571428571,63.840134381638705,63.88518079072426,9,-0.20729145476303756,Mixed / Divergent
Food & Beverage,2021Q4,8088,50.81777302522307,46.82358191211388,50.0,57.40740740740741,50.0,44.44444444444444,50.0,49.99999999999999,50.0,51.388888888888886,50.0,52.77777777777777,50.0,43.51851851851852,49.72222222222222,50.69444444444444,62.165714045858955,61.74351703522853,10,0.49795323745139086,Mixed / Divergent
Health Care,2021Q4,8088,53.07189445631656,53.07189445631656,19.587628865979383,19.587628865979383,47.95707973911213,47.95707973911213,72.44897959183673,72.44897959183673,52.736135887214076,52.736135887214076,28.617005313920327,28.617005313920327,73.42186165362222,73.42186165362222,50.10502612859019,50.10502612859019,49.5869482983624,49.5869482983624,1,0.7571228085366215,Mixed / Divergent
Industrial Goods & Services,2021Q4,8088,50.14630532086975,41.053839590704314,50.0,50.0,50.0,52.5,50.0,55.0,50.0,56.25,53.61111111111111,58.19444444444444,48.645833333333336,43.611111111111114,50.0,47.5,63.41236647404954,64.79221853740745,6,-0.0921188826538426,Mixed / Divergent
Insurance,2021Q4,8088,48.89137913772786,48.89137913772786,42.955326460481096,42.955326460481096,11.918788133810224,11.918788133810224,88.36734693877551,88.36734693877551,37.37352405401675,37.37352405401675,70.04065117879395,70.04065117879395,42.811840292088775,42.811840292088775,65.2672849580066,65.2672849580066,71.39672532384175,71.39672532384175,1,-1.5680429583566422,Mixed / Divergent
Oil & Gas,2021Q4,8088,37.04325797422545,37.04325797422545,45.876288659793815,45.876288659793815,11.9219440353461,11.9219440353461,27.551020408163268,27.551020408163268,40.66559825678934,40.66559825678934,50.14465153943736,50.14465153943736,48.4542055144568,48.4542055144568,36.47491484752162,36.47491484752162,59.8520121500048,59.8520121500048,2,2.73774534501171,Weakening
Personal & Household Goods,2021Q4,8088,48.05570052288478,48.05570052288478,32.560137457044675,32.560137457044675,45.77950767936041,45.77950767936041,41.73469387755102,41.73469387755102,49.281593264997504,49.281593264997504,40.21380283986771,40.21380283986771,63.867518511067885,63.867518511067885,50.89624760464231,50.89624760464231,69.98336771471253,69.98336771471253,2,-5.747089574224219,Mixed / Divergent
Real Estate,2021Q4,8088,50.695707304992794,51.555972763451294,50.0,50.0,50.23391812865497,49.54248366013072,50.0,54.44444444444444,50.40204678362573,48.89705882352941,49.35443183121202,45.377178649237486,50.11777128005198,53.013798111837325,49.72632152276115,44.73202614379085,57.75768246023021,56.39939569658358,19,0.12158368895379112,Mixed / Divergent
Retail,2021Q4,8088,51.49224205305912,43.362757162732436,50.0,66.66666666666667,50.0,60.0,50.0,60.0,50.0,50.0,50.0,50.0,50.0,50.0,50.0,55.0,74.76230967066547,80.27552082705182,3,0.24770884222981238,Mixed / Divergent
Technology,2021Q4,8088,50.9392131597387,50.9392131597387,46.21993127147766,46.21993127147766,44.639175257731964,44.639175257731964,62.3469387755102,62.3469387755102,46.1912590300377,46.1912590300377,52.61414891836449,52.61414891836449,46.15744313102026,46.15744313102026,43.544162719420456,43.544162719420456,75.78969856133878,75.78969856133878,2,-1.3515702126906035,Mixed / Divergent
Travel & Leisure,2021Q4,8088,50.85837010846476,50.85837010846476,38.83161512027491,38.83161512027491,49.48979591836734,49.48979591836734,46.326530612244895,46.326530612244895,57.496720468169,57.496720468169,39.32080739578523,39.32080739578523,60.29155229525445,60.29155229525445,63.496454586292586,63.496454586292586,67.56343773244271,67.56343773244271,2,8.449855281886137,Mixed / Divergent
Unknown,2021Q4,8088,65.08877737905387,65.08877737905387,78.8659793814433,78.8659793814433,51.69577109194192,51.69577109194192,7.551020408163266,7.551020408163266,14.171684594495503,14.171684594495503,2.13964539913907,2.13964539913907,85.70898909115012,85.70898909115012,19.94529770671155,19.94529770671155,60.49421648135535,60.49421648135535,1,-8.081178649935453,Mixed Improvement
Utilities,2021Q4,8088,51.486473433812954,52.07744778214565,50.0,60.0,50.0,56.0,50.0,51.0,50.0,50.0,48.055555555555564,47.083333333333336,51.322751322751316,39.72222222222222,50.0,48.0,64.84823424983703,63.601248140580225,6,1.1769052049945543,Mixed / Divergent
Banks,2022Q1,8089,50.68077820117172,54.89503043270415,50.0,50.0,50.0,53.529411764705884,50.0,52.352941176470594,50.0,58.8235294117647,50.0,49.01960784313726,50.0,47.794117647058826,50.0,49.26470588235294,73.34689819714237,73.65464987478605,18,-0.6784482074336537,Mixed / Divergent
Basic Resources,2022Q1,8089,50.3429521994158,45.14859299477038,49.99999999999999,41.66666666666666,49.99999999999999,43.33333333333333,50.0,50.0,49.99999999999999,58.33333333333333,49.99999999999999,49.99999999999999,50.0,42.592592592592595,50.0,50.0,66.7592885896168,68.38692964551875,4,-1.0586014193081255,Mixed / Divergent
Chemicals,2022Q1,8089,50.96637210442357,65.92770149994665,50.0,54.166666666666664,50.0,45.0,50.0,45.0,50.0,62.5,50.0,29.166666666666668,50.0,62.5,50.0,60.0,78.91598148597662,79.46209478276987,5,-0.9442552346195612,Mixed / Divergent
Construction & Materials,2022Q1,8089,50.062697708106114,51.57645640445822,50.0,47.916666666666664,50.0,55.0,50.0,50.0,50.0,39.0625,49.4890873015873,45.3125,50.0,50.0,50.0,47.5,59.76158577908815,59.83655885397933,9,-2.479199416869676,Mixed / Divergent
Financial Services,2022Q1,8089,49.032502646007984,47.48881912754469,50.0,52.083333333333336,50.0,50.0,50.0,45.0,51.388888888888886,50.0,52.017195767195766,54.166666666666664,47.16710758377425,47.098214285714285,49.791666666666664,50.71428571428571,60.33911019981859,60.45895342038362,9,-1.6486383211537685,Mixed / Divergent
Food & Beverage,2022Q1,8089,50.30039041853043,52.81014439194706,50.0,50.925925925925924,50.0,54.44444444444444,50.0,50.0,50.0,51.388888888888886,50.0,50.925925925925924,50.0,45.06172839506173,49.72222222222222,47.361111111111114,66.48488909370663,67.21737985841814,10,-0.6883222152160542,Mixed / Divergent
Health Care,2022Q1,8089,56.76165290479452,56.76165290479452,25.485658180798094,25.485658180798094,48.97959183673469,48.97959183673469,75.3061224489796,75.3061224489796,50.39442600738586,50.39442600738586,17.5823319945956,17.5823319945956,78.07618167201768,78.07618167201768,42.84059569773855,42.84059569773855,51.373390784534664,51.373390784534664,1,5.461316653746373,Mixed Improvement
Industrial Goods & Services,2022Q1,8089,49.62390667131135,41.23619312530602,50.0,47.91666666666667,50.0,45.0,50.0,55.0,50.0,56.25,53.194444444444436,62.77777777777778,49.0625,47.77777777777777,50.0,47.5,65.13372864780688,67.06695772770036,6,-1.4479429213007293,Mixed / Divergent
Insurance,2022Q1,8089,46.1535965497949,46.1535965497949,39.7590995160951,39.7590995160951,9.591836734693876,9.591836734693876,88.9795918367347,88.9795918367347,40.83016444213076,40.83016444213076,71.24537238351515,71.24537238351515,41.81802717405806,41.81802717405806,69.65250965250966,69.65250965250966,63.45311929444384,63.45311929444384,1,-5.096378580586588,Mixed / Divergent
Oil & Gas,2022Q1,8089,39.42826890080909,39.42826890080909,53.918577740374495,53.918577740374495,9.489795918367347,9.489795918367347,31.53061224489796,31.53061224489796,44.63085508247407,44.63085508247407,46.6580316250034,46.6580316250034,45.302699894027256,45.302699894027256,47.62272476558191,47.62272476558191,62.96147068181755,62.96147068181755,2,5.648540530327111,Weakening
Personal & Household Goods,2022Q1,8089,51.33849315506987,51.33849315506987,37.34834139841504,37.34834139841504,44.591836734693885,44.591836734693885,43.06122448979592,43.06122448979592,52.714781756366904,52.714781756366904,31.95327004516141,31.95327004516141,77.49238908792856,77.49238908792856,51.85879757308328,51.85879757308328,66.62778591269468,66.62778591269468,2,-12.675131907275144,Mixed / Divergent
Real Estate,2022Q1,8089,49.65273273072556,50.247270132491344,49.51267056530214,41.17647058823528,50.0,45.55555555555556,50.0,53.333333333333336,50.402046783625735,52.77777777777777,49.48830409356725,48.69281045751634,50.0,55.55555555555556,49.60526315789474,50.222222222222214,56.19717718190283,54.23419071607792,19,-1.7521644402839982,Mixed / Divergent
Retail,2022Q1,8089,50.45286828072896,48.79517267296976,50.0,50.0,50.0,60.0,50.0,60.0,50.0,50.0,50.0,50.0,50.0,44.44444444444444,50.0,50.0,68.90265301247526,66.6975976619789,3,-1.389065879342624,Mixed / Divergent
Technology,2022Q1,8089,51.301299588658395,51.301299588658395,50.67764219089699,50.67764219089699,44.28571428571429,44.28571428571429,57.95918367346938,57.95918367346938,45.09807870688403,45.09807870688403,50.862177290627606,50.862177290627606,46.193554734079044,46.193554734079044,46.56646442360727,46.56646442360727,79.24644213162564,79.24644213162564,2,3.9630888275311307,Mixed / Divergent
Travel & Leisure,2022Q1,8089,51.941329197985695,51.941329197985695,48.51760291745563,48.51760291745563,49.89795918367347,49.89795918367347,43.46938775510204,43.46938775510204,60.73182894454925,60.73182894454925,39.084701533216304,39.084701533216304,62.42593991440563,62.42593991440563,63.14671814671815,63.14671814671815,67.74858529113516,67.74858529113516,2,7.618772258949619,Mixed / Divergent
Unknown,2022Q1,8089,73.36582594203118,73.36582594203118,97.94515744442106,97.94515744442106,65.51020408163265,65.51020408163265,6.5306122448979576,6.5306122448979576,10.409148652283568,10.409148652283568,2.13964539913907,2.13964539913907,86.56408812634595,86.56408812634595,27.04081632653061,27.04081632653061,61.688934534172375,61.688934534172375,1,2.2347241432768925,Broad Improvement
Utilities,2022Q1,8089,50.78175329958754,50.09575526520976,50.0,46.666666666666664,50.0,52.0,50.0,54.0,50.0,60.0,48.055555555555564,48.75,51.111111111111114,42.22222222222223,50.0,48.0,66.1492467187308,62.96349651391908,6,-0.4880277789916221,Mixed / Divergent
Banks,2022Q2,8090,50.62855380637944,50.27937349604136,50.0,43.627450980392155,50.0,52.058823529411754,50.0,52.35294117647058,50.0,52.94117647058824,50.0,50.0,50.0,52.94117647058823,50.0,52.57352941176471,69.6060486109531,68.50582523191832,18,-0.9191215239885508,Mixed / Divergent
Basic Resources,2022Q2,8090,50.311990961354006,51.011719661888506,49.999999999999986,58.333333333333314,49.99999999999999,53.33333333333332,50.0,53.333333333333336,49.99999999999999,54.16666666666666,49.99999999999999,47.222222222222214,50.0,48.148148148148145,50.0,50.0,63.43307072163754,61.872089176772064,4,-1.1935680039692613,Mixed / Divergent
Chemicals,2022Q2,8090,51.11707690798282,57.081510803396505,50.0,68.75,50.0,50.0,50.0,45.0,50.0,62.5,50.0,29.166666666666668,50.0,62.5,50.0,60.0,79.13225281339255,79.54832931601824,5,-0.7752433069284734,Mixed / Divergent
Construction & Materials,2022Q2,8090,50.15874615478692,45.57420343282007,50.0,54.166666666666664,50.0,55.0,50.0,47.5,50.0,40.625,49.62962962962963,43.154761904761905,50.0,48.611111111111114,50.0,52.5,59.33368471517344,56.58075360812124,9,-1.8590203299665333,Mixed / Divergent
Financial Services,2022Q2,8090,49.19199950595124,52.77466130494527,50.0,52.083333333333336,50.0,52.5,50.0,52.5,51.15740740740741,50.0,51.62037037037037,48.51190476190476,47.84593621399177,56.026785714285715,49.861111111111114,48.21428571428571,56.666531279231016,52.448202165678886,9,-1.2015225307465442,Mixed / Divergent
Food & Beverage,2022Q2,8090,50.445126037825986,50.526178723627716,50.0,46.2962962962963,49.99999999999999,57.77777777777777,50.0,51.11111111111111,50.0,45.833333333333336,50.0,42.592592592592595,50.0,46.29629629629629,50.27777777777778,42.777777777777786,65.47365017140085,62.87852405538233,10,-0.7043544120244647,Mixed / Divergent
Health Care,2022Q2,8090,56.84583963238393,56.84583963238393,30.265095729013254,30.265095729013254,45.91836734693878,45.91836734693878,82.24489795918366,82.24489795918366,45.814022464003216,45.814022464003216,24.94583598463484,24.94583598463484,72.38526707451805,72.38526707451805,35.5599024229363,35.5599024229363,50.86859898322237,50.86859898322237,1,6.039462438899584,Mixed Improvement
Industrial Goods & Services,2022Q2,8090,49.89827820394705,42.51529583288835,50.0,52.08333333333333,50.0,45.0,50.0,40.0,50.0,43.75,51.666666666666664,61.38888888888889,48.645833333333336,46.388888888888886,50.0,47.5,64.42816880087298,65.48379915747684,6,-1.5125613182367843,Mixed / Divergent
Insurance,2022Q2,8090,46.76553522208811,46.76553522208811,43.698716600042076,43.698716600042076,9.795918367346939,9.795918367346939,80.81632653061224,80.81632653061224,29.76958041470536,29.76958041470536,75.7020099747951,75.7020099747951,40.83439349310045,40.83439349310045,71.55349963891936,71.55349963891936,64.13918561123799,64.13918561123799,1,-5.011691705290922,Mixed / Divergent
Oil & Gas,2022Q2,8090,41.821310415212,41.821310415212,44.864646889683705,44.864646889683705,5.408163265306122,5.408163265306122,61.3265306122449,61.3265306122449,34.64646755217812,34.64646755217812,53.86350999085437,53.86350999085437,39.272884571368465,39.272884571368465,47.1935221567033,47.1935221567033,59.92696003970027,59.92696003970027,2,12.186074402098733,Weakening
Personal & Household Goods,2022Q2,8090,60.10142193745216,60.10142193745216,51.694543796900206,51.694543796900206,48.87755102040816,48.87755102040816,55.0,55.0,49.92000241960284,49.92000241960284,27.916214917652642,27.916214917652642,76.39181362947645,76.39181362947645,53.186863488778066,53.186863488778066,78.3036104031591,78.3036104031591,2,-7.207551512564436,Mixed Improvement
Real Estate,2022Q2,8090,49.93668160235205,50.75664604263617,50.19493177387914,55.55555555555556,50.0,47.77777777777777,50.0,47.22222222222223,50.255847953216374,52.859477124183,49.634502923976605,50.217864923747264,50.0,48.148148148148145,49.80994152046784,52.88888888888889,55.19104608354417,52.728110571877025,19,-1.5818232648154336,Mixed / Divergent
Retail,2022Q2,8090,50.43007244705755,49.6013673770312,50.0,50.0,50.0,60.0,50.0,50.0,50.0,37.5,50.0,50.0,50.0,61.111111111111114,50.0,50.0,65.73566059230586,64.99489252511212,3,-1.4352419071834106,Mixed / Divergent
Technology,2022Q2,8090,54.845711411447326,54.845711411447326,59.32656567781751,59.32656567781751,45.40816326530612,45.40816326530612,55.51020408163265,55.51020408163265,40.68353134024065,40.68353134024065,47.79740210577269,47.79740210577269,47.111718866318284,47.111718866318284,49.25770921352658,49.25770921352658,77.12658156785879,77.12658156785879,2,8.380510147217798,Mixed / Divergent
Travel & Leisure,2022Q2,8090,56.93282465542751,56.93282465542751,53.116452766673675,53.116452766673675,50.204081632653065,50.204081632653065,45.30612244897959,45.30612244897959,38.0999586804577,38.0999586804577,39.77283308982879,39.77283308982879,59.632070763031564,59.632070763031564,64.67733039161611,64.67733039161611,70.28380026685574,70.28380026685574,2,11.565995959437927,Mixed Improvement
Unknown,2022Q2,8090,81.77069312843159,81.77069312843159,57.209481730836664,57.209481730836664,48.163265306122454,48.163265306122454,97.95918367346938,97.95918367346938,11.429556815548873,11.429556815548873,2.13964539913907,2.13964539913907,85.54367996308063,85.54367996308063,59.863945578231295,59.863945578231295,70.68947363238559,70.68947363238559,1,29.308003385714507,Broad Improvement
Utilities,2022Q2,8090,51.0471355277275,50.874942830381826,50.0,53.333333333333336,50.0,62.0,50.0,46.0,50.0,50.0,48.333333333333336,50.83333333333333,51.42857142857144,46.388888888888886,50.0,50.0,68.48268107994252,73.57454141874332,6,-0.24858328742131164,Mixed / Divergent
Banks,2022Q3,8091,50.699710878890784,48.516567313491876,50.0,54.901960784313715,50.0,47.94117647058823,50.0,52.352941176470594,50.0,54.41176470588235,50.0,52.94117647058823,50.0,50.73529411764706,50.0,52.205882352941174,70.77674617340429,71.55031964806406,18,-1.1125363261934211,Mixed / Divergent
Basic Resources,2022Q3,8091,49.92186109906238,54.04010760392353,49.999999999999986,54.16666666666664,49.999999999999986,56.66666666666665,50.0,56.666666666666664,49.99999999999999,62.49999999999999,49.99999999999999,41.66666666666666,50.0,53.7037037037037,50.0,46.666666666666664,55.608669541720715,49.640266305610275,4,-1.5852934840075505,Mixed / Divergent
Chemicals,2022Q3,8091,50.95629398237696,74.69262707161911,50.0,64.58333333333333,50.0,50.0,50.0,60.0,50.0,43.75,50.0,27.083333333333332,50.0,66.66666666666667,50.0,62.5,75.78011864582729,79.25678043067049,5,-1.2434640879070926,Mixed / Divergent
Construction & Materials,2022Q3,8091,50.27542991537195,47.73087966564232,50.0,43.75,50.0,50.0,50.0,45.0,50.0,50.0,49.583333333333336,45.833333333333336,50.0,51.388888888888886,50.0,57.5,61.25326415295831,57.29678296788952,9,-1.5117093805708564,Mixed / Divergent
Financial Services,2022Q3,8091,48.77832249841178,48.85521947346888,50.0,52.083333333333336,50.0,55.0,50.0,50.0,51.50462962962963,56.25,53.04232804232804,46.626984126984134,47.719631834215164,44.70899470899471,50.06944444444444,52.857142857142854,53.65274674282124,51.26504977277612,9,-1.7803254663586898,Mixed / Divergent
Food & Beverage,2022Q3,8091,50.39672687300023,44.9889532176553,50.0,46.296296296296305,50.0,60.0,50.0,51.111111111111114,50.0,50.0,50.0,42.592592592592595,50.0,48.76543209876543,50.05555555555556,46.388888888888886,64.75744463954067,63.77433726907909,10,-0.9476087978030066,Mixed / Divergent
Health Care,2022Q3,8091,65.0145414976964,65.0145414976964,51.97769829581318,51.97769829581318,51.73778602350031,51.73778602350031,77.17171717171716,77.17171717171716,40.27261509883553,40.27261509883553,24.00109133759156,24.00109133759156,74.14395603335694,74.14395603335694,35.2843537414966,35.2843537414966,74.21009174518689,74.21009174518689,1,11.864504186519426,Broad Improvement
Industrial Goods & Services,2022Q3,8091,50.9476802787153,51.80246343270377,50.0,56.25,48.0,37.5,50.0,48.0,50.0,54.375,49.72222222222222,53.05555555555555,51.06481481481481,50.27777777777777,52.0,50.5,75.58437358103474,73.27739959723128,6,-0.8504891859244239,Mixed / Divergent
Insurance,2022Q3,8091,45.25425938079494,45.25425938079494,42.84486990672557,42.84486990672557,10.56895485466914,10.56895485466914,80.6060606060606,80.6060606060606,34.1212879247294,34.1212879247294,74.22144556479509,74.22144556479509,41.8213643595268,41.8213643595268,64.3007215007215,64.3007215007215,56.62865349349745,56.62865349349745,1,-4.566351035704997,Mixed / Divergent
Oil & Gas,2022Q3,8091,43.90256717004908,43.90256717004908,42.33992566098604,42.33992566098604,5.49165120593692,5.49165120593692,62.62626262626263,62.62626262626263,25.86148974585148,25.86148974585148,53.95270972726231,53.95270972726231,44.79921406284693,44.79921406284693,51.246629560915274,51.246629560915274,56.612805551094645,56.612805551094645,2,14.698115919036173,Weakening
Personal & Household Goods,2022Q3,8091,72.8603413165415,72.8603413165415,84.47559436145593,84.47559436145593,56.81818181818181,56.81818181818181,49.69696969696969,49.69696969696969,35.377957102866134,35.377957102866134,21.089228564924547,21.089228564924547,76.2787335483188,76.2787335483188,56.616202844774264,56.616202844774264,81.80358131031781,81.80358131031781,2,24.5964906491672,Broad Improvement
Real Estate,2022Q3,8091,49.900898522207314,52.1239402663596,49.80506822612086,47.4400871459695,50.0,51.11111111111111,50.0,48.333333333333336,50.219298245614034,48.447712418300654,49.6588693957115,52.83224400871459,50.0,46.91358024691359,49.86842105263158,49.555555555555564,56.07221882148007,54.58579350859304,19,-1.5455154785065517,Mixed / Divergent
Retail,2022Q3,8091,50.26884506164041,49.520813812100066,50.0,58.333333333333336,50.0,60.0,50.0,70.0,50.0,62.5,50.0,41.666666666666664,50.0,72.22222222222223,50.0,40.0,62.3748594550352,63.247567797561615,3,-1.7234027629131248,Mixed / Divergent
Technology,2022Q3,8091,54.01393965453234,54.01393965453234,54.816256399467,54.816256399467,47.6427540713255,47.6427540713255,49.39393939393939,49.39393939393939,39.77194243833116,39.77194243833116,44.829142340327714,44.829142340327714,49.19408650975471,49.19408650975471,49.147227375798806,49.147227375798806,81.10271674024692,81.10271674024692,2,5.391093873937528,Mixed / Divergent
Travel & Leisure,2022Q3,8091,57.322903960576674,57.322903960576674,50.170944666526395,50.170944666526395,49.7979797979798,49.7979797979798,45.656565656565654,45.656565656565654,31.69021839835591,31.69021839835591,40.83773178835044,40.83773178835044,59.34622055082336,59.34622055082336,70.21991341991341,70.21991341991341,66.36151863341078,66.36151863341078,2,4.938010473568092,Mixed Improvement
Unknown,2022Q3,8091,85.09215640081119,85.09215640081119,68.73904200855601,68.73904200855601,49.15687487116059,49.15687487116059,97.97979797979798,97.97979797979798,6.602689263771738,6.602689263771738,2.3400673400673404,2.3400673400673404,85.31201225078777,85.31201225078777,52.91692434549577,52.91692434549577,74.24617874620895,74.24617874620895,1,26.421330903603298,Broad Improvement
Utilities,2022Q3,8091,51.01403117642864,58.38756844493358,50.0,51.66666666666667,50.0,58.0,50.0,48.0,50.0,47.5,47.77777777777777,43.33333333333333,51.216931216931215,47.77777777777777,50.0,46.0,66.5885340521699,69.37673973972882,6,-0.7467486370488672,Mixed / Divergent
Banks,2022Q4,8092,51.96088660276813,54.59769485792343,50.0,49.01960784313725,50.0,49.11764705882353,50.0,51.17647058823529,50.0,52.94117647058823,50.0,51.9607843137255,50.0,53.6764705882353,50.0,49.26470588235294,69.34577517121602,71.11052975159151,18,0.5639034917274586,Mixed / Divergent
Basic Resources,2022Q4,8092,51.125093379045346,46.53105143991637,50.0,45.83333333333333,50.0,41.66666666666666,50.0,40.0,50.0,58.33333333333333,50.0,47.222222222222214,50.0,55.55555555555555,50.0,46.666666666666664,53.04780094222562,49.22251771520155,4,-0.020457377728462234,Mixed / Divergent
Chemicals,2022Q4,8092,52.30662146931438,53.9324709362988,50.0,33.333333333333336,50.0,55.0,50.0,55.0,50.0,46.875,50.0,41.666666666666664,50.0,70.83333333333333,50.0,57.5,76.08760770239623,80.06293037541788,5,0.7109910539909805,Mixed / Divergent
Construction & Materials,2022Q4,8092,51.8371244748423,44.180091835814245,50.0,45.833333333333336,50.0,55.0,50.0,55.0,50.0,53.125,50.0,53.125,50.0,48.611111111111114,50.0,52.5,66.93241273394266,70.45842662004817,9,0.9906080403353243,Mixed / Divergent
Financial Services,2022Q4,8092,50.61313755723237,49.146847257101015,50.0,50.0,50.0,52.5,50.0,50.0,51.388888888888886,50.0,50.755070546737215,49.107142857142854,48.6193783068783,47.288359788359784,50.3125,52.5,53.01340190345098,51.221106343418285,9,0.7071562139731142,Mixed / Divergent
Food & Beverage,2022Q4,8092,51.48385469817023,54.951213730201516,50.0,53.7037037037037,50.0,57.77777777777777,50.0,52.22222222222222,49.99999999999999,45.83333333333333,50.0,47.22222222222222,50.0,50.30864197530863,50.22222222222222,51.80555555555556,59.59920495346978,60.80652207405503,10,0.6660816729471577,Mixed / Divergent
Health Care,2022Q4,8092,74.21717178527614,74.21717178527614,72.00405414691129,72.00405414691129,55.15151515151515,55.15151515151515,73.33333333333333,73.33333333333333,33.511117721133246,33.511117721133246,21.527901989466844,21.527901989466844,80.73160684862812,80.73160684862812,37.76969696969697,37.76969696969697,76.7666857330573,76.7666857330573,1,21.145277328959573,Broad Improvement
Industrial Goods & Services,2022Q4,8092,51.64164134117426,48.99249920024141,50.0,47.08333333333333,50.0,48.0,50.0,52.0,50.833333333333336,51.875,51.166666666666664,52.22222222222222,50.0,51.111111111111114,50.0,52.0,69.12049013838363,67.87661091722293,6,1.4953360203045065,Mixed / Divergent
Insurance,2022Q4,8092,49.26047607833417,49.26047607833417,50.348725348725345,50.348725348725345,9.8989898989899,9.8989898989899,81.61616161616162,81.61616161616162,29.617296523352422,29.617296523352422,75.04454288942964,75.04454288942964,38.086348860949926,38.086348860949926,71.7010101010101,71.7010101010101,55.20796802445621,55.20796802445621,1,0.3690969406063118,Mixed / Divergent
Oil & Gas,2022Q4,8092,48.209454147781386,48.209454147781386,52.71679378822236,52.71679378822236,9.393939393939393,9.393939393939393,56.868686868686865,56.868686868686865,31.28578654782071,31.28578654782071,51.421340781412844,51.421340781412844,48.07500835780977,48.07500835780977,56.66868686868687,56.66868686868687,58.11732290887979,58.11732290887979,2,11.166196173555939,Mixed / Divergent
Personal & Household Goods,2022Q4,8092,64.9336762084611,64.9336762084611,68.81141345427059,68.81141345427059,53.63636363636364,53.63636363636364,38.98989898989899,38.98989898989899,40.75810932080342,40.75810932080342,25.96194717132432,25.96194717132432,69.61982114287079,69.61982114287079,59.39393939393939,59.39393939393939,80.26598078192669,80.26598078192669,2,16.877975685576317,Mixed Improvement
Real Estate,2022Q4,8092,51.201766112254376,52.4391132574231,50.0,48.14814814814815,50.0,51.11111111111111,50.0,50.00000000000001,50.0,45.83333333333333,50.0,50.925925925925924,50.0,46.29629629629629,49.69298245614035,51.55555555555556,55.15695491155165,53.41430042092132,19,0.5060588072615815,Mixed / Divergent
Retail,2022Q4,8092,51.373392953312795,56.42314400588696,50.0,50.0,50.0,60.0,50.0,40.0,50.0,43.75,50.0,41.666666666666664,50.0,61.111111111111114,50.0,50.0,57.889644531786026,58.051332249936166,3,-0.11884909974632762,Mixed / Divergent
Technology,2022Q4,8092,61.874059118124265,61.874059118124265,64.55713598570742,64.55713598570742,48.58585858585859,48.58585858585859,56.161616161616166,56.161616161616166,34.88491699380675,34.88491699380675,39.14776713601353,39.14776713601353,56.169839649449585,56.169839649449585,47.17979797979798,47.17979797979798,80.10607329426416,80.10607329426416,2,10.934845958385566,Mixed Improvement
Travel & Leisure,2022Q4,8092,59.41727432544876,59.41727432544876,40.32759568473854,40.32759568473854,49.696969696969695,49.696969696969695,58.18181818181818,58.18181818181818,17.11119018863584,17.11119018863584,34.23249871744209,34.23249871744209,58.209974193130215,58.209974193130215,50.26868686868687,50.26868686868687,60.4560330228391,60.4560330228391,2,8.558904216983997,Mixed Improvement
Unknown,2022Q4,8092,71.16281626355773,71.16281626355773,40.678897821754965,40.678897821754965,45.85858585858587,45.85858585858587,97.97979797979798,97.97979797979798,52.036478732907305,52.036478732907305,2.3400673400673404,2.3400673400673404,86.16161616161617,86.16161616161617,57.57575757575758,57.57575757575758,54.52879994161898,54.52879994161898,1,6.074038884503864,Broad Improvement
Utilities,2022Q4,8092,52.839358739964915,49.14226720130843,50.0,61.66666666666667,50.0,58.0,50.0,46.0,50.0,57.5,46.388888888888886,52.5,51.111111111111114,45.0,50.0,48.0,72.3093218713762,74.93209065538561,6,1.3528853061519612,Mixed / Divergent
Banks,2023Q1,8093,50.975842539236766,49.15655035221261,50.0,55.88235294117647,50.0,47.352941176470594,50.0,50.0,50.0,45.58823529411765,50.0,50.98039215686275,50.0,52.94117647058823,50.0,50.0,70.49950278008811,71.72408198532364,18,0.29506433806504617,Mixed / Divergent
Basic Resources,2023Q1,8093,49.908177889792555,44.208196981344905,49.99999999999999,40.27777777777777,49.99999999999999,44.999999999999986,49.99999999999999,43.33333333333333,49.99999999999999,54.16666666666666,49.99999999999999,54.16666666666666,50.0,51.85185185185185,50.0,51.66666666666667,49.680033983320996,48.735971369923575,4,-0.4347743096232435,Mixed / Divergent
Chemicals,2023Q1,8093,50.698647409082945,44.90819942545863,50.0,54.166666666666664,50.0,52.5,50.0,65.0,50.0,56.25,50.0,31.25,50.0,63.888888888888886,50.0,50.0,65.09419563064061,58.86856929148778,5,-0.2677246953406254,Mixed / Divergent
Construction & Materials,2023Q1,8093,50.493191744681944,47.075157220181225,50.0,55.208333333333336,50.0,56.25,50.0,50.0,50.0,53.125,50.0,48.958333333333336,50.0,51.388888888888886,50.0,50.0,61.08780860982605,56.73169558854627,9,0.43049403657582985,Mixed / Divergent
Financial Services,2023Q1,8093,49.7357917598996,50.63131304397963,50.0,50.0,50.0,45.0,50.0,50.0,51.15740740740741,50.0,50.09369488536155,45.33730158730159,48.734659758965314,42.1957671957672,50.38194444444444,46.42857142857143,53.10394184983241,52.05650735489699,9,0.7032891138916142,Mixed / Divergent
Food & Beverage,2023Q1,8093,50.33851426252721,52.464778195151396,50.0,50.925925925925924,50.0,51.11111111111111,50.0,47.77777777777778,50.0,52.77777777777777,49.99999999999999,50.0,50.0,51.23456790123456,50.22222222222222,53.19444444444444,57.627152085156595,55.86474150562525,10,0.03812384399678592,Mixed / Divergent
Health Care,2023Q1,8093,73.0706759980178,73.0706759980178,85.74692503263934,85.74692503263934,60.0,60.0,56.96969696969696,56.96969696969696,38.406825015908865,38.406825015908865,22.844997677530277,22.844997677530277,78.7857594861141,78.7857594861141,39.1919191919192,39.1919191919192,73.74986172302566,73.74986172302566,1,16.30902309322328,Broad Improvement
Industrial Goods & Services,2023Q1,8093,49.139723268503666,41.99110450488443,45.55555555555555,37.5,50.0,48.0,50.0,54.0,50.833333333333336,55.0,51.05555555555555,55.0,50.0,51.111111111111114,50.0,52.0,62.584051903611254,54.53893035237988,6,-0.48418340280768746,Mixed / Divergent
Insurance,2023Q1,8093,45.955417360778085,45.955417360778085,44.84642341785199,44.84642341785199,14.747474747474746,14.747474747474746,77.97979797979798,77.97979797979798,32.780584236329574,32.780584236329574,74.99067083555758,74.99067083555758,36.836348860949926,36.836348860949926,70.6909090909091,70.6909090909091,48.88286601125165,48.88286601125165,1,-0.19817918901681253,Mixed / Divergent
Oil & Gas,2023Q1,8093,47.27731119978614,47.27731119978614,58.407201264344124,58.407201264344124,15.757575757575758,15.757575757575758,37.37373737373738,37.37373737373738,27.765372782841723,27.765372782841723,45.93887095041007,45.93887095041007,51.344258184683724,51.344258184683724,49.53333333333333,49.53333333333333,61.83014462044771,61.83014462044771,2,7.849042298977054,Mixed / Divergent
Personal & Household Goods,2023Q1,8093,65.11399996574248,65.11399996574248,75.30406101834673,75.30406101834673,56.262626262626256,56.262626262626256,35.45454545454546,35.45454545454546,40.009087380011294,40.009087380011294,27.01267522514091,27.01267522514091,72.44832187119421,72.44832187119421,55.406060606060606,55.406060606060606,75.71288931931983,75.71288931931983,2,13.77550681067261,Broad Improvement
Real Estate,2023Q1,8093,50.25919776439925,46.35502353991511,50.0,50.0,50.0,46.66666666666667,50.0,48.888888888888886,50.0,54.166666666666664,50.00000000000001,54.62962962962964,50.0,53.7037037037037,49.76608187134503,51.55555555555556,56.992760469246605,53.01158806083851,19,0.6064650336736861,Mixed / Divergent
Retail,2023Q1,8093,49.87021008416688,59.08216393409066,50.0,50.0,50.0,60.0,50.0,50.0,50.0,56.25,50.0,33.333333333333336,50.0,61.111111111111114,50.0,40.0,48.93966148441252,47.56404458854169,3,-0.582658196562079,Mixed / Divergent
Technology,2023Q1,8093,62.69272235056592,62.69272235056592,66.85391328248471,66.85391328248471,53.535353535353536,53.535353535353536,54.14141414141413,54.14141414141413,31.172697751696198,31.172697751696198,36.64584994303594,36.64584994303594,55.74527783747642,55.74527783747642,44.3030303030303,44.3030303030303,81.61586019692439,81.61586019692439,2,11.391422761907528,Mixed Improvement
Travel & Leisure,2023Q1,8093,59.33717390406345,59.33717390406345,44.30100322957466,44.30100322957466,49.19191919191919,49.19191919191919,57.878787878787875,57.878787878787875,16.865536371553453,16.865536371553453,33.50333205077542,33.50333205077542,58.82577505893109,58.82577505893109,51.27474747474748,51.27474747474748,55.837468794058836,55.837468794058836,2,7.395844706077753,Mixed Improvement
Unknown,2023Q1,8093,35.133453154018675,35.133453154018675,6.926406926406926,6.926406926406926,2.0202020202020203,2.0202020202020203,59.5959595959596,59.5959595959596,66.17789287432144,66.17789287432144,34.00673400673401,34.00673400673401,72.15728715728716,72.15728715728716,54.04040404040404,54.04040404040404,56.47731908765337,56.47731908765337,1,-38.232372788012505,Weakening
Utilities,2023Q1,8093,51.60619160678767,51.36205903313143,50.0,53.333333333333336,50.0,60.0,50.0,48.0,50.0,57.5,46.388888888888886,44.166666666666664,51.269841269841265,45.55555555555556,50.0,48.0,68.1484572559625,64.89675816378994,6,0.8244383072001256,Mixed / Divergent
Banks,2023Q2,8094,51.282865928698676,52.81984930184663,50.0,56.372549019607845,50.0,44.705882352941174,50.0,50.0,50.0,48.529411764705884,50.0,49.01960784313725,50.0,47.05882352941177,50.0,50.73529411764706,67.73834198719352,67.21109550755523,18,0.654312122319233,Mixed / Divergent
Basic Resources,2023Q2,8094,50.61276079196196,45.371153370759714,50.0,41.666666666666664,49.99999999999999,36.66666666666666,50.0,50.0,49.99999999999999,54.16666666666666,50.0,47.22222222222222,50.0,48.148148148148145,50.0,56.66666666666667,54.67128671650898,52.8946938480197,4,0.3007698306079547,Mixed / Divergent
Chemicals,2023Q2,8094,50.920838631173396,51.26766233576984,50.0,58.333333333333336,50.0,45.0,50.0,45.0,50.0,50.0,50.0,47.916666666666664,50.0,62.5,50.0,50.0,60.67880692781954,60.44223586183451,5,-0.1962382768094244,Mixed / Divergent
Construction & Materials,2023Q2,8094,50.99673317884642,47.68079053191394,50.0,60.416666666666664,50.0,47.5,50.0,45.0,50.0,53.125,50.0,47.916666666666664,50.0,51.388888888888886,50.0,50.0,62.15875118554672,61.38106693360125,9,0.8379870240595011,Mixed / Divergent
Financial Services,2023Q2,8094,50.519937062706354,56.304169867648156,50.0,52.083333333333336,50.0,45.0,50.0,50.0,50.23148148148149,52.083333333333336,49.40586419753086,42.55952380952381,49.12459582598471,50.92592592592593,50.27777777777778,50.71428571428571,53.84391729249601,52.80183176875698,9,1.327937556755117,Mixed / Divergent
Food & Beverage,2023Q2,8094,50.56718504027931,48.024017636557815,50.0,56.48148148148148,50.0,44.44444444444444,50.0,44.44444444444444,50.0,50.0,50.0,57.407407407407405,50.0,42.592592592592595,49.888888888888886,48.47222222222222,54.00478143376034,52.744423356151394,10,0.12205900245332657,Mixed / Divergent
Health Care,2023Q2,8094,65.65088963162152,65.65088963162152,85.09757438328867,85.09757438328867,61.81818181818183,61.81818181818183,36.56565656565657,36.56565656565657,49.83435732659335,49.83435732659335,37.35901997153154,37.35901997153154,74.89406476108603,74.89406476108603,46.12525252525253,46.12525252525253,73.53912074697672,73.53912074697672,1,8.805049999237596,Broad Improvement
Industrial Goods & Services,2023Q2,8094,49.62189268042192,38.054763350355174,45.555555555555564,35.833333333333336,50.0,44.0,50.0,60.0,50.0,49.375,52.444444444444436,58.166666666666664,50.0,50.0,50.0,52.0,64.9049065494027,59.561831870548026,6,-0.27638552352512846,Mixed / Divergent
Insurance,2023Q2,8094,45.2894570218467,45.2894570218467,42.65443551157836,42.65443551157836,15.353535353535353,15.353535353535353,78.38383838383838,78.38383838383838,44.90426111155925,44.90426111155925,72.81842476569581,72.81842476569581,39.18641199226306,39.18641199226306,74.62626262626262,74.62626262626262,49.001446545706784,49.001446545706784,1,-1.4760782002414103,Mixed / Divergent
Oil & Gas,2023Q2,8094,63.685859914610894,63.685859914610894,79.7163815020958,79.7163815020958,22.92929292929293,22.92929292929293,65.85858585858587,65.85858585858587,35.38840602116999,35.38840602116999,33.03775750879127,33.03775750879127,55.38068032571579,55.38068032571579,54.88080808080808,54.88080808080808,85.23822997757543,85.23822997757543,2,21.864549499398898,Mixed Improvement
Personal & Household Goods,2023Q2,8094,55.666081141034425,55.666081141034425,62.004397718683435,62.004397718683435,55.95959595959596,55.95959595959596,27.474747474747474,27.474747474747474,54.21085158371649,54.21085158371649,36.164026948485784,36.164026948485784,68.12471643145402,68.12471643145402,56.149494949494944,56.149494949494944,63.90320608798977,63.90320608798977,2,-4.435340796417734,Mixed Improvement
Real Estate,2023Q2,8094,50.82705391235779,47.84831784094352,50.0,49.074074074074076,50.0,47.77777777777777,50.0,48.88888888888889,50.0,51.388888888888886,50.0,58.333333333333336,50.0,48.76543209876544,49.86842105263158,52.44444444444444,59.113162091275974,55.69219930033573,19,0.8903723100057377,Mixed / Divergent
Retail,2023Q2,8094,50.332222903768695,61.62308662193837,50.0,50.0,50.0,60.0,50.0,40.0,50.0,56.25,50.0,41.666666666666664,50.0,72.22222222222223,50.0,50.0,49.20079575982984,48.745080685487906,3,-0.0978495432888522,Mixed / Divergent
Technology,2023Q2,8094,60.82564662565198,60.82564662565198,67.80045351473925,67.80045351473925,51.91919191919192,51.91919191919192,51.41414141414141,51.41414141414141,30.967992928396654,30.967992928396654,41.485826504327896,41.485826504327896,54.100419084461635,54.100419084461635,42.44444444444444,42.44444444444444,71.65834951583153,71.65834951583153,2,5.979935214204652,Mixed Improvement
Travel & Leisure,2023Q2,8094,57.74448726376312,57.74448726376312,41.629732701161274,41.629732701161274,49.29292929292929,49.29292929292929,55.656565656565654,55.656565656565654,18.4151953765696,18.4151953765696,35.39321911685464,35.39321911685464,52.16055139370742,52.16055139370742,57.686868686868685,57.686868686868685,55.363215861977565,55.363215861977565,2,0.8116626083356095,Mixed Improvement
Unknown,2023Q2,8094,87.33462584684673,87.33462584684673,86.59382945097231,86.59382945097231,63.838383838383834,63.838383838383834,97.37373737373737,97.37373737373737,54.73008142651,54.73008142651,3.5900673400673404,3.5900673400673404,87.93470418470419,87.93470418470419,61.61616161616161,61.61616161616161,80.85431341415256,80.85431341415256,1,5.5639327184151455,Broad Improvement
Utilities,2023Q2,8094,51.79728878560812,52.52010968196749,50.0,43.333333333333336,50.0,54.0,50.0,56.0,50.0,45.0,45.833333333333336,46.666666666666664,51.216931216931215,47.77777777777778,50.0,46.0,61.61879796459082,62.17797826339486,6,0.7501532578806192,Mixed / Divergent
Banks,2023Q3,8095,50.15193885992975,48.58733033995229,50.0,57.352941176470594,50.0,47.647058823529406,50.0,44.70588235294118,50.0,52.94117647058823,50.0,51.9607843137255,50.0,47.794117647058826,50.0,46.3235294117647,66.19252457177623,68.88575680802532,18,-0.5477720189610338,Mixed / Divergent
Basic Resources,2023Q3,8095,49.61554362782161,56.353929277871956,50.0,55.55555555555555,49.99999999999999,49.999999999999986,50.0,55.0,49.99999999999999,50.0,49.99999999999999,41.66666666666666,49.99999999999999,51.85185185185185,50.0,56.666666666666664,55.732813459842866,54.6671931275165,4,-0.30631747124077435,Mixed / Divergent
Chemicals,2023Q3,8095,49.931910258481594,51.2447786971963,50.0,41.666666666666664,50.0,30.0,50.0,50.0,50.0,43.75,50.00000000000001,45.833333333333336,50.0,55.55555555555556,50.0,45.0,61.90196516753754,63.56924311481669,5,-1.0243837238953688,Mixed / Divergent
Construction & Materials,2023Q3,8095,50.01124023113918,47.90175963826315,50.0,50.0,50.0,53.75,50.0,50.0,50.0,46.875,50.0,54.166666666666664,50.0,48.611111111111114,50.0,50.0,63.44890023863192,59.17595504777788,9,-0.26418968423276823,Mixed / Divergent
Financial Services,2023Q3,8095,49.33180001378816,47.39335830202591,50.0,43.75,50.0,35.0,50.0,37.5,50.23148148148148,50.0,49.82473544973545,38.541666666666664,48.4430114638448,44.77513227513228,49.895833333333336,46.25,55.24776056031122,57.08573849437829,9,0.5534775153763789,Mixed / Divergent
Food & Beverage,2023Q3,8095,49.46079260814635,47.61881445843218,50.0,51.85185185185185,50.0,48.88888888888889,50.0,53.33333333333333,50.0,48.611111111111114,50.0,55.55555555555556,50.0,43.20987654320987,49.72222222222222,54.86111111111111,53.270722952962714,54.260256038376895,10,-0.9359342648538842,Mixed / Divergent
Health Care,2023Q3,8095,66.10599228181852,66.10599228181852,81.14478114478113,81.14478114478113,66.06060606060605,66.06060606060605,24.040404040404034,24.040404040404034,56.27029220779221,56.27029220779221,13.085022901169092,13.085022901169092,79.29246364352747,79.29246364352747,58.75555555555555,58.75555555555555,63.84618498091514,63.84618498091514,1,1.0914507841221166,Broad Improvement
Industrial Goods & Services,2023Q3,8095,49.945602168338404,46.335157264965105,50.0,53.333333333333336,50.0,48.0,50.0,52.0,50.0,50.0,50.0,52.5,50.0,46.666666666666664,50.0,47.0,62.16895751403905,57.793392779906355,6,-1.0020781103768996,Mixed / Divergent
Insurance,2023Q3,8095,43.18731008946621,43.18731008946621,42.59259259259259,42.59259259259259,15.353535353535353,15.353535353535353,77.77777777777777,77.77777777777777,45.90999278499278,45.90999278499278,73.48898733387409,73.48898733387409,39.62517461852568,39.62517461852568,66.55353535353535,66.55353535353535,51.10834080257061,51.10834080257061,1,-2.066949291328733,Weakening
Oil & Gas,2023Q3,8095,62.946610162264065,62.946610162264065,83.58585858585859,83.58585858585859,30.101010101010097,30.101010101010097,62.12121212121211,62.12121212121211,47.175550144300146,47.175550144300146,35.16464432704995,35.16464432704995,56.77009754757982,56.77009754757982,59.7010101010101,59.7010101010101,86.17880117785259,86.17880117785259,2,19.044042992214983,Mixed Improvement
Personal & Household Goods,2023Q3,8095,52.70673587648838,52.70673587648838,44.86531986531986,44.86531986531986,55.25252525252526,55.25252525252526,31.91919191919192,31.91919191919192,51.560245310245314,51.560245310245314,25.11122810119035,25.11122810119035,72.9061029920959,72.9061029920959,47.67272727272727,47.67272727272727,58.948274554141754,58.948274554141754,2,-20.153605440053113,Mixed / Divergent
Real Estate,2023Q3,8095,49.6605775299379,51.818041566070946,50.0,53.703703703703695,50.0,55.55555555555556,50.0,56.66666666666667,50.0,41.666666666666664,50.0,53.70370370370372,50.0,53.086419753086425,49.91228070175439,52.44444444444446,56.78641349063355,54.5510943552288,19,-0.24032099226941028,Mixed / Divergent
Retail,2023Q3,8095,49.2464262102901,61.30582164973105,50.0,50.0,50.0,60.0,50.0,30.0,50.0,56.25,50.0,41.666666666666664,50.0,66.66666666666667,50.0,50.0,48.535021006340735,48.10465664200106,3,-1.0224188513503094,Mixed / Divergent
Technology,2023Q3,8095,59.44735499393404,59.44735499393404,66.32996632996634,66.32996632996634,51.81818181818181,51.81818181818181,52.12121212121212,52.12121212121212,26.581664862914863,26.581664862914863,43.333082310175655,43.333082310175655,54.428179549633455,54.428179549633455,37.810101010101015,37.810101010101015,70.88530343257676,70.88530343257676,2,5.433415339401705,Mixed Improvement
Travel & Leisure,2023Q3,8095,54.354532710518995,54.354532710518995,37.62626262626263,37.62626262626263,49.19191919191919,49.19191919191919,55.858585858585855,55.858585858585855,21.454199735449734,21.454199735449734,35.475554272997655,35.475554272997655,55.65201363516965,55.65201363516965,46.785858585858584,46.785858585858584,50.07130728500698,50.07130728500698,2,-2.968371250057679,Mixed / Divergent
Unknown,2023Q3,8095,70.36362942646468,70.36362942646468,92.76094276094277,92.76094276094277,67.27272727272727,67.27272727272727,22.82828282828283,22.82828282828283,55.0736531986532,55.0736531986532,4.006734006734007,4.006734006734007,88.1890331890332,88.1890331890332,40.656565656565654,40.656565656565654,67.47282110268078,67.47282110268078,1,-14.728526974346508,Mixed Improvement
Utilities,2023Q3,8095,50.470946400169396,48.958501722465655,50.0,53.333333333333336,50.0,50.0,50.0,54.0,50.0,57.5,45.833333333333336,49.16666666666667,51.216931216931215,46.66666666666667,50.0,46.0,56.26238038559683,57.22847831474073,6,-0.5430847762592421,Mixed / Divergent
Banks,2023Q4,8096,49.63580472630302,45.80668499468023,50.0,47.058823529411754,50.0,45.294117647058826,50.0,51.17647058823529,50.0,52.94117647058823,50.0,54.90196078431373,50.0,48.161764705882355,50.0,49.63235294117647,64.87960882084434,65.59746442688174,18,-2.325081876465106,Mixed / Divergent
Basic Resources,2023Q4,8096,49.43018991453694,53.99757633330054,49.999999999999986,55.55555555555554,50.0,53.33333333333333,50.0,46.666666666666664,50.0,50.0,50.0,55.55555555555556,50.0,51.85185185185185,50.0,53.33333333333333,60.870118425198605,60.67007325114598,4,-1.694903464508407,Mixed / Divergent
Chemicals,2023Q4,8096,49.58232479748116,50.2099601434435,50.0,41.666666666666664,50.0,40.0,50.0,45.0,50.0,50.0,50.0,52.083333333333336,50.65972222222222,48.611111111111114,50.0,40.0,61.85758313478455,63.19723690816667,5,-2.7242966718332227,Mixed / Divergent
Construction & Materials,2023Q4,8096,49.5746805695226,53.40490597884351,50.0,60.416666666666664,50.0,58.75,50.0,55.0,50.0,53.125,50.0,54.166666666666664,50.0,51.388888888888886,50.0,52.5,63.68768729803181,65.00077454729214,9,-2.2624439053196994,Mixed / Divergent
Financial Services,2023Q4,8096,49.338869334486894,54.724381580504115,50.0,54.166666666666664,50.0,37.5,50.0,38.75,49.76851851851852,43.75,50.47398589065256,44.04761904761905,49.80066872427984,41.785714285714285,49.75694444444444,44.46428571428571,60.900984584401236,63.337309751659326,9,-1.2742682227454765,Mixed / Divergent
Food & Beverage,2023Q4,8096,49.26673025708699,48.69250972235373,50.0,44.44444444444444,50.0,49.99999999999999,50.0,52.22222222222222,50.0,50.0,50.0,54.62962962962963,50.0,43.827160493827165,49.88888888888889,50.41666666666667,57.904876082043515,56.59857568558546,10,-2.217124441083236,Mixed / Divergent
Health Care,2023Q4,8096,63.8619365233249,63.8619365233249,66.66666666666667,66.66666666666667,62.42424242424242,62.42424242424242,29.4949494949495,29.4949494949495,54.30465367965368,54.30465367965368,5.243928800217858,5.243928800217858,85.72446560035213,85.72446560035213,51.20808080808081,51.20808080808081,60.335375238222,60.335375238222,1,-10.355235261951236,Mixed Improvement
Industrial Goods & Services,2023Q4,8096,49.42663523835651,51.76683857227779,50.0,53.33333333333333,50.0,42.0,50.0,46.0,50.0,55.0,50.0,53.33333333333333,50.0,52.22222222222222,50.0,47.0,60.800802212603685,60.20299664712236,6,-2.215006102817746,Mixed / Divergent
Insurance,2023Q4,8096,42.02607412393111,42.02607412393111,36.53198653198653,36.53198653198653,15.555555555555554,15.555555555555554,78.58585858585859,78.58585858585859,44.00162337662337,44.00162337662337,71.77722054315991,71.77722054315991,43.58666451751558,43.58666451751558,59.967676767676764,59.967676767676764,53.90539955568492,53.90539955568492,1,-7.2344019544030616,Weakening
Oil & Gas,2023Q4,8096,61.91818626306732,61.91818626306732,70.2861952861953,70.2861952861953,29.393939393939394,29.393939393939394,70.60606060606061,70.60606060606061,39.11796536796537,39.11796536796537,33.83372909275539,33.83372909275539,58.78182986339014,58.78182986339014,56.27474747474747,56.27474747474747,82.91526475650838,82.91526475650838,2,13.708732115285933,Mixed Improvement
Personal & Household Goods,2023Q4,8096,60.404563569128314,60.404563569128314,53.956228956228955,53.956228956228955,57.474747474747474,57.474747474747474,45.95959595959596,45.95959595959596,40.86084054834055,40.86084054834055,25.24036159102129,25.24036159102129,73.18732336462833,73.18732336462833,51.46666666666667,51.46666666666667,67.16027275597347,67.16027275597347,2,-4.52911263933278,Mixed Improvement
Real Estate,2023Q4,8096,49.51333082265382,49.868585976161285,50.0,47.22222222222222,50.0,58.88888888888889,50.0,53.33333333333333,50.0,48.611111111111114,49.81968810916179,52.75054466230937,50.0,51.85185185185185,50.43859649122807,50.222222222222214,61.07323811180721,60.632851942514044,19,-1.6884352896005552,Mixed / Divergent
Retail,2023Q4,8096,48.81339581362433,50.83136013104703,50.0,45.833333333333336,50.0,45.0,50.0,40.0,50.0,50.0,50.0,58.333333333333336,50.0,66.66666666666667,50.0,40.0,48.842628759164484,48.368581774285076,3,-2.5599971396884627,Mixed / Divergent
Technology,2023Q4,8096,57.8979446447213,57.8979446447213,58.08080808080808,58.08080808080808,53.13131313131313,53.13131313131313,54.24242424242424,54.24242424242424,31.71153499278499,31.71153499278499,41.25974354801614,41.25974354801614,57.60171761058285,57.60171761058285,40.452525252525255,40.452525252525255,71.29604255090852,71.29604255090852,2,-3.9761144734029656,Mixed Improvement
Travel & Leisure,2023Q4,8096,55.85118733159993,55.85118733159993,60.77441077441078,60.77441077441078,50.707070707070706,50.707070707070706,43.43434343434343,43.43434343434343,30.238921957671955,30.238921957671955,39.20288809508953,39.20288809508953,51.06261092076694,51.06261092076694,50.898989898989896,50.898989898989896,58.9815241281804,58.9815241281804,2,-3.5660869938488275,Mixed Improvement
Unknown,2023Q4,8096,67.01423567269627,67.01423567269627,78.45117845117845,78.45117845117845,72.12121212121211,72.12121212121211,15.353535353535355,15.353535353535355,41.94234006734007,41.94234006734007,4.006734006734007,4.006734006734007,87.75613275613276,87.75613275613276,34.5959595959596,34.5959595959596,66.99116725735396,66.99116725735396,1,-4.148580590861457,Mixed Improvement
Utilities,2023Q4,8096,49.52717223031559,53.84783255650571,50.0,45.0,50.0,56.0,50.0,58.0,50.0,50.0,47.22222222222222,51.25,50.50925925925926,48.611111111111114,50.0,48.0,52.900163210503905,52.70543083908608,6,-3.3121865096493224,Mixed / Divergent
Banks,2024Q1,8097,50.88977982207741,50.872134345569194,50.0,50.98039215686275,50.0,48.23529411764706,50.0,48.23529411764706,50.0,50.0,50.0,50.0,50.0,52.5735294117647,50.0,47.794117647058826,65.8801474763391,68.0858031896972,18,-0.08606271715935776,Mixed / Divergent
Basic Resources,2024Q1,8097,50.93443464824397,52.88243955283632,49.99999999999999,58.33333333333333,49.999999999999986,56.66666666666665,50.0,46.666666666666664,50.0,50.0,49.99999999999999,47.222222222222214,50.0,55.55555555555556,50.0,53.333333333333336,66.7509169267315,65.92783313133695,4,1.0262567584514173,Mixed / Divergent
Chemicals,2024Q1,8097,50.62670285817067,51.937344772500296,50.0,50.0,50.0,40.0,50.0,55.0,50.0,43.75,50.0,50.0,50.0,38.888888888888886,50.0,45.0,60.75014467625026,60.008659037888485,5,-0.0719445509122778,Mixed / Divergent
Construction & Materials,2024Q1,8097,50.846057385357106,48.50701691869745,50.0,45.833333333333336,50.0,53.75,50.0,47.5,50.0,43.75,50.0,45.833333333333336,50.0,45.833333333333336,50.0,52.5,65.02755962725104,64.09483349218817,9,0.35286564067516224,Mixed / Divergent
Financial Services,2024Q1,8097,50.35707644624701,50.23601616206881,50.0,43.75,50.0,42.5,50.0,38.75,50.925925925925924,50.0,51.160714285714285,52.18253968253968,48.536706349206355,46.62698412698413,49.513888888888886,51.25,67.11445139946704,65.31508051596056,9,0.6212846863474084,Mixed / Divergent
Food & Beverage,2024Q1,8097,50.78965914915634,49.48813443982015,50.0,48.14814814814814,50.0,48.888888888888886,50.0,44.44444444444444,50.0,45.138888888888886,50.0,56.48148148148148,50.0,42.90123456790123,49.80555555555556,49.72222222222222,64.31668248062891,63.1159471574802,10,0.4511448866291303,Mixed / Divergent
Health Care,2024Q1,8097,55.135732404335265,55.135732404335265,42.59259259259259,42.59259259259259,59.19191919191919,59.19191919191919,30.70707070707071,30.70707070707071,63.942550505050505,63.942550505050505,14.282668981717135,14.282668981717135,82.9532480190375,82.9532480190375,54.222222222222214,54.222222222222214,53.4888025724203,53.4888025724203,1,-17.93494359368254,Mixed Improvement
Industrial Goods & Services,2024Q1,8097,50.88347995333027,47.48954659716075,50.0,50.0,50.0,42.0,50.0,50.0,50.0,50.0,50.0,53.33333333333333,50.0,48.888888888888886,50.0,46.0,65.75729998778269,66.41688349153975,6,1.7437566848266073,Mixed / Divergent
Insurance,2024Q1,8097,42.71732345110956,42.71732345110956,29.62962962962963,29.62962962962963,13.737373737373735,13.737373737373735,85.85858585858587,85.85858585858587,42.425144300144304,42.425144300144304,71.97682310224303,71.97682310224303,39.382476076555015,39.382476076555015,65.95555555555555,65.95555555555555,53.13256232570832,53.13256232570832,1,-3.238093909668528,Weakening
Oil & Gas,2024Q1,8097,63.16531060716939,63.16531060716939,75.84175084175084,75.84175084175084,31.61616161616162,31.61616161616162,68.48484848484847,68.48484848484847,54.56146284271284,54.56146284271284,31.733279745947716,31.733279745947716,60.54095676902694,60.54095676902694,59.92323232323232,59.92323232323232,83.05518949033043,83.05518949033043,2,15.887999407383248,Mixed Improvement
Personal & Household Goods,2024Q1,8097,58.645780502482665,58.645780502482665,38.8047138047138,38.8047138047138,56.56565656565657,56.56565656565657,48.888888888888886,48.888888888888886,43.28846500721501,43.28846500721501,24.469989178835764,24.469989178835764,79.03362678581976,79.03362678581976,48.31111111111111,48.31111111111111,70.83272895989629,70.83272895989629,2,-6.468219463259814,Mixed Improvement
Real Estate,2024Q1,8097,50.593445112800964,52.68757452747962,50.0,41.20370370370371,50.0,60.0,50.0,54.44444444444444,50.0,52.77777777777777,50.0,48.14814814814815,50.0,53.08641975308641,50.453216374269005,50.44444444444444,59.19518563967241,55.908536500519546,19,0.33424734840171766,Mixed / Divergent
Retail,2024Q1,8097,50.149839550181014,59.05730614009527,50.0,54.166666666666664,50.0,55.0,50.0,30.0,50.0,62.5,50.0,50.0,50.0,72.22222222222223,50.0,50.0,51.45130653809348,47.93397166971192,3,0.27962946601413563,Mixed / Divergent
Technology,2024Q1,8097,60.040331550491565,60.040331550491565,53.198653198653204,53.198653198653204,54.74747474747474,54.74747474747474,57.67676767676768,57.67676767676768,25.888347763347767,25.888347763347767,41.5686976615728,41.5686976615728,57.90360265140967,57.90360265140967,42.37575757575758,42.37575757575758,72.53455336069247,72.53455336069247,2,-2.6523908000743575,Mixed Improvement
Travel & Leisure,2024Q1,8097,57.23327757467892,57.23327757467892,65.9090909090909,65.9090909090909,52.323232323232325,52.323232323232325,43.43434343434343,43.43434343434343,34.79782948532949,34.79782948532949,39.662132005007145,39.662132005007145,51.783715391171526,51.783715391171526,43.4040404040404,43.4040404040404,58.22330188535629,58.22330188535629,2,-2.1038963293845256,Mixed Improvement
Unknown,2024Q1,8097,74.96247663344678,74.96247663344678,88.04713804713805,88.04713804713805,69.0909090909091,69.0909090909091,21.212121212121215,21.212121212121215,19.38341750841751,19.38341750841751,4.006734006734007,4.006734006734007,86.6017316017316,86.6017316017316,38.38383838383838,38.38383838383838,67.44769018913041,67.44769018913041,1,39.82902347942811,Broad Improvement
Utilities,2024Q1,8097,50.67704152639126,56.980790666618546,50.0,50.0,50.0,61.0,50.0,50.0,50.0,47.5,47.77777777777778,58.75,50.0,46.66666666666667,50.0,52.0,55.065082423324306,56.364276308620205,6,-0.9291500803964112,Mixed / Divergent
Banks,2024Q2,8098,50.971627649819794,51.75298922185749,50.0,43.627450980392155,50.0,49.41176470588236,50.0,51.1764705882353,50.0,55.882352941176464,50.0,50.98039215686275,50.0,52.205882352941174,50.0,52.94117647058823,67.47618074076621,67.83294646765535,18,-0.3112382788788821,Mixed / Divergent
Basic Resources,2024Q2,8098,50.97724985412558,58.02384384591191,49.99999999999999,54.16666666666666,49.99999999999999,56.66666666666666,50.0,36.666666666666664,49.99999999999999,45.83333333333333,50.0,47.222222222222214,49.99999999999999,46.29629629629629,50.0,46.666666666666664,67.58581376755437,64.91402851664505,4,0.36448906216362076,Mixed / Divergent
Chemicals,2024Q2,8098,50.58140249155209,52.97171823792944,50.0,54.166666666666664,50.0,45.0,50.0,60.0,50.0,37.5,50.0,52.083333333333336,50.0,41.666666666666664,50.0,50.0,59.866787182126565,57.80444879048038,5,-0.3394361396213057,Mixed / Divergent
Construction & Materials,2024Q2,8098,50.90812003824958,52.642574506241004,50.0,50.0,50.0,51.25,50.0,47.5,50.0,40.625,50.0,50.0,50.0,50.0,50.0,55.0,66.23778183139734,62.07021072431466,9,-0.08861314059684133,Mixed / Divergent
Financial Services,2024Q2,8098,50.44450120249465,45.788531543122424,50.0,47.916666666666664,50.0,45.0,50.0,42.5,49.18981481481482,37.5,52.507716049382715,50.595238095238095,48.53395061728395,49.14021164021164,49.583333333333336,50.0,67.5212850767774,67.51869221725242,9,-0.07543586021170512,Mixed / Divergent
Food & Beverage,2024Q2,8098,50.77006503658854,50.21388439862258,49.99999999999999,46.29629629629629,50.0,48.888888888888886,50.0,52.222222222222214,50.0,50.0,50.0,57.87037037037037,50.0,40.4320987654321,49.75,52.083333333333336,64.0457082474159,64.67045895207879,10,0.20287999630922826,Mixed / Divergent
Health Care,2024Q2,8098,55.72362721831616,55.72362721831616,36.53198653198653,36.53198653198653,57.777777777777786,57.777777777777786,41.81818181818181,41.81818181818181,60.84009740259741,60.84009740259741,11.217734455416426,11.217734455416426,80.93867755569883,80.93867755569883,49.78585858585858,49.78585858585858,52.88218321478789,52.88218321478789,1,-9.927262413305364,Mixed Improvement
Industrial Goods & Services,2024Q2,8098,50.7125051565778,55.050545002680074,50.0,50.0,50.0,52.0,50.0,48.0,50.0,50.0,50.0,46.66666666666667,50.0,44.44444444444444,50.0,46.0,62.42329014876168,60.4181194173832,6,1.0906124761558758,Mixed / Divergent
Insurance,2024Q2,8098,43.178043019938876,43.178043019938876,27.27272727272727,27.27272727272727,14.141414141414142,14.141414141414142,82.42424242424241,82.42424242424241,38.26208513708514,38.26208513708514,66.83982414665506,66.83982414665506,40.54531350741457,40.54531350741457,65.72929292929294,65.72929292929294,55.08615993699813,55.08615993699813,1,-2.111414001907825,Weakening
Oil & Gas,2024Q2,8098,61.22310168305442,61.22310168305442,67.67676767676768,67.67676767676768,31.616161616161616,31.616161616161616,60.7070707070707,60.7070707070707,40.61710858585859,40.61710858585859,31.09257703952553,31.09257703952553,59.75305060056833,59.75305060056833,56.557575757575755,56.557575757575755,82.45798835880001,82.45798835880001,2,-2.462758231556471,Mixed Improvement
Personal & Household Goods,2024Q2,8098,69.09179006687134,69.09179006687134,53.28282828282829,53.28282828282829,58.080808080808076,58.080808080808076,67.67676767676768,67.67676767676768,38.11327561327561,38.11327561327561,22.958608104184812,22.958608104184812,83.40885211452589,83.40885211452589,52.04040404040404,52.04040404040404,80.28332818155067,80.28332818155067,2,13.425708925836915,Broad Improvement
Real Estate,2024Q2,8098,50.703925813804695,50.22969126004263,50.0,56.481481481481474,50.0,50.0,50.0,46.66666666666667,50.0,47.22222222222222,49.92202729044834,46.949891067538125,50.36478041509002,51.053013798111834,50.6578947368421,51.55555555555556,59.61194405172668,56.60659842659673,19,-0.12312809855309581,Mixed / Divergent
Retail,2024Q2,8098,50.483224173468365,41.593637770380695,50.0,41.666666666666664,50.0,70.0,50.0,60.0,50.0,50.0,50.0,50.0,50.0,55.55555555555556,50.0,50.0,57.95230923165088,61.82724783656413,3,0.15100126969966965,Mixed / Divergent
Technology,2024Q2,8098,59.73367091127925,59.73367091127925,48.737373737373744,48.737373737373744,54.44444444444444,54.44444444444444,64.74747474747474,64.74747474747474,35.01533189033189,35.01533189033189,37.91043719200214,37.91043719200214,57.97542505432577,57.97542505432577,43.62020202020202,43.62020202020202,75.49217367045335,75.49217367045335,2,-1.0919757143727296,Mixed Improvement
Travel & Leisure,2024Q2,8098,58.48192147984025,58.48192147984025,69.02356902356902,69.02356902356902,54.44444444444445,54.44444444444445,39.696969696969695,39.696969696969695,34.155092592592595,34.155092592592595,41.49315570788135,41.49315570788135,53.436585544741575,53.436585544741575,46.77373737373737,46.77373737373737,65.33097946972426,65.33097946972426,2,0.7374342160771334,Mixed Improvement
Unknown,2024Q2,8098,64.6696272338022,64.6696272338022,48.65319865319865,48.65319865319865,67.67676767676767,67.67676767676767,27.070707070707066,27.070707070707066,19.046717171717173,19.046717171717173,3.35016835016835,3.35016835016835,82.41702741702741,82.41702741702741,36.36363636363636,36.36363636363636,59.54368630010458,59.54368630010458,1,-22.66499861304453,Mixed Improvement
Utilities,2024Q2,8098,50.54332428930152,56.16959916950877,50.0,61.66666666666667,50.0,59.0,50.0,48.0,50.0,50.0,47.77777777777778,59.583333333333336,50.39351851851851,46.666666666666664,50.0,53.0,51.277039725969416,52.991784701792035,6,-1.253964496306594,Mixed / Divergent
Banks,2024Q3,8099,51.787294995125116,45.131604040355015,50.0,41.1764705882353,50.0,54.705882352941174,50.0,50.0,50.0,54.411764705882355,50.0,48.03921568627452,50.0,45.588235294117645,50.0,51.470588235294116,68.82659339878387,67.57310665461202,18,1.6353561351953658,Mixed / Divergent
Basic Resources,2024Q3,8099,51.928285712822166,55.34769912774257,49.99999999999999,54.16666666666666,49.999999999999986,53.333333333333314,50.0,40.0,50.0,45.83333333333333,49.99999999999999,44.44444444444444,50.0,50.0,50.0,46.66666666666667,71.57591346782944,71.63084843290429,4,2.312742085000558,Mixed / Divergent
Chemicals,2024Q3,8099,51.40747185317476,48.803922246319374,50.0,45.833333333333336,50.0,45.0,50.0,45.0,50.0,43.75,50.0,41.666666666666664,50.0,58.333333333333336,50.0,55.0,61.420039237566606,54.966057344989586,5,1.4755615946931684,Mixed / Divergent
Construction & Materials,2024Q3,8099,51.716377812089384,51.03126674323303,50.0,50.0,50.0,50.0,50.0,60.0,50.0,50.0,50.0,50.0,50.0,48.611111111111114,50.0,55.0,67.44370778939714,70.20410953266062,9,1.7051375809502005,Mixed / Divergent
Financial Services,2024Q3,8099,50.52799223839443,48.940504272899794,50.0,50.0,50.0,42.5,50.0,48.75,51.157407407407405,50.0,52.667548500881836,41.269841269841265,48.26940035273369,53.63756613756614,49.61805555555556,47.32142857142857,61.70073560574183,62.69899216886502,9,1.1961922246062713,Mixed / Divergent
Food & Beverage,2024Q3,8099,51.614159332005876,49.80862406613209,50.0,45.370370370370374,50.0,47.77777777777778,50.0,54.44444444444445,50.0,45.833333333333336,50.0,53.70370370370371,50.0,41.97530864197532,49.88888888888889,53.88888888888889,65.67266887137333,64.7440992612985,10,2.153366723859527,Mixed / Divergent
Health Care,2024Q3,8099,56.47178239705551,56.47178239705551,35.18518518518518,35.18518518518518,58.38383838383838,58.38383838383838,61.010101010101,61.010101010101,59.45481601731602,59.45481601731602,32.5709950381003,32.5709950381003,81.51639921675384,81.51639921675384,42.77171717171718,42.77171717171718,52.65725108992888,52.65725108992888,1,-9.634209884763003,Mixed Improvement
Industrial Goods & Services,2024Q3,8099,51.47345719381906,56.92457436717976,50.0,46.66666666666667,50.0,52.0,50.0,50.0,50.0,50.0,50.0,45.0,50.0,48.888888888888886,50.0,48.0,62.70675388275314,59.25850935957192,6,1.5278550254806547,Mixed / Divergent
Insurance,2024Q3,8099,50.07226279222752,50.07226279222752,41.07744107744107,41.07744107744107,13.535353535353536,13.535353535353536,82.42424242424241,82.42424242424241,31.043470418470417,31.043470418470417,63.20078349753603,63.20078349753603,41.17031350741457,41.17031350741457,71.75757575757575,71.75757575757575,61.8645328635887,61.8645328635887,1,6.884952702761311,Mixed / Divergent
Oil & Gas,2024Q3,8099,60.08676459821091,60.08676459821091,53.78787878787879,53.78787878787879,29.7979797979798,29.7979797979798,66.16161616161617,66.16161616161617,29.9382215007215,29.9382215007215,30.442927784753092,30.442927784753092,60.43262411347518,60.43262411347518,52.32323232323232,52.32323232323232,73.08764696935346,73.08764696935346,2,-2.8598455640531526,Mixed Improvement
Personal & Household Goods,2024Q3,8099,65.87764776217502,65.87764776217502,49.83164983164983,49.83164983164983,58.38383838383838,58.38383838383838,61.41414141414141,61.41414141414141,42.56651334776335,42.56651334776335,30.826336809679475,30.826336809679475,77.13237576712754,77.13237576712754,62.00404040404041,62.00404040404041,80.01175369785422,80.01175369785422,2,13.170911885686635,Broad Improvement
Real Estate,2024Q3,8099,51.488408739245095,51.51369502646604,50.0,50.92592592592593,50.0,51.111111111111114,50.0,51.111111111111114,50.0,50.0,49.95126705653022,47.76688453159042,50.41781332416007,50.39941902687001,50.64327485380117,49.99999999999999,60.31212062195786,60.488683129849335,19,1.8278312093071918,Mixed / Divergent
Retail,2024Q3,8099,51.574954537127866,41.35007955504262,50.0,37.5,50.0,60.0,50.0,40.0,50.0,50.0,50.0,58.333333333333336,50.0,50.0,50.0,40.0,64.6859528503996,63.52178654202797,3,2.3285283268377626,Mixed / Divergent
Technology,2024Q3,8099,60.028735292724946,60.028735292724946,50.08417508417508,50.08417508417508,53.43434343434343,53.43434343434343,67.97979797979798,67.97979797979798,44.64375901875902,44.64375901875902,39.19583573698915,39.19583573698915,58.1696038398166,58.1696038398166,45.515151515151516,45.515151515151516,79.43697061865161,79.43697061865161,2,0.5813802987909042,Mixed Improvement
Travel & Leisure,2024Q3,8099,67.20700362192673,67.20700362192673,80.13468013468014,80.13468013468014,57.37373737373737,57.37373737373737,52.22222222222223,52.22222222222223,27.418680856180856,27.418680856180856,40.584817708627895,40.584817708627895,54.42183102555443,54.42183102555443,52.92727272727272,52.92727272727272,65.3442471822512,65.3442471822512,2,12.852470911407735,Broad Improvement
Unknown,2024Q3,8099,46.66938126378112,46.66938126378112,11.784511784511784,11.784511784511784,63.23232323232323,63.23232323232323,14.545454545454547,14.545454545454547,43.62584175084175,43.62584175084175,4.84006734006734,4.84006734006734,82.92568542568542,82.92568542568542,27.77777777777778,27.77777777777778,40.05868205989752,40.05868205989752,1,-23.694248162683564,Mixed / Divergent
Utilities,2024Q3,8099,51.48754810516723,53.983799693920645,50.0,53.33333333333333,50.0,55.0,50.0,50.0,50.0,50.0,47.5,63.33333333333333,50.625,48.05555555555556,50.0,50.0,53.606526761375505,53.72210338028828,6,1.0166017049978322,Mixed / Divergent
Banks,2024Q4,8100,51.683778213767354,50.64109074240341,50.0,53.4313725490196,50.0,44.41176470588235,50.0,50.0,50.0,51.470588235294116,50.0,47.05882352941177,50.0,48.52941176470588,50.0,50.73529411764706,72.6150029362725,71.7122373860714,18,2.0479734874643327,Mixed / Divergent
Basic Resources,2024Q4,8100,51.33487808157399,50.69285924499664,49.99999999999999,50.0,49.999999999999986,53.333333333333314,50.0,43.33333333333333,50.0,50.0,50.0,47.222222222222214,50.0,55.55555555555556,50.0,46.66666666666667,65.81144770086311,68.5274019467386,4,1.904688167037051,Mixed / Divergent
Chemicals,2024Q4,8100,51.503466683116244,58.10540683035872,50.0,50.0,50.0,45.0,50.0,60.0,50.0,43.75,50.83333333333333,52.77777777777777,50.0,41.666666666666664,50.0,50.0,71.59892671510848,70.34564742091524,5,1.9211418856350875,Mixed / Divergent
Construction & Materials,2024Q4,8100,51.58261307735253,56.228682499503094,50.0,43.75,50.0,52.5,50.0,47.5,50.0,50.0,50.0,43.75,50.0,51.388888888888886,50.0,52.5,70.64228200558938,71.09140606162916,9,2.007932507829935,Mixed / Divergent
Financial Services,2024Q4,8100,49.89746981345927,46.6805925657048,50.0,39.583333333333336,50.0,55.0,50.0,45.0,51.85185185185185,45.833333333333336,50.535714285714285,50.694444444444436,46.701388888888886,49.33035714285714,49.895833333333336,50.71428571428571,55.04884060297847,58.474447090716126,9,0.5586004789723731,Mixed / Divergent
Food & Beverage,2024Q4,8100,51.631829384295166,51.84377039980022,50.0,55.55555555555556,50.0,51.111111111111114,50.0,60.0,50.0,44.44444444444444,50.0,50.0,50.0,43.20987654320987,50.05555555555556,49.861111111111114,71.49088925474959,77.20943023141847,10,2.3650991272081754,Mixed / Divergent
Health Care,2024Q4,8100,55.865060325963405,55.865060325963405,42.42424242424242,42.42424242424242,60.4040404040404,60.4040404040404,44.84848484848485,44.84848484848485,59.022366522366525,59.022366522366525,34.56128662511641,34.56128662511641,84.48385151753945,84.48385151753945,39.62020202020202,39.62020202020202,69.07772369183115,69.07772369183115,1,-7.996876197361495,Mixed Improvement
Industrial Goods & Services,2024Q4,8100,51.51841240032338,53.75703320508308,50.0,51.66666666666667,50.0,56.0,50.0,56.0,50.0,55.0,50.0,58.33333333333333,50.0,46.666666666666664,50.0,42.0,69.39036831449197,73.31374042740461,6,2.091777161966867,Mixed / Divergent
Insurance,2024Q4,8100,48.97219711795787,48.97219711795787,46.969696969696976,46.969696969696976,12.727272727272728,12.727272727272728,79.5959595959596,79.5959595959596,43.0275974025974,43.0275974025974,64.82763808295722,64.82763808295722,40.9840761336772,40.9840761336772,73.70505050505048,73.70505050505048,68.80111381747494,68.80111381747494,1,6.946122994026759,Mixed / Divergent
Oil & Gas,2024Q4,8100,50.082534345271256,50.082534345271256,52.69360269360269,52.69360269360269,25.757575757575758,25.757575757575758,44.44444444444444,44.44444444444444,43.30424783549783,43.30424783549783,33.9805054086969,33.9805054086969,57.74783592425436,57.74783592425436,40.75959595959596,40.75959595959596,74.20620106815407,74.20620106815407,2,-11.835651917796064,Mixed / Divergent
Personal & Household Goods,2024Q4,8100,54.91001403961258,54.91001403961258,44.94949494949495,44.94949494949495,57.676767676767675,57.676767676767675,38.58585858585859,38.58585858585859,57.72479256854257,57.72479256854257,37.41917848699764,37.41917848699764,73.02509133892113,73.02509133892113,56.73131313131313,56.73131313131313,78.6226592043583,78.6226592043583,2,-5.494549529515737,Mixed / Divergent
Real Estate,2024Q4,8100,51.39502216309003,50.356683647057544,50.0,51.85185185185185,50.0,53.333333333333336,50.0,55.55555555555556,50.0,50.0,49.75633528265107,52.01525054466231,50.44839085731759,50.79883805374001,50.28508771929825,51.111111111111114,64.33791558595871,63.78055672969349,19,1.8816913404362126,Mixed / Divergent
Retail,2024Q4,8100,51.83581817075307,46.401612388279254,50.0,50.0,50.0,40.0,50.0,50.0,50.0,50.0,50.0,41.666666666666664,50.0,66.66666666666667,50.0,40.0,75.57978325561122,77.66316072483357,3,3.0224223571287396,Mixed / Divergent
Technology,2024Q4,8100,57.94285515220412,57.94285515220412,44.612794612794616,44.612794612794616,51.71717171717171,51.71717171717171,65.15151515151516,65.15151515151516,43.8575487012987,43.8575487012987,40.47242370513648,40.47242370513648,59.59867886906895,59.59867886906895,49.04242424242424,49.04242424242424,80.23736250090015,80.23736250090015,2,0.04491050748281822,Mixed Improvement
Travel & Leisure,2024Q4,8100,61.202444548878404,61.202444548878404,70.28619528619528,70.28619528619528,55.95959595959596,55.95959595959596,43.83838383838384,43.83838383838384,36.54506373256373,36.54506373256373,39.47138047138048,39.47138047138048,52.723382081538105,52.723382081538105,55.2020202020202,55.2020202020202,67.08131931671483,67.08131931671483,2,5.351257217278473,Mixed Improvement
Unknown,2024Q4,8100,66.04942451192771,66.04942451192771,4.2087542087542085,4.2087542087542085,57.17171717171717,57.17171717171717,95.95959595959596,95.95959595959596,27.12752525252525,27.12752525252525,2.3400673400673404,2.3400673400673404,83.99711399711398,83.99711399711398,50.0,50.0,55.587627393675774,55.587627393675774,1,-0.9648111607685621,Mixed Improvement
Utilities,2024Q4,8100,51.010860413274465,53.1470234035852,50.0,48.333333333333336,50.0,59.0,50.0,40.0,50.0,42.5,48.72222222222223,56.25,50.55555555555555,47.5,50.0,52.0,53.993100700917914,55.79969384046608,6,1.483688182958872,Mixed / Divergent
Banks,2025Q1,8101,51.568264390909334,47.161288857962155,50.0,47.54901960784314,50.0,49.705882352941174,50.0,50.0,50.0,50.0,50.0,51.96078431372548,50.0,49.26470588235294,50.0,52.94117647058823,70.29079130617534,71.71450600942353,18,0.6784845688319265,Mixed / Divergent
Basic Resources,2025Q1,8101,51.34629744113748,54.818257217967826,50.0,47.222222222222214,49.999999999999986,53.333333333333314,50.0,50.0,49.99999999999999,58.33333333333333,50.0,44.44444444444445,50.0,50.0,50.0,50.0,65.96243409485965,65.3563343075599,4,0.41186279289350836,Mixed / Divergent
Chemicals,2025Q1,8101,51.783033879579456,54.14492169933778,50.0,50.0,50.0,45.0,50.0,60.0,50.0,56.25,50.0,45.833333333333336,50.0,58.333333333333336,50.0,50.0,74.47879797118283,74.48426866188807,5,1.1563310214087892,Mixed / Divergent
Construction & Materials,2025Q1,8101,51.4684052898642,56.710604606185655,50.0,56.25,50.0,55.0,50.0,57.5,50.0,56.25,50.0,47.916666666666664,50.0,50.0,50.0,50.0,68.34353807514948,70.24705210282538,9,0.6223479045070945,Mixed / Divergent
Financial Services,2025Q1,8101,49.55242270840603,43.9610106922886,50.0,52.083333333333336,50.0,55.0,50.0,42.5,51.620370370370374,58.333333333333336,52.12191358024691,56.845238095238095,47.310405643738974,48.214285714285715,49.895833333333336,52.5,50.485831396278996,49.32707659051246,9,-0.8046537378409795,Mixed / Divergent
Food & Beverage,2025Q1,8101,51.42240058501453,55.81152348531545,50.0,55.55555555555555,50.0,51.11111111111111,50.0,55.55555555555556,50.0,51.388888888888886,50.0,47.22222222222222,50.0,44.44444444444444,49.94444444444444,48.333333333333336,67.5575570912653,63.20245181475156,10,0.6327414358581862,Mixed / Divergent
Health Care,2025Q1,8101,58.468158453835926,58.468158453835926,56.73400673400673,56.73400673400673,61.010101010101,61.010101010101,37.37373737373737,37.37373737373737,61.182359307359306,61.182359307359306,30.25351680586843,30.25351680586843,80.64614667264908,80.64614667264908,43.66868686868686,43.66868686868686,72.66520547002624,72.66520547002624,1,3.3324260495006612,Mixed Improvement
Industrial Goods & Services,2025Q1,8101,51.282086286902874,48.6431460484073,50.0,41.66666666666667,50.0,54.0,50.0,54.0,50.0,47.5,50.0,56.66666666666667,50.0,44.44444444444444,50.0,47.0,64.71031609817614,66.21161415664972,6,0.39860633357260156,Mixed / Divergent
Insurance,2025Q1,8101,48.14078536947421,48.14078536947421,48.98989898989899,48.98989898989899,12.525252525252526,12.525252525252526,73.53535353535354,73.53535353535354,37.627164502164504,37.627164502164504,63.993595471758965,63.993595471758965,40.79783875993982,40.79783875993982,60.92121212121212,60.92121212121212,74.88934448803712,74.88934448803712,1,5.4234619183646515,Mixed / Divergent
Oil & Gas,2025Q1,8101,40.90212638541384,40.90212638541384,25.589225589225588,25.589225589225588,22.323232323232325,22.323232323232325,45.95959595959596,45.95959595959596,34.471500721500725,34.471500721500725,45.26226749071094,45.26226749071094,54.716670248585146,54.716670248585146,37.022222222222226,37.022222222222226,62.23042732200228,62.23042732200228,2,-22.26318422175555,Weakening
Personal & Household Goods,2025Q1,8101,50.57259394548686,50.57259394548686,32.407407407407405,32.407407407407405,56.96969696969697,56.96969696969697,36.666666666666664,36.666666666666664,61.08337842712843,61.08337842712843,35.447368747340754,35.447368747340754,70.84894924107317,70.84894924107317,59.45454545454545,59.45454545454545,72.42902134483106,72.42902134483106,2,-8.073186556995807,Mixed / Divergent
Real Estate,2025Q1,8101,51.41016993526521,53.142283258365104,50.0,54.62962962962962,50.0,54.44444444444444,50.0,57.777777777777786,50.0,48.61111111111111,49.77582846003898,54.73856209150327,50.19696231319038,50.29048656499637,50.12426900584795,55.55555555555556,65.69600864572922,69.82723004710951,19,0.8167248224642449,Mixed / Divergent
Retail,2025Q1,8101,51.95402186620851,45.879135266202574,50.0,37.5,50.0,40.0,50.0,30.0,50.0,50.0,50.0,41.666666666666664,50.0,61.111111111111114,50.0,60.0,77.81306501289737,77.14866634611218,3,1.804182316027493,Mixed / Divergent
Technology,2025Q1,8101,57.2336489068773,57.2336489068773,50.84175084175084,50.84175084175084,52.82828282828283,52.82828282828283,62.42424242424242,62.42424242424242,48.69273088023088,48.69273088023088,41.88443480226795,41.88443480226795,58.08636633851266,58.08636633851266,41.34141414141414,41.34141414141414,80.33654705213831,80.33654705213831,2,-2.8066826436142662,Mixed Improvement
Travel & Leisure,2025Q1,8101,62.09861335621416,62.09861335621416,69.52861952861953,69.52861952861953,57.17171717171717,57.17171717171717,45.45454545454545,45.45454545454545,33.76728595478595,33.76728595478595,39.62294425795265,39.62294425795265,54.41564635853549,54.41564635853549,53.62222222222222,53.62222222222222,67.16383531130992,67.16383531130992,2,4.8653357815352365,Mixed Improvement
Unknown,2025Q1,8101,62.925120619693814,62.925120619693814,2.861952861952862,2.861952861952862,52.121212121212125,52.121212121212125,97.97979797979798,97.97979797979798,41.2689393939394,41.2689393939394,2.3400673400673404,2.3400673400673404,83.99711399711398,83.99711399711398,50.0,50.0,55.87144777168315,55.87144777168315,1,-12.03735601375297,Mixed Improvement
Utilities,2025Q1,8101,51.45583214517154,57.69933538161785,50.0,38.33333333333333,50.0,55.0,50.0,48.0,50.0,47.5,50.0,48.33333333333333,50.50925925925926,53.05555555555556,50.0,51.0,66.57058388009267,69.0681376397074,6,0.7787906187802847,Mixed / Divergent
Banks,2025Q2,8102,51.40303867706193,49.92661646652279,50.0,52.450980392156865,50.0,50.882352941176464,50.0,54.117647058823536,50.0,48.529411764705884,50.0,51.96078431372549,50.0,45.58823529411765,50.0,50.73529411764706,70.00643573095687,70.75984880264457,18,0.43141102724213454,Mixed / Divergent
Basic Resources,2025Q2,8102,50.90381743398927,58.47196314656205,49.99999999999999,54.16666666666666,49.999999999999986,54.999999999999986,50.0,46.66666666666666,49.99999999999999,49.99999999999999,50.0,36.11111111111111,50.0,51.85185185185185,50.0,46.666666666666664,60.271617688376764,63.052374955185456,4,-0.07343242013631368,Mixed / Divergent
Chemicals,2025Q2,8102,51.78759644611424,57.71471967320265,50.0,58.333333333333336,50.0,45.0,50.0,60.0,50.0,43.75,50.0,47.916666666666664,50.0,58.333333333333336,50.0,50.0,77.50531515672678,78.3853213275104,5,1.2061939545621527,Mixed / Divergent
Construction & Materials,2025Q2,8102,51.522036047417174,49.0453177969522,50.0,56.25,50.0,48.75,50.0,67.5,50.0,46.875,50.0,54.166666666666664,50.0,50.0,50.0,50.0,72.32688535930981,74.3425458817935,9,0.6139160091675961,Mixed / Divergent
Financial Services,2025Q2,8102,49.610022375533056,49.78293582375873,50.0,52.083333333333336,50.0,50.0,50.0,45.0,51.736111111111114,54.166666666666664,52.320326278659614,55.85317460317461,47.2663139329806,40.07936507936508,50.416666666666664,46.42857142857143,54.57964123043424,50.88979193024427,9,-0.8344788269615933,Mixed / Divergent
Food & Beverage,2025Q2,8102,51.37799302573526,57.18469039870686,50.0,51.85185185185185,50.0,52.22222222222223,50.0,55.55555555555555,50.0,50.0,50.0,49.074074074074076,50.0,44.44444444444444,50.11111111111111,51.52777777777778,69.29582311708707,67.76625738655673,10,0.6079279891467166,Mixed / Divergent
Health Care,2025Q2,8102,61.49253299856013,61.49253299856013,64.64646464646465,64.64646464646465,61.41414141414141,61.41414141414141,31.111111111111107,31.111111111111107,50.054563492063494,50.054563492063494,25.841154435931447,25.841154435931447,75.45868679163874,75.45868679163874,51.369696969696975,51.369696969696975,71.99001799011302,71.99001799011302,1,5.768905780243969,Mixed Improvement
Industrial Goods & Services,2025Q2,8102,51.39399865310617,45.14522403463113,50.0,55.0,50.0,54.0,50.0,56.0,50.0,55.0,50.0,56.66666666666667,50.0,50.0,50.0,47.0,69.8301551949601,73.69999127413705,6,0.6814934965283754,Mixed / Divergent
Insurance,2025Q2,8102,51.071282060585126,51.071282060585126,54.54545454545454,54.54545454545454,13.333333333333334,13.333333333333334,88.88888888888889,88.88888888888889,44.27218614718614,44.27218614718614,71.17179799028965,71.17179799028965,42.28247145366711,42.28247145366711,65.0989898989899,65.0989898989899,71.20757581989034,71.20757581989034,1,7.89323904064625,Mixed / Divergent
Oil & Gas,2025Q2,8102,38.94599034763778,38.94599034763778,37.79461279461279,37.79461279461279,22.323232323232325,22.323232323232325,39.79797979797981,39.79797979797981,54.763708513708515,54.763708513708515,48.81710431235116,48.81710431235116,52.09485523940138,52.09485523940138,40.25858585858586,40.25858585858586,63.57668700436686,63.57668700436686,2,-22.27711133541664,Weakening
Personal & Household Goods,2025Q2,8102,45.12646385822323,45.12646385822323,26.01010101010101,26.01010101010101,55.35353535353535,55.35353535353535,26.868686868686872,26.868686868686872,62.08694083694083,62.08694083694083,35.20645251876081,35.20645251876081,67.50248319708655,67.50248319708655,54.17777777777778,54.17777777777778,69.69095993463203,69.69095993463203,2,-23.965326208648108,Mixed / Divergent
Real Estate,2025Q2,8102,51.279329131499225,52.29879559258243,50.0,49.074074074074076,50.0,51.11111111111112,50.0,52.222222222222214,49.99999999999999,50.0,49.19189313152161,52.689270152505436,50.18680961663418,49.38271604938271,49.92690058479532,53.55555555555556,64.75554802523659,64.54265145545432,19,0.5754033176945299,Mixed / Divergent
Retail,2025Q2,8102,51.60297311707668,47.86845724747979,50.0,25.0,50.0,30.0,50.0,30.0,50.0,62.5,50.0,58.333333333333336,50.0,50.0,50.0,50.0,73.90515883418324,73.28608277729813,3,1.1197489436083146,Mixed / Divergent
Technology,2025Q2,8102,53.450584723890316,53.450584723890316,48.98989898989899,48.98989898989899,50.505050505050505,50.505050505050505,52.121212121212125,52.121212121212125,49.077155483405484,49.077155483405484,44.46959092605789,44.46959092605789,58.01099444739795,58.01099444739795,41.83838383838384,41.83838383838384,77.40954199554184,77.40954199554184,2,-6.283086187388932,Mixed / Divergent
Travel & Leisure,2025Q2,8102,62.3546071735343,62.3546071735343,66.07744107744108,66.07744107744108,57.474747474747474,57.474747474747474,53.434343434343425,53.434343434343425,38.67942821067821,38.67942821067821,40.684854769599035,40.684854769599035,55.27786629140557,55.27786629140557,55.19393939393939,55.19393939393939,71.40990708751846,71.40990708751846,2,3.872685693694045,Mixed Improvement
Unknown,2025Q2,8102,63.8214250048912,63.8214250048912,14.646464646464645,14.646464646464645,54.34343434343434,54.34343434343434,96.16161616161615,96.16161616161615,55.0736531986532,55.0736531986532,2.3400673400673404,2.3400673400673404,84.43001443001442,84.43001443001442,50.0,50.0,55.863656790435,55.863656790435,1,-0.8482022289109992,Mixed Improvement
Utilities,2025Q2,8102,51.89126789283265,50.1218710183496,50.0,60.0,50.0,56.0,50.0,46.0,50.0,52.5,48.05555555555555,44.16666666666667,50.899470899470906,55.55555555555556,50.0,48.0,70.99516312567485,72.56936407906346,6,1.347943603531128,Mixed / Divergent
Banks,2025Q3,8103,49.81882070342197,49.090429226419985,50.0,48.52941176470588,50.0,54.11764705882352,50.0,47.64705882352941,50.0,50.0,50.0,50.0,50.0,41.91176470588235,50.0,51.470588235294116,70.99435566764848,71.08338887270682,18,-1.9684742917031457,Mixed / Divergent
Basic Resources,2025Q3,8103,49.64817081485659,58.131713753371244,49.99999999999999,61.1111111111111,49.999999999999986,56.66666666666665,50.0,40.0,49.99999999999999,54.16666666666666,50.0,41.66666666666666,50.0,48.148148148148145,50.0,46.66666666666667,67.66668154075116,73.02955683921738,4,-2.280114897965575,Mixed / Divergent
Chemicals,2025Q3,8103,49.92746729494634,53.03218462448002,50.0,54.166666666666664,50.0,45.0,50.0,55.0,50.0,50.0,50.0,52.083333333333336,50.0,63.888888888888886,50.0,55.0,73.11296502995557,71.67679171266391,5,-1.4800045582284227,Mixed / Divergent
Construction & Materials,2025Q3,8103,49.88731916578691,51.702148420610165,50.0,58.333333333333336,50.0,45.0,50.0,62.5,50.0,43.75,50.0,58.333333333333336,50.0,50.69444444444444,50.0,47.5,72.3300762055307,74.1466449292724,9,-1.829058646302471,Mixed / Divergent
Financial Services,2025Q3,8103,48.16687003946805,40.64130635099032,50.0,54.166666666666664,50.0,52.5,50.0,47.5,51.736111111111114,45.833333333333336,53.36750440917107,52.480158730158735,47.472993827160494,42.1875,50.24305555555556,49.46428571428571,61.18705910557823,59.70728788627526,9,-2.361122198926381,Mixed / Divergent
Food & Beverage,2025Q3,8103,49.74899179669762,52.48030127601234,50.0,48.14814814814815,50.0,50.0,50.0,56.666666666666664,50.0,52.77777777777778,50.0,48.14814814814815,50.0,39.81481481481481,50.27777777777778,52.08333333333333,69.07713589906811,70.32291395041662,10,-1.8651675353082595,Mixed / Divergent
Health Care,2025Q3,8103,52.35547819193301,52.35547819193301,46.59863945578231,46.59863945578231,57.95918367346938,57.95918367346938,25.71428571428571,25.71428571428571,51.08886592611728,51.08886592611728,24.765319017626098,24.765319017626098,74.09393895147493,74.09393895147493,46.83265306122449,46.83265306122449,64.38755304024153,64.38755304024153,1,-4.116304205122503,Mixed / Divergent
Industrial Goods & Services,2025Q3,8103,49.65343262293576,44.28114132218032,50.0,51.666666666666664,50.0,46.0,50.0,54.0,50.0,47.5,50.0,58.33333333333333,50.0,48.888888888888886,50.0,54.0,67.7692868383749,71.5486342384522,6,-1.820024570883298,Mixed / Divergent
Insurance,2025Q3,8103,44.08683439621223,44.08683439621223,45.40816326530612,45.40816326530612,12.653061224489797,12.653061224489797,84.08163265306123,84.08163265306123,49.93993800051666,49.93993800051666,73.19105547667239,73.19105547667239,39.652713038985546,39.652713038985546,62.40544217687075,62.40544217687075,70.86494413956139,70.86494413956139,1,-5.985428396015287,Weakening
Oil & Gas,2025Q3,8103,33.85286112628108,33.85286112628108,40.64625850340136,40.64625850340136,21.83673469387755,21.83673469387755,27.244897959183675,27.244897959183675,60.68780676827693,60.68780676827693,57.36592434279362,57.36592434279362,50.1925239122739,50.1925239122739,46.96462585034014,46.96462585034014,69.75456906410392,69.75456906410392,2,-26.233903471929835,Stress
Personal & Household Goods,2025Q3,8103,49.36355544785296,49.36355544785296,37.84013605442177,37.84013605442177,52.55102040816327,52.55102040816327,32.44897959183673,32.44897959183673,54.42521312322397,54.42521312322397,30.561013453509048,30.561013453509048,70.08996934553188,70.08996934553188,51.7265306122449,51.7265306122449,74.15170991321543,74.15170991321543,2,-16.514092314322056,Mixed / Divergent
Real Estate,2025Q3,8103,49.71580377172635,50.188943560421095,50.0,43.518518518518526,50.0,54.44444444444444,50.0,51.111111111111114,50.0,47.22222222222223,49.33350533195735,52.083333333333336,50.3788747467798,51.729302832244,49.80994152046784,49.777777777777786,66.22953342948134,65.74654492507821,19,-1.7726049675187454,Mixed / Divergent
Retail,2025Q3,8103,50.05313379108037,58.290029712271675,50.0,33.333333333333336,50.0,30.0,50.0,70.0,50.0,50.0,50.0,58.333333333333336,50.0,50.0,50.0,50.0,75.56346266179476,72.6305495805968,3,-1.5218207460474957,Mixed / Divergent
Technology,2025Q3,8103,51.410216977120236,51.410216977120236,43.79251700680272,43.79251700680272,49.48979591836735,49.48979591836735,53.06122448979592,53.06122448979592,44.8671208989925,44.8671208989925,44.398108216619875,44.398108216619875,57.71761698013762,57.71761698013762,44.98775510204082,44.98775510204082,77.52725466240935,77.52725466240935,2,-8.61851831560471,Mixed / Divergent
Travel & Leisure,2025Q3,8103,52.19492650535981,52.19492650535981,42.60204081632653,42.60204081632653,55.30612244897959,55.30612244897959,44.795918367346935,44.795918367346935,38.770020666494446,38.770020666494446,41.17403573580073,41.17403573580073,56.67467115962056,56.67467115962056,52.52380952380952,52.52380952380952,68.67060623815297,68.67060623815297,2,-15.012077116566921,Mixed / Divergent
Utilities,2025Q3,8103,50.13926623175788,47.35651868532262,50.0,50.0,50.0,60.0,50.0,50.0,50.0,45.0,48.333333333333336,42.08333333333333,51.11111111111111,50.0,50.0,50.0,68.90971257776,69.18630055388763,6,-1.3482818734093485,Mixed / Divergent
Banks,2025Q4,8104,49.77597010073926,49.98225718969621,50.0,50.0,50.0,48.82352941176471,50.0,47.64705882352941,50.0,47.05882352941177,50.0,48.03921568627452,50.0,52.205882352941174,50.0,48.529411764705884,70.54153241032652,70.54557414152455,18,-1.9078081130280964,Mixed / Divergent
Basic Resources,2025Q4,8104,49.537544588645204,54.13418643163318,49.99999999999999,55.55555555555554,49.999999999999986,53.333333333333314,50.0,46.66666666666667,50.0,50.0,50.0,36.11111111111111,50.0,42.59259259259259,50.0,50.0,65.89223310836019,69.56937540752196,4,-1.7973334929287859,Mixed / Divergent
Chemicals,2025Q4,8104,49.689476300297905,54.391274563133855,50.0,37.5,50.0,45.0,50.0,50.0,50.0,56.25,50.0,50.0,50.0,61.111111111111114,50.0,50.0,68.85490264288056,68.5631131596822,5,-1.8139903828183392,Mixed / Divergent
Construction & Materials,2025Q4,8104,49.78684625013959,54.46040162613987,50.0,45.833333333333336,50.0,47.5,50.0,55.0,50.0,53.125,50.0,54.166666666666664,50.0,53.47222222222222,50.0,45.0,70.75361740647884,72.10639048799302,9,-1.795766827212944,Mixed / Divergent
Financial Services,2025Q4,8104,48.37466083196162,51.64950715546972,50.0,52.083333333333336,50.0,47.5,50.0,57.5,50.0,50.0,53.973765432098766,55.357142857142854,47.55428791887125,45.982142857142854,50.104166666666664,50.71428571428571,62.26609020147219,64.0094304211391,9,-1.522808981497647,Mixed / Divergent
Food & Beverage,2025Q4,8104,49.85009137195262,55.30823174675953,50.0,46.29629629629629,50.0,46.66666666666667,50.0,50.0,50.0,54.16666666666666,50.0,41.20370370370371,50.0,48.76543209876543,50.33333333333333,50.97222222222222,71.32023109691642,72.58916982523299,10,-1.7817380123425437,Mixed / Divergent
Health Care,2025Q4,8104,52.837224450733785,52.837224450733785,31.292517006802715,31.292517006802715,56.938775510204074,56.938775510204074,32.244897959183675,32.244897959183675,44.27215189873418,44.27215189873418,23.64941370133614,23.64941370133614,81.07416762430165,81.07416762430165,50.94421768707483,50.94421768707483,75.69249519496901,75.69249519496901,1,-3.02783587522962,Mixed / Divergent
Industrial Goods & Services,2025Q4,8104,49.50617712362478,46.93436704800709,50.0,48.33333333333333,50.0,44.0,50.0,48.0,50.0,50.0,50.0,56.66666666666667,50.0,46.66666666666667,50.0,52.0,65.2805673015297,65.04654912634501,6,-2.012235276698597,Mixed / Divergent
Insurance,2025Q4,8104,42.557591772925,42.557591772925,49.48979591836735,49.48979591836735,14.081632653061224,14.081632653061224,65.91836734693877,65.91836734693877,38.766468612761564,38.766468612761564,74.33334932109322,74.33334932109322,38.06751263183918,38.06751263183918,58.88979591836735,58.88979591836735,69.65144451166134,69.65144451166134,1,-6.414605345032868,Weakening
Oil & Gas,2025Q4,8104,42.53255091894067,42.53255091894067,47.61904761904762,47.61904761904762,22.755102040816325,22.755102040816325,44.897959183673464,44.897959183673464,48.789395505037454,48.789395505037454,48.15990895111335,48.15990895111335,48.58877089766942,48.58877089766942,42.20952380952381,42.20952380952381,81.24987325394983,81.24987325394983,2,-7.549983426330584,Weakening
Personal & Household Goods,2025Q4,8104,53.006697507042944,53.006697507042944,45.23809523809524,45.23809523809524,54.48979591836735,54.48979591836735,32.55102040816327,32.55102040816327,47.12412813226556,47.12412813226556,25.487401577155353,25.487401577155353,69.97697777469789,69.97697777469789,47.19863945578231,47.19863945578231,72.6933768383202,72.6933768383202,2,-1.903316532569633,Mixed / Divergent
Real Estate,2025Q4,8104,49.665552439451425,48.167752407650404,50.0,52.77777777777777,50.0,53.33333333333333,50.0,45.55555555555556,50.0,45.83333333333333,49.8469212246302,49.21568627450981,50.28451439055154,51.80192447349311,49.91959064327486,51.55555555555556,67.23642638982788,69.81473947929747,19,-1.7294697236386085,Mixed / Divergent
Retail,2025Q4,8104,50.03744908366084,57.45497233410067,50.0,33.333333333333336,50.0,30.0,50.0,50.0,50.0,50.0,50.0,50.0,50.0,61.111111111111114,50.0,60.0,75.6403745690326,70.65750624449576,3,-1.798369087092233,Mixed / Divergent
Technology,2025Q4,8104,48.33340395191015,48.33340395191015,45.408163265306115,45.408163265306115,48.97959183673469,48.97959183673469,47.142857142857146,47.142857142857146,49.22177731852234,49.22177731852234,51.0706283685547,51.0706283685547,53.98335191748646,53.98335191748646,46.58231292517007,46.58231292517007,76.6434047333916,76.6434047333916,2,-9.609451200293968,Mixed / Divergent
Travel & Leisure,2025Q4,8104,55.738057810045575,55.738057810045575,56.46258503401361,56.46258503401361,56.326530612244895,56.326530612244895,46.53061224489796,46.53061224489796,38.10341858262292,38.10341858262292,46.063922305178586,46.063922305178586,56.1877450972509,56.1877450972509,52.155102040816324,52.155102040816324,72.68937484753715,72.68937484753715,2,-5.464386738832829,Mixed Improvement
Utilities,2025Q4,8104,50.06474925243046,48.07156136900105,50.0,50.0,50.0,62.0,50.0,50.0,50.0,47.5,48.05555555555555,48.33333333333333,51.00529100529101,54.44444444444444,50.0,50.0,67.32352171878449,67.5741245918421,6,-0.9461111608440049,Mixed / Divergent
Banks,2026Q1,8105,50.51660100702222,51.316873972652644,50.0,56.86274509803922,50.0,55.29411764705882,50.0,51.17647058823529,50.0,41.1764705882353,50.0,53.92156862745098,50.0,47.794117647058826,50.0,50.73529411764706,72.2593240351067,73.16097154453618,18,-1.0516633838871172,Mixed / Divergent
Basic Resources,2026Q1,8105,50.01009609954279,51.71469237068746,49.99999999999999,49.999999999999986,50.0,53.33333333333333,49.99999999999999,46.66666666666666,49.99999999999999,45.83333333333333,50.0,44.44444444444444,50.0,38.888888888888886,50.0,59.99999999999999,62.382474481113626,58.974399904007086,4,-1.3362013415946876,Mixed / Divergent
Chemicals,2026Q1,8105,50.0543374284955,47.25110014748649,50.0,50.0,50.0,50.0,50.0,50.0,50.0,50.0,50.0,45.833333333333336,50.0,63.888888888888886,50.0,55.0,63.245180732685796,60.097101779172334,5,-1.7286964510839553,Mixed / Divergent
Construction & Materials,2026Q1,8105,50.48419128603715,51.47167376288099,50.0,54.166666666666664,50.0,50.0,50.0,55.0,50.0,53.125,50.0,54.166666666666664,50.0,51.388888888888886,50.0,52.5,71.62733422902701,72.70857309065735,9,-0.9842140038270486,Mixed / Divergent
Financial Services,2026Q1,8105,49.25892481968834,43.50702161017122,50.0,57.291666666666664,50.0,45.0,50.0,47.5,50.0,50.0,53.279320987654316,55.80357142857142,47.366898148148145,45.96560846560846,50.173611111111114,50.0,65.12467509843327,62.94043009522636,9,-0.2934978887176882,Mixed / Divergent
Food & Beverage,2026Q1,8105,50.661535385735036,55.31953771070421,50.0,48.14814814814814,50.0,43.33333333333333,50.0,46.666666666666664,50.0,45.833333333333336,50.0,44.44444444444444,50.0,44.75308641975309,50.38888888888889,46.52777777777778,74.30776774622161,77.45264830804777,10,-0.7608651992794933,Mixed / Divergent
Health Care,2026Q1,8105,58.29023695789995,58.29023695789995,25.68027210884354,25.68027210884354,56.122448979591844,56.122448979591844,51.632653061224495,51.632653061224495,41.527383105140785,41.527383105140785,11.043274492049273,11.043274492049273,79.39679669336088,79.39679669336088,52.88979591836735,52.88979591836735,78.1655064577579,78.1655064577579,1,-0.17792149593597628,Mixed Improvement
Industrial Goods & Services,2026Q1,8105,50.15869598273517,51.90278790856083,50.0,56.666666666666664,50.0,44.0,50.0,54.0,50.0,47.5,50.0,51.66666666666667,50.0,41.111111111111114,50.0,48.0,65.28017333527836,68.40053234061219,6,-1.1233903041677067,Mixed / Divergent
Insurance,2026Q1,8105,38.1341016164487,38.1341016164487,42.3469387755102,42.3469387755102,14.489795918367346,14.489795918367346,46.734693877551024,46.734693877551024,27.644019633169723,27.644019633169723,76.02611460954127,76.02611460954127,36.25999333777482,36.25999333777482,58.481632653061226,58.481632653061226,59.43499594652822,59.43499594652822,1,-10.006683753025506,Weakening
Oil & Gas,2026Q1,8105,49.13259919993441,49.13259919993441,61.054421768707485,61.054421768707485,20.20408163265306,20.20408163265306,55.91836734693879,55.91836734693879,55.085572203564965,55.085572203564965,42.363486273124025,42.363486273124025,49.39215126423654,49.39215126423654,50.52925170068027,50.52925170068027,78.62159172878113,78.62159172878113,2,8.230472814520574,Mixed / Divergent
Personal & Household Goods,2026Q1,8105,65.4770226333133,65.4770226333133,63.94557823129252,63.94557823129252,56.020408163265316,56.020408163265316,51.0204081632653,51.0204081632653,38.18037974683544,38.18037974683544,22.067938624039016,22.067938624039016,72.51914445547261,72.51914445547261,48.13333333333333,48.13333333333333,83.01735832111788,83.01735832111788,2,14.904428687826439,Broad Improvement
Real Estate,2026Q1,8105,49.99560583586172,48.90386768161102,50.0,50.0,50.0,51.1111111111111,50.0,50.0,50.0,48.611111111111114,50.03898635477583,47.1677559912854,50.17259584145549,51.41612200435729,49.780701754385966,49.777777777777786,62.13768226014662,60.74143738131075,19,-1.414564099403492,Mixed / Divergent
Retail,2026Q1,8105,50.368441167814545,49.338472853028975,50.0,58.333333333333336,50.0,40.0,50.0,40.0,50.0,50.0,50.0,41.666666666666664,50.0,61.111111111111114,50.0,40.0,69.37020604199526,68.77083974628385,3,-1.5855806983939615,Mixed / Divergent
Technology,2026Q1,8105,47.46122199910962,47.46122199910962,32.993197278911566,32.993197278911566,48.87755102040816,48.87755102040816,48.163265306122454,48.163265306122454,35.76724360630328,35.76724360630328,48.13159175040515,48.13159175040515,53.32006175776995,53.32006175776995,38.65986394557824,38.65986394557824,73.96675131238572,73.96675131238572,2,-9.77242690776768,Mixed / Divergent
Travel & Leisure,2026Q1,8105,55.566183911434216,55.566183911434216,43.62244897959184,43.62244897959184,57.44897959183673,57.44897959183673,52.755102040816325,52.755102040816325,36.16518126237837,36.16518126237837,44.82859475455596,44.82859475455596,58.763994827333555,58.763994827333555,52.469387755102034,52.469387755102034,73.54822576480231,73.54822576480231,2,-6.532429444779943,Mixed Improvement
Utilities,2026Q1,8105,50.717750271966935,47.836336765994616,50.0,40.0,50.0,58.0,50.0,44.0,50.0,47.5,48.05555555555555,46.25,51.00529100529101,52.22222222222222,50.0,52.0,67.33252988451456,67.28234393989806,6,-0.7380818732046066,Mixed / Divergent
