report_date,bond_code,issuer_name,issuer_sector,sector,issue_value_bn_vnd,issuance_method,coupon_text,coupon_rate_pct,issue_date,tenor_years,estimated_maturity_date,maturity_bucket,source,scrape_run_id,scraped_at
2025-10-10,EVF12503,CT TÀI CHÍNH TỔNG HỢP CỔ PHẦN ĐIỆN LỰC,TÀI CHÍNH,non_bank_corp,180.0,HÀ NH,7.25% /NĂM,7.25,2025-10-01,5.0,2030-10-01,3Y_5Y,vbma_weekly:https://vbma.org.vn/storage/reports/December2025/06102025-10102025%20%20BAO%20CAO%20TUAN%20TTTP.pdf,vbma_weekly_local-20260528T125059Z,2026-05-28T12:50:59Z
2025-10-10,HDB12504,NHTM CP PHÁT TRIỂN THÀNH PHỐ HỒ CHÍ M INH,NGÂN HÀNG,bank,500.0,RIÊNG LẺ,"BÌNH QUÂN LSTK 12T VNĐ (VCB, BIDV, VIETIN, AGRI) + 2.8% /NĂM",,2025-10-06,8.0,2033-10-06,>5Y,vbma_weekly:https://vbma.org.vn/storage/reports/December2025/06102025-10102025%20%20BAO%20CAO%20TUAN%20TTTP.pdf,vbma_weekly_local-20260528T125059Z,2026-05-28T12:50:59Z
2025-10-10,OCB12525,NHTM CP PHƯƠNG ĐÔNG,NGÂN HÀNG,bank,600.0,RIÊNG LẺ,6.3% /NĂM,6.3,2025-10-02,2.0,2027-10-02,<=3Y,vbma_weekly:https://vbma.org.vn/storage/reports/December2025/06102025-10102025%20%20BAO%20CAO%20TUAN%20TTTP.pdf,vbma_weekly_local-20260528T125059Z,2026-05-28T12:50:59Z
2025-10-10,OCB12526,NHTM CP PHƯƠNG ĐÔNG,NGÂN HÀNG,bank,1000.0,RIÊNG LẺ,6.5% /NĂM,6.5,2025-10-02,3.0,2028-10-02,<=3Y,vbma_weekly:https://vbma.org.vn/storage/reports/December2025/06102025-10102025%20%20BAO%20CAO%20TUAN%20TTTP.pdf,vbma_weekly_local-20260528T125059Z,2026-05-28T12:50:59Z
2025-10-10,OCB12527,NHTM CP PHƯƠNG ĐÔNG,NGÂN HÀNG,bank,1000.0,RIÊNG LẺ,6.5% /NĂM,6.5,2025-10-08,3.0,2028-10-08,<=3Y,vbma_weekly:https://vbma.org.vn/storage/reports/December2025/06102025-10102025%20%20BAO%20CAO%20TUAN%20TTTP.pdf,vbma_weekly_local-20260528T125059Z,2026-05-28T12:50:59Z
2025-10-10,SHS12502,CTCP CHỨNG KHOÁN SÀI GÒN - HÀ NỘI,CHỨNG KHOÁN,non_bank_corp,360.0,RIÊNG LẺ,8% /NĂM,8.0,2025-10-09,1.0,2026-10-09,<=3Y,vbma_weekly:https://vbma.org.vn/storage/reports/December2025/06102025-10102025%20%20BAO%20CAO%20TUAN%20TTTP.pdf,vbma_weekly_local-20260528T125059Z,2026-05-28T12:50:59Z
2025-10-17,ABB12513,NHTM CP AN BÌNH,NGÂN HÀNG,bank,450.0,RIÊNG LẺ,"THEO ĐK 10.3, LS TỪ KỲ THỨ 6 = LSTC + 3.5% /NĂM",,2025-10-13,7.0,2032-10-13,>5Y,vbma_weekly:https://vbma.org.vn/storage/reports/December2025/13102025-17102025%20%20BAO%20CAO%20TUAN%20TTTP.pdf,vbma_weekly_local-20260528T125059Z,2026-05-28T12:50:59Z
2025-10-17,ACB12518,NHTM CP Á CHÂU,NGÂN HÀNG,bank,800.0,RIÊNG LẺ,"LÃI"" THỨ 11 = LSTC + 3.5% /NĂM",,2025-10-09,3.0,2028-10-09,<=3Y,vbma_weekly:https://vbma.org.vn/storage/reports/December2025/13102025-17102025%20%20BAO%20CAO%20TUAN%20TTTP.pdf,vbma_weekly_local-20260528T125059Z,2026-05-28T12:50:59Z
2025-10-17,ACB12519,NHTM CP Á CHÂU,NGÂN HÀNG,bank,500.0,RIÊNG LẺ,8% /NĂM,8.0,2025-10-10,3.0,2028-10-10,<=3Y,vbma_weekly:https://vbma.org.vn/storage/reports/December2025/13102025-17102025%20%20BAO%20CAO%20TUAN%20TTTP.pdf,vbma_weekly_local-20260528T125059Z,2026-05-28T12:50:59Z
2025-10-17,BID12545,NHTM CP ĐẦU TƯ VÀ PHÁT TRIỂN VIỆT NAM,NGÂN HÀNG,bank,100.0,RIÊNG LẺ,"LSTC + 1.15% /NĂM , NẾU TCPH KHÔNG M UA LẠI VÀO NGÀY THỰC HIỆN M UA LẠI, LS TỪ KỲ THỨ",,2025-10-06,8.0,2033-10-06,>5Y,vbma_weekly:https://vbma.org.vn/storage/reports/December2025/13102025-17102025%20%20BAO%20CAO%20TUAN%20TTTP.pdf,vbma_weekly_local-20260528T125059Z,2026-05-28T12:50:59Z
2025-10-17,BID12546,NHTM CP ĐẦU TƯ VÀ PHÁT TRIỂN VIỆT NAM,NGÂN HÀNG,bank,100.0,RIÊNG LẺ,6 = LSTC + 2.82% /NĂM,,2025-10-06,10.0,2035-10-06,>5Y,vbma_weekly:https://vbma.org.vn/storage/reports/December2025/13102025-17102025%20%20BAO%20CAO%20TUAN%20TTTP.pdf,vbma_weekly_local-20260528T125059Z,2026-05-28T12:50:59Z
2025-10-17,BID12547,NHTM CP ĐẦU TƯ VÀ PHÁT TRIỂN VIỆT NAM,NGÂN HÀNG,bank,138.0,RIÊNG LẺ,"LSTC + 1.25% /NĂM , NẾU TCPH KHÔNG M UA LẠI VÀO NGÀY THỰC HIỆN M UA LẠI, LS TỪ KỲ THỨ",,2025-10-06,7.0,2032-10-06,>5Y,vbma_weekly:https://vbma.org.vn/storage/reports/December2025/13102025-17102025%20%20BAO%20CAO%20TUAN%20TTTP.pdf,vbma_weekly_local-20260528T125059Z,2026-05-28T12:50:59Z
2025-10-17,BID12548,NHTM CP ĐẦU TƯ VÀ PHÁT TRIỂN VIỆT NAM,NGÂN HÀNG,bank,100.0,RIÊNG LẺ,6 = LSTC + 2.25% /NĂM,,2025-10-06,7.0,2032-10-06,>5Y,vbma_weekly:https://vbma.org.vn/storage/reports/December2025/13102025-17102025%20%20BAO%20CAO%20TUAN%20TTTP.pdf,vbma_weekly_local-20260528T125059Z,2026-05-28T12:50:59Z
2025-10-17,EVF12503,CT TÀI CHÍNH TỔNG HỢP CỔ PHẦN ĐIỆN LỰC,TÀI CHÍNH,non_bank_corp,180.0,HÀ NH,7.25% /NĂM,7.25,2025-10-01,5.0,2030-10-01,3Y_5Y,vbma_weekly:https://vbma.org.vn/storage/reports/December2025/13102025-17102025%20%20BAO%20CAO%20TUAN%20TTTP.pdf,vbma_weekly_local-20260528T125059Z,2026-05-28T12:50:59Z
2025-10-17,HDB12504,NHTM CP PHÁT TRIỂN THÀNH PHỐ HỒ CHÍ M INH,NGÂN HÀNG,bank,500.0,RIÊNG LẺ,"BÌNH QUÂN LSTK 12T VNĐ (VCB, BIDV, VIETIN, AGRI) + 2.8% /NĂM",,2025-10-06,8.0,2033-10-06,>5Y,vbma_weekly:https://vbma.org.vn/storage/reports/December2025/13102025-17102025%20%20BAO%20CAO%20TUAN%20TTTP.pdf,vbma_weekly_local-20260528T125059Z,2026-05-28T12:50:59Z
2025-10-17,HDR32501,CT TNHH ĐẦU TƯ VÀ PHÁT TRIỂN BĐS HẢI ĐĂNG,BẤT ĐỘNG SẢN,real_estate,3800.0,RIÊNG LẺ,9% /NĂM,9.0,2025-10-13,1.0,2026-10-13,<=3Y,vbma_weekly:https://vbma.org.vn/storage/reports/December2025/13102025-17102025%20%20BAO%20CAO%20TUAN%20TTTP.pdf,vbma_weekly_local-20260528T125059Z,2026-05-28T12:50:59Z
2025-10-17,IHP12501,CT TNHH HƯNG PHÁT INVEST HÀ NỘI,BẤT ĐỘNG SẢN,real_estate,7650.0,RIÊNG LẺ,"LẠI TOÀN BỘ TP TẠI KỲ THỨ 2, LS TỪ KỲ THỨ 6 = LSTC + 3.12% /NĂM",,2025-10-14,2.0,2027-10-14,<=3Y,vbma_weekly:https://vbma.org.vn/storage/reports/December2025/13102025-17102025%20%20BAO%20CAO%20TUAN%20TTTP.pdf,vbma_weekly_local-20260528T125059Z,2026-05-28T12:50:59Z
2025-10-17,KHG12501,CTCP TẬP ĐOÀN KHẢI HOÀN LAND,BẤT ĐỘNG SẢN,real_estate,80.0,RIÊNG LẺ,"2 KỲ ĐẦU: 13.5% /NĂM , CÁC KỲ SAU = LSTC + 4.5% /NĂM",13.5,2025-10-02,5.0,2030-10-02,3Y_5Y,vbma_weekly:https://vbma.org.vn/storage/reports/December2025/13102025-17102025%20%20BAO%20CAO%20TUAN%20TTTP.pdf,vbma_weekly_local-20260528T125059Z,2026-05-28T12:50:59Z
2025-10-17,LPB10Y202404,NHTM CP LỘC PHÁT VIỆT NAM,NGÂN HÀNG,bank,100.0,CÔNG CHÚNG,1.5% /NĂM,1.5,2025-10-13,10.0,2035-10-13,>5Y,vbma_weekly:https://vbma.org.vn/storage/reports/December2025/13102025-17102025%20%20BAO%20CAO%20TUAN%20TTTP.pdf,vbma_weekly_local-20260528T125059Z,2026-05-28T12:50:59Z
2025-10-17,LPB12509,NHTM CP LỘC PHÁT VIỆT NAM,NGÂN HÀNG,bank,350.0,RIÊNG LẺ,"BÌNH QUÂN LSTK 12T VNĐ (VCB, BIDV, VIETIN, AGRI) + 2.5% /NĂM , NẾU TCPH KHÔNG M UA LẠI",,2025-10-13,8.0,2033-10-13,>5Y,vbma_weekly:https://vbma.org.vn/storage/reports/December2025/13102025-17102025%20%20BAO%20CAO%20TUAN%20TTTP.pdf,vbma_weekly_local-20260528T125059Z,2026-05-28T12:50:59Z
2025-10-17,LPB7Y202403,NHTM CP LỘC PHÁT VIỆT NAM,NGÂN HÀNG,bank,900.0,RIÊNG LẺ,"KỲ ĐẦU 6.3% /NĂM , CÁC KỲ SAU = BÌNH QUÂN LSTK 12T VNĐ (VCB, BIDV, VIETIN, AGRI) +",6.3,2025-10-13,7.0,2032-10-13,>5Y,vbma_weekly:https://vbma.org.vn/storage/reports/December2025/13102025-17102025%20%20BAO%20CAO%20TUAN%20TTTP.pdf,vbma_weekly_local-20260528T125059Z,2026-05-28T12:50:59Z
2025-10-17,MSB12509,NHTM CP HÀNG HẢI VIỆT NAM,NGÂN HÀNG,bank,2500.0,RIÊNG LẺ,"KỲ ĐẦU 6.3% /NĂM , CÁC KỲ SAU = BÌNH QUÂN LSTK 12T VNĐ (VCB, BIDV, VIETIN, AGRI) +",6.3,2025-10-10,7.0,2032-10-10,>5Y,vbma_weekly:https://vbma.org.vn/storage/reports/December2025/13102025-17102025%20%20BAO%20CAO%20TUAN%20TTTP.pdf,vbma_weekly_local-20260528T125059Z,2026-05-28T12:50:59Z
2025-10-17,MSG32505,CTCP M AY - DIÊM SÀI GÒN,BẤT ĐỘNG SẢN,real_estate,500.0,RIÊNG LẺ,6.5% /NĂM,6.5,2025-10-10,9.0,2034-10-10,>5Y,vbma_weekly:https://vbma.org.vn/storage/reports/December2025/13102025-17102025%20%20BAO%20CAO%20TUAN%20TTTP.pdf,vbma_weekly_local-20260528T125059Z,2026-05-28T12:50:59Z
2025-10-17,OCB12525,NHTM CP PHƯƠNG ĐÔNG,NGÂN HÀNG,bank,600.0,RIÊNG LẺ,6.3% /NĂM,6.3,2025-10-02,2.0,2027-10-02,<=3Y,vbma_weekly:https://vbma.org.vn/storage/reports/December2025/13102025-17102025%20%20BAO%20CAO%20TUAN%20TTTP.pdf,vbma_weekly_local-20260528T125059Z,2026-05-28T12:50:59Z
2025-10-17,OCB12526,NHTM CP PHƯƠNG ĐÔNG,NGÂN HÀNG,bank,1000.0,RIÊNG LẺ,6.5% /NĂM,6.5,2025-10-02,3.0,2028-10-02,<=3Y,vbma_weekly:https://vbma.org.vn/storage/reports/December2025/13102025-17102025%20%20BAO%20CAO%20TUAN%20TTTP.pdf,vbma_weekly_local-20260528T125059Z,2026-05-28T12:50:59Z
2025-10-17,OCB12527,NHTM CP PHƯƠNG ĐÔNG,NGÂN HÀNG,bank,1000.0,RIÊNG LẺ,= LSTC + 3.5% /NĂM,,2025-10-08,3.0,2028-10-08,<=3Y,vbma_weekly:https://vbma.org.vn/storage/reports/December2025/13102025-17102025%20%20BAO%20CAO%20TUAN%20TTTP.pdf,vbma_weekly_local-20260528T125059Z,2026-05-28T12:50:59Z
2025-10-17,SHL12504,CT TNHH M ẶT TRỜI HẠ LONG,TIÊU DÙNG,non_bank_corp,408.0,RIÊNG LẺ,1.5% /NĂM,1.5,2025-10-10,5.0,2030-10-10,3Y_5Y,vbma_weekly:https://vbma.org.vn/storage/reports/December2025/13102025-17102025%20%20BAO%20CAO%20TUAN%20TTTP.pdf,vbma_weekly_local-20260528T125059Z,2026-05-28T12:50:59Z
2025-10-17,SHS12502,CTCP CHỨNG KHOÁN SÀI GÒN - HÀ NỘI,CHỨNG KHOÁN,non_bank_corp,360.0,RIÊNG LẺ,"LSTC + 1% /NĂM , NẾU TCPH KHÔNG M UA LẠI VÀO NGÀY THỰC HIỆN M UA LẠI, LS TỪ ""KỲ TÍNH",,2025-10-09,1.0,2026-10-09,<=3Y,vbma_weekly:https://vbma.org.vn/storage/reports/December2025/13102025-17102025%20%20BAO%20CAO%20TUAN%20TTTP.pdf,vbma_weekly_local-20260528T125059Z,2026-05-28T12:50:59Z
2025-10-17,TPB12536,NHTM CP TIÊN PHONG,NGÂN HÀNG,bank,500.0,RIÊNG LẺ,"LSTC + 1% /NĂM , NẾU TCPH KHÔNG M UA LẠI VÀO NGÀY THỰC HIỆN M UA LẠI, LS TỪ KỲ THỨ 6",,2025-10-07,2.0,2027-10-07,<=3Y,vbma_weekly:https://vbma.org.vn/storage/reports/December2025/13102025-17102025%20%20BAO%20CAO%20TUAN%20TTTP.pdf,vbma_weekly_local-20260528T125059Z,2026-05-28T12:50:59Z
2025-10-17,TRM12503,CT TNHH ĐẦU TƯ VÀ PHÁT TRIỂN BĐS TRƯỜNG M INH,BẤT ĐỘNG SẢN,real_estate,4500.0,CÔNG CHÚNG,"BÌNH QUÂN LSTK 12T VNĐ (VCB, BIDV, VIETIN, AGRI) + 2.12% /NĂM , NẾU TCPH KHÔNG M UA",,2025-10-14,3.0,2028-10-14,<=3Y,vbma_weekly:https://vbma.org.vn/storage/reports/December2025/13102025-17102025%20%20BAO%20CAO%20TUAN%20TTTP.pdf,vbma_weekly_local-20260528T125059Z,2026-05-28T12:50:59Z
2025-10-17,VIB12505,NHTM CP QUỐC TẾ VIỆT NAM,NGÂN HÀNG,bank,1575.0,RIÊNG LẺ,6.2% /NĂM,6.2,2025-10-10,8.0,2033-10-10,>5Y,vbma_weekly:https://vbma.org.vn/storage/reports/December2025/13102025-17102025%20%20BAO%20CAO%20TUAN%20TTTP.pdf,vbma_weekly_local-20260528T125059Z,2026-05-28T12:50:59Z
2025-11-07,ABB12514,NHTM CP AN BÌNH,NGÂN HÀNG,bank,50.0,CÔNG CHÚNG,6% /NĂM,6.0,2025-10-27,7.0,2032-10-27,>5Y,vbma_weekly:https://vbma.org.vn/storage/reports/December2025/03112025-07112025%20%20BAO%20CAO%20TUAN%20TTTP.pdf,vbma_weekly_local-20260528T125059Z,2026-05-28T12:50:59Z
2025-11-07,BID12549,NHTM CP ĐẦU TƯ VÀ PHÁT TRIỂN VIỆT NAM,NGÂN HÀNG,bank,347.0,RIÊNG LẺ,9.1% /NĂM,9.1,2025-10-21,7.0,2032-10-21,>5Y,vbma_weekly:https://vbma.org.vn/storage/reports/December2025/03112025-07112025%20%20BAO%20CAO%20TUAN%20TTTP.pdf,vbma_weekly_local-20260528T125059Z,2026-05-28T12:50:59Z
2025-11-07,BID12550,NHTM CP ĐẦU TƯ VÀ PHÁT TRIỂN VIỆT NAM,NGÂN HÀNG,bank,75.0,RIÊNG LẺ,"LSTC + 1% /NĂM , NẾU TCPH KHÔNG M UA LẠI VÀO NGÀY THỰC HIỆN M UA LẠI, LS TỪ KỲ THỨ 6",,2025-10-21,10.0,2035-10-21,>5Y,vbma_weekly:https://vbma.org.vn/storage/reports/December2025/03112025-07112025%20%20BAO%20CAO%20TUAN%20TTTP.pdf,vbma_weekly_local-20260528T125059Z,2026-05-28T12:50:59Z
2025-11-07,BID12551,NHTM CP ĐẦU TƯ VÀ PHÁT TRIỂN VIỆT NAM,NGÂN HÀNG,bank,100.0,RIÊNG LẺ,= LSTC + 3.5% /NĂM,,2025-10-21,15.0,2040-10-21,>5Y,vbma_weekly:https://vbma.org.vn/storage/reports/December2025/03112025-07112025%20%20BAO%20CAO%20TUAN%20TTTP.pdf,vbma_weekly_local-20260528T125059Z,2026-05-28T12:50:59Z
2025-11-07,CMG12501,CTCP TẬP ĐOÀN CÔNG NGHỆ CM C,TIÊU DÙNG,non_bank_corp,1250.0,RIÊNG LẺ,6.5% /NĂM,6.5,2025-10-30,10.0,2035-10-30,>5Y,vbma_weekly:https://vbma.org.vn/storage/reports/December2025/03112025-07112025%20%20BAO%20CAO%20TUAN%20TTTP.pdf,vbma_weekly_local-20260528T125059Z,2026-05-28T12:50:59Z
2025-11-07,DSE125018,CTCP CHỨNG KHOÁN DNSE,CHỨNG KHOÁN,non_bank_corp,1000.0,RIÊNG LẺ,"BÌNH QUÂN LSTK 12T VNĐ (VCB, BIDV, VIETIN, AGRI) + 2.6% /NĂM",,2025-10-27,2.0,2027-10-27,<=3Y,vbma_weekly:https://vbma.org.vn/storage/reports/December2025/03112025-07112025%20%20BAO%20CAO%20TUAN%20TTTP.pdf,vbma_weekly_local-20260528T125059Z,2026-05-28T12:50:59Z
2025-11-07,EVF12504,CT TÀI CHÍNH TỔNG HỢP CỔ PHẦN ĐIỆN LỰC,TÀI CHÍNH,non_bank_corp,300.0,RIÊNG LẺ,6.1% /NĂM,6.1,2025-10-22,5.0,2030-10-22,3Y_5Y,vbma_weekly:https://vbma.org.vn/storage/reports/December2025/03112025-07112025%20%20BAO%20CAO%20TUAN%20TTTP.pdf,vbma_weekly_local-20260528T125059Z,2026-05-28T12:50:59Z
2025-11-07,HDB12506,NHTM CP PHÁT TRIỂN THÀNH PHỐ HỒ CHÍ M INH,NGÂN HÀNG,bank,2000.0,RIÊNG LẺ,12.5% /NĂM,12.5,2025-10-29,3.0,2028-10-29,<=3Y,vbma_weekly:https://vbma.org.vn/storage/reports/December2025/03112025-07112025%20%20BAO%20CAO%20TUAN%20TTTP.pdf,vbma_weekly_local-20260528T125059Z,2026-05-28T12:50:59Z
2025-11-07,LPB12510,NHTM CP LỘC PHÁT VIỆT NAM,NGÂN HÀNG,bank,300.0,RIÊNG LẺ,"THEO ĐK 9.2, LS TỪ KỲ THỨ 6 = LSTC + 2.8% /NĂM",,2025-10-20,7.0,2032-10-20,>5Y,vbma_weekly:https://vbma.org.vn/storage/reports/December2025/03112025-07112025%20%20BAO%20CAO%20TUAN%20TTTP.pdf,vbma_weekly_local-20260528T125059Z,2026-05-28T12:50:59Z
2025-11-07,LPB12511,NHTM CP LỘC PHÁT VIỆT NAM,NGÂN HÀNG,bank,2000.0,RIÊNG LẺ,LSTC + 2.8% /NĂM,,2025-10-28,3.0,2028-10-28,<=3Y,vbma_weekly:https://vbma.org.vn/storage/reports/December2025/03112025-07112025%20%20BAO%20CAO%20TUAN%20TTTP.pdf,vbma_weekly_local-20260528T125059Z,2026-05-28T12:50:59Z
2025-11-07,LPB12512,NHTM CP LỘC PHÁT VIỆT NAM,NGÂN HÀNG,bank,2000.0,RIÊNG LẺ,3% /NĂM,3.0,2025-10-29,3.0,2028-10-29,<=3Y,vbma_weekly:https://vbma.org.vn/storage/reports/December2025/03112025-07112025%20%20BAO%20CAO%20TUAN%20TTTP.pdf,vbma_weekly_local-20260528T125059Z,2026-05-28T12:50:59Z
2025-11-07,LPB12513,NHTM CP LỘC PHÁT VIỆT NAM,NGÂN HÀNG,bank,200.0,RIÊNG LẺ,6.5% /NĂM,6.5,2025-10-30,8.0,2033-10-30,>5Y,vbma_weekly:https://vbma.org.vn/storage/reports/December2025/03112025-07112025%20%20BAO%20CAO%20TUAN%20TTTP.pdf,vbma_weekly_local-20260528T125059Z,2026-05-28T12:50:59Z
2025-11-07,OCB12528,NHTM CP PHƯƠNG ĐÔNG,NGÂN HÀNG,bank,1000.0,RIÊNG LẺ,8.2% /NĂM,8.2,2025-11-05,2.0,2027-11-05,<=3Y,vbma_weekly:https://vbma.org.vn/storage/reports/December2025/03112025-07112025%20%20BAO%20CAO%20TUAN%20TTTP.pdf,vbma_weekly_local-20260528T125059Z,2026-05-28T12:50:59Z
2025-11-07,PKA12501,CTCP TẬP ĐOÀN PHƯỢNG HOÀNG XANH A&A,NGUYÊN VẬT LIỆU,non_bank_corp,120.0,RIÊNG LẺ,"KỲ ĐẦU: 7.65% /NĂM , CÁC KỲ SAU = BÌNH QUÂN LSTK 12T VNĐ (VCB, BIDV, VIETIN, AGRI) +",7.65,2025-10-29,6.0,2031-10-29,>5Y,vbma_weekly:https://vbma.org.vn/storage/reports/December2025/03112025-07112025%20%20BAO%20CAO%20TUAN%20TTTP.pdf,vbma_weekly_local-20260528T125059Z,2026-05-28T12:50:59Z
2025-11-07,SHB12506,NHTM CP SÀI GÒN - HÀ NỘI,NGÂN HÀNG,bank,380.0,RIÊNG LẺ,3.5% /NĂM,3.5,2025-10-28,7.0,2032-10-28,>5Y,vbma_weekly:https://vbma.org.vn/storage/reports/December2025/03112025-07112025%20%20BAO%20CAO%20TUAN%20TTTP.pdf,vbma_weekly_local-20260528T125059Z,2026-05-28T12:50:59Z
2025-11-07,TCB12519,NHTM CP KỸ THƯƠNG VIỆT NAM,NGÂN HÀNG,bank,1000.0,HÀ NH,6.1% /NĂM,6.1,2025-10-15,2.0,2027-10-15,<=3Y,vbma_weekly:https://vbma.org.vn/storage/reports/December2025/03112025-07112025%20%20BAO%20CAO%20TUAN%20TTTP.pdf,vbma_weekly_local-20260528T125059Z,2026-05-28T12:50:59Z
2025-11-07,TCB12520,NHTM CP KỸ THƯƠNG VIỆT NAM,NGÂN HÀNG,bank,2000.0,RIÊNG LẺ,6.1% /NĂM,6.1,2025-10-16,3.0,2028-10-16,<=3Y,vbma_weekly:https://vbma.org.vn/storage/reports/December2025/03112025-07112025%20%20BAO%20CAO%20TUAN%20TTTP.pdf,vbma_weekly_local-20260528T125059Z,2026-05-28T12:50:59Z
2025-11-07,TCB12521,NHTM CP KỸ THƯƠNG VIỆT NAM,NGÂN HÀNG,bank,2000.0,RIÊNG LẺ,6% /NĂM,6.0,2025-10-22,2.0,2027-10-22,<=3Y,vbma_weekly:https://vbma.org.vn/storage/reports/December2025/03112025-07112025%20%20BAO%20CAO%20TUAN%20TTTP.pdf,vbma_weekly_local-20260528T125059Z,2026-05-28T12:50:59Z
2025-11-07,TND12501,CTCP PHÁT TRIỂN TN,BẤT ĐỘNG SẢN,real_estate,2950.0,RIÊNG LẺ,6.3% /NĂM,6.3,2025-10-22,5.0,2030-10-22,3Y_5Y,vbma_weekly:https://vbma.org.vn/storage/reports/December2025/03112025-07112025%20%20BAO%20CAO%20TUAN%20TTTP.pdf,vbma_weekly_local-20260528T125059Z,2026-05-28T12:50:59Z
2025-11-07,TNQ32501,CTCP ĐẦU TƯ VÀ PHÁT TRIỂN HẠ TẦNG NAM QUANG,BẤT ĐỘNG SẢN,real_estate,1000.0,RIÊNG LẺ,"BÌNH QUÂN LSTK 12T VNĐ (VCB, BIDV, VIETIN, AGRI) + 2.35% /NĂM",,2025-10-21,9.0,2034-10-21,>5Y,vbma_weekly:https://vbma.org.vn/storage/reports/December2025/03112025-07112025%20%20BAO%20CAO%20TUAN%20TTTP.pdf,vbma_weekly_local-20260528T125059Z,2026-05-28T12:50:59Z
2025-11-07,TPB12537,NHTM CP TIÊN PHONG,NGÂN HÀNG,bank,2000.0,RIÊNG LẺ,"BÌNH QUÂN LSTK 12T VNĐ (VCB, BIDV, VIETIN, AGRI) + 2% /NĂM , NẾU TCPH KHÔNG M UA LẠI",,2025-10-16,7.0,2032-10-16,>5Y,vbma_weekly:https://vbma.org.vn/storage/reports/December2025/03112025-07112025%20%20BAO%20CAO%20TUAN%20TTTP.pdf,vbma_weekly_local-20260528T125059Z,2026-05-28T12:50:59Z
2025-11-07,TPB12539,NHTM CP TIÊN PHONG,NGÂN HÀNG,bank,271.0,RIÊNG LẺ,"KỲ ĐẦU: 8.75% /NĂM , CÁC KỲ SAU = LSTC + 3% /NĂM",8.75,2025-10-23,10.0,2035-10-23,>5Y,vbma_weekly:https://vbma.org.vn/storage/reports/December2025/03112025-07112025%20%20BAO%20CAO%20TUAN%20TTTP.pdf,vbma_weekly_local-20260528T125059Z,2026-05-28T12:50:59Z
2025-11-07,TSO12501,CTCP ĐẦU TƯ XÂY DỰNG THÁI SƠN,BẤT ĐỘNG SẢN,real_estate,4000.0,RIÊNG LẺ,"2 KỲ ĐẦU: 8.3% /NĂM , CÁC KỲ SAU = BÌNH QUÂN LSTK 12T VNĐ (VCB, BIDV, VIETIN, AGRI) +",8.3,2025-10-28,2.0,2027-10-28,<=3Y,vbma_weekly:https://vbma.org.vn/storage/reports/December2025/03112025-07112025%20%20BAO%20CAO%20TUAN%20TTTP.pdf,vbma_weekly_local-20260528T125059Z,2026-05-28T12:50:59Z
2025-11-07,VIB12506,NHTM CP QUỐC TẾ VIỆT NAM,NGÂN HÀNG,bank,3000.0,RIÊNG LẺ,"4 KỲ ĐẦU: 7% /NĂM , CÁC KỲ SAU = 7.25% /NĂM",7.0,2025-10-27,3.0,2028-10-27,<=3Y,vbma_weekly:https://vbma.org.vn/storage/reports/December2025/03112025-07112025%20%20BAO%20CAO%20TUAN%20TTTP.pdf,vbma_weekly_local-20260528T125059Z,2026-05-28T12:50:59Z
2025-11-14,MSG32506,CTCP M AY - DIÊM SÀI GÒN,BẤT ĐỘNG SẢN,real_estate,470.0,HÀ NH,9% /NĂM,9.0,2025-11-03,9.0,2034-11-03,>5Y,vbma_weekly:https://vbma.org.vn/storage/reports/December2025/10112025-14112025%20%20BAO%20CAO%20TUAN%20TTTP.pdf,vbma_weekly_local-20260528T125059Z,2026-05-28T12:50:59Z
2025-11-14,OCB12528,NHTM CP PHƯƠNG ĐÔNG,NGÂN HÀNG,bank,1000.0,RIÊNG LẺ,6.5% /NĂM,6.5,2025-11-05,2.0,2027-11-05,<=3Y,vbma_weekly:https://vbma.org.vn/storage/reports/December2025/10112025-14112025%20%20BAO%20CAO%20TUAN%20TTTP.pdf,vbma_weekly_local-20260528T125059Z,2026-05-28T12:50:59Z
2025-11-14,TCB12522,NHTM CP KỸ THƯƠNG VIỆT NAM,NGÂN HÀNG,bank,250.0,RIÊNG LẺ,5.9% /NĂM,5.9,2025-11-05,3.0,2028-11-05,<=3Y,vbma_weekly:https://vbma.org.vn/storage/reports/December2025/10112025-14112025%20%20BAO%20CAO%20TUAN%20TTTP.pdf,vbma_weekly_local-20260528T125059Z,2026-05-28T12:50:59Z
2025-11-14,TNQ32502,CTCP ĐẦU TƯ VÀ PHÁT TRIỂN HẠ TẦNG NAM QUANG,BẤT ĐỘNG SẢN,real_estate,500.0,RIÊNG LẺ,9.1% /NĂM,9.1,2025-11-07,9.0,2034-11-07,>5Y,vbma_weekly:https://vbma.org.vn/storage/reports/December2025/10112025-14112025%20%20BAO%20CAO%20TUAN%20TTTP.pdf,vbma_weekly_local-20260528T125059Z,2026-05-28T12:50:59Z
2025-11-14,TPB12540,NHTM CP TIÊN PHONG,NGÂN HÀNG,bank,408.0,RIÊNG LẺ,"BÌNH QUÂN LSTK 12T VNĐ (VCB, BIDV, VIETIN, AGRI) + 2.6% /NĂM",,2025-11-03,10.0,2035-11-03,>5Y,vbma_weekly:https://vbma.org.vn/storage/reports/December2025/10112025-14112025%20%20BAO%20CAO%20TUAN%20TTTP.pdf,vbma_weekly_local-20260528T125059Z,2026-05-28T12:50:59Z
2025-11-14,VIO32501,CT TNHH M TV VIPICO,BẤT ĐỘNG SẢN,real_estate,500.0,RIÊNG LẺ,9.3% /NĂM,9.3,2025-11-04,8.0,2033-11-04,>5Y,vbma_weekly:https://vbma.org.vn/storage/reports/December2025/10112025-14112025%20%20BAO%20CAO%20TUAN%20TTTP.pdf,vbma_weekly_local-20260528T125059Z,2026-05-28T12:50:59Z
2025-11-14,VPB12514,NHTM CP VIỆT NAM THỊNH VƯỢNG,NGÂN HÀNG,bank,1000.0,RIÊNG LẺ,6.2% /NĂM,6.2,2025-11-12,3.0,2028-11-12,<=3Y,vbma_weekly:https://vbma.org.vn/storage/reports/December2025/10112025-14112025%20%20BAO%20CAO%20TUAN%20TTTP.pdf,vbma_weekly_local-20260528T125059Z,2026-05-28T12:50:59Z
2025-11-21,BAB12508,NHTM CP VIỆT NAM THỊNH VƯỢNG,NGÂN HÀNG,bank,800.0,RIÊNG LẺ,6.2% /NĂM,6.2,2025-11-13,3.0,2028-11-13,<=3Y,vbma_weekly:https://vbma.org.vn/storage/reports/December2025/17112025-21112025%20%20BAO%20CAO%20TUAN%20TTTP.pdf,vbma_weekly_local-20260528T125059Z,2026-05-28T12:50:59Z
2025-11-21,BCM12503,TẬP ĐOÀN ĐẦU TƯ VÀ PHÁT TRIỂN CÔNG NGHIỆP BECAM EX,BẤT ĐỘNG SẢN,real_estate,660.0,RIÊNG LẺ,"KỲ ĐẦU: 10.3% /NĂM , CÁC KỲ SAU = BÌNH QUÂN LSTK 12T VNĐ (VCB, BIDV, VIETIN, AGRI) +",10.3,2025-11-10,3.0,2028-11-10,<=3Y,vbma_weekly:https://vbma.org.vn/storage/reports/December2025/17112025-21112025%20%20BAO%20CAO%20TUAN%20TTTP.pdf,vbma_weekly_local-20260528T125059Z,2026-05-28T12:50:59Z
2025-11-21,F8812508,NHTM CP QUỐC TẾ VIỆT NAM,TÀI CHÍNH,non_bank_corp,100.0,RIÊNG LẺ,9% /NĂM,9.0,2025-11-17,1.0,2026-11-17,<=3Y,vbma_weekly:https://vbma.org.vn/storage/reports/December2025/17112025-21112025%20%20BAO%20CAO%20TUAN%20TTTP.pdf,vbma_weekly_local-20260528T125059Z,2026-05-28T12:50:59Z
2025-11-21,HDB12507,CTCP KINH DOANH F88,NGÂN HÀNG,bank,800.0,RIÊNG LẺ,6.4% /NĂM,6.4,2025-11-18,3.0,2028-11-18,<=3Y,vbma_weekly:https://vbma.org.vn/storage/reports/December2025/17112025-21112025%20%20BAO%20CAO%20TUAN%20TTTP.pdf,vbma_weekly_local-20260528T125059Z,2026-05-28T12:50:59Z
2025-11-21,IPA12501,NHTM CP PHÁT TRIỂN THÀNH PHỐ HỒ CHÍ M INH,TÀI CHÍNH,non_bank_corp,1416.0,RIÊNG LẺ,9% /NĂM,9.0,2025-11-18,5.0,2030-11-18,3Y_5Y,vbma_weekly:https://vbma.org.vn/storage/reports/December2025/17112025-21112025%20%20BAO%20CAO%20TUAN%20TTTP.pdf,vbma_weekly_local-20260528T125059Z,2026-05-28T12:50:59Z
2025-11-21,MSB12510,NHTM CP BẮC Á,NGÂN HÀNG,bank,1000.0,RIÊNG LẺ,6.7% /NĂM,6.7,2025-11-13,3.0,2028-11-13,<=3Y,vbma_weekly:https://vbma.org.vn/storage/reports/December2025/17112025-21112025%20%20BAO%20CAO%20TUAN%20TTTP.pdf,vbma_weekly_local-20260528T125059Z,2026-05-28T12:50:59Z
2025-11-21,MSG32506,CTCP M AY - DIÊM SÀI GÒN,BẤT ĐỘNG SẢN,real_estate,470.0,HÀ NH,9% /NĂM,9.0,2025-11-03,9.0,2034-11-03,>5Y,vbma_weekly:https://vbma.org.vn/storage/reports/December2025/17112025-21112025%20%20BAO%20CAO%20TUAN%20TTTP.pdf,vbma_weekly_local-20260528T125059Z,2026-05-28T12:50:59Z
2025-11-21,OCB12528,NHTM CP PHƯƠNG ĐÔNG,NGÂN HÀNG,bank,1000.0,RIÊNG LẺ,6.5% /NĂM,6.5,2025-11-05,2.0,2027-11-05,<=3Y,vbma_weekly:https://vbma.org.vn/storage/reports/December2025/17112025-21112025%20%20BAO%20CAO%20TUAN%20TTTP.pdf,vbma_weekly_local-20260528T125059Z,2026-05-28T12:50:59Z
2025-11-21,TAU12502,CTCP TASCO AUTO,CÔNG NGHIỆP,non_bank_corp,145.0,RIÊNG LẺ,"2 KỲ ĐẦU: 10% /NĂM , CÁC KỲ SAU = LSTC + 4% /NĂM NHƯNG KHÔNG THẤP HƠN 10% /NĂM",10.0,2025-11-07,4.0,2029-11-07,3Y_5Y,vbma_weekly:https://vbma.org.vn/storage/reports/December2025/17112025-21112025%20%20BAO%20CAO%20TUAN%20TTTP.pdf,vbma_weekly_local-20260528T125059Z,2026-05-28T12:50:59Z
2025-11-21,TCB12522,NHTM CP KỸ THƯƠNG VIỆT NAM,NGÂN HÀNG,bank,250.0,RIÊNG LẺ,5.9% /NĂM,5.9,2025-11-05,3.0,2028-11-05,<=3Y,vbma_weekly:https://vbma.org.vn/storage/reports/December2025/17112025-21112025%20%20BAO%20CAO%20TUAN%20TTTP.pdf,vbma_weekly_local-20260528T125059Z,2026-05-28T12:50:59Z
2025-11-21,TNQ32502,CTCP ĐẦU TƯ VÀ PHÁT TRIỂN HẠ TẦNG NAM QUANG,BẤT ĐỘNG SẢN,real_estate,500.0,RIÊNG LẺ,9.1% /NĂM,9.1,2025-11-07,9.0,2034-11-07,>5Y,vbma_weekly:https://vbma.org.vn/storage/reports/December2025/17112025-21112025%20%20BAO%20CAO%20TUAN%20TTTP.pdf,vbma_weekly_local-20260528T125059Z,2026-05-28T12:50:59Z
2025-11-21,TNQ32503,NHTM CP TIÊN PHONG,BẤT ĐỘNG SẢN,real_estate,1000.0,RIÊNG LẺ,"BÌNH QUÂN LSTK 12T VNĐ (VCB, BIDV, VIETIN, AGRI) + 2% /NĂM , NẾU TCPH KHÔNG M UA LẠI",,2025-11-15,8.0,2033-11-15,>5Y,vbma_weekly:https://vbma.org.vn/storage/reports/December2025/17112025-21112025%20%20BAO%20CAO%20TUAN%20TTTP.pdf,vbma_weekly_local-20260528T125059Z,2026-05-28T12:50:59Z
2025-11-21,TPB12540,NHTM CP TIÊN PHONG,NGÂN HÀNG,bank,408.0,RIÊNG LẺ,"BÌNH QUÂN LSTK 12T VNĐ (VCB, BIDV, VIETIN, AGRI) + 2.6% /NĂM",,2025-11-03,10.0,2035-11-03,>5Y,vbma_weekly:https://vbma.org.vn/storage/reports/December2025/17112025-21112025%20%20BAO%20CAO%20TUAN%20TTTP.pdf,vbma_weekly_local-20260528T125059Z,2026-05-28T12:50:59Z
2025-11-21,TPB12541,- CTCP,NGÂN HÀNG,bank,59.0,RIÊNG LẺ,4% /NĂM NHƯNG KHÔNG THẤP HƠN 10% /NĂM,4.0,2025-11-11,10.0,2035-11-11,>5Y,vbma_weekly:https://vbma.org.vn/storage/reports/December2025/17112025-21112025%20%20BAO%20CAO%20TUAN%20TTTP.pdf,vbma_weekly_local-20260528T125059Z,2026-05-28T12:50:59Z
2025-11-21,TPB12543,CT TNHH M TV VIPICO,NGÂN HÀNG,bank,500.0,RIÊNG LẺ,9.3% /NĂM,9.3,2025-11-14,7.0,2032-11-14,>5Y,vbma_weekly:https://vbma.org.vn/storage/reports/December2025/17112025-21112025%20%20BAO%20CAO%20TUAN%20TTTP.pdf,vbma_weekly_local-20260528T125059Z,2026-05-28T12:50:59Z
2025-11-21,VIB12507,CTCP ĐẦU TƯ VÀ PHÁT TRIỂN HẠ TẦNG NAM QUANG,NGÂN HÀNG,bank,3000.0,RIÊNG LẺ,"THEO ĐK 9.2, LS TỪ KỲ THỨ 6 = LSTC + 2.8% /NĂM",,2025-11-17,3.0,2028-11-17,<=3Y,vbma_weekly:https://vbma.org.vn/storage/reports/December2025/17112025-21112025%20%20BAO%20CAO%20TUAN%20TTTP.pdf,vbma_weekly_local-20260528T125059Z,2026-05-28T12:50:59Z
2025-11-21,VIO32501,CT TNHH M TV VIPICO,BẤT ĐỘNG SẢN,real_estate,500.0,RIÊNG LẺ,9.3% /NĂM,9.3,2025-11-04,8.0,2033-11-04,>5Y,vbma_weekly:https://vbma.org.vn/storage/reports/December2025/17112025-21112025%20%20BAO%20CAO%20TUAN%20TTTP.pdf,vbma_weekly_local-20260528T125059Z,2026-05-28T12:50:59Z
2025-11-21,VIO32502,NHTM CP HÀNG HẢI VIỆT NAM,BẤT ĐỘNG SẢN,real_estate,1000.0,RIÊNG LẺ,5.2% /NĂM,5.2,2025-11-14,8.0,2033-11-14,>5Y,vbma_weekly:https://vbma.org.vn/storage/reports/December2025/17112025-21112025%20%20BAO%20CAO%20TUAN%20TTTP.pdf,vbma_weekly_local-20260528T125059Z,2026-05-28T12:50:59Z
2025-11-21,VPB12514,NHTM CP TIÊN PHONG,NGÂN HÀNG,bank,1000.0,RIÊNG LẺ,"BÌNH QUÂN LSTK 12T VNĐ (VCB, BIDV, VIETIN, AGRI) + 2.7% /NĂM",,2025-11-12,3.0,2028-11-12,<=3Y,vbma_weekly:https://vbma.org.vn/storage/reports/December2025/17112025-21112025%20%20BAO%20CAO%20TUAN%20TTTP.pdf,vbma_weekly_local-20260528T125059Z,2026-05-28T12:50:59Z
2025-11-28,BAB12508,NHTM CP VIỆT NAM THỊNH VƯỢNG,NGÂN HÀNG,bank,800.0,RIÊNG LẺ,6.2% /NĂM,6.2,2025-11-13,3.0,2028-11-13,<=3Y,vbma_weekly:https://vbma.org.vn/storage/reports/December2025/24112025-28112025%20%20BAO%20CAO%20TUAN%20TTTP.pdf,vbma_weekly_local-20260528T125059Z,2026-05-28T12:50:59Z
2025-11-28,BCM12503,TẬP ĐOÀN ĐẦU TƯ VÀ PHÁT TRIỂN CÔNG NGHIỆP BECAM EX,BẤT ĐỘNG SẢN,real_estate,660.0,RIÊNG LẺ,"KỲ ĐẦU: 10.3% /NĂM , CÁC KỲ SAU = BÌNH QUÂN LSTK 12T VNĐ (VCB, BIDV, VIETIN, AGRI) +",10.3,2025-11-10,3.0,2028-11-10,<=3Y,vbma_weekly:https://vbma.org.vn/storage/reports/December2025/24112025-28112025%20%20BAO%20CAO%20TUAN%20TTTP.pdf,vbma_weekly_local-20260528T125059Z,2026-05-28T12:50:59Z
2025-11-28,BNC12501,NHTM CP PHƯƠNG ĐÔNG,CÔNG NGHIỆP,non_bank_corp,500.0,RIÊNG LẺ,9.5% /NĂM,9.5,2025-11-20,5.0,2030-11-20,3Y_5Y,vbma_weekly:https://vbma.org.vn/storage/reports/December2025/24112025-28112025%20%20BAO%20CAO%20TUAN%20TTTP.pdf,vbma_weekly_local-20260528T125059Z,2026-05-28T12:50:59Z
2025-11-28,F8812508,NHTM CP QUỐC TẾ VIỆT NAM,TÀI CHÍNH,non_bank_corp,100.0,RIÊNG LẺ,9% /NĂM,9.0,2025-11-17,1.0,2026-11-17,<=3Y,vbma_weekly:https://vbma.org.vn/storage/reports/December2025/24112025-28112025%20%20BAO%20CAO%20TUAN%20TTTP.pdf,vbma_weekly_local-20260528T125059Z,2026-05-28T12:50:59Z
2025-11-28,HDB12507,CTCP KINH DOANH F88,NGÂN HÀNG,bank,800.0,RIÊNG LẺ,6.4% /NĂM,6.4,2025-11-18,3.0,2028-11-18,<=3Y,vbma_weekly:https://vbma.org.vn/storage/reports/December2025/24112025-28112025%20%20BAO%20CAO%20TUAN%20TTTP.pdf,vbma_weekly_local-20260528T125059Z,2026-05-28T12:50:59Z
2025-11-28,HDB12508,CTCP HÀNG KHÔNG VIETJET,NGÂN HÀNG,bank,1000.0,RIÊNG LẺ,"4.5% /NĂM , NHƯNG KHÔNG THẤP HƠN 10% /NĂM",4.5,2025-11-26,3.0,2028-11-26,<=3Y,vbma_weekly:https://vbma.org.vn/storage/reports/December2025/24112025-28112025%20%20BAO%20CAO%20TUAN%20TTTP.pdf,vbma_weekly_local-20260528T125059Z,2026-05-28T12:50:59Z
2025-11-28,IPA12501,NHTM CP PHÁT TRIỂN THÀNH PHỐ HỒ CHÍ M INH,TÀI CHÍNH,non_bank_corp,1416.0,RIÊNG LẺ,9% /NĂM,9.0,2025-11-18,5.0,2030-11-18,3Y_5Y,vbma_weekly:https://vbma.org.vn/storage/reports/December2025/24112025-28112025%20%20BAO%20CAO%20TUAN%20TTTP.pdf,vbma_weekly_local-20260528T125059Z,2026-05-28T12:50:59Z
2025-11-28,MSB12510,NHTM CP BẮC Á,NGÂN HÀNG,bank,1000.0,RIÊNG LẺ,6.7% /NĂM,6.7,2025-11-13,3.0,2028-11-13,<=3Y,vbma_weekly:https://vbma.org.vn/storage/reports/December2025/24112025-28112025%20%20BAO%20CAO%20TUAN%20TTTP.pdf,vbma_weekly_local-20260528T125059Z,2026-05-28T12:50:59Z
2025-11-28,MSG32506,CTCP M AY - DIÊM SÀI GÒN,BẤT ĐỘNG SẢN,real_estate,470.0,HÀ NH,9% /NĂM,9.0,2025-11-03,9.0,2034-11-03,>5Y,vbma_weekly:https://vbma.org.vn/storage/reports/December2025/24112025-28112025%20%20BAO%20CAO%20TUAN%20TTTP.pdf,vbma_weekly_local-20260528T125059Z,2026-05-28T12:50:59Z
2025-11-28,MSG32507,CTCP DỊCH VỤ CÁP TREO BÀ NÀ,BẤT ĐỘNG SẢN,real_estate,1000.0,RIÊNG LẺ,6.6% /NĂM,6.6,2025-11-21,9.0,2034-11-21,>5Y,vbma_weekly:https://vbma.org.vn/storage/reports/December2025/24112025-28112025%20%20BAO%20CAO%20TUAN%20TTTP.pdf,vbma_weekly_local-20260528T125059Z,2026-05-28T12:50:59Z
2025-11-28,OCB12528,NHTM CP PHƯƠNG ĐÔNG,NGÂN HÀNG,bank,1000.0,RIÊNG LẺ,6.5% /NĂM,6.5,2025-11-05,2.0,2027-11-05,<=3Y,vbma_weekly:https://vbma.org.vn/storage/reports/December2025/24112025-28112025%20%20BAO%20CAO%20TUAN%20TTTP.pdf,vbma_weekly_local-20260528T125059Z,2026-05-28T12:50:59Z
2025-11-28,OCB12529,CTCP TẬP ĐOÀN ĐẦU TƯ I.P.A,NGÂN HÀNG,bank,1500.0,RIÊNG LẺ,6.7% /NĂM,6.7,2025-11-20,3.0,2028-11-20,<=3Y,vbma_weekly:https://vbma.org.vn/storage/reports/December2025/24112025-28112025%20%20BAO%20CAO%20TUAN%20TTTP.pdf,vbma_weekly_local-20260528T125059Z,2026-05-28T12:50:59Z
2025-11-28,TAU12502,CTCP TASCO AUTO,CÔNG NGHIỆP,non_bank_corp,145.0,RIÊNG LẺ,"2 KỲ ĐẦU: 10% /NĂM , CÁC KỲ SAU = LSTC + 4% /NĂM NHƯNG KHÔNG THẤP HƠN 10% /NĂM",10.0,2025-11-07,4.0,2029-11-07,3Y_5Y,vbma_weekly:https://vbma.org.vn/storage/reports/December2025/24112025-28112025%20%20BAO%20CAO%20TUAN%20TTTP.pdf,vbma_weekly_local-20260528T125059Z,2026-05-28T12:50:59Z
2025-11-28,TCB12522,NHTM CP KỸ THƯƠNG VIỆT NAM,NGÂN HÀNG,bank,250.0,RIÊNG LẺ,5.9% /NĂM,5.9,2025-11-05,3.0,2028-11-05,<=3Y,vbma_weekly:https://vbma.org.vn/storage/reports/December2025/24112025-28112025%20%20BAO%20CAO%20TUAN%20TTTP.pdf,vbma_weekly_local-20260528T125059Z,2026-05-28T12:50:59Z
2025-11-28,TNQ32502,CTCP ĐẦU TƯ VÀ PHÁT TRIỂN HẠ TẦNG NAM QUANG,BẤT ĐỘNG SẢN,real_estate,500.0,RIÊNG LẺ,9.1% /NĂM,9.1,2025-11-07,9.0,2034-11-07,>5Y,vbma_weekly:https://vbma.org.vn/storage/reports/December2025/24112025-28112025%20%20BAO%20CAO%20TUAN%20TTTP.pdf,vbma_weekly_local-20260528T125059Z,2026-05-28T12:50:59Z
2025-11-28,TNQ32503,NHTM CP TIÊN PHONG,BẤT ĐỘNG SẢN,real_estate,1000.0,RIÊNG LẺ,"BÌNH QUÂN LSTK 12T VNĐ (VCB, BIDV, VIETIN, AGRI) + 2% /NĂM , NẾU TCPH KHÔNG M UA LẠI",,2025-11-15,8.0,2033-11-15,>5Y,vbma_weekly:https://vbma.org.vn/storage/reports/December2025/24112025-28112025%20%20BAO%20CAO%20TUAN%20TTTP.pdf,vbma_weekly_local-20260528T125059Z,2026-05-28T12:50:59Z
2025-11-28,TPB12540,NHTM CP TIÊN PHONG,NGÂN HÀNG,bank,408.0,RIÊNG LẺ,"BÌNH QUÂN LSTK 12T VNĐ (VCB, BIDV, VIETIN, AGRI) + 2.6% /NĂM",,2025-11-03,10.0,2035-11-03,>5Y,vbma_weekly:https://vbma.org.vn/storage/reports/December2025/24112025-28112025%20%20BAO%20CAO%20TUAN%20TTTP.pdf,vbma_weekly_local-20260528T125059Z,2026-05-28T12:50:59Z
2025-11-28,TPB12541,- CTCP,NGÂN HÀNG,bank,59.0,RIÊNG LẺ,4% /NĂM NHƯNG KHÔNG THẤP HƠN 10% /NĂM,4.0,2025-11-11,10.0,2035-11-11,>5Y,vbma_weekly:https://vbma.org.vn/storage/reports/December2025/24112025-28112025%20%20BAO%20CAO%20TUAN%20TTTP.pdf,vbma_weekly_local-20260528T125059Z,2026-05-28T12:50:59Z
2025-11-28,TPB12543,CT TNHH M TV VIPICO,NGÂN HÀNG,bank,500.0,RIÊNG LẺ,9.3% /NĂM,9.3,2025-11-14,7.0,2032-11-14,>5Y,vbma_weekly:https://vbma.org.vn/storage/reports/December2025/24112025-28112025%20%20BAO%20CAO%20TUAN%20TTTP.pdf,vbma_weekly_local-20260528T125059Z,2026-05-28T12:50:59Z
2025-11-28,VIB12507,CTCP ĐẦU TƯ VÀ PHÁT TRIỂN HẠ TẦNG NAM QUANG,NGÂN HÀNG,bank,3000.0,RIÊNG LẺ,"THEO ĐK 9.2, LS TỪ KỲ THỨ 6 = LSTC + 2.8% /NĂM",,2025-11-17,3.0,2028-11-17,<=3Y,vbma_weekly:https://vbma.org.vn/storage/reports/December2025/24112025-28112025%20%20BAO%20CAO%20TUAN%20TTTP.pdf,vbma_weekly_local-20260528T125059Z,2026-05-28T12:50:59Z
2025-11-28,VIO32501,CT TNHH M TV VIPICO,BẤT ĐỘNG SẢN,real_estate,500.0,RIÊNG LẺ,9.3% /NĂM,9.3,2025-11-04,8.0,2033-11-04,>5Y,vbma_weekly:https://vbma.org.vn/storage/reports/December2025/24112025-28112025%20%20BAO%20CAO%20TUAN%20TTTP.pdf,vbma_weekly_local-20260528T125059Z,2026-05-28T12:50:59Z
2025-11-28,VIO32502,NHTM CP HÀNG HẢI VIỆT NAM,BẤT ĐỘNG SẢN,real_estate,1000.0,RIÊNG LẺ,5.2% /NĂM,5.2,2025-11-14,8.0,2033-11-14,>5Y,vbma_weekly:https://vbma.org.vn/storage/reports/December2025/24112025-28112025%20%20BAO%20CAO%20TUAN%20TTTP.pdf,vbma_weekly_local-20260528T125059Z,2026-05-28T12:50:59Z
2025-11-28,VJC12504,CTCP M AY - DIÊM SÀI GÒN,CÔNG NGHIỆP,non_bank_corp,1000.0,RIÊNG LẺ,"4 KỲ ĐẦU: 10.5% /NĂM , CÁC KỲ SAU = BÌNH QUÂN LSTK 12T VNĐ (VCB, BIDV, VIETIN, AGRI) +",10.5,2025-11-24,5.0,2030-11-24,3Y_5Y,vbma_weekly:https://vbma.org.vn/storage/reports/December2025/24112025-28112025%20%20BAO%20CAO%20TUAN%20TTTP.pdf,vbma_weekly_local-20260528T125059Z,2026-05-28T12:50:59Z
2025-11-28,VPB12514,NHTM CP TIÊN PHONG,NGÂN HÀNG,bank,1000.0,RIÊNG LẺ,"BÌNH QUÂN LSTK 12T VNĐ (VCB, BIDV, VIETIN, AGRI) + 2.7% /NĂM",,2025-11-12,3.0,2028-11-12,<=3Y,vbma_weekly:https://vbma.org.vn/storage/reports/December2025/24112025-28112025%20%20BAO%20CAO%20TUAN%20TTTP.pdf,vbma_weekly_local-20260528T125059Z,2026-05-28T12:50:59Z
2025-12-05,ABB12515,NHTM CP AN BÌNH,NGÂN HÀNG,bank,300.0,RIÊNG LẺ,7.6% /NĂM,7.6,2025-11-26,6.0,2031-11-26,>5Y,vbma_weekly:https://vbma.org.vn/storage/reports/December2025/01122025-05122025%20%20BAO%20CAO%20TUAN%20TTTP.pdf,vbma_weekly_local-20260528T125059Z,2026-05-28T12:50:59Z
2025-12-05,BID12556,NHTM CP ĐẦU TƯ VÀ PHÁT TRIỂN VIỆT NAM,NGÂN HÀNG,bank,360.0,RIÊNG LẺ,6% /NĂM,6.0,2025-11-27,2.0,2027-11-27,<=3Y,vbma_weekly:https://vbma.org.vn/storage/reports/December2025/01122025-05122025%20%20BAO%20CAO%20TUAN%20TTTP.pdf,vbma_weekly_local-20260528T125059Z,2026-05-28T12:50:59Z
2025-12-05,HDB12509,NHTM CP PHÁT TRIỂN THÀNH PHỐ HỒ CHÍ M INH,NGÂN HÀNG,bank,120.0,RIÊNG LẺ,6.4% /NĂM,6.4,2025-12-03,5.0,2030-12-03,3Y_5Y,vbma_weekly:https://vbma.org.vn/storage/reports/December2025/01122025-05122025%20%20BAO%20CAO%20TUAN%20TTTP.pdf,vbma_weekly_local-20260528T125059Z,2026-05-28T12:50:59Z
2025-12-05,LPB12514,NHTM CP LỘC PHÁT VIỆT NAM,NGÂN HÀNG,bank,1500.0,RIÊNG LẺ,"BÌNH QUÂN LSTK 12T VNĐ (VCB, BIDV, VIETIN, AGRI) + 2.35% /NĂM , NẾU TCPH KHÔNG M UA",,2025-11-27,7.0,2032-11-27,>5Y,vbma_weekly:https://vbma.org.vn/storage/reports/December2025/01122025-05122025%20%20BAO%20CAO%20TUAN%20TTTP.pdf,vbma_weekly_local-20260528T125059Z,2026-05-28T12:50:59Z
2025-12-05,MSG32508,CTCP M AY - DIÊM SÀI GÒN,BẤT ĐỘNG SẢN,real_estate,1000.0,QUỐC TẾ,SOFR (KỲ HẠN 6 THÁNG) + 2.2% /NĂM,2.2,2025-12-02,9.0,2034-12-02,>5Y,vbma_weekly:https://vbma.org.vn/storage/reports/December2025/01122025-05122025%20%20BAO%20CAO%20TUAN%20TTTP.pdf,vbma_weekly_local-20260528T125059Z,2026-05-28T12:50:59Z
2025-12-05,SSBL2530001,NHTM CP ĐÔNG NAM Á,NGÂN HÀNG,bank,150.0,RIÊNG LẺ,"BÌNH QUÂN LSTK 12T VNĐ (VCB, BIDV, VIETIN, AGRI) + 3% /NĂM",,2025-11-28,5.0,2030-11-28,3Y_5Y,vbma_weekly:https://vbma.org.vn/storage/reports/December2025/01122025-05122025%20%20BAO%20CAO%20TUAN%20TTTP.pdf,vbma_weekly_local-20260528T125059Z,2026-05-28T12:50:59Z
2025-12-05,TAT32501,CT TNHH LIÊN DOANH ĐẦU TƯ XÂY DỰNG TAM TRINH,BẤT ĐỘNG SẢN,real_estate,900.0,RIÊNG LẺ,12.5% /NĂM,12.5,2025-11-28,8.0,2033-11-28,>5Y,vbma_weekly:https://vbma.org.vn/storage/reports/December2025/01122025-05122025%20%20BAO%20CAO%20TUAN%20TTTP.pdf,vbma_weekly_local-20260528T125059Z,2026-05-28T12:50:59Z
2025-12-05,TCB12523,NHTM CP KỸ THƯƠNG VIỆT NAM,NGÂN HÀNG,bank,2000.0,RIÊNG LẺ,9.2% /NĂM,9.2,2025-11-28,3.0,2028-11-28,<=3Y,vbma_weekly:https://vbma.org.vn/storage/reports/December2025/01122025-05122025%20%20BAO%20CAO%20TUAN%20TTTP.pdf,vbma_weekly_local-20260528T125059Z,2026-05-28T12:50:59Z
2025-12-05,TCB12524,NHTM CP KỸ THƯƠNG VIỆT NAM,NGÂN HÀNG,bank,2000.0,RIÊNG LẺ,6.8% /NĂM,6.8,2025-12-03,3.0,2028-12-03,<=3Y,vbma_weekly:https://vbma.org.vn/storage/reports/December2025/01122025-05122025%20%20BAO%20CAO%20TUAN%20TTTP.pdf,vbma_weekly_local-20260528T125059Z,2026-05-28T12:50:59Z
2025-12-05,TNQ32504,CTCP ĐẦU TƯ VÀ PHÁT TRIỂN HẠ TẦNG NAM QUANG,BẤT ĐỘNG SẢN,real_estate,1000.0,HÀ NH,9% /NĂM,9.0,2025-11-26,7.0,2032-11-26,>5Y,vbma_weekly:https://vbma.org.vn/storage/reports/December2025/01122025-05122025%20%20BAO%20CAO%20TUAN%20TTTP.pdf,vbma_weekly_local-20260528T125059Z,2026-05-28T12:50:59Z
2025-12-05,TPB12545,NHTM CP TIÊN PHONG,NGÂN HÀNG,bank,150.0,RIÊNG LẺ,9.3% /NĂM,9.3,2025-11-28,10.0,2035-11-28,>5Y,vbma_weekly:https://vbma.org.vn/storage/reports/December2025/01122025-05122025%20%20BAO%20CAO%20TUAN%20TTTP.pdf,vbma_weekly_local-20260528T125059Z,2026-05-28T12:50:59Z
2025-12-05,TSO12502,CTCP ĐẦU TƯ XÂY DỰNG THÁI SƠN,BẤT ĐỘNG SẢN,real_estate,4000.0,RIÊNG LẺ,"LẠI THEO ĐK 4.14, LS TỪ KỲ THỨ 6 = LSTC + 3.35% /NĂM",,2025-11-28,2.0,2027-11-28,<=3Y,vbma_weekly:https://vbma.org.vn/storage/reports/December2025/01122025-05122025%20%20BAO%20CAO%20TUAN%20TTTP.pdf,vbma_weekly_local-20260528T125059Z,2026-05-28T12:50:59Z
2025-12-05,VIC12511,CTCP TẬP ĐOÀN VINGROUP,BẤT ĐỘNG SẢN,real_estate,1000.0,RIÊNG LẺ,12% /NĂM,12.0,2025-11-27,3.0,2028-11-27,<=3Y,vbma_weekly:https://vbma.org.vn/storage/reports/December2025/01122025-05122025%20%20BAO%20CAO%20TUAN%20TTTP.pdf,vbma_weekly_local-20260528T125059Z,2026-05-28T12:50:59Z
2025-12-05,VIO32503,CT TNHH M TV VIPICO,BẤT ĐỘNG SẢN,real_estate,780.0,RIÊNG LẺ,6.5% /NĂM,6.5,2025-11-28,8.0,2033-11-28,>5Y,vbma_weekly:https://vbma.org.vn/storage/reports/December2025/01122025-05122025%20%20BAO%20CAO%20TUAN%20TTTP.pdf,vbma_weekly_local-20260528T125059Z,2026-05-28T12:50:59Z
2025-12-05,VPB12515,NHTM CP VIỆT NAM THỊNH VƯỢNG,NGÂN HÀNG,bank,500.0,RIÊNG LẺ,9% /NĂM,9.0,2025-12-03,5.0,2030-12-03,3Y_5Y,vbma_weekly:https://vbma.org.vn/storage/reports/December2025/01122025-05122025%20%20BAO%20CAO%20TUAN%20TTTP.pdf,vbma_weekly_local-20260528T125059Z,2026-05-28T12:50:59Z
2025-12-12,APG12501,CTCP CHỨNG KHOÁN APG,CHỨNG KHOÁN,non_bank_corp,300.0,RIÊNG LẺ,9.2% /NĂM,9.2,2025-12-08,2.0,2027-12-08,<=3Y,vbma_weekly:https://vbma.org.vn/storage/reports/December2025/08122025-12122025%20%20BAO%20CAO%20TUAN%20TTTP.pdf,vbma_weekly_local-20260528T125059Z,2026-05-28T12:50:59Z
2025-12-12,BAB12510,NHTM CP BẮC Á,NGÂN HÀNG,bank,1000.0,RIÊNG LẺ,LSTC + 5.5% /NĂM,,2025-12-02,3.0,2028-12-02,<=3Y,vbma_weekly:https://vbma.org.vn/storage/reports/December2025/08122025-12122025%20%20BAO%20CAO%20TUAN%20TTTP.pdf,vbma_weekly_local-20260528T125059Z,2026-05-28T12:50:59Z
2025-12-12,BCM12504,TẬP ĐOÀN ĐẦU TƯ VÀ PHÁT TRIỂN CÔNG NGHIỆP BECAM EX,BẤT ĐỘNG SẢN,real_estate,900.0,RIÊNG LẺ,5% /NĂM,5.0,2025-12-08,3.0,2028-12-08,<=3Y,vbma_weekly:https://vbma.org.vn/storage/reports/December2025/08122025-12122025%20%20BAO%20CAO%20TUAN%20TTTP.pdf,vbma_weekly_local-20260528T125059Z,2026-05-28T12:50:59Z
2025-12-12,BNC12503,CTCP DỊCH VỤ CÁP TREO BÀ NÀ,CÔNG NGHIỆP,non_bank_corp,190.0,RIÊNG LẺ,"2 KỲ ĐẦU: 13.5% /NĂM , CÁC KỲ SAU = LSTC + 4.5% /NĂM",13.5,2025-12-05,5.0,2030-12-05,3Y_5Y,vbma_weekly:https://vbma.org.vn/storage/reports/December2025/08122025-12122025%20%20BAO%20CAO%20TUAN%20TTTP.pdf,vbma_weekly_local-20260528T125059Z,2026-05-28T12:50:59Z
2025-12-12,ECF12502,CTCP CÔNG NGHỆ TÀI CHÍNH ENCAPITAL,LĨNH VỰC KHÁC,non_bank_corp,280.0,CÔNG CHÚNG,"4.5% /NĂM , NHƯNG KHÔNG THẤP HƠN 10% /NĂM",4.5,2025-12-08,2.0,2027-12-08,<=3Y,vbma_weekly:https://vbma.org.vn/storage/reports/December2025/08122025-12122025%20%20BAO%20CAO%20TUAN%20TTTP.pdf,vbma_weekly_local-20260528T125059Z,2026-05-28T12:50:59Z
2025-12-12,HDB12509,NHTM CP PHÁT TRIỂN THÀNH PHỐ HỒ CHÍ M INH,NGÂN HÀNG,bank,120.0,RIÊNG LẺ,"BÌNH QUÂN LSTK 12T VNĐ (VCB, BIDV, VIETIN, AGRI) + 3.3% /NĂM",,2025-12-03,5.0,2030-12-03,3Y_5Y,vbma_weekly:https://vbma.org.vn/storage/reports/December2025/08122025-12122025%20%20BAO%20CAO%20TUAN%20TTTP.pdf,vbma_weekly_local-20260528T125059Z,2026-05-28T12:50:59Z
2025-12-12,KHG12502,CTCP TẬP ĐOÀN KHẢI HOÀN LAND,BẤT ĐỘNG SẢN,real_estate,80.0,RIÊNG LẺ,6.8% /NĂM,6.8,2025-12-03,5.0,2030-12-03,3Y_5Y,vbma_weekly:https://vbma.org.vn/storage/reports/December2025/08122025-12122025%20%20BAO%20CAO%20TUAN%20TTTP.pdf,vbma_weekly_local-20260528T125059Z,2026-05-28T12:50:59Z
2025-12-12,MNB425001,TỔNG CÔNG TY M AY NHÀ BÈ - CTCP,TIÊU DÙNG,non_bank_corp,180.0,RIÊNG LẺ,"4 KỲ ĐẦU: 10.5% /NĂM , CÁC KỲ SAU = BÌNH QUÂN LSTK 12T VNĐ (VCB, BIDV, VIETIN, AGRI) +",10.5,2025-12-05,2.0,2027-12-05,<=3Y,vbma_weekly:https://vbma.org.vn/storage/reports/December2025/08122025-12122025%20%20BAO%20CAO%20TUAN%20TTTP.pdf,vbma_weekly_local-20260528T125059Z,2026-05-28T12:50:59Z
2025-12-12,MSG32508,CTCP M AY - DIÊM SÀI GÒN,BẤT ĐỘNG SẢN,real_estate,1000.0,RIÊNG LẺ,"2.8% /NĂM . NẾU TCPH KHÔNG M UA LẠI VÀO NGÀY THỰC HIỆN M UA LẠI, LS TỪ KỲ THỨ 11 =",2.8,2025-12-02,9.0,2034-12-02,>5Y,vbma_weekly:https://vbma.org.vn/storage/reports/December2025/08122025-12122025%20%20BAO%20CAO%20TUAN%20TTTP.pdf,vbma_weekly_local-20260528T125059Z,2026-05-28T12:50:59Z
2025-12-12,MSG32509,- CTCP,BẤT ĐỘNG SẢN,real_estate,620.0,RIÊNG LẺ,"2 KỲ ĐẦU: 9.5% /NĂM , CÁC KỲ SAU = LSTC + 4.5% /NĂM NHƯNG KHÔNG THẤP HƠN 9.5% /NĂM",9.5,2025-12-09,9.0,2034-12-09,>5Y,vbma_weekly:https://vbma.org.vn/storage/reports/December2025/08122025-12122025%20%20BAO%20CAO%20TUAN%20TTTP.pdf,vbma_weekly_local-20260528T125059Z,2026-05-28T12:50:59Z
2025-12-12,OCB12530,CTCP M AY - DIÊM SÀI GÒN,NGÂN HÀNG,bank,1000.0,RIÊNG LẺ,8% /NĂM,8.0,2025-12-10,3.0,2028-12-10,<=3Y,vbma_weekly:https://vbma.org.vn/storage/reports/December2025/08122025-12122025%20%20BAO%20CAO%20TUAN%20TTTP.pdf,vbma_weekly_local-20260528T125059Z,2026-05-28T12:50:59Z
2025-12-12,TAT32502,CT TNHH LIÊN DOANH ĐẦU TƯ XÂY DỰNG TAM TRINH,BẤT ĐỘNG SẢN,real_estate,1100.0,RIÊNG LẺ,6.9% /NĂM,6.9,2025-12-05,6.0,2031-12-05,>5Y,vbma_weekly:https://vbma.org.vn/storage/reports/December2025/08122025-12122025%20%20BAO%20CAO%20TUAN%20TTTP.pdf,vbma_weekly_local-20260528T125059Z,2026-05-28T12:50:59Z
2025-12-12,TCB12524,NHTM CP KỸ THƯƠNG VIỆT NAM,NGÂN HÀNG,bank,2000.0,RIÊNG LẺ,6.4% /NĂM,6.4,2025-12-03,3.0,2028-12-03,<=3Y,vbma_weekly:https://vbma.org.vn/storage/reports/December2025/08122025-12122025%20%20BAO%20CAO%20TUAN%20TTTP.pdf,vbma_weekly_local-20260528T125059Z,2026-05-28T12:50:59Z
2025-12-12,TPB12546,NHTM CP TIÊN PHONG,NGÂN HÀNG,bank,47.0,RIÊNG LẺ,9% /NĂM,9.0,2025-12-02,10.0,2035-12-02,>5Y,vbma_weekly:https://vbma.org.vn/storage/reports/December2025/08122025-12122025%20%20BAO%20CAO%20TUAN%20TTTP.pdf,vbma_weekly_local-20260528T125059Z,2026-05-28T12:50:59Z
2025-12-12,VAB12501,NHTM CP VIỆT Á,NGÂN HÀNG,bank,300.0,HÀ NH,"KỲ ĐẦU: 7.6% /NĂM , CÁC KỲ SAU = BÌNH QUÂN LSTK 12T VNĐ (VCB, BIDV, VIETIN, AGRI) +",7.6,2025-12-01,7.0,2032-12-01,>5Y,vbma_weekly:https://vbma.org.vn/storage/reports/December2025/08122025-12122025%20%20BAO%20CAO%20TUAN%20TTTP.pdf,vbma_weekly_local-20260528T125059Z,2026-05-28T12:50:59Z
2025-12-12,VIB12508,NHTM CP QUỐC TẾ VIỆT NAM,NGÂN HÀNG,bank,3000.0,RIÊNG LẺ,6.5% /NĂM,6.5,2025-12-05,3.0,2028-12-05,<=3Y,vbma_weekly:https://vbma.org.vn/storage/reports/December2025/08122025-12122025%20%20BAO%20CAO%20TUAN%20TTTP.pdf,vbma_weekly_local-20260528T125059Z,2026-05-28T12:50:59Z
2025-12-12,VPB12515,NHTM CP VIỆT NAM THỊNH VƯỢNG,NGÂN HÀNG,bank,500.0,RIÊNG LẺ,6.5% /NĂM,6.5,2025-12-03,5.0,2030-12-03,3Y_5Y,vbma_weekly:https://vbma.org.vn/storage/reports/December2025/08122025-12122025%20%20BAO%20CAO%20TUAN%20TTTP.pdf,vbma_weekly_local-20260528T125059Z,2026-05-28T12:50:59Z
2026-01-10,BAB12511,NHTMCP BẮC Á,NGÂN HÀNG,bank,1000.0,RIÊNG LẺ,7.5%/NĂM,7.5,2025-12-24,3.0,2028-12-24,<=3Y,vbma_weekly:https://vbma.org.vn/storage/reports/January2026/29122025-10012026%20%20BAO%20CAO%20TUAN%20TTTP.pdf,vbma_weekly_local-20260528T125059Z,2026-05-28T12:50:59Z
2026-01-10,BCM12505,TẬP ĐOÀN ĐẦU TƯ VÀ PHÁT TRIỂN CÔNG NGHIỆP BECAMEX - CTCP,BẤT ĐỘNG SẢN,real_estate,440.0,RIÊNG LẺ,"KỲ ĐẦU: 10.3%/NĂM, CÁC KỲ SAU = BÌNH QUÂN LSTK 12T VNĐ (VCB, BIDV, VIETIN, AGRI) + 3.5%/NĂM NHƯNG KHÔNG THẤP HƠN 9.7%/NĂM",10.3,2025-12-18,5.0,2030-12-18,3Y_5Y,vbma_weekly:https://vbma.org.vn/storage/reports/January2026/29122025-10012026%20%20BAO%20CAO%20TUAN%20TTTP.pdf,vbma_weekly_local-20260528T125059Z,2026-05-28T12:50:59Z
2026-01-10,BID12559,NHTMCP ĐẦU TƯ VÀ PHÁT TRIỂN VIỆT NAM,NGÂN HÀNG,bank,800.0,RIÊNG LẺ,6.68%/NĂM,6.68,2025-12-24,15.0,2040-12-24,>5Y,vbma_weekly:https://vbma.org.vn/storage/reports/January2026/29122025-10012026%20%20BAO%20CAO%20TUAN%20TTTP.pdf,vbma_weekly_local-20260528T125059Z,2026-05-28T12:50:59Z
2026-01-10,BID12560,NHTMCP ĐẦU TƯ VÀ PHÁT TRIỂN VIỆT NAM,NGÂN HÀNG,bank,200.0,RIÊNG LẺ,6.68%/NĂM,6.68,2025-12-24,15.0,2040-12-24,>5Y,vbma_weekly:https://vbma.org.vn/storage/reports/January2026/29122025-10012026%20%20BAO%20CAO%20TUAN%20TTTP.pdf,vbma_weekly_local-20260528T125059Z,2026-05-28T12:50:59Z
2026-01-10,BID12561,NHTMCP ĐẦU TƯ VÀ PHÁT TRIỂN VIỆT NAM,NGÂN HÀNG,bank,203.0,RIÊNG LẺ,"LSTC + 1.47%/NĂM, NẾU TCPH KHÔNG MUA LẠI VÀO NGÀY THỰC HIỆN MUA LẠI, LS TỪ KỲ THỨ 6 = LSTC + 3.14%/NĂM",,2025-12-23,8.0,2033-12-23,>5Y,vbma_weekly:https://vbma.org.vn/storage/reports/January2026/29122025-10012026%20%20BAO%20CAO%20TUAN%20TTTP.pdf,vbma_weekly_local-20260528T125059Z,2026-05-28T12:50:59Z
2026-01-10,GSG12501,CTCP IN VÀ BAO BÌ GOLDSUN,CÔNG NGHIỆP,non_bank_corp,800.0,RIÊNG LẺ,"KỲ ĐẦU: 10.8%/NĂM, CÁC KỲ SAU = BÌNH QUÂN LSTK 12T VNĐ (VCB, BIDV, VIETIN, AGRI) + 5%/NĂM NHƯNG KHÔNG THẤP HƠN 10.3%/NĂM",10.8,2025-12-24,3.0,2028-12-24,<=3Y,vbma_weekly:https://vbma.org.vn/storage/reports/January2026/29122025-10012026%20%20BAO%20CAO%20TUAN%20TTTP.pdf,vbma_weekly_local-20260528T125059Z,2026-05-28T12:50:59Z
2026-01-10,HDB12511,NHTMCP PHÁT TRIỂN THÀNH PHỐ HỒ CHÍ MINH,NGÂN HÀNG,bank,500.0,RIÊNG LẺ,"BÌNH QUÂN LSTK 12T VNĐ (VCB, BIDV, VIETIN, AGRI) + 2.7%/NĂM",,2025-12-15,7.0,2032-12-15,>5Y,vbma_weekly:https://vbma.org.vn/storage/reports/January2026/29122025-10012026%20%20BAO%20CAO%20TUAN%20TTTP.pdf,vbma_weekly_local-20260528T125059Z,2026-05-28T12:50:59Z
2026-01-10,HDB12512,NHTMCP PHÁT TRIỂN THÀNH PHỐ HỒ CHÍ MINH,NGÂN HÀNG,bank,600.0,RIÊNG LẺ,"BÌNH QUÂN LSTK 12T VNĐ (VCB, BIDV, VIETIN, AGRI) + 2.8%/NĂM",,2025-12-16,7.0,2032-12-16,>5Y,vbma_weekly:https://vbma.org.vn/storage/reports/January2026/29122025-10012026%20%20BAO%20CAO%20TUAN%20TTTP.pdf,vbma_weekly_local-20260528T125059Z,2026-05-28T12:50:59Z
2026-01-10,HDB12513,NHTMCP PHÁT TRIỂN THÀNH PHỐ HỒ CHÍ MINH,NGÂN HÀNG,bank,80.0,RIÊNG LẺ,6.4%/NĂM,6.4,2025-12-19,3.0,2028-12-19,<=3Y,vbma_weekly:https://vbma.org.vn/storage/reports/January2026/29122025-10012026%20%20BAO%20CAO%20TUAN%20TTTP.pdf,vbma_weekly_local-20260528T125059Z,2026-05-28T12:50:59Z
2026-01-10,HDB12514,NHTMCP PHÁT TRIỂN THÀNH PHỐ HỒ CHÍ MINH,NGÂN HÀNG,bank,1050.0,RIÊNG LẺ,7%/NĂM,7.0,2025-12-19,5.0,2030-12-19,3Y_5Y,vbma_weekly:https://vbma.org.vn/storage/reports/January2026/29122025-10012026%20%20BAO%20CAO%20TUAN%20TTTP.pdf,vbma_weekly_local-20260528T125059Z,2026-05-28T12:50:59Z
2026-01-10,HDB12515,NHTMCP PHÁT TRIỂN THÀNH PHỐ HỒ CHÍ MINH,NGÂN HÀNG,bank,2000.0,RIÊNG LẺ,7.5%/NĂM,7.5,2025-12-25,2.0,2027-12-25,<=3Y,vbma_weekly:https://vbma.org.vn/storage/reports/January2026/29122025-10012026%20%20BAO%20CAO%20TUAN%20TTTP.pdf,vbma_weekly_local-20260528T125059Z,2026-05-28T12:50:59Z
2026-01-10,HDBL2528015,NHTMCP PHÁT TRIỂN THÀNH PHỐ HỒ CHÍ MINH,NGÂN HÀNG,bank,50.0,QUỐC TẾ,SOFR (KỲ HẠN 6 THÁNG) + 2%/NĂM,2.0,2025-12-23,3.0,2028-12-23,<=3Y,vbma_weekly:https://vbma.org.vn/storage/reports/January2026/29122025-10012026%20%20BAO%20CAO%20TUAN%20TTTP.pdf,vbma_weekly_local-20260528T125059Z,2026-05-28T12:50:59Z
2026-01-10,KRF12501,CTCP TECOMEN HOLDING,LĨNH VỰC KHÁC,non_bank_corp,300.0,RIÊNG LẺ,6%/NĂM,6.0,2025-12-24,5.0,2030-12-24,3Y_5Y,vbma_weekly:https://vbma.org.vn/storage/reports/January2026/29122025-10012026%20%20BAO%20CAO%20TUAN%20TTTP.pdf,vbma_weekly_local-20260528T125059Z,2026-05-28T12:50:59Z
2026-01-10,MBB12527,NHTMCP QUÂN ĐỘI,NGÂN HÀNG,bank,50.0,RIÊNG LẺ,"LSTC + 2.35%/NĂM, NẾU TCPH KHÔNG MUA LẠI THEO ĐK 9.2, LS TỪ KỲ THỨ 11 = LSTC + 3%/NĂM",,2025-12-15,7.0,2032-12-15,>5Y,vbma_weekly:https://vbma.org.vn/storage/reports/January2026/29122025-10012026%20%20BAO%20CAO%20TUAN%20TTTP.pdf,vbma_weekly_local-20260528T125059Z,2026-05-28T12:50:59Z
2026-01-10,MBB12528,NHTMCP QUÂN ĐỘI,NGÂN HÀNG,bank,600.0,RIÊNG LẺ,"LSTC + 2.6%/NĂM, NẾU TCPH KHÔNG MUA LẠI THEO ĐK 9, LS TỪ KỲ THỨ 6 = LSTC + 3%/NĂM",,2025-12-16,7.0,2032-12-16,>5Y,vbma_weekly:https://vbma.org.vn/storage/reports/January2026/29122025-10012026%20%20BAO%20CAO%20TUAN%20TTTP.pdf,vbma_weekly_local-20260528T125059Z,2026-05-28T12:50:59Z
2026-01-10,MBB12529,NHTMCP QUÂN ĐỘI,NGÂN HÀNG,bank,100.0,RIÊNG LẺ,"LSTC + 2.35%/NĂM, NẾU TCPH KHÔNG MUA LẠI THEO ĐK 9.2, LS TỪ KỲ THỨ 11 = LSTC + 3%/NĂM",,2025-12-17,7.0,2032-12-17,>5Y,vbma_weekly:https://vbma.org.vn/storage/reports/January2026/29122025-10012026%20%20BAO%20CAO%20TUAN%20TTTP.pdf,vbma_weekly_local-20260528T125059Z,2026-05-28T12:50:59Z
2026-01-10,MBB12530,NHTMCP QUÂN ĐỘI,NGÂN HÀNG,bank,500.0,RIÊNG LẺ,7%/NĂM,7.0,2025-12-22,10.0,2035-12-22,>5Y,vbma_weekly:https://vbma.org.vn/storage/reports/January2026/29122025-10012026%20%20BAO%20CAO%20TUAN%20TTTP.pdf,vbma_weekly_local-20260528T125059Z,2026-05-28T12:50:59Z
2026-01-10,OCB12531,NHTMCP PHƯƠNG ĐÔNG,NGÂN HÀNG,bank,1000.0,RIÊNG LẺ,6.9%/NĂM,6.9,2025-12-16,2.0,2027-12-16,<=3Y,vbma_weekly:https://vbma.org.vn/storage/reports/January2026/29122025-10012026%20%20BAO%20CAO%20TUAN%20TTTP.pdf,vbma_weekly_local-20260528T125059Z,2026-05-28T12:50:59Z
2026-01-10,STI12501,CTCP THƯƠNG MẠI VÀ DỊCH VỤ QUỐC TẾ THISO,TIÊU DÙNG,non_bank_corp,2200.0,RIÊNG LẺ,"KỲ TÍNH LÃI ĐẦU: 8%/NĂM, CÁC KỲ SAU = BÌNH QUÂN LSTK 12T VNĐ (VCB, BIDV, VIETIN, AGRI) + 3.825%/NĂM",8.0,2025-12-23,3.0,2028-12-23,<=3Y,vbma_weekly:https://vbma.org.vn/storage/reports/January2026/29122025-10012026%20%20BAO%20CAO%20TUAN%20TTTP.pdf,vbma_weekly_local-20260528T125059Z,2026-05-28T12:50:59Z
2026-01-10,TCB12526,NHTMCP KỸ THƯƠNG VIỆT NAM,NGÂN HÀNG,bank,500.0,RIÊNG LẺ,7.2%/NĂM,7.2,2025-12-24,3.0,2028-12-24,<=3Y,vbma_weekly:https://vbma.org.vn/storage/reports/January2026/29122025-10012026%20%20BAO%20CAO%20TUAN%20TTTP.pdf,vbma_weekly_local-20260528T125059Z,2026-05-28T12:50:59Z
2026-01-10,TCX12504,CTCP CHỨNG KHOÁN KỸ THƯƠNG,CHỨNG KHOÁN,non_bank_corp,500.0,RIÊNG LẺ,"KỲ ĐẦU: 8%/NĂM, CÁC KỲ SAU = BÌNH QUÂN LSTK 12T VNĐ (VCB, BIDV, VIETIN, AGRI) + 2.5%/NĂM",8.0,2025-12-25,1.0,2026-12-25,<=3Y,vbma_weekly:https://vbma.org.vn/storage/reports/January2026/29122025-10012026%20%20BAO%20CAO%20TUAN%20TTTP.pdf,vbma_weekly_local-20260528T125059Z,2026-05-28T12:50:59Z
2026-01-10,TNQ32506,CTCP ĐẦU TƯ VÀ PHÁT TRIỂN HẠ TẦNG NAM QUANG,BẤT ĐỘNG SẢN,real_estate,500.0,RIÊNG LẺ,9%/NĂM,9.0,2025-12-18,9.0,2034-12-18,>5Y,vbma_weekly:https://vbma.org.vn/storage/reports/January2026/29122025-10012026%20%20BAO%20CAO%20TUAN%20TTTP.pdf,vbma_weekly_local-20260528T125059Z,2026-05-28T12:50:59Z
2026-01-10,TPB12548,NHTMCP TIÊN PHONG,NGÂN HÀNG,bank,300.0,RIÊNG LẺ,"BÌNH QUÂN LSTK 12T VNĐ (VCB, BIDV, VIETIN, AGRI) + 3%/NĂM",,2025-12-19,10.0,2035-12-19,>5Y,vbma_weekly:https://vbma.org.vn/storage/reports/January2026/29122025-10012026%20%20BAO%20CAO%20TUAN%20TTTP.pdf,vbma_weekly_local-20260528T125059Z,2026-05-28T12:50:59Z
2026-01-10,TPB12549,NHTMCP TIÊN PHONG,NGÂN HÀNG,bank,1500.0,RIÊNG LẺ,"BÌNH QUÂN LSTK 12T VNĐ (VCB, BIDV, VIETIN, AGRI) + 3.5%/NĂM",,2025-12-23,10.0,2035-12-23,>5Y,vbma_weekly:https://vbma.org.vn/storage/reports/January2026/29122025-10012026%20%20BAO%20CAO%20TUAN%20TTTP.pdf,vbma_weekly_local-20260528T125059Z,2026-05-28T12:50:59Z
2026-01-10,TSO12503,CTCP ĐẦU TƯ XÂY DỰNG THÁI SƠN,BẤT ĐỘNG SẢN,real_estate,2000.0,RIÊNG LẺ,12.5%/NĂM,12.5,2025-12-16,2.0,2027-12-16,<=3Y,vbma_weekly:https://vbma.org.vn/storage/reports/January2026/29122025-10012026%20%20BAO%20CAO%20TUAN%20TTTP.pdf,vbma_weekly_local-20260528T125059Z,2026-05-28T12:50:59Z
2026-01-10,VCB12501,NHTMCP NGOẠI THƯƠNG VIỆT NAM,NGÂN HÀNG,bank,2000.0,RIÊNG LẺ,5.8%/NĂM,5.8,2025-12-18,2.0,2027-12-18,<=3Y,vbma_weekly:https://vbma.org.vn/storage/reports/January2026/29122025-10012026%20%20BAO%20CAO%20TUAN%20TTTP.pdf,vbma_weekly_local-20260528T125059Z,2026-05-28T12:50:59Z
2026-01-10,VIB12509,NHTMCP QUỐC TẾ VIỆT NAM,NGÂN HÀNG,bank,2000.0,RIÊNG LẺ,7.5%/NĂM,7.5,2025-12-16,3.0,2028-12-16,<=3Y,vbma_weekly:https://vbma.org.vn/storage/reports/January2026/29122025-10012026%20%20BAO%20CAO%20TUAN%20TTTP.pdf,vbma_weekly_local-20260528T125059Z,2026-05-28T12:50:59Z
2026-01-10,VIB12510,NHTMCP QUỐC TẾ VIỆT NAM,NGÂN HÀNG,bank,2000.0,RIÊNG LẺ,7.5%/NĂM,7.5,2025-12-24,2.0,2027-12-24,<=3Y,vbma_weekly:https://vbma.org.vn/storage/reports/January2026/29122025-10012026%20%20BAO%20CAO%20TUAN%20TTTP.pdf,vbma_weekly_local-20260528T125059Z,2026-05-28T12:50:59Z
2026-01-10,VICD2328002,CTCP TẬP ĐOÀN VINGROUP,BẤT ĐỘNG SẢN,real_estate,325.0,QUỐC TẾ,5.5%/NĂM,5.5,2025-12-16,5.0,2030-12-16,3Y_5Y,vbma_weekly:https://vbma.org.vn/storage/reports/January2026/29122025-10012026%20%20BAO%20CAO%20TUAN%20TTTP.pdf,vbma_weekly_local-20260528T125059Z,2026-05-28T12:50:59Z
2026-01-10,VJC12505,CTCP HÀNG KHÔNG VIETJET,CÔNG NGHIỆP,non_bank_corp,1000.0,RIÊNG LẺ,"4 KỲ ĐẦU: 10%/NĂM, CÁC KỲ SAU = BÌNH QUÂN LSTK VNĐ 13T (BIDV, HDB) + 3%/NĂM, NHƯNG KHÔNG THẤP HƠN 10%/NĂM",10.0,2025-12-15,5.0,2030-12-15,3Y_5Y,vbma_weekly:https://vbma.org.vn/storage/reports/January2026/29122025-10012026%20%20BAO%20CAO%20TUAN%20TTTP.pdf,vbma_weekly_local-20260528T125059Z,2026-05-28T12:50:59Z
2026-01-10,VJC12506,CTCP HÀNG KHÔNG VIETJET,CÔNG NGHIỆP,non_bank_corp,1000.0,RIÊNG LẺ,"4 KỲ ĐẦU: 10%/NĂM, CÁC KỲ SAU = BÌNH QUÂN LSTK VNĐ 13T (BIDV, HDB) + 3%/NĂM, NHƯNG KHÔNG THẤP HƠN 10%/NĂM",10.0,2025-12-18,5.0,2030-12-18,3Y_5Y,vbma_weekly:https://vbma.org.vn/storage/reports/January2026/29122025-10012026%20%20BAO%20CAO%20TUAN%20TTTP.pdf,vbma_weekly_local-20260528T125059Z,2026-05-28T12:50:59Z
2026-01-10,VPB12517,NHTMCP VIỆT NAM THỊNH VƯỢNG,NGÂN HÀNG,bank,2000.0,RIÊNG LẺ,7.6%/NĂM,7.6,2025-12-24,2.0,2027-12-24,<=3Y,vbma_weekly:https://vbma.org.vn/storage/reports/January2026/29122025-10012026%20%20BAO%20CAO%20TUAN%20TTTP.pdf,vbma_weekly_local-20260528T125059Z,2026-05-28T12:50:59Z
2026-01-16,BAF12502,CTCP NÔNG NGHIỆP BAF VIỆT NAM,"NÔNG NGHIỆP, THỦY SẢN",non_bank_corp,1000.0,HÀ NH,10% /NĂM,10.0,2026-01-05,3.0,2029-01-05,<=3Y,vbma_weekly:https://vbma.org.vn/storage/reports/February2026/12012026-16012026%20%20BAO%20CAO%20TUAN%20TTTP.pdf,vbma_weekly_local-20260528T125059Z,2026-05-28T12:50:59Z
2026-01-16,F88126002,CTCP KINH DOANH F88,TÀI CHÍNH,non_bank_corp,300.0,RIÊNG LẺ,10% /NĂM,10.0,2026-01-10,2.0,2028-01-10,<=3Y,vbma_weekly:https://vbma.org.vn/storage/reports/February2026/12012026-16012026%20%20BAO%20CAO%20TUAN%20TTTP.pdf,vbma_weekly_local-20260528T125059Z,2026-05-28T12:50:59Z
2026-01-16,KHG12503,CTCP TẬP ĐOÀN KHẢI HOÀN LAND,BẤT ĐỘNG SẢN,real_estate,190.0,CÔNG CHÚNG,"2 KỲ ĐẦU: 13.5% /NĂM , CÁC KỲ SAU = LSTC + 4.5% /NĂM",13.5,2026-01-06,5.0,2031-01-06,3Y_5Y,vbma_weekly:https://vbma.org.vn/storage/reports/February2026/12012026-16012026%20%20BAO%20CAO%20TUAN%20TTTP.pdf,vbma_weekly_local-20260528T125059Z,2026-05-28T12:50:59Z
2026-01-23,BAF12502,CTCP NÔNG NGHIỆP BAF VIỆT NAM,"NÔNG NGHIỆP, THỦY SẢN",non_bank_corp,1000.0,HÀ NH,10% /NĂM,10.0,2026-01-05,3.0,2029-01-05,<=3Y,vbma_weekly:https://vbma.org.vn/storage/reports/February2026/19012026-23012026%20%20BAO%20CAO%20TUAN%20TTTP.pdf,vbma_weekly_local-20260528T125059Z,2026-05-28T12:50:59Z
2026-01-23,CTG2634T2/01,NHTM CP CÔNG THƯƠNG VIỆT NAM,NGÂN HÀNG,bank,2221.0,CÔNG CHÚNG,"BÌNH QUÂN LSTK 12T VNĐ (VCB, BIDV, VIETIN, AGRI) + 1.25% /NĂM",,2026-01-20,8.0,2034-01-20,>5Y,vbma_weekly:https://vbma.org.vn/storage/reports/February2026/19012026-23012026%20%20BAO%20CAO%20TUAN%20TTTP.pdf,vbma_weekly_local-20260528T125059Z,2026-05-28T12:50:59Z
2026-01-23,F88126002,CTCP KINH DOANH F88,TÀI CHÍNH,non_bank_corp,300.0,RIÊNG LẺ,10% /NĂM,10.0,2026-01-10,2.0,2028-01-10,<=3Y,vbma_weekly:https://vbma.org.vn/storage/reports/February2026/19012026-23012026%20%20BAO%20CAO%20TUAN%20TTTP.pdf,vbma_weekly_local-20260528T125059Z,2026-05-28T12:50:59Z
2026-01-23,KHG12503,CTCP TẬP ĐOÀN KHẢI HOÀN LAND,BẤT ĐỘNG SẢN,real_estate,190.0,CÔNG CHÚNG,"2 KỲ ĐẦU: 13.5% /NĂM , CÁC KỲ SAU = LSTC + 4.5% /NĂM",13.5,2026-01-06,5.0,2031-01-06,3Y_5Y,vbma_weekly:https://vbma.org.vn/storage/reports/February2026/19012026-23012026%20%20BAO%20CAO%20TUAN%20TTTP.pdf,vbma_weekly_local-20260528T125059Z,2026-05-28T12:50:59Z
2026-01-30,BAF12502,CTCP NÔNG NGHIỆP BAF VIỆT NAM,"NÔNG NGHIỆP, THỦY SẢN",non_bank_corp,1000.0,HÀ NH,10% /NĂM,10.0,2026-01-05,3.0,2029-01-05,<=3Y,vbma_weekly:https://vbma.org.vn/storage/reports/February2026/26012026-30012026%20%20BAO%20CAO%20TUAN%20TTTP.pdf,vbma_weekly_local-20260528T125059Z,2026-05-28T12:50:59Z
2026-01-30,CTG2634T2/01,NHTM CP CÔNG THƯƠNG VIỆT NAM,NGÂN HÀNG,bank,2221.0,CÔNG CHÚNG,"BÌNH QUÂN LSTK 12T VNĐ (VCB, BIDV, VIETIN, AGRI) + 1.25% /NĂM",,2026-01-20,8.0,2034-01-20,>5Y,vbma_weekly:https://vbma.org.vn/storage/reports/February2026/26012026-30012026%20%20BAO%20CAO%20TUAN%20TTTP.pdf,vbma_weekly_local-20260528T125059Z,2026-05-28T12:50:59Z
2026-01-30,F88126002,CTCP KINH DOANH F88,TÀI CHÍNH,non_bank_corp,300.0,RIÊNG LẺ,10% /NĂM,10.0,2026-01-10,2.0,2028-01-10,<=3Y,vbma_weekly:https://vbma.org.vn/storage/reports/February2026/26012026-30012026%20%20BAO%20CAO%20TUAN%20TTTP.pdf,vbma_weekly_local-20260528T125059Z,2026-05-28T12:50:59Z
2026-01-30,KHG12503,CTCP TẬP ĐOÀN KHẢI HOÀN LAND,BẤT ĐỘNG SẢN,real_estate,190.0,CÔNG CHÚNG,"2 KỲ ĐẦU: 13.5% /NĂM , CÁC KỲ SAU = LSTC + 4.5% /NĂM",13.5,2026-01-06,5.0,2031-01-06,3Y_5Y,vbma_weekly:https://vbma.org.vn/storage/reports/February2026/26012026-30012026%20%20BAO%20CAO%20TUAN%20TTTP.pdf,vbma_weekly_local-20260528T125059Z,2026-05-28T12:50:59Z
2026-02-06,BAF12502,CTCP NÔNG NGHIỆP BAF VIỆT NAM,"NÔNG NGHIỆP, THỦY SẢN",non_bank_corp,1000.0,HÀNH,10%/NĂM,10.0,2026-01-05,3.0,2029-01-05,<=3Y,vbma_weekly:https://vbma.org.vn/storage/reports/February2026/02022026-06022026%20%20BAO%20CAO%20TUAN%20TTTP.pdf,vbma_weekly_local-20260528T125059Z,2026-05-28T12:50:59Z
2026-02-06,BIDL2633001C,NHTMCP ĐẦU TƯ VÀ PHÁT TRIỂN VIỆT NAM,NGÂN HÀNG,bank,1985.0,CÔNG CHÚNG,"BÌNH QUÂN LSTK 12T VNĐ (VCB, BIDV, VIETIN, AGRI) + 1.6%/NĂM, NẾU TCPH KHÔNG MUA LẠI",,2026-02-03,7.0,2033-02-03,>5Y,vbma_weekly:https://vbma.org.vn/storage/reports/February2026/02022026-06022026%20%20BAO%20CAO%20TUAN%20TTTP.pdf,vbma_weekly_local-20260528T125059Z,2026-05-28T12:50:59Z
2026-02-06,BIDL2634002C,NHTMCP ĐẦU TƯ VÀ PHÁT TRIỂN VIỆT NAM,NGÂN HÀNG,bank,1000.0,CÔNG CHÚNG,"VÀO NGÀY THỰC HIỆN MUA LẠI, LS TỪ KỲ THỨ 11 = LSTC + 4.1%/NĂM",,2026-02-03,8.0,2034-02-03,>5Y,vbma_weekly:https://vbma.org.vn/storage/reports/February2026/02022026-06022026%20%20BAO%20CAO%20TUAN%20TTTP.pdf,vbma_weekly_local-20260528T125059Z,2026-05-28T12:50:59Z
2026-02-06,BIDL2636003C,NHTMCP ĐẦU TƯ VÀ PHÁT TRIỂN VIỆT NAM,NGÂN HÀNG,bank,316.0,CÔNG CHÚNG,"BÌNH QUÂN LSTK 12T VNĐ (VCB, BIDV, VIETIN, AGRI) + 1.65%/NĂM, NẾU TCPH KHÔNG MUA",,2026-02-03,10.0,2036-02-03,>5Y,vbma_weekly:https://vbma.org.vn/storage/reports/February2026/02022026-06022026%20%20BAO%20CAO%20TUAN%20TTTP.pdf,vbma_weekly_local-20260528T125059Z,2026-05-28T12:50:59Z
2026-02-06,CTG2634T2/01,NHTMCP CÔNG THƯƠNG VIỆT NAM,NGÂN HÀNG,bank,2221.0,CÔNG CHÚNG,"BÌNH QUÂN LSTK 12T VNĐ (VCB, BIDV, VIETIN, AGRI) + 1.25%/NĂM",,2026-01-20,8.0,2034-01-20,>5Y,vbma_weekly:https://vbma.org.vn/storage/reports/February2026/02022026-06022026%20%20BAO%20CAO%20TUAN%20TTTP.pdf,vbma_weekly_local-20260528T125059Z,2026-05-28T12:50:59Z
2026-02-06,F88126002,CTCP KINH DOANH F88,TÀI CHÍNH,non_bank_corp,300.0,RIÊNG LẺ,10%/NĂM,10.0,2026-01-10,2.0,2028-01-10,<=3Y,vbma_weekly:https://vbma.org.vn/storage/reports/February2026/02022026-06022026%20%20BAO%20CAO%20TUAN%20TTTP.pdf,vbma_weekly_local-20260528T125059Z,2026-05-28T12:50:59Z
2026-02-06,KHG12503,CTCP TẬP ĐOÀN KHẢI HOÀN LAND,BẤT ĐỘNG SẢN,real_estate,190.0,CÔNG CHÚNG,"2 KỲ ĐẦU: 13.5%/NĂM, CÁC KỲ SAU = LSTC + 4.5%/NĂM",13.5,2026-01-06,5.0,2031-01-06,3Y_5Y,vbma_weekly:https://vbma.org.vn/storage/reports/February2026/02022026-06022026%20%20BAO%20CAO%20TUAN%20TTTP.pdf,vbma_weekly_local-20260528T125059Z,2026-05-28T12:50:59Z
2026-02-13,BAF12502,CTCP NÔNG NGHIỆP BAF VIỆT NAM,"NÔNG NGHIỆP, THỦY SẢN",non_bank_corp,1000.0,HÀ NH,10% /NĂM,10.0,2026-01-05,3.0,2029-01-05,<=3Y,vbma_weekly:https://vbma.org.vn/storage/reports/February2026/09022026-13022026%20%20BAO%20CAO%20TUAN%20TTTP.pdf,vbma_weekly_local-20260528T125059Z,2026-05-28T12:50:59Z
2026-02-13,BIDL2633001C,NHTM CP ĐẦU TƯ VÀ PHÁT TRIỂN VIỆT NAM,NGÂN HÀNG,bank,1985.0,CÔNG CHÚNG,"BÌNH QUÂN LSTK 12T VNĐ (VCB, BIDV, VIETIN, AGRI) + 1.6% /NĂM , NẾU TCPH KHÔNG M UA LẠI",,2026-02-03,7.0,2033-02-03,>5Y,vbma_weekly:https://vbma.org.vn/storage/reports/February2026/09022026-13022026%20%20BAO%20CAO%20TUAN%20TTTP.pdf,vbma_weekly_local-20260528T125059Z,2026-05-28T12:50:59Z
2026-02-13,BIDL2634002C,NHTM CP ĐẦU TƯ VÀ PHÁT TRIỂN VIỆT NAM,NGÂN HÀNG,bank,1000.0,CÔNG CHÚNG,"VÀO NGÀY THỰC HIỆN M UA LẠI, LS TỪ KỲ THỨ 11 = LSTC + 4.1% /NĂM",,2026-02-03,8.0,2034-02-03,>5Y,vbma_weekly:https://vbma.org.vn/storage/reports/February2026/09022026-13022026%20%20BAO%20CAO%20TUAN%20TTTP.pdf,vbma_weekly_local-20260528T125059Z,2026-05-28T12:50:59Z
2026-02-13,BIDL2636003C,NHTM CP ĐẦU TƯ VÀ PHÁT TRIỂN VIỆT NAM,NGÂN HÀNG,bank,316.0,CÔNG CHÚNG,"BÌNH QUÂN LSTK 12T VNĐ (VCB, BIDV, VIETIN, AGRI) + 1.65% /NĂM , NẾU TCPH KHÔNG M UA",,2026-02-03,10.0,2036-02-03,>5Y,vbma_weekly:https://vbma.org.vn/storage/reports/February2026/09022026-13022026%20%20BAO%20CAO%20TUAN%20TTTP.pdf,vbma_weekly_local-20260528T125059Z,2026-05-28T12:50:59Z
2026-02-13,CTD126006,CTCP XÂY DỰNG COTECCONS,XÂY DỰNG,non_bank_corp,1400.0,CÔNG CHÚNG,9% /NĂM,9.0,2026-01-30,3.0,2029-01-30,<=3Y,vbma_weekly:https://vbma.org.vn/storage/reports/February2026/09022026-13022026%20%20BAO%20CAO%20TUAN%20TTTP.pdf,vbma_weekly_local-20260528T125059Z,2026-05-28T12:50:59Z
2026-02-13,CTG2634T2/01,NHTM CP CÔNG THƯƠNG VIỆT NAM,NGÂN HÀNG,bank,2221.0,CÔNG CHÚNG,"BÌNH QUÂN LSTK 12T VNĐ (VCB, BIDV, VIETIN, AGRI) + 1.25% /NĂM",,2026-01-20,8.0,2034-01-20,>5Y,vbma_weekly:https://vbma.org.vn/storage/reports/February2026/09022026-13022026%20%20BAO%20CAO%20TUAN%20TTTP.pdf,vbma_weekly_local-20260528T125059Z,2026-05-28T12:50:59Z
2026-02-13,F88126002,CTCP KINH DOANH F88,TÀI CHÍNH,non_bank_corp,300.0,RIÊNG LẺ,10% /NĂM,10.0,2026-01-10,2.0,2028-01-10,<=3Y,vbma_weekly:https://vbma.org.vn/storage/reports/February2026/09022026-13022026%20%20BAO%20CAO%20TUAN%20TTTP.pdf,vbma_weekly_local-20260528T125059Z,2026-05-28T12:50:59Z
2026-02-13,KHG12503,CTCP TẬP ĐOÀN KHẢI HOÀN LAND,BẤT ĐỘNG SẢN,real_estate,190.0,CÔNG CHÚNG,"2 KỲ ĐẦU: 13.5% /NĂM , CÁC KỲ SAU = LSTC + 4.5% /NĂM",13.5,2026-01-06,5.0,2031-01-06,3Y_5Y,vbma_weekly:https://vbma.org.vn/storage/reports/February2026/09022026-13022026%20%20BAO%20CAO%20TUAN%20TTTP.pdf,vbma_weekly_local-20260528T125059Z,2026-05-28T12:50:59Z
2026-02-27,BAF12502,CTCP NÔNG NGHIỆP BAF VIỆT NAM,"NÔNG NGHIỆP, THỦY SẢN",non_bank_corp,1000.0,HÀ NH,10% /NĂM,10.0,2026-01-05,3.0,2029-01-05,<=3Y,vbma_weekly:https://vbma.org.vn/storage/reports/March2026/23022026-27022026%20%20BAO%20CAO%20TUAN%20TTTP.pdf,vbma_weekly_local-20260528T125059Z,2026-05-28T12:50:59Z
2026-02-27,BIDL2633001C,NHTM CP ĐẦU TƯ VÀ PHÁT TRIỂN VIỆT NAM,NGÂN HÀNG,bank,1985.0,CÔNG CHÚNG,"BÌNH QUÂN LSTK 12T VNĐ (VCB, BIDV, VIETIN, AGRI) + 1.6% /NĂM , NẾU TCPH KHÔNG M UA LẠI",,2026-02-03,7.0,2033-02-03,>5Y,vbma_weekly:https://vbma.org.vn/storage/reports/March2026/23022026-27022026%20%20BAO%20CAO%20TUAN%20TTTP.pdf,vbma_weekly_local-20260528T125059Z,2026-05-28T12:50:59Z
2026-02-27,BIDL2634002C,NHTM CP ĐẦU TƯ VÀ PHÁT TRIỂN VIỆT NAM,NGÂN HÀNG,bank,1000.0,CÔNG CHÚNG,"VÀO NGÀY THỰC HIỆN M UA LẠI, LS TỪ KỲ THỨ 11 = LSTC + 4.1% /NĂM",,2026-02-03,8.0,2034-02-03,>5Y,vbma_weekly:https://vbma.org.vn/storage/reports/March2026/23022026-27022026%20%20BAO%20CAO%20TUAN%20TTTP.pdf,vbma_weekly_local-20260528T125059Z,2026-05-28T12:50:59Z
2026-02-27,BIDL2636003C,NHTM CP ĐẦU TƯ VÀ PHÁT TRIỂN VIỆT NAM,NGÂN HÀNG,bank,316.0,CÔNG CHÚNG,"BÌNH QUÂN LSTK 12T VNĐ (VCB, BIDV, VIETIN, AGRI) + 1.65% /NĂM , NẾU TCPH KHÔNG M UA",,2026-02-03,10.0,2036-02-03,>5Y,vbma_weekly:https://vbma.org.vn/storage/reports/March2026/23022026-27022026%20%20BAO%20CAO%20TUAN%20TTTP.pdf,vbma_weekly_local-20260528T125059Z,2026-05-28T12:50:59Z
2026-02-27,CTD126006,CTCP XÂY DỰNG COTECCONS,XÂY DỰNG,non_bank_corp,1400.0,CÔNG CHÚNG,9% /NĂM,9.0,2026-01-30,3.0,2029-01-30,<=3Y,vbma_weekly:https://vbma.org.vn/storage/reports/March2026/23022026-27022026%20%20BAO%20CAO%20TUAN%20TTTP.pdf,vbma_weekly_local-20260528T125059Z,2026-05-28T12:50:59Z
2026-02-27,CTG2634T2/01,NHTM CP CÔNG THƯƠNG VIỆT NAM,NGÂN HÀNG,bank,2221.0,CÔNG CHÚNG,"BÌNH QUÂN LSTK 12T VNĐ (VCB, BIDV, VIETIN, AGRI) + 1.25% /NĂM",,2026-01-20,8.0,2034-01-20,>5Y,vbma_weekly:https://vbma.org.vn/storage/reports/March2026/23022026-27022026%20%20BAO%20CAO%20TUAN%20TTTP.pdf,vbma_weekly_local-20260528T125059Z,2026-05-28T12:50:59Z
2026-02-27,F88126002,CTCP KINH DOANH F88,TÀI CHÍNH,non_bank_corp,300.0,RIÊNG LẺ,10% /NĂM,10.0,2026-01-10,2.0,2028-01-10,<=3Y,vbma_weekly:https://vbma.org.vn/storage/reports/March2026/23022026-27022026%20%20BAO%20CAO%20TUAN%20TTTP.pdf,vbma_weekly_local-20260528T125059Z,2026-05-28T12:50:59Z
2026-02-27,KHG12503,CTCP TẬP ĐOÀN KHẢI HOÀN LAND,BẤT ĐỘNG SẢN,real_estate,190.0,CÔNG CHÚNG,"2 KỲ ĐẦU: 13.5% /NĂM , CÁC KỲ SAU = LSTC + 4.5% /NĂM",13.5,2026-01-06,5.0,2031-01-06,3Y_5Y,vbma_weekly:https://vbma.org.vn/storage/reports/March2026/23022026-27022026%20%20BAO%20CAO%20TUAN%20TTTP.pdf,vbma_weekly_local-20260528T125059Z,2026-05-28T12:50:59Z
2026-02-27,TP112601,CTCP THIÊN PHÚC INVEST,BẤT ĐỘNG SẢN,real_estate,80.0,CÔNG CHÚNG,"LẠI VÀO NGÀY THỰC HIỆN M UA LẠI, LS TỪ KỲ THỨ 11 = LSTC + 3.32% /NĂM",,2026-02-06,3.0,2029-02-06,<=3Y,vbma_weekly:https://vbma.org.vn/storage/reports/March2026/23022026-27022026%20%20BAO%20CAO%20TUAN%20TTTP.pdf,vbma_weekly_local-20260528T125059Z,2026-05-28T12:50:59Z
2026-03-06,BAF12502,CTCP NÔNG NGHIỆP BAF VIỆT NAM,"NÔNG NGHIỆP, THỦY SẢN",non_bank_corp,1000.0,HÀ NH,10% /NĂM,10.0,2026-01-05,3.0,2029-01-05,<=3Y,vbma_weekly:https://vbma.org.vn/storage/reports/March2026/02032026-06032026%20%20BAO%20CAO%20TUAN%20TTTP.pdf,vbma_weekly_local-20260528T125059Z,2026-05-28T12:50:59Z
2026-03-06,BIDL2633001C,NHTM CP ĐẦU TƯ VÀ PHÁT TRIỂN VIỆT NAM,NGÂN HÀNG,bank,1985.0,CÔNG CHÚNG,"BÌNH QUÂN LSTK 12T VNĐ (VCB, BIDV, VIETIN, AGRI) + 1.6% /NĂM , NẾU TCPH KHÔNG M UA LẠI",,2026-03-02,7.0,2033-03-02,>5Y,vbma_weekly:https://vbma.org.vn/storage/reports/March2026/02032026-06032026%20%20BAO%20CAO%20TUAN%20TTTP.pdf,vbma_weekly_local-20260528T125059Z,2026-05-28T12:50:59Z
2026-03-06,BIDL2634002C,NHTM CP ĐẦU TƯ VÀ PHÁT TRIỂN VIỆT NAM,NGÂN HÀNG,bank,1000.0,CÔNG CHÚNG,"VÀO NGÀY THỰC HIỆN M UA LẠI, LS TỪ KỲ THỨ 11 = LSTC + 4.1% /NĂM",,2026-03-02,8.0,2034-03-02,>5Y,vbma_weekly:https://vbma.org.vn/storage/reports/March2026/02032026-06032026%20%20BAO%20CAO%20TUAN%20TTTP.pdf,vbma_weekly_local-20260528T125059Z,2026-05-28T12:50:59Z
2026-03-06,BIDL2636003C,NHTM CP ĐẦU TƯ VÀ PHÁT TRIỂN VIỆT NAM,NGÂN HÀNG,bank,316.0,CÔNG CHÚNG,"BÌNH QUÂN LSTK 12T VNĐ (VCB, BIDV, VIETIN, AGRI) + 1.65% /NĂM , NẾU TCPH KHÔNG M UA",,2026-03-02,10.0,2036-03-02,>5Y,vbma_weekly:https://vbma.org.vn/storage/reports/March2026/02032026-06032026%20%20BAO%20CAO%20TUAN%20TTTP.pdf,vbma_weekly_local-20260528T125059Z,2026-05-28T12:50:59Z
2026-03-06,CTD126006,CTCP XÂY DỰNG COTECCONS,XÂY DỰNG,non_bank_corp,1400.0,CÔNG CHÚNG,9% /NĂM,9.0,2026-01-30,3.0,2029-01-30,<=3Y,vbma_weekly:https://vbma.org.vn/storage/reports/March2026/02032026-06032026%20%20BAO%20CAO%20TUAN%20TTTP.pdf,vbma_weekly_local-20260528T125059Z,2026-05-28T12:50:59Z
2026-03-06,CTG2634T2/01,NHTM CP CÔNG THƯƠNG VIỆT NAM,NGÂN HÀNG,bank,2221.0,CÔNG CHÚNG,"BÌNH QUÂN LSTK 12T VNĐ (VCB, BIDV, VIETIN, AGRI) + 1.25% /NĂM",,2026-01-20,8.0,2034-01-20,>5Y,vbma_weekly:https://vbma.org.vn/storage/reports/March2026/02032026-06032026%20%20BAO%20CAO%20TUAN%20TTTP.pdf,vbma_weekly_local-20260528T125059Z,2026-05-28T12:50:59Z
2026-03-06,F88126002,CTCP KINH DOANH F88,TÀI CHÍNH,non_bank_corp,300.0,RIÊNG LẺ,10% /NĂM,10.0,2026-01-10,2.0,2028-01-10,<=3Y,vbma_weekly:https://vbma.org.vn/storage/reports/March2026/02032026-06032026%20%20BAO%20CAO%20TUAN%20TTTP.pdf,vbma_weekly_local-20260528T125059Z,2026-05-28T12:50:59Z
2026-03-06,KHG12503,CTCP TẬP ĐOÀN KHẢI HOÀN LAND,BẤT ĐỘNG SẢN,real_estate,190.0,CÔNG CHÚNG,"2 KỲ ĐẦU: 13.5% /NĂM , CÁC KỲ SAU = LSTC + 4.5% /NĂM",13.5,2026-01-06,5.0,2031-01-06,3Y_5Y,vbma_weekly:https://vbma.org.vn/storage/reports/March2026/02032026-06032026%20%20BAO%20CAO%20TUAN%20TTTP.pdf,vbma_weekly_local-20260528T125059Z,2026-05-28T12:50:59Z
2026-03-06,TP112601,CTCP THIÊN PHÚC INVEST,BẤT ĐỘNG SẢN,real_estate,80.0,CÔNG CHÚNG,"LẠI VÀO NGÀY THỰC HIỆN M UA LẠI, LS TỪ KỲ THỨ 11 = LSTC + 3.32% /NĂM",,2026-02-06,3.0,2029-02-06,<=3Y,vbma_weekly:https://vbma.org.vn/storage/reports/March2026/02032026-06032026%20%20BAO%20CAO%20TUAN%20TTTP.pdf,vbma_weekly_local-20260528T125059Z,2026-05-28T12:50:59Z
2026-03-13,BAF12502,CTCP NÔNG NGHIỆP BAF VIỆT NAM,"NÔNG NGHIỆP, THỦY SẢN",non_bank_corp,1000.0,HÀ NH,10% /NĂM,10.0,2026-01-05,3.0,2029-01-05,<=3Y,vbma_weekly:https://vbma.org.vn/storage/reports/March2026/09032026-13032026%20%20BAO%20CAO%20TUAN%20TTTP.pdf,vbma_weekly_local-20260528T125059Z,2026-05-28T12:50:59Z
2026-03-13,BIDL2633001C,NHTM CP ĐẦU TƯ VÀ PHÁT TRIỂN VIỆT NAM,NGÂN HÀNG,bank,1985.0,CÔNG CHÚNG,"BÌNH QUÂN LSTK 12T VNĐ (VCB, BIDV, VIETIN, AGRI) + 1.6% /NĂM , NẾU TCPH KHÔNG M UA LẠI",,2026-03-02,7.0,2033-03-02,>5Y,vbma_weekly:https://vbma.org.vn/storage/reports/March2026/09032026-13032026%20%20BAO%20CAO%20TUAN%20TTTP.pdf,vbma_weekly_local-20260528T125059Z,2026-05-28T12:50:59Z
2026-03-13,BIDL2634002C,NHTM CP ĐẦU TƯ VÀ PHÁT TRIỂN VIỆT NAM,NGÂN HÀNG,bank,1000.0,CÔNG CHÚNG,"VÀO NGÀY THỰC HIỆN M UA LẠI, LS TỪ KỲ THỨ 11 = LSTC + 4.1% /NĂM",,2026-03-02,8.0,2034-03-02,>5Y,vbma_weekly:https://vbma.org.vn/storage/reports/March2026/09032026-13032026%20%20BAO%20CAO%20TUAN%20TTTP.pdf,vbma_weekly_local-20260528T125059Z,2026-05-28T12:50:59Z
2026-03-13,BIDL2636003C,NHTM CP ĐẦU TƯ VÀ PHÁT TRIỂN VIỆT NAM,NGÂN HÀNG,bank,316.0,CÔNG CHÚNG,"BÌNH QUÂN LSTK 12T VNĐ (VCB, BIDV, VIETIN, AGRI) + 1.65% /NĂM , NẾU TCPH KHÔNG M UA",,2026-03-02,10.0,2036-03-02,>5Y,vbma_weekly:https://vbma.org.vn/storage/reports/March2026/09032026-13032026%20%20BAO%20CAO%20TUAN%20TTTP.pdf,vbma_weekly_local-20260528T125059Z,2026-05-28T12:50:59Z
2026-03-13,CTD126006,CTCP XÂY DỰNG COTECCONS,XÂY DỰNG,non_bank_corp,1400.0,CÔNG CHÚNG,9% /NĂM,9.0,2026-01-30,3.0,2029-01-30,<=3Y,vbma_weekly:https://vbma.org.vn/storage/reports/March2026/09032026-13032026%20%20BAO%20CAO%20TUAN%20TTTP.pdf,vbma_weekly_local-20260528T125059Z,2026-05-28T12:50:59Z
2026-03-13,CTG2634T2/01,NHTM CP CÔNG THƯƠNG VIỆT NAM,NGÂN HÀNG,bank,2221.0,CÔNG CHÚNG,"BÌNH QUÂN LSTK 12T VNĐ (VCB, BIDV, VIETIN, AGRI) + 1.25% /NĂM",,2026-01-20,8.0,2034-01-20,>5Y,vbma_weekly:https://vbma.org.vn/storage/reports/March2026/09032026-13032026%20%20BAO%20CAO%20TUAN%20TTTP.pdf,vbma_weekly_local-20260528T125059Z,2026-05-28T12:50:59Z
2026-03-13,F88126002,CTCP KINH DOANH F88,TÀI CHÍNH,non_bank_corp,300.0,RIÊNG LẺ,10% /NĂM,10.0,2026-01-10,2.0,2028-01-10,<=3Y,vbma_weekly:https://vbma.org.vn/storage/reports/March2026/09032026-13032026%20%20BAO%20CAO%20TUAN%20TTTP.pdf,vbma_weekly_local-20260528T125059Z,2026-05-28T12:50:59Z
2026-03-13,KHG12503,CTCP TẬP ĐOÀN KHẢI HOÀN LAND,BẤT ĐỘNG SẢN,real_estate,190.0,CÔNG CHÚNG,"2 KỲ ĐẦU: 13.5% /NĂM , CÁC KỲ SAU = LSTC + 4.5% /NĂM",13.5,2026-01-06,5.0,2031-01-06,3Y_5Y,vbma_weekly:https://vbma.org.vn/storage/reports/March2026/09032026-13032026%20%20BAO%20CAO%20TUAN%20TTTP.pdf,vbma_weekly_local-20260528T125059Z,2026-05-28T12:50:59Z
2026-03-13,TP112601,CTCP THIÊN PHÚC INVEST,BẤT ĐỘNG SẢN,real_estate,80.0,CÔNG CHÚNG,"LẠI VÀO NGÀY THỰC HIỆN M UA LẠI, LS TỪ KỲ THỨ 11 = LSTC + 3.32% /NĂM",,2026-02-06,3.0,2029-02-06,<=3Y,vbma_weekly:https://vbma.org.vn/storage/reports/March2026/09032026-13032026%20%20BAO%20CAO%20TUAN%20TTTP.pdf,vbma_weekly_local-20260528T125059Z,2026-05-28T12:50:59Z
2026-03-20,BAF12502,CTCP NÔNG NGHIỆP BAF VIỆT NAM,"NÔNG NGHIỆP, THỦY SẢN",non_bank_corp,1000.0,HÀ NH,10% /NĂM,10.0,2026-01-05,3.0,2029-01-05,<=3Y,vbma_weekly:https://vbma.org.vn/storage/reports/March2026/16032026-20032026%20%20BAO%20CAO%20TUAN%20TTTP.pdf,vbma_weekly_local-20260528T125059Z,2026-05-28T12:50:59Z
2026-03-20,BIDL2633001C,NHTM CP ĐẦU TƯ VÀ PHÁT TRIỂN VIỆT NAM,NGÂN HÀNG,bank,1985.0,CÔNG CHÚNG,"BÌNH QUÂN LSTK 12T VNĐ (VCB, BIDV, VIETIN, AGRI) + 1.6% /NĂM , NẾU TCPH KHÔNG M UA LẠI",,2026-03-02,7.0,2033-03-02,>5Y,vbma_weekly:https://vbma.org.vn/storage/reports/March2026/16032026-20032026%20%20BAO%20CAO%20TUAN%20TTTP.pdf,vbma_weekly_local-20260528T125059Z,2026-05-28T12:50:59Z
2026-03-20,BIDL2634002C,NHTM CP ĐẦU TƯ VÀ PHÁT TRIỂN VIỆT NAM,NGÂN HÀNG,bank,1000.0,CÔNG CHÚNG,"VÀO NGÀY THỰC HIỆN M UA LẠI, LS TỪ KỲ THỨ 11 = LSTC + 4.1% /NĂM",,2026-03-02,8.0,2034-03-02,>5Y,vbma_weekly:https://vbma.org.vn/storage/reports/March2026/16032026-20032026%20%20BAO%20CAO%20TUAN%20TTTP.pdf,vbma_weekly_local-20260528T125059Z,2026-05-28T12:50:59Z
2026-03-20,BIDL2636003C,NHTM CP ĐẦU TƯ VÀ PHÁT TRIỂN VIỆT NAM,NGÂN HÀNG,bank,316.0,CÔNG CHÚNG,"BÌNH QUÂN LSTK 12T VNĐ (VCB, BIDV, VIETIN, AGRI) + 1.65% /NĂM , NẾU TCPH KHÔNG M UA",,2026-03-02,10.0,2036-03-02,>5Y,vbma_weekly:https://vbma.org.vn/storage/reports/March2026/16032026-20032026%20%20BAO%20CAO%20TUAN%20TTTP.pdf,vbma_weekly_local-20260528T125059Z,2026-05-28T12:50:59Z
2026-03-20,CTD126006,CTCP XÂY DỰNG COTECCONS,XÂY DỰNG,non_bank_corp,1400.0,CÔNG CHÚNG,9% /NĂM,9.0,2026-01-30,3.0,2029-01-30,<=3Y,vbma_weekly:https://vbma.org.vn/storage/reports/March2026/16032026-20032026%20%20BAO%20CAO%20TUAN%20TTTP.pdf,vbma_weekly_local-20260528T125059Z,2026-05-28T12:50:59Z
2026-03-20,CTG2634T2/01,NHTM CP CÔNG THƯƠNG VIỆT NAM,NGÂN HÀNG,bank,2221.0,CÔNG CHÚNG,"BÌNH QUÂN LSTK 12T VNĐ (VCB, BIDV, VIETIN, AGRI) + 1.25% /NĂM",,2026-01-20,8.0,2034-01-20,>5Y,vbma_weekly:https://vbma.org.vn/storage/reports/March2026/16032026-20032026%20%20BAO%20CAO%20TUAN%20TTTP.pdf,vbma_weekly_local-20260528T125059Z,2026-05-28T12:50:59Z
2026-03-20,F88126002,CTCP KINH DOANH F88,TÀI CHÍNH,non_bank_corp,300.0,RIÊNG LẺ,10% /NĂM,10.0,2026-01-10,2.0,2028-01-10,<=3Y,vbma_weekly:https://vbma.org.vn/storage/reports/March2026/16032026-20032026%20%20BAO%20CAO%20TUAN%20TTTP.pdf,vbma_weekly_local-20260528T125059Z,2026-05-28T12:50:59Z
2026-03-20,KHG12503,CTCP TẬP ĐOÀN KHẢI HOÀN LAND,BẤT ĐỘNG SẢN,real_estate,190.0,CÔNG CHÚNG,"2 KỲ ĐẦU: 13.5% /NĂM , CÁC KỲ SAU = LSTC + 4.5% /NĂM",13.5,2026-01-06,5.0,2031-01-06,3Y_5Y,vbma_weekly:https://vbma.org.vn/storage/reports/March2026/16032026-20032026%20%20BAO%20CAO%20TUAN%20TTTP.pdf,vbma_weekly_local-20260528T125059Z,2026-05-28T12:50:59Z
2026-03-20,TP112601,CTCP THIÊN PHÚC INVEST,BẤT ĐỘNG SẢN,real_estate,80.0,CÔNG CHÚNG,"LẠI VÀO NGÀY THỰC HIỆN M UA LẠI, LS TỪ KỲ THỨ 11 = LSTC + 3.32% /NĂM",,2026-02-06,3.0,2029-02-06,<=3Y,vbma_weekly:https://vbma.org.vn/storage/reports/March2026/16032026-20032026%20%20BAO%20CAO%20TUAN%20TTTP.pdf,vbma_weekly_local-20260528T125059Z,2026-05-28T12:50:59Z
2026-03-27,BAF126003,CTCP NÔNG NGHIỆP BAF VIỆT NAM,"NÔNG NGHIỆP, THỦY SẢN",non_bank_corp,1000.0,HÀ NH,10% /NĂM,10.0,2026-01-05,3.0,2029-01-05,<=3Y,vbma_weekly:https://vbma.org.vn/storage/reports/March2026/23032026-27032026%20%20BAO%20CAO%20TUAN%20TTTP.pdf,vbma_weekly_local-20260528T125059Z,2026-05-28T12:50:59Z
2026-03-27,BIDL2633001C,NHTM CP ĐẦU TƯ VÀ PHÁT TRIỂN VIỆT NAM,NGÂN HÀNG,bank,1985.0,CÔNG CHÚNG,"BÌNH QUÂN LSTK 12T VNĐ (VCB, BIDV, VIETIN, AGRI) + 1.6% /NĂM , NẾU TCPH KHÔNG M UA LẠI",,2026-03-02,7.0,2033-03-02,>5Y,vbma_weekly:https://vbma.org.vn/storage/reports/March2026/23032026-27032026%20%20BAO%20CAO%20TUAN%20TTTP.pdf,vbma_weekly_local-20260528T125059Z,2026-05-28T12:50:59Z
2026-03-27,BIDL2634002C,NHTM CP ĐẦU TƯ VÀ PHÁT TRIỂN VIỆT NAM,NGÂN HÀNG,bank,1000.0,CÔNG CHÚNG,"VÀO NGÀY THỰC HIỆN M UA LẠI, LS TỪ KỲ THỨ 11 = LSTC + 4.1% /NĂM",,2026-03-02,8.0,2034-03-02,>5Y,vbma_weekly:https://vbma.org.vn/storage/reports/March2026/23032026-27032026%20%20BAO%20CAO%20TUAN%20TTTP.pdf,vbma_weekly_local-20260528T125059Z,2026-05-28T12:50:59Z
2026-03-27,BIDL2636003C,NHTM CP ĐẦU TƯ VÀ PHÁT TRIỂN VIỆT NAM,NGÂN HÀNG,bank,316.0,CÔNG CHÚNG,"BÌNH QUÂN LSTK 12T VNĐ (VCB, BIDV, VIETIN, AGRI) + 1.65% /NĂM , NẾU TCPH KHÔNG M UA",,2026-03-02,10.0,2036-03-02,>5Y,vbma_weekly:https://vbma.org.vn/storage/reports/March2026/23032026-27032026%20%20BAO%20CAO%20TUAN%20TTTP.pdf,vbma_weekly_local-20260528T125059Z,2026-05-28T12:50:59Z
2026-03-27,CTD126006,CTCP XÂY DỰNG COTECCONS,XÂY DỰNG,non_bank_corp,1400.0,CÔNG CHÚNG,9% /NĂM,9.0,2026-01-30,3.0,2029-01-30,<=3Y,vbma_weekly:https://vbma.org.vn/storage/reports/March2026/23032026-27032026%20%20BAO%20CAO%20TUAN%20TTTP.pdf,vbma_weekly_local-20260528T125059Z,2026-05-28T12:50:59Z
2026-03-27,CTG2634T2/01,NHTM CP CÔNG THƯƠNG VIỆT NAM,NGÂN HÀNG,bank,2221.0,CÔNG CHÚNG,"BÌNH QUÂN LSTK 12T VNĐ (VCB, BIDV, VIETIN, AGRI) + 1.25% /NĂM",,2026-01-20,8.0,2034-01-20,>5Y,vbma_weekly:https://vbma.org.vn/storage/reports/March2026/23032026-27032026%20%20BAO%20CAO%20TUAN%20TTTP.pdf,vbma_weekly_local-20260528T125059Z,2026-05-28T12:50:59Z
2026-03-27,EVF12601,CT TÀI CHÍNH TỔNG HỢP CỔ PHẦN ĐIỆN LỰC,TÀI CHÍNH,non_bank_corp,450.0,CÔNG CHÚNG,20/03/2026 - 01/04/2026: 4% /NĂM,4.0,2026-03-23,8.0,2034-03-23,>5Y,vbma_weekly:https://vbma.org.vn/storage/reports/March2026/23032026-27032026%20%20BAO%20CAO%20TUAN%20TTTP.pdf,vbma_weekly_local-20260528T125059Z,2026-05-28T12:50:59Z
2026-03-27,F88126002,CTCP KINH DOANH F88,TÀI CHÍNH,non_bank_corp,300.0,RIÊNG LẺ,10% /NĂM,10.0,2026-01-10,2.0,2028-01-10,<=3Y,vbma_weekly:https://vbma.org.vn/storage/reports/March2026/23032026-27032026%20%20BAO%20CAO%20TUAN%20TTTP.pdf,vbma_weekly_local-20260528T125059Z,2026-05-28T12:50:59Z
2026-03-27,HDBC7Y263301,NHTM CP PHÁT TRIỂN THÀNH PHỐ HỒ CHÍ M INH,NGÂN HÀNG,bank,2282.0,RIÊNG LẺ,"LẠI VÀO NGÀY THỰC HIỆN M UA LẠI, LS TỪ KỲ THỨ 11 = LSTC + 2.65% /NĂM",,2026-03-20,7.0,2033-03-20,>5Y,vbma_weekly:https://vbma.org.vn/storage/reports/March2026/23032026-27032026%20%20BAO%20CAO%20TUAN%20TTTP.pdf,vbma_weekly_local-20260528T125059Z,2026-05-28T12:50:59Z
2026-03-27,HDBC8Y263401,NHTM CP PHÁT TRIỂN THÀNH PHỐ HỒ CHÍ M INH,NGÂN HÀNG,bank,2412.0,CÔNG CHÚNG,"2 KỲ ĐẦU: 11.5% /NĂM , CÁC KỲ SAU = LS CƠ SỞ KHDN 12T VNĐ (OCB) + 3.5% /NĂM",11.5,2026-03-20,8.0,2034-03-20,>5Y,vbma_weekly:https://vbma.org.vn/storage/reports/March2026/23032026-27032026%20%20BAO%20CAO%20TUAN%20TTTP.pdf,vbma_weekly_local-20260528T125059Z,2026-05-28T12:50:59Z
2026-03-27,KHG12601,CTCP TẬP ĐOÀN KHẢI HOÀN LAND,BẤT ĐỘNG SẢN,real_estate,190.0,CÔNG CHÚNG,"2 KỲ ĐẦU: 13.5% /NĂM , CÁC KỲ SAU = LSTC + 4.5% /NĂM",13.5,2026-01-06,5.0,2031-01-06,3Y_5Y,vbma_weekly:https://vbma.org.vn/storage/reports/March2026/23032026-27032026%20%20BAO%20CAO%20TUAN%20TTTP.pdf,vbma_weekly_local-20260528T125059Z,2026-05-28T12:50:59Z
2026-03-27,MAR12601,CT TNHH ĐẦU TƯ M ARINA CENTER,BẤT ĐỘNG SẢN,real_estate,10196.0,RIÊNG LẺ,"BÌNH QUÂN LSTK 12T VNĐ (VCB, BIDV, VIETIN, AGRI) + 1.65% /NĂM , NẾU TCPH KHÔNG M UA",,2026-03-20,10.0,2036-03-20,>5Y,vbma_weekly:https://vbma.org.vn/storage/reports/March2026/23032026-27032026%20%20BAO%20CAO%20TUAN%20TTTP.pdf,vbma_weekly_local-20260528T125059Z,2026-05-28T12:50:59Z
2026-03-27,TP112601,CTCP THIÊN PHÚC INVEST,BẤT ĐỘNG SẢN,real_estate,80.0,CÔNG CHÚNG,"LẠI VÀO NGÀY THỰC HIỆN M UA LẠI, LS TỪ KỲ THỨ 11 = LSTC + 3.32% /NĂM",,2026-02-06,3.0,2029-02-06,<=3Y,vbma_weekly:https://vbma.org.vn/storage/reports/March2026/23032026-27032026%20%20BAO%20CAO%20TUAN%20TTTP.pdf,vbma_weekly_local-20260528T125059Z,2026-05-28T12:50:59Z
2026-04-10,BAF126003,CTCP NÔNG NGHIỆP BAF VIỆT NAM,"NÔNG NGHIỆP, THỦY SẢN",non_bank_corp,1000.0,CÔNG CHÚNG,10%/NĂM,10.0,2026-01-05,3.0,2029-01-05,<=3Y,vbma_weekly:https://vbma.org.vn/storage/reports/April2026/06042026-10042026%20%20BAO%20CAO%20TUAN%20TTTP.pdf,vbma_weekly_local-20260528T125059Z,2026-05-28T12:50:59Z
2026-04-10,BIDL2633001C,NHTMCP ĐẦU TƯ VÀ PHÁT TRIỂN VIỆT NAM,NGÂN HÀNG,bank,1985.0,CÔNG CHÚNG,"BÌNH QUÂN LSTK 12T VNĐ (VCB, BIDV, VIETIN, AGRI) + 1.6%/NĂM, NẾU TCPH KHÔNG MUA LẠI VÀO NGÀY THỰC HIỆN MUA LẠI, LS TỪ KỲ THỨ 11 = LSTC + 4.1%/NĂM",,2026-03-02,7.0,2033-03-02,>5Y,vbma_weekly:https://vbma.org.vn/storage/reports/April2026/06042026-10042026%20%20BAO%20CAO%20TUAN%20TTTP.pdf,vbma_weekly_local-20260528T125059Z,2026-05-28T12:50:59Z
2026-04-10,BIDL2634002C,NHTMCP ĐẦU TƯ VÀ PHÁT TRIỂN VIỆT NAM,NGÂN HÀNG,bank,1000.0,CÔNG CHÚNG,"BÌNH QUÂN LSTK 12T VNĐ (VCB, BIDV, VIETIN, AGRI) + 1.65%/NĂM, NẾU TCPH KHÔNG MUA LẠI VÀO NGÀY THỰC HIỆN MUA LẠI, LS TỪ KỲ THỨ 11 = LSTC + 3.32%/NĂM",,2026-03-02,8.0,2034-03-02,>5Y,vbma_weekly:https://vbma.org.vn/storage/reports/April2026/06042026-10042026%20%20BAO%20CAO%20TUAN%20TTTP.pdf,vbma_weekly_local-20260528T125059Z,2026-05-28T12:50:59Z
2026-04-10,BIDL2636003C,NHTMCP ĐẦU TƯ VÀ PHÁT TRIỂN VIỆT NAM,NGÂN HÀNG,bank,316.0,CÔNG CHÚNG,"BÌNH QUÂN LSTK 12T VNĐ (VCB, BIDV, VIETIN, AGRI) + 1.65%/NĂM, NẾU TCPH KHÔNG MUA LẠI VÀO NGÀY THỰC HIỆN MUA LẠI, LS TỪ KỲ THỨ 11 = LSTC + 2.65%/NĂM",,2026-03-02,10.0,2036-03-02,>5Y,vbma_weekly:https://vbma.org.vn/storage/reports/April2026/06042026-10042026%20%20BAO%20CAO%20TUAN%20TTTP.pdf,vbma_weekly_local-20260528T125059Z,2026-05-28T12:50:59Z
2026-04-10,CTD126006,CTCP XÂY DỰNG COTECCONS,XÂY DỰNG,non_bank_corp,1400.0,CÔNG CHÚNG,9%/NĂM,9.0,2026-01-30,3.0,2029-01-30,<=3Y,vbma_weekly:https://vbma.org.vn/storage/reports/April2026/06042026-10042026%20%20BAO%20CAO%20TUAN%20TTTP.pdf,vbma_weekly_local-20260528T125059Z,2026-05-28T12:50:59Z
2026-04-10,CTG2634T2/01,NHTMCP CÔNG THƯƠNG VIỆT NAM,NGÂN HÀNG,bank,2221.0,CÔNG CHÚNG,"BÌNH QUÂN LSTK 12T VNĐ (VCB, BIDV, VIETIN, AGRI) + 1.25%/NĂM",,2026-01-20,8.0,2034-01-20,>5Y,vbma_weekly:https://vbma.org.vn/storage/reports/April2026/06042026-10042026%20%20BAO%20CAO%20TUAN%20TTTP.pdf,vbma_weekly_local-20260528T125059Z,2026-05-28T12:50:59Z
2026-04-10,EVF12601,CT TÀI CHÍNH TỔNG HỢP CỔ PHẦN ĐIỆN LỰC,TÀI CHÍNH,non_bank_corp,450.0,RIÊNG LẺ,8.5%/NĂM,8.5,2026-03-23,8.0,2034-03-23,>5Y,vbma_weekly:https://vbma.org.vn/storage/reports/April2026/06042026-10042026%20%20BAO%20CAO%20TUAN%20TTTP.pdf,vbma_weekly_local-20260528T125059Z,2026-05-28T12:50:59Z
2026-04-10,F88126002,CTCP KINH DOANH F88,TÀI CHÍNH,non_bank_corp,300.0,CÔNG CHÚNG,10%/NĂM,10.0,2026-01-10,2.0,2028-01-10,<=3Y,vbma_weekly:https://vbma.org.vn/storage/reports/April2026/06042026-10042026%20%20BAO%20CAO%20TUAN%20TTTP.pdf,vbma_weekly_local-20260528T125059Z,2026-05-28T12:50:59Z
2026-04-10,HDBC7Y263301,NHTMCP PHÁT TRIỂN THÀNH PHỐ HỒ CHÍ MINH,NGÂN HÀNG,bank,2282.0,CÔNG CHÚNG,"BÌNH QUÂN LSTK 12T VNĐ (VCB, BIDV, VIETIN, AGRI) + 2.5%/NĂM",,2026-03-20,7.0,2033-03-20,>5Y,vbma_weekly:https://vbma.org.vn/storage/reports/April2026/06042026-10042026%20%20BAO%20CAO%20TUAN%20TTTP.pdf,vbma_weekly_local-20260528T125059Z,2026-05-28T12:50:59Z
2026-04-10,HDBC8Y263401,NHTMCP PHÁT TRIỂN THÀNH PHỐ HỒ CHÍ MINH,NGÂN HÀNG,bank,2412.0,CÔNG CHÚNG,"BÌNH QUÂN LSTK 12T VNĐ (VCB, BIDV, VIETIN, AGRI) + 2.7%/NĂM",,2026-03-20,8.0,2034-03-20,>5Y,vbma_weekly:https://vbma.org.vn/storage/reports/April2026/06042026-10042026%20%20BAO%20CAO%20TUAN%20TTTP.pdf,vbma_weekly_local-20260528T125059Z,2026-05-28T12:50:59Z
2026-04-10,KHG12601,CTCP TẬP ĐOÀN KHẢI HOÀN LAND,BẤT ĐỘNG SẢN,real_estate,190.0,RIÊNG LẺ,"2 KỲ ĐẦU: 13.5%/NĂM, CÁC KỲ SAU = LSTC + 4.5%/NĂM",13.5,2026-01-06,5.0,2031-01-06,3Y_5Y,vbma_weekly:https://vbma.org.vn/storage/reports/April2026/06042026-10042026%20%20BAO%20CAO%20TUAN%20TTTP.pdf,vbma_weekly_local-20260528T125059Z,2026-05-28T12:50:59Z
2026-04-10,LPB10Y202503,NHTMCP LỘC PHÁT VIỆT NAM,NGÂN HÀNG,bank,0.0,CÔNG CHÚNG,"BÌNH QUÂN LSTK 12T VNĐ (VCB, BIDV, VIETIN, AGRI) + 2.9%/NĂM",,2026-03-30,10.0,2036-03-30,>5Y,vbma_weekly:https://vbma.org.vn/storage/reports/April2026/06042026-10042026%20%20BAO%20CAO%20TUAN%20TTTP.pdf,vbma_weekly_local-20260528T125059Z,2026-05-28T12:50:59Z
2026-04-10,LPB7Y202501,NHTMCP LỘC PHÁT VIỆT NAM,NGÂN HÀNG,bank,15.0,CÔNG CHÚNG,"BÌNH QUÂN LSTK 12T VNĐ (VCB, BIDV, VIETIN, AGRI) + 2.5%/NĂM",,2026-03-30,7.0,2033-03-30,>5Y,vbma_weekly:https://vbma.org.vn/storage/reports/April2026/06042026-10042026%20%20BAO%20CAO%20TUAN%20TTTP.pdf,vbma_weekly_local-20260528T125059Z,2026-05-28T12:50:59Z
2026-04-10,LPB8Y202502,NHTMCP LỘC PHÁT VIỆT NAM,NGÂN HÀNG,bank,1002.0,CÔNG CHÚNG,"BÌNH QUÂN LSTK 12T VNĐ (VCB, BIDV, VIETIN, AGRI) + 2.7%/NĂM",,2026-03-30,8.0,2034-03-30,>5Y,vbma_weekly:https://vbma.org.vn/storage/reports/April2026/06042026-10042026%20%20BAO%20CAO%20TUAN%20TTTP.pdf,vbma_weekly_local-20260528T125059Z,2026-05-28T12:50:59Z
2026-04-10,MAR12601,CT TNHH ĐẦU TƯ MARINA CENTER,BẤT ĐỘNG SẢN,real_estate,10196.0,RIÊNG LẺ,LÃI SUẤT TRÁI PHIẾU THEO CÁC KỲ NHƯ SAU: 20/03/2026 - 01/04/2026: 4%/NĂM 01/04/2026 - 01/01/2027: 4.5%/NĂM 01/01/2027 - 01/04/2027: 6.5%/NĂM,4.0,2026-03-20,10.0,2036-03-20,>5Y,vbma_weekly:https://vbma.org.vn/storage/reports/April2026/06042026-10042026%20%20BAO%20CAO%20TUAN%20TTTP.pdf,vbma_weekly_local-20260528T125059Z,2026-05-28T12:50:59Z
2026-04-10,MBS12601,CTCP CHỨNG KHOÁN MB,CHỨNG KHOÁN,non_bank_corp,970.0,RIÊNG LẺ,"2 KỲ ĐẦU: 7.4%/NĂM, CÁC KỲ SAU = LSTC + 2.2%/NĂM",7.4,2026-03-19,2.0,2028-03-19,<=3Y,vbma_weekly:https://vbma.org.vn/storage/reports/April2026/06042026-10042026%20%20BAO%20CAO%20TUAN%20TTTP.pdf,vbma_weekly_local-20260528T125059Z,2026-05-28T12:50:59Z
2026-04-10,NTJ12601,CTCP THỜI ĐẠI MỚI T&T,BẤT ĐỘNG SẢN,real_estate,8000.0,RIÊNG LẺ,10.5%/NĂM,10.5,2026-03-31,4.0,2030-03-31,3Y_5Y,vbma_weekly:https://vbma.org.vn/storage/reports/April2026/06042026-10042026%20%20BAO%20CAO%20TUAN%20TTTP.pdf,vbma_weekly_local-20260528T125059Z,2026-05-28T12:50:59Z
2026-04-10,PDA12601,CT TNHH ĐẦU TƯ VÀ PHÁT TRIỂN BẤT ĐỘNG SẢN PHÁT ĐẠT,BẤT ĐỘNG SẢN,real_estate,2000.0,RIÊNG LẺ,"4 KỲ ĐẦU: 11%/NĂM, CÁC KỲ SAU = LSTC + 2.01%/NĂM NHƯNG KHÔNG THẤP HƠN 11%/NĂM",11.0,2026-03-26,2.0,2028-03-26,<=3Y,vbma_weekly:https://vbma.org.vn/storage/reports/April2026/06042026-10042026%20%20BAO%20CAO%20TUAN%20TTTP.pdf,vbma_weekly_local-20260528T125059Z,2026-05-28T12:50:59Z
2026-04-10,PDA12602,CT TNHH ĐẦU TƯ VÀ PHÁT TRIỂN BẤT ĐỘNG SẢN PHÁT ĐẠT,BẤT ĐỘNG SẢN,real_estate,3600.0,RIÊNG LẺ,11%/NĂM,11.0,2026-03-26,1.0,2027-03-26,<=3Y,vbma_weekly:https://vbma.org.vn/storage/reports/April2026/06042026-10042026%20%20BAO%20CAO%20TUAN%20TTTP.pdf,vbma_weekly_local-20260528T125059Z,2026-05-28T12:50:59Z
2026-04-10,TCXPO2628001,CTCP CHỨNG KHOÁN KỸ THƯƠNG,CHỨNG KHOÁN,non_bank_corp,1000.0,CÔNG CHÚNG,"KỲ ĐẦU: 8%/NĂM, CÁC KỲ SAU = BÌNH QUÂN LSTK 12T VNĐ (VCB, BIDV, VIETIN, AGRI) + 2.7%/NĂM",8.0,2026-04-01,2.0,2028-04-01,<=3Y,vbma_weekly:https://vbma.org.vn/storage/reports/April2026/06042026-10042026%20%20BAO%20CAO%20TUAN%20TTTP.pdf,vbma_weekly_local-20260528T125059Z,2026-05-28T12:50:59Z
2026-04-10,TMS426010,CTCP TRANSIMEX,CÔNG NGHIỆP,non_bank_corp,400.0,CÔNG CHÚNG,7%/NĂM,7.0,2026-03-27,2.0,2028-03-27,<=3Y,vbma_weekly:https://vbma.org.vn/storage/reports/April2026/06042026-10042026%20%20BAO%20CAO%20TUAN%20TTTP.pdf,vbma_weekly_local-20260528T125059Z,2026-05-28T12:50:59Z
2026-04-10,TP112601,CTCP THIÊN PHÚC INVEST,BẤT ĐỘNG SẢN,real_estate,80.0,RIÊNG LẺ,"2 KỲ ĐẦU: 11.5%/NĂM, CÁC KỲ SAU = LS CƠ SỞ KHDN 12T VNĐ (OCB) + 3.5%/NĂM",11.5,2026-02-06,3.0,2029-02-06,<=3Y,vbma_weekly:https://vbma.org.vn/storage/reports/April2026/06042026-10042026%20%20BAO%20CAO%20TUAN%20TTTP.pdf,vbma_weekly_local-20260528T125059Z,2026-05-28T12:50:59Z
2026-04-10,VDS12601,CTCP CHỨNG KHOÁN RỒNG VIỆT,CHỨNG KHOÁN,non_bank_corp,70.0,RIÊNG LẺ,8.5%/NĂM,8.5,2026-04-03,1.0,2027-04-03,<=3Y,vbma_weekly:https://vbma.org.vn/storage/reports/April2026/06042026-10042026%20%20BAO%20CAO%20TUAN%20TTTP.pdf,vbma_weekly_local-20260528T125059Z,2026-05-28T12:50:59Z
2026-04-10,VPB12601,NHTMCP VIỆT NAM THỊNH VƯỢNG,NGÂN HÀNG,bank,1000.0,RIÊNG LẺ,8%/NĂM,8.0,2026-04-06,3.0,2029-04-06,<=3Y,vbma_weekly:https://vbma.org.vn/storage/reports/April2026/06042026-10042026%20%20BAO%20CAO%20TUAN%20TTTP.pdf,vbma_weekly_local-20260528T125059Z,2026-05-28T12:50:59Z
2026-04-17,BAF126003,CTCP NÔNG NGHIỆP BAF VIỆT NAM,"NÔNG NGHIỆP, THỦY SẢN",non_bank_corp,1000.0,CÔNG CHÚNG,10%/NĂM,10.0,2026-01-05,3.0,2029-01-05,<=3Y,vbma_weekly:https://vbma.org.vn/storage/reports/April2026/13042026-17042026%20BAO%20CAO%20TUAN%20TTTP4.pdf,vbma_weekly_local-20260528T125059Z,2026-05-28T12:50:59Z
2026-04-17,BIDL2633001C,NHTMCP ĐẦU TƯ VÀ PHÁT TRIỂN VIỆT NAM,NGÂN HÀNG,bank,1985.0,CÔNG CHÚNG,"BÌNH QUÂN LSTK 12T VNĐ (VCB, BIDV, VIETIN, AGRI) + 1.6%/NĂM, NẾU TCPH KHÔNG MUA LẠI VÀO NGÀY THỰC HIỆN MUA LẠI, LS TỪ KỲ THỨ 11 = LSTC + 4.1%/NĂM",,2026-03-02,7.0,2033-03-02,>5Y,vbma_weekly:https://vbma.org.vn/storage/reports/April2026/13042026-17042026%20BAO%20CAO%20TUAN%20TTTP4.pdf,vbma_weekly_local-20260528T125059Z,2026-05-28T12:50:59Z
2026-04-17,BIDL2634002C,NHTMCP ĐẦU TƯ VÀ PHÁT TRIỂN VIỆT NAM,NGÂN HÀNG,bank,1000.0,CÔNG CHÚNG,"BÌNH QUÂN LSTK 12T VNĐ (VCB, BIDV, VIETIN, AGRI) + 1.65%/NĂM, NẾU TCPH KHÔNG MUA LẠI VÀO NGÀY THỰC HIỆN MUA LẠI, LS TỪ KỲ THỨ 11 = LSTC + 3.32%/NĂM",,2026-03-02,8.0,2034-03-02,>5Y,vbma_weekly:https://vbma.org.vn/storage/reports/April2026/13042026-17042026%20BAO%20CAO%20TUAN%20TTTP4.pdf,vbma_weekly_local-20260528T125059Z,2026-05-28T12:50:59Z
2026-04-17,BIDL2636003C,NHTMCP ĐẦU TƯ VÀ PHÁT TRIỂN VIỆT NAM,NGÂN HÀNG,bank,316.0,CÔNG CHÚNG,"BÌNH QUÂN LSTK 12T VNĐ (VCB, BIDV, VIETIN, AGRI) + 1.65%/NĂM, NẾU TCPH KHÔNG MUA LẠI VÀO NGÀY THỰC HIỆN MUA LẠI, LS TỪ KỲ THỨ 11 = LSTC + 2.65%/NĂM",,2026-03-02,10.0,2036-03-02,>5Y,vbma_weekly:https://vbma.org.vn/storage/reports/April2026/13042026-17042026%20BAO%20CAO%20TUAN%20TTTP4.pdf,vbma_weekly_local-20260528T125059Z,2026-05-28T12:50:59Z
2026-04-17,CTD126006,CTCP XÂY DỰNG COTECCONS,XÂY DỰNG,non_bank_corp,1400.0,CÔNG CHÚNG,9%/NĂM,9.0,2026-01-30,3.0,2029-01-30,<=3Y,vbma_weekly:https://vbma.org.vn/storage/reports/April2026/13042026-17042026%20BAO%20CAO%20TUAN%20TTTP4.pdf,vbma_weekly_local-20260528T125059Z,2026-05-28T12:50:59Z
2026-04-17,CTG2634T2/01,NHTMCP CÔNG THƯƠNG VIỆT NAM,NGÂN HÀNG,bank,2221.0,CÔNG CHÚNG,"BÌNH QUÂN LSTK 12T VNĐ (VCB, BIDV, VIETIN, AGRI) + 1.25%/NĂM",,2026-01-20,8.0,2034-01-20,>5Y,vbma_weekly:https://vbma.org.vn/storage/reports/April2026/13042026-17042026%20BAO%20CAO%20TUAN%20TTTP4.pdf,vbma_weekly_local-20260528T125059Z,2026-05-28T12:50:59Z
2026-04-17,EVF12601,CT TÀI CHÍNH TỔNG HỢP CỔ PHẦN ĐIỆN LỰC,TÀI CHÍNH,non_bank_corp,450.0,RIÊNG LẺ,8.5%/NĂM,8.5,2026-03-23,8.0,2034-03-23,>5Y,vbma_weekly:https://vbma.org.vn/storage/reports/April2026/13042026-17042026%20BAO%20CAO%20TUAN%20TTTP4.pdf,vbma_weekly_local-20260528T125059Z,2026-05-28T12:50:59Z
2026-04-17,F88126002,CTCP KINH DOANH F88,TÀI CHÍNH,non_bank_corp,300.0,CÔNG CHÚNG,10%/NĂM,10.0,2026-01-10,2.0,2028-01-10,<=3Y,vbma_weekly:https://vbma.org.vn/storage/reports/April2026/13042026-17042026%20BAO%20CAO%20TUAN%20TTTP4.pdf,vbma_weekly_local-20260528T125059Z,2026-05-28T12:50:59Z
2026-04-17,HDBC7Y263301,NHTMCP PHÁT TRIỂN THÀNH PHỐ HỒ CHÍ MINH,NGÂN HÀNG,bank,2282.0,CÔNG CHÚNG,"BÌNH QUÂN LSTK 12T VNĐ (VCB, BIDV, VIETIN, AGRI) + 2.5%/NĂM",,2026-03-20,7.0,2033-03-20,>5Y,vbma_weekly:https://vbma.org.vn/storage/reports/April2026/13042026-17042026%20BAO%20CAO%20TUAN%20TTTP4.pdf,vbma_weekly_local-20260528T125059Z,2026-05-28T12:50:59Z
2026-04-17,HDBC8Y263401,NHTMCP PHÁT TRIỂN THÀNH PHỐ HỒ CHÍ MINH,NGÂN HÀNG,bank,2412.0,CÔNG CHÚNG,"BÌNH QUÂN LSTK 12T VNĐ (VCB, BIDV, VIETIN, AGRI) + 2.7%/NĂM",,2026-03-20,8.0,2034-03-20,>5Y,vbma_weekly:https://vbma.org.vn/storage/reports/April2026/13042026-17042026%20BAO%20CAO%20TUAN%20TTTP4.pdf,vbma_weekly_local-20260528T125059Z,2026-05-28T12:50:59Z
2026-04-17,KHG12601,CTCP TẬP ĐOÀN KHẢI HOÀN LAND,BẤT ĐỘNG SẢN,real_estate,190.0,RIÊNG LẺ,"2 KỲ ĐẦU: 13.5%/NĂM, CÁC KỲ SAU = LSTC + 4.5%/NĂM",13.5,2026-01-06,5.0,2031-01-06,3Y_5Y,vbma_weekly:https://vbma.org.vn/storage/reports/April2026/13042026-17042026%20BAO%20CAO%20TUAN%20TTTP4.pdf,vbma_weekly_local-20260528T125059Z,2026-05-28T12:50:59Z
2026-04-17,LPB10Y202503,NHTMCP LỘC PHÁT VIỆT NAM,NGÂN HÀNG,bank,0.0,CÔNG CHÚNG,"BÌNH QUÂN LSTK 12T VNĐ (VCB, BIDV, VIETIN, AGRI) + 2.9%/NĂM",,2026-03-30,10.0,2036-03-30,>5Y,vbma_weekly:https://vbma.org.vn/storage/reports/April2026/13042026-17042026%20BAO%20CAO%20TUAN%20TTTP4.pdf,vbma_weekly_local-20260528T125059Z,2026-05-28T12:50:59Z
2026-04-17,LPB7Y202501,NHTMCP LỘC PHÁT VIỆT NAM,NGÂN HÀNG,bank,15.0,CÔNG CHÚNG,"BÌNH QUÂN LSTK 12T VNĐ (VCB, BIDV, VIETIN, AGRI) + 2.5%/NĂM",,2026-03-30,7.0,2033-03-30,>5Y,vbma_weekly:https://vbma.org.vn/storage/reports/April2026/13042026-17042026%20BAO%20CAO%20TUAN%20TTTP4.pdf,vbma_weekly_local-20260528T125059Z,2026-05-28T12:50:59Z
2026-04-17,LPB8Y202502,NHTMCP LỘC PHÁT VIỆT NAM,NGÂN HÀNG,bank,1002.0,CÔNG CHÚNG,"BÌNH QUÂN LSTK 12T VNĐ (VCB, BIDV, VIETIN, AGRI) + 2.7%/NĂM",,2026-03-30,8.0,2034-03-30,>5Y,vbma_weekly:https://vbma.org.vn/storage/reports/April2026/13042026-17042026%20BAO%20CAO%20TUAN%20TTTP4.pdf,vbma_weekly_local-20260528T125059Z,2026-05-28T12:50:59Z
2026-04-17,MAR12601,CT TNHH ĐẦU TƯ MARINA CENTER,BẤT ĐỘNG SẢN,real_estate,10196.0,RIÊNG LẺ,LÃI SUẤT TRÁI PHIẾU THEO CÁC KỲ NHƯ SAU: 20/03/2026 - 01/04/2026: 4%/NĂM 01/04/2026 - 01/01/2027: 4.5%/NĂM 01/01/2027 - 01/04/2027: 6.5%/NĂM,4.0,2026-03-20,10.0,2036-03-20,>5Y,vbma_weekly:https://vbma.org.vn/storage/reports/April2026/13042026-17042026%20BAO%20CAO%20TUAN%20TTTP4.pdf,vbma_weekly_local-20260528T125059Z,2026-05-28T12:50:59Z
2026-04-17,MBS12601,CTCP CHỨNG KHOÁN MB,CHỨNG KHOÁN,non_bank_corp,970.0,RIÊNG LẺ,"2 KỲ ĐẦU: 7.4%/NĂM, CÁC KỲ SAU = LSTC + 2.2%/NĂM",7.4,2026-03-19,2.0,2028-03-19,<=3Y,vbma_weekly:https://vbma.org.vn/storage/reports/April2026/13042026-17042026%20BAO%20CAO%20TUAN%20TTTP4.pdf,vbma_weekly_local-20260528T125059Z,2026-05-28T12:50:59Z
2026-04-17,NAB12601,NHTMCP NAM Á,NGÂN HÀNG,bank,250.0,RIÊNG LẺ,LSTC + 2.6%/NĂM,,2026-03-31,7.0,2033-03-31,>5Y,vbma_weekly:https://vbma.org.vn/storage/reports/April2026/13042026-17042026%20BAO%20CAO%20TUAN%20TTTP4.pdf,vbma_weekly_local-20260528T125059Z,2026-05-28T12:50:59Z
2026-04-17,NTJ12601,CTCP THỜI ĐẠI MỚI T&T,BẤT ĐỘNG SẢN,real_estate,8000.0,RIÊNG LẺ,10.5%/NĂM,10.5,2026-03-31,4.0,2030-03-31,3Y_5Y,vbma_weekly:https://vbma.org.vn/storage/reports/April2026/13042026-17042026%20BAO%20CAO%20TUAN%20TTTP4.pdf,vbma_weekly_local-20260528T125059Z,2026-05-28T12:50:59Z
2026-04-17,PDA12601,CT TNHH ĐẦU TƯ VÀ PHÁT TRIỂN BẤT ĐỘNG SẢN PHÁT ĐẠT,BẤT ĐỘNG SẢN,real_estate,2000.0,RIÊNG LẺ,"4 KỲ ĐẦU: 11%/NĂM, CÁC KỲ SAU = LSTC + 2.01%/NĂM NHƯNG KHÔNG THẤP HƠN 11%/NĂM",11.0,2026-03-26,2.0,2028-03-26,<=3Y,vbma_weekly:https://vbma.org.vn/storage/reports/April2026/13042026-17042026%20BAO%20CAO%20TUAN%20TTTP4.pdf,vbma_weekly_local-20260528T125059Z,2026-05-28T12:50:59Z
2026-04-17,PDA12602,CT TNHH ĐẦU TƯ VÀ PHÁT TRIỂN BẤT ĐỘNG SẢN PHÁT ĐẠT,BẤT ĐỘNG SẢN,real_estate,3600.0,RIÊNG LẺ,11%/NĂM,11.0,2026-03-26,1.0,2027-03-26,<=3Y,vbma_weekly:https://vbma.org.vn/storage/reports/April2026/13042026-17042026%20BAO%20CAO%20TUAN%20TTTP4.pdf,vbma_weekly_local-20260528T125059Z,2026-05-28T12:50:59Z
2026-04-17,TCXPO2628001,CTCP CHỨNG KHOÁN KỸ THƯƠNG,CHỨNG KHOÁN,non_bank_corp,1000.0,CÔNG CHÚNG,"KỲ ĐẦU: 8%/NĂM, CÁC KỲ SAU = BÌNH QUÂN LSTK 12T VNĐ (VCB, BIDV, VIETIN, AGRI) + 2.7%/NĂM",8.0,2026-04-01,2.0,2028-04-01,<=3Y,vbma_weekly:https://vbma.org.vn/storage/reports/April2026/13042026-17042026%20BAO%20CAO%20TUAN%20TTTP4.pdf,vbma_weekly_local-20260528T125059Z,2026-05-28T12:50:59Z
2026-04-17,TMS426010,CTCP TRANSIMEX,CÔNG NGHIỆP,non_bank_corp,400.0,CÔNG CHÚNG,7%/NĂM,7.0,2026-03-27,2.0,2028-03-27,<=3Y,vbma_weekly:https://vbma.org.vn/storage/reports/April2026/13042026-17042026%20BAO%20CAO%20TUAN%20TTTP4.pdf,vbma_weekly_local-20260528T125059Z,2026-05-28T12:50:59Z
2026-04-17,TP112601,CTCP THIÊN PHÚC INVEST,BẤT ĐỘNG SẢN,real_estate,80.0,RIÊNG LẺ,"2 KỲ ĐẦU: 11.5%/NĂM, CÁC KỲ SAU = LS CƠ SỞ KHDN 12T VNĐ (OCB) + 3.5%/NĂM",11.5,2026-02-06,3.0,2029-02-06,<=3Y,vbma_weekly:https://vbma.org.vn/storage/reports/April2026/13042026-17042026%20BAO%20CAO%20TUAN%20TTTP4.pdf,vbma_weekly_local-20260528T125059Z,2026-05-28T12:50:59Z
2026-04-17,VDS12601,CTCP CHỨNG KHOÁN RỒNG VIỆT,CHỨNG KHOÁN,non_bank_corp,70.0,RIÊNG LẺ,8.5%/NĂM,8.5,2026-04-03,1.0,2027-04-03,<=3Y,vbma_weekly:https://vbma.org.vn/storage/reports/April2026/13042026-17042026%20BAO%20CAO%20TUAN%20TTTP4.pdf,vbma_weekly_local-20260528T125059Z,2026-05-28T12:50:59Z
2026-04-17,VHM12601,CTCP VINHOMES,BẤT ĐỘNG SẢN,real_estate,6000.0,RIÊNG LẺ,"2 KỲ ĐẦU: 12.5%/NĂM, CÁC KỲ SAU = LSTC + 2%/NĂM",12.5,2026-04-13,3.0,2029-04-13,<=3Y,vbma_weekly:https://vbma.org.vn/storage/reports/April2026/13042026-17042026%20BAO%20CAO%20TUAN%20TTTP4.pdf,vbma_weekly_local-20260528T125059Z,2026-05-28T12:50:59Z
2026-04-17,VPB12601,NHTMCP VIỆT NAM THỊNH VƯỢNG,NGÂN HÀNG,bank,1000.0,RIÊNG LẺ,8%/NĂM,8.0,2026-04-06,3.0,2029-04-06,<=3Y,vbma_weekly:https://vbma.org.vn/storage/reports/April2026/13042026-17042026%20BAO%20CAO%20TUAN%20TTTP4.pdf,vbma_weekly_local-20260528T125059Z,2026-05-28T12:50:59Z
2026-04-24,BAF126003,CTCP NÔNG NGHIỆP BAF VIỆT NAM,"NÔNG NGHIỆP, THỦY SẢN",non_bank_corp,1000.0,CÔNG CHÚNG,10%/NĂM,10.0,2026-01-05,3.0,2029-01-05,<=3Y,vbma_weekly:https://vbma.org.vn/storage/reports/April2026/20042026-24042026%20%20BAO%20CAO%20TUAN%20TTTP.pdf,vbma_weekly_local-20260528T125059Z,2026-05-28T12:50:59Z
2026-04-24,BIDL2633001C,NHTMCP ĐẦU TƯ VÀ PHÁT TRIỂN VIỆT NAM,NGÂN HÀNG,bank,1985.0,CÔNG CHÚNG,"BÌNH QUÂN LSTK 12T VNĐ (VCB, BIDV, VIETIN, AGRI) + 1.6%/NĂM, NẾU TCPH KHÔNG MUA LẠI VÀO NGÀY THỰC HIỆN MUA LẠI, LS TỪ KỲ THỨ 11 = LSTC + 4.1%/NĂM",,2026-03-02,7.0,2033-03-02,>5Y,vbma_weekly:https://vbma.org.vn/storage/reports/April2026/20042026-24042026%20%20BAO%20CAO%20TUAN%20TTTP.pdf,vbma_weekly_local-20260528T125059Z,2026-05-28T12:50:59Z
2026-04-24,BIDL2634002C,NHTMCP ĐẦU TƯ VÀ PHÁT TRIỂN VIỆT NAM,NGÂN HÀNG,bank,1000.0,CÔNG CHÚNG,"BÌNH QUÂN LSTK 12T VNĐ (VCB, BIDV, VIETIN, AGRI) + 1.65%/NĂM, NẾU TCPH KHÔNG MUA LẠI VÀO NGÀY THỰC HIỆN MUA LẠI, LS TỪ KỲ THỨ 11 = LSTC + 3.32%/NĂM",,2026-03-02,8.0,2034-03-02,>5Y,vbma_weekly:https://vbma.org.vn/storage/reports/April2026/20042026-24042026%20%20BAO%20CAO%20TUAN%20TTTP.pdf,vbma_weekly_local-20260528T125059Z,2026-05-28T12:50:59Z
2026-04-24,BIDL2636003C,NHTMCP ĐẦU TƯ VÀ PHÁT TRIỂN VIỆT NAM,NGÂN HÀNG,bank,316.0,CÔNG CHÚNG,"BÌNH QUÂN LSTK 12T VNĐ (VCB, BIDV, VIETIN, AGRI) + 1.65%/NĂM, NẾU TCPH KHÔNG MUA LẠI VÀO NGÀY THỰC HIỆN MUA LẠI, LS TỪ KỲ THỨ 11 = LSTC + 2.65%/NĂM",,2026-03-02,10.0,2036-03-02,>5Y,vbma_weekly:https://vbma.org.vn/storage/reports/April2026/20042026-24042026%20%20BAO%20CAO%20TUAN%20TTTP.pdf,vbma_weekly_local-20260528T125059Z,2026-05-28T12:50:59Z
2026-04-24,BPS12601,CTCP BẤT ĐỘNG SẢN BCONS PS,BẤT ĐỘNG SẢN,real_estate,276.0,RIÊNG LẺ,11.5%/NĂM,11.5,2026-04-16,4.0,2030-04-16,3Y_5Y,vbma_weekly:https://vbma.org.vn/storage/reports/April2026/20042026-24042026%20%20BAO%20CAO%20TUAN%20TTTP.pdf,vbma_weekly_local-20260528T125059Z,2026-05-28T12:50:59Z
2026-04-24,CTD126006,CTCP XÂY DỰNG COTECCONS,XÂY DỰNG,non_bank_corp,1400.0,CÔNG CHÚNG,9%/NĂM,9.0,2026-01-30,3.0,2029-01-30,<=3Y,vbma_weekly:https://vbma.org.vn/storage/reports/April2026/20042026-24042026%20%20BAO%20CAO%20TUAN%20TTTP.pdf,vbma_weekly_local-20260528T125059Z,2026-05-28T12:50:59Z
2026-04-24,CTG2634T2/01,NHTMCP CÔNG THƯƠNG VIỆT NAM,NGÂN HÀNG,bank,2221.0,CÔNG CHÚNG,"BÌNH QUÂN LSTK 12T VNĐ (VCB, BIDV, VIETIN, AGRI) + 1.25%/NĂM",,2026-01-20,8.0,2034-01-20,>5Y,vbma_weekly:https://vbma.org.vn/storage/reports/April2026/20042026-24042026%20%20BAO%20CAO%20TUAN%20TTTP.pdf,vbma_weekly_local-20260528T125059Z,2026-05-28T12:50:59Z
2026-04-24,EVF12601,CT TÀI CHÍNH TỔNG HỢP CỔ PHẦN ĐIỆN LỰC,TÀI CHÍNH,non_bank_corp,450.0,RIÊNG LẺ,8.5%/NĂM,8.5,2026-03-23,8.0,2034-03-23,>5Y,vbma_weekly:https://vbma.org.vn/storage/reports/April2026/20042026-24042026%20%20BAO%20CAO%20TUAN%20TTTP.pdf,vbma_weekly_local-20260528T125059Z,2026-05-28T12:50:59Z
2026-04-24,F88126002,CTCP KINH DOANH F88,TÀI CHÍNH,non_bank_corp,300.0,CÔNG CHÚNG,10%/NĂM,10.0,2026-01-10,2.0,2028-01-10,<=3Y,vbma_weekly:https://vbma.org.vn/storage/reports/April2026/20042026-24042026%20%20BAO%20CAO%20TUAN%20TTTP.pdf,vbma_weekly_local-20260528T125059Z,2026-05-28T12:50:59Z
2026-04-24,HDBC7Y263301,NHTMCP PHÁT TRIỂN THÀNH PHỐ HỒ CHÍ MINH,NGÂN HÀNG,bank,2282.0,CÔNG CHÚNG,"BÌNH QUÂN LSTK 12T VNĐ (VCB, BIDV, VIETIN, AGRI) + 2.5%/NĂM",,2026-03-20,7.0,2033-03-20,>5Y,vbma_weekly:https://vbma.org.vn/storage/reports/April2026/20042026-24042026%20%20BAO%20CAO%20TUAN%20TTTP.pdf,vbma_weekly_local-20260528T125059Z,2026-05-28T12:50:59Z
2026-04-24,HDBC8Y263401,NHTMCP PHÁT TRIỂN THÀNH PHỐ HỒ CHÍ MINH,NGÂN HÀNG,bank,2412.0,CÔNG CHÚNG,"BÌNH QUÂN LSTK 12T VNĐ (VCB, BIDV, VIETIN, AGRI) + 2.7%/NĂM",,2026-03-20,8.0,2034-03-20,>5Y,vbma_weekly:https://vbma.org.vn/storage/reports/April2026/20042026-24042026%20%20BAO%20CAO%20TUAN%20TTTP.pdf,vbma_weekly_local-20260528T125059Z,2026-05-28T12:50:59Z
2026-04-24,KHG12601,CTCP TẬP ĐOÀN KHẢI HOÀN LAND,BẤT ĐỘNG SẢN,real_estate,190.0,RIÊNG LẺ,"2 KỲ ĐẦU: 13.5%/NĂM, CÁC KỲ SAU = LSTC + 4.5%/NĂM",13.5,2026-01-06,5.0,2031-01-06,3Y_5Y,vbma_weekly:https://vbma.org.vn/storage/reports/April2026/20042026-24042026%20%20BAO%20CAO%20TUAN%20TTTP.pdf,vbma_weekly_local-20260528T125059Z,2026-05-28T12:50:59Z
2026-04-24,LPB10Y202503,NHTMCP LỘC PHÁT VIỆT NAM,NGÂN HÀNG,bank,0.0,CÔNG CHÚNG,"BÌNH QUÂN LSTK 12T VNĐ (VCB, BIDV, VIETIN, AGRI) + 2.9%/NĂM",,2026-03-30,10.0,2036-03-30,>5Y,vbma_weekly:https://vbma.org.vn/storage/reports/April2026/20042026-24042026%20%20BAO%20CAO%20TUAN%20TTTP.pdf,vbma_weekly_local-20260528T125059Z,2026-05-28T12:50:59Z
2026-04-24,LPB7Y202501,NHTMCP LỘC PHÁT VIỆT NAM,NGÂN HÀNG,bank,15.0,CÔNG CHÚNG,"BÌNH QUÂN LSTK 12T VNĐ (VCB, BIDV, VIETIN, AGRI) + 2.5%/NĂM",,2026-03-30,7.0,2033-03-30,>5Y,vbma_weekly:https://vbma.org.vn/storage/reports/April2026/20042026-24042026%20%20BAO%20CAO%20TUAN%20TTTP.pdf,vbma_weekly_local-20260528T125059Z,2026-05-28T12:50:59Z
2026-04-24,LPB8Y202502,NHTMCP LỘC PHÁT VIỆT NAM,NGÂN HÀNG,bank,1002.0,CÔNG CHÚNG,"BÌNH QUÂN LSTK 12T VNĐ (VCB, BIDV, VIETIN, AGRI) + 2.7%/NĂM",,2026-03-30,8.0,2034-03-30,>5Y,vbma_weekly:https://vbma.org.vn/storage/reports/April2026/20042026-24042026%20%20BAO%20CAO%20TUAN%20TTTP.pdf,vbma_weekly_local-20260528T125059Z,2026-05-28T12:50:59Z
2026-04-24,MAR12601,CT TNHH ĐẦU TƯ MARINA CENTER,BẤT ĐỘNG SẢN,real_estate,10196.0,RIÊNG LẺ,LÃI SUẤT TRÁI PHIẾU THEO CÁC KỲ NHƯ SAU: 20/03/2026 - 01/04/2026: 4%/NĂM 01/04/2026 - 01/01/2027: 4.5%/NĂM 01/01/2027 - 01/04/2027: 6.5%/NĂM,4.0,2026-03-20,10.0,2036-03-20,>5Y,vbma_weekly:https://vbma.org.vn/storage/reports/April2026/20042026-24042026%20%20BAO%20CAO%20TUAN%20TTTP.pdf,vbma_weekly_local-20260528T125059Z,2026-05-28T12:50:59Z
2026-04-24,MBB12601,NHTMCP QUÂN ĐỘI,NGÂN HÀNG,bank,500.0,RIÊNG LẺ,8%/NĂM,8.0,2026-04-21,7.0,2033-04-21,>5Y,vbma_weekly:https://vbma.org.vn/storage/reports/April2026/20042026-24042026%20%20BAO%20CAO%20TUAN%20TTTP.pdf,vbma_weekly_local-20260528T125059Z,2026-05-28T12:50:59Z
2026-04-24,MBS12601,CTCP CHỨNG KHOÁN MB,CHỨNG KHOÁN,non_bank_corp,970.0,RIÊNG LẺ,"2 KỲ ĐẦU: 7.4%/NĂM, CÁC KỲ SAU = LSTC + 2.2%/NĂM",7.4,2026-03-19,2.0,2028-03-19,<=3Y,vbma_weekly:https://vbma.org.vn/storage/reports/April2026/20042026-24042026%20%20BAO%20CAO%20TUAN%20TTTP.pdf,vbma_weekly_local-20260528T125059Z,2026-05-28T12:50:59Z
2026-04-24,MSB12601,NHTMCP HÀNG HẢI VIỆT NAM,NGÂN HÀNG,bank,2000.0,RIÊNG LẺ,8.4%/NĂM,8.4,2026-04-22,3.0,2029-04-22,<=3Y,vbma_weekly:https://vbma.org.vn/storage/reports/April2026/20042026-24042026%20%20BAO%20CAO%20TUAN%20TTTP.pdf,vbma_weekly_local-20260528T125059Z,2026-05-28T12:50:59Z
2026-04-24,NAB12601,NHTMCP NAM Á,NGÂN HÀNG,bank,250.0,RIÊNG LẺ,LSTC + 2.6%/NĂM,,2026-03-31,7.0,2033-03-31,>5Y,vbma_weekly:https://vbma.org.vn/storage/reports/April2026/20042026-24042026%20%20BAO%20CAO%20TUAN%20TTTP.pdf,vbma_weekly_local-20260528T125059Z,2026-05-28T12:50:59Z
2026-04-24,NAB12602,NHTMCP Nam Á,NGÂN HÀNG,bank,500.0,RIÊNG LẺ,LSTC + 2.6%/NĂM,,2026-04-15,7.0,2033-04-15,>5Y,vbma_weekly:https://vbma.org.vn/storage/reports/April2026/20042026-24042026%20%20BAO%20CAO%20TUAN%20TTTP.pdf,vbma_weekly_local-20260528T125059Z,2026-05-28T12:50:59Z
2026-04-24,NTJ12601,CTCP THỜI ĐẠI MỚI T&T,BẤT ĐỘNG SẢN,real_estate,8000.0,RIÊNG LẺ,10.5%/NĂM,10.5,2026-03-31,4.0,2030-03-31,3Y_5Y,vbma_weekly:https://vbma.org.vn/storage/reports/April2026/20042026-24042026%20%20BAO%20CAO%20TUAN%20TTTP.pdf,vbma_weekly_local-20260528T125059Z,2026-05-28T12:50:59Z
2026-04-24,PDA12601,CT TNHH ĐẦU TƯ VÀ PHÁT TRIỂN BẤT ĐỘNG SẢN PHÁT ĐẠT,BẤT ĐỘNG SẢN,real_estate,2000.0,RIÊNG LẺ,"4 KỲ ĐẦU: 11%/NĂM, CÁC KỲ SAU = LSTC + 2.01%/NĂM NHƯNG KHÔNG THẤP HƠN 11%/NĂM",11.0,2026-03-26,2.0,2028-03-26,<=3Y,vbma_weekly:https://vbma.org.vn/storage/reports/April2026/20042026-24042026%20%20BAO%20CAO%20TUAN%20TTTP.pdf,vbma_weekly_local-20260528T125059Z,2026-05-28T12:50:59Z
2026-04-24,PDA12602,CT TNHH ĐẦU TƯ VÀ PHÁT TRIỂN BẤT ĐỘNG SẢN PHÁT ĐẠT,BẤT ĐỘNG SẢN,real_estate,3600.0,RIÊNG LẺ,11%/NĂM,11.0,2026-03-26,1.0,2027-03-26,<=3Y,vbma_weekly:https://vbma.org.vn/storage/reports/April2026/20042026-24042026%20%20BAO%20CAO%20TUAN%20TTTP.pdf,vbma_weekly_local-20260528T125059Z,2026-05-28T12:50:59Z
2026-04-24,PKC12601,CT TNHH XÂY DỰNG DÂN DỤNG PHÚ QUỐC,XÂY DỰNG,non_bank_corp,1500.0,RIÊNG LẺ,"4 KỲ ĐẦU: LSTC + 4.1%/NĂM NHƯNG KHÔNG THẤP HƠN 11%/NĂM, CÁC KỲ SAU = LSTC + 4.1%/NĂM",4.1,2026-03-31,3.0,2029-03-31,<=3Y,vbma_weekly:https://vbma.org.vn/storage/reports/April2026/20042026-24042026%20%20BAO%20CAO%20TUAN%20TTTP.pdf,vbma_weekly_local-20260528T125059Z,2026-05-28T12:50:59Z
2026-04-24,TCXPO2628001,CTCP CHỨNG KHOÁN KỸ THƯƠNG,CHỨNG KHOÁN,non_bank_corp,1000.0,CÔNG CHÚNG,"KỲ ĐẦU: 8%/NĂM, CÁC KỲ SAU = BÌNH QUÂN LSTK 12T VNĐ (VCB, BIDV, VIETIN, AGRI) + 2.7%/NĂM",8.0,2026-04-01,2.0,2028-04-01,<=3Y,vbma_weekly:https://vbma.org.vn/storage/reports/April2026/20042026-24042026%20%20BAO%20CAO%20TUAN%20TTTP.pdf,vbma_weekly_local-20260528T125059Z,2026-05-28T12:50:59Z
2026-04-24,TMS426010,CTCP TRANSIMEX,CÔNG NGHIỆP,non_bank_corp,400.0,CÔNG CHÚNG,7%/NĂM,7.0,2026-03-27,2.0,2028-03-27,<=3Y,vbma_weekly:https://vbma.org.vn/storage/reports/April2026/20042026-24042026%20%20BAO%20CAO%20TUAN%20TTTP.pdf,vbma_weekly_local-20260528T125059Z,2026-05-28T12:50:59Z
2026-04-24,TP112601,CTCP THIÊN PHÚC INVEST,BẤT ĐỘNG SẢN,real_estate,80.0,RIÊNG LẺ,"2 KỲ ĐẦU: 11.5%/NĂM, CÁC KỲ SAU = LS CƠ SỞ KHDN 12T VNĐ (OCB) + 3.5%/NĂM",11.5,2026-02-06,3.0,2029-02-06,<=3Y,vbma_weekly:https://vbma.org.vn/storage/reports/April2026/20042026-24042026%20%20BAO%20CAO%20TUAN%20TTTP.pdf,vbma_weekly_local-20260528T125059Z,2026-05-28T12:50:59Z
2026-04-24,VDS12601,CTCP CHỨNG KHOÁN RỒNG VIỆT,CHỨNG KHOÁN,non_bank_corp,70.0,RIÊNG LẺ,8.5%/NĂM,8.5,2026-04-03,1.0,2027-04-03,<=3Y,vbma_weekly:https://vbma.org.vn/storage/reports/April2026/20042026-24042026%20%20BAO%20CAO%20TUAN%20TTTP.pdf,vbma_weekly_local-20260528T125059Z,2026-05-28T12:50:59Z
2026-04-24,VHM12601,CTCP VINHOMES,BẤT ĐỘNG SẢN,real_estate,6000.0,RIÊNG LẺ,"2 KỲ ĐẦU: 12.5%/NĂM, CÁC KỲ SAU = LSTC + 2%/NĂM",12.5,2026-04-13,3.0,2029-04-13,<=3Y,vbma_weekly:https://vbma.org.vn/storage/reports/April2026/20042026-24042026%20%20BAO%20CAO%20TUAN%20TTTP.pdf,vbma_weekly_local-20260528T125059Z,2026-05-28T12:50:59Z
2026-04-24,VPB12601,NHTMCP VIỆT NAM THỊNH VƯỢNG,NGÂN HÀNG,bank,1000.0,RIÊNG LẺ,8%/NĂM,8.0,2026-04-06,3.0,2029-04-06,<=3Y,vbma_weekly:https://vbma.org.vn/storage/reports/April2026/20042026-24042026%20%20BAO%20CAO%20TUAN%20TTTP.pdf,vbma_weekly_local-20260528T125059Z,2026-05-28T12:50:59Z
2026-05-08,AGH12601,CT TNHH PHÁT TRIỂN BẤT ĐỘNG SẢN AN GIA HƯNG,BẤT ĐỘNG SẢN,real_estate,1065.0,RIÊNG LẺ,11%/NĂM,11.0,2026-04-23,3.0,2029-04-23,<=3Y,vbma_weekly:https://vbma.org.vn/storage/reports/May2026/28042026-08052026%20%20BAO%20CAO%20TUAN%20TTTP8.pdf,vbma_weekly_local-20260528T125059Z,2026-05-28T12:50:59Z
2026-05-08,BAB12601,NHTMCP BẮC Á,NGÂN HÀNG,bank,2000.0,RIÊNG LẺ,8.4%/NĂM,8.4,2026-04-21,2.0,2028-04-21,<=3Y,vbma_weekly:https://vbma.org.vn/storage/reports/May2026/28042026-08052026%20%20BAO%20CAO%20TUAN%20TTTP8.pdf,vbma_weekly_local-20260528T125059Z,2026-05-28T12:50:59Z
2026-05-08,BPS12601,CTCP BẤT ĐỘNG SẢN BCONS PS,BẤT ĐỘNG SẢN,real_estate,276.0,RIÊNG LẺ,11.5%/NĂM,11.5,2026-04-16,4.0,2030-04-16,3Y_5Y,vbma_weekly:https://vbma.org.vn/storage/reports/May2026/28042026-08052026%20%20BAO%20CAO%20TUAN%20TTTP8.pdf,vbma_weekly_local-20260528T125059Z,2026-05-28T12:50:59Z
2026-05-08,HAG12601,CTCP HOÀNG ANH GIA LAI,"NÔNG NGHIỆP, THỦY SẢN",non_bank_corp,2000.0,RIÊNG LẺ,"02 KỲ ĐẦU: 10,5%/NĂM CÁC KỲ SAU: LSTC + 2,5%/NĂM",10.5,2026-04-29,3.0,2029-04-29,<=3Y,vbma_weekly:https://vbma.org.vn/storage/reports/May2026/28042026-08052026%20%20BAO%20CAO%20TUAN%20TTTP8.pdf,vbma_weekly_local-20260528T125059Z,2026-05-28T12:50:59Z
2026-05-08,HOS12601,CT TNHH HÓA CHẤT HYOSUNG VINA,NGUYÊN VẬT LIỆU,non_bank_corp,200.0,RIÊNG LẺ,9%/NĂM,9.0,2026-04-23,1.0,2027-04-23,<=3Y,vbma_weekly:https://vbma.org.vn/storage/reports/May2026/28042026-08052026%20%20BAO%20CAO%20TUAN%20TTTP8.pdf,vbma_weekly_local-20260528T125059Z,2026-05-28T12:50:59Z
2026-05-08,KLB7Y202502,NHTMCP KIÊN LONG,NGÂN HÀNG,bank,1000.0,CÔNG CHÚNG,LSTK 12T (KLB) + 1.8%/NĂM,,2026-04-28,7.0,2033-04-28,>5Y,vbma_weekly:https://vbma.org.vn/storage/reports/May2026/28042026-08052026%20%20BAO%20CAO%20TUAN%20TTTP8.pdf,vbma_weekly_local-20260528T125059Z,2026-05-28T12:50:59Z
2026-05-08,LOC32601,CTCP THƯƠNG MẠI XUẤT NHẬP KHẨU TAM TÀI LỘC,BẤT ĐỘNG SẢN,real_estate,5700.0,RIÊNG LẺ,10%/NĂM,10.0,2026-04-23,1.0,2027-04-23,<=3Y,vbma_weekly:https://vbma.org.vn/storage/reports/May2026/28042026-08052026%20%20BAO%20CAO%20TUAN%20TTTP8.pdf,vbma_weekly_local-20260528T125059Z,2026-05-28T12:50:59Z
2026-05-08,MAD12602,CTCP ĐẦU TƯ VÀ PHÁT TRIỂN BẤT ĐỘNG SẢN MINH AN,BẤT ĐỘNG SẢN,real_estate,6200.0,RIÊNG LẺ,10.5%/NĂM,10.5,2026-04-23,3.0,2029-04-23,<=3Y,vbma_weekly:https://vbma.org.vn/storage/reports/May2026/28042026-08052026%20%20BAO%20CAO%20TUAN%20TTTP8.pdf,vbma_weekly_local-20260528T125059Z,2026-05-28T12:50:59Z
2026-05-08,MAD32601,CTCP ĐẦU TƯ VÀ PHÁT TRIỂN BẤT ĐỘNG SẢN MINH AN,BẤT ĐỘNG SẢN,real_estate,1300.0,RIÊNG LẺ,10%/NĂM,10.0,2026-04-23,1.0,2027-04-23,<=3Y,vbma_weekly:https://vbma.org.vn/storage/reports/May2026/28042026-08052026%20%20BAO%20CAO%20TUAN%20TTTP8.pdf,vbma_weekly_local-20260528T125059Z,2026-05-28T12:50:59Z
2026-05-08,MBB12601,NHTMCP QUÂN ĐỘI,NGÂN HÀNG,bank,500.0,RIÊNG LẺ,8%/NĂM,8.0,2026-04-21,7.0,2033-04-21,>5Y,vbma_weekly:https://vbma.org.vn/storage/reports/May2026/28042026-08052026%20%20BAO%20CAO%20TUAN%20TTTP8.pdf,vbma_weekly_local-20260528T125059Z,2026-05-28T12:50:59Z
2026-05-08,MBB12602,NHTMCP QUÂN ĐỘI,NGÂN HÀNG,bank,1200.0,RIÊNG LẺ,8%/NĂM,8.0,2026-04-22,7.0,2033-04-22,>5Y,vbma_weekly:https://vbma.org.vn/storage/reports/May2026/28042026-08052026%20%20BAO%20CAO%20TUAN%20TTTP8.pdf,vbma_weekly_local-20260528T125059Z,2026-05-28T12:50:59Z
2026-05-08,MSB12601,NHTMCP HÀNG HẢI VIỆT NAM,NGÂN HÀNG,bank,2000.0,RIÊNG LẺ,8.4%/NĂM,8.4,2026-04-22,3.0,2029-04-22,<=3Y,vbma_weekly:https://vbma.org.vn/storage/reports/May2026/28042026-08052026%20%20BAO%20CAO%20TUAN%20TTTP8.pdf,vbma_weekly_local-20260528T125059Z,2026-05-28T12:50:59Z
2026-05-08,NAB12602,NHTMCP Nam Á,NGÂN HÀNG,bank,400.0,RIÊNG LẺ,LSTC + 2.6%/NĂM,,2026-04-15,7.0,2033-04-15,>5Y,vbma_weekly:https://vbma.org.vn/storage/reports/May2026/28042026-08052026%20%20BAO%20CAO%20TUAN%20TTTP8.pdf,vbma_weekly_local-20260528T125059Z,2026-05-28T12:50:59Z
2026-05-08,NAB12603,NHTMCP NAM Á,NGÂN HÀNG,bank,1000.0,RIÊNG LẺ,8%/NĂM,8.0,2026-04-28,2.0,2028-04-28,<=3Y,vbma_weekly:https://vbma.org.vn/storage/reports/May2026/28042026-08052026%20%20BAO%20CAO%20TUAN%20TTTP8.pdf,vbma_weekly_local-20260528T125059Z,2026-05-28T12:50:59Z
2026-05-08,OCB12601,NHTMCP PHƯƠNG ĐÔNG,NGÂN HÀNG,bank,1900.0,RIÊNG LẺ,8.6%/NĂM,8.6,2026-04-28,3.0,2029-04-28,<=3Y,vbma_weekly:https://vbma.org.vn/storage/reports/May2026/28042026-08052026%20%20BAO%20CAO%20TUAN%20TTTP8.pdf,vbma_weekly_local-20260528T125059Z,2026-05-28T12:50:59Z
2026-05-08,OCB12602,NHTMCP PHƯƠNG ĐÔNG,NGÂN HÀNG,bank,1000.0,RIÊNG LẺ,8.6%/NĂM,8.6,2026-04-29,3.0,2029-04-29,<=3Y,vbma_weekly:https://vbma.org.vn/storage/reports/May2026/28042026-08052026%20%20BAO%20CAO%20TUAN%20TTTP8.pdf,vbma_weekly_local-20260528T125059Z,2026-05-28T12:50:59Z
2026-05-08,TCB12601,NHTMCP KỸ THƯƠNG VIỆT NAM,NGÂN HÀNG,bank,2500.0,RIÊNG LẺ,8.7%/NĂM,8.7,2026-04-24,3.0,2029-04-24,<=3Y,vbma_weekly:https://vbma.org.vn/storage/reports/May2026/28042026-08052026%20%20BAO%20CAO%20TUAN%20TTTP8.pdf,vbma_weekly_local-20260528T125059Z,2026-05-28T12:50:59Z
2026-05-08,TCB12602,NHTMCP KỸ THƯƠNG VIỆT NAM,NGÂN HÀNG,bank,500.0,RIÊNG LẺ,8.5%/NĂM,8.5,2026-04-24,3.0,2029-04-24,<=3Y,vbma_weekly:https://vbma.org.vn/storage/reports/May2026/28042026-08052026%20%20BAO%20CAO%20TUAN%20TTTP8.pdf,vbma_weekly_local-20260528T125059Z,2026-05-28T12:50:59Z
2026-05-08,TCB12603,NHTMCP KỸ THƯƠNG VIỆT NAM,NGÂN HÀNG,bank,2000.0,RIÊNG LẺ,8.6%/NĂM,8.6,2026-04-24,3.0,2029-04-24,<=3Y,vbma_weekly:https://vbma.org.vn/storage/reports/May2026/28042026-08052026%20%20BAO%20CAO%20TUAN%20TTTP8.pdf,vbma_weekly_local-20260528T125059Z,2026-05-28T12:50:59Z
2026-05-08,TCB12604,NHTMCP KỸ THƯƠNG VIỆT NAM,NGÂN HÀNG,bank,3000.0,RIÊNG LẺ,8.9%/NĂM,8.9,2026-04-28,3.0,2029-04-28,<=3Y,vbma_weekly:https://vbma.org.vn/storage/reports/May2026/28042026-08052026%20%20BAO%20CAO%20TUAN%20TTTP8.pdf,vbma_weekly_local-20260528T125059Z,2026-05-28T12:50:59Z
2026-05-08,TCXPO2628001,CTCP CHỨNG KHOÁN KỸ THƯƠNG,CHỨNG KHOÁN,non_bank_corp,1000.0,CÔNG CHÚNG,"KỲ ĐẦU: 8%/NĂM, CÁC KỲ SAU = BÌNH QUÂN LSTK 12T VNĐ (VCB, BIDV, VIETIN, AGRI) + 2.7%/NĂM",8.0,2026-04-01,2.0,2028-04-01,<=3Y,vbma_weekly:https://vbma.org.vn/storage/reports/May2026/28042026-08052026%20%20BAO%20CAO%20TUAN%20TTTP8.pdf,vbma_weekly_local-20260528T125059Z,2026-05-28T12:50:59Z
2026-05-08,THL12601,CT TNHH THĂNG LONG,BẤT ĐỘNG SẢN,real_estate,459.0,RIÊNG LẺ,FLOOR 9%/NĂM | LS THẢ NỔI = LS CƠ SỞ KHDN LỚN 3T VNĐ (TECHCOMBANK),9.0,2026-04-24,5.0,2031-04-24,3Y_5Y,vbma_weekly:https://vbma.org.vn/storage/reports/May2026/28042026-08052026%20%20BAO%20CAO%20TUAN%20TTTP8.pdf,vbma_weekly_local-20260528T125059Z,2026-05-28T12:50:59Z
2026-05-08,TSO12601,CTCP ĐẦU TƯ XÂY DỰNG THÁI SƠN,BẤT ĐỘNG SẢN,real_estate,2000.0,RIÊNG LẺ,12.5%/NĂM,12.5,2026-05-06,3.0,2029-05-06,<=3Y,vbma_weekly:https://vbma.org.vn/storage/reports/May2026/28042026-08052026%20%20BAO%20CAO%20TUAN%20TTTP8.pdf,vbma_weekly_local-20260528T125059Z,2026-05-28T12:50:59Z
2026-05-08,VAB12601,NHTMCP VIỆT Á,NGÂN HÀNG,bank,100.0,RIÊNG LẺ,"KỲ ĐẦU: 9,0%/NĂM CÁC KỲ SAU: BQLSTKCN 12T VNĐ (BIDV, CTG, AGRIBANK, VCB) + 3,5%/NĂM; TRƯỜNG HỢP KHÔNG MUA LẠI: + 5,5%/NĂM (02 NĂM CUỐI)",9.0,2026-04-23,7.0,2033-04-23,>5Y,vbma_weekly:https://vbma.org.vn/storage/reports/May2026/28042026-08052026%20%20BAO%20CAO%20TUAN%20TTTP8.pdf,vbma_weekly_local-20260528T125059Z,2026-05-28T12:50:59Z
2026-05-08,VHM12601,CTCP VINHOMES,BẤT ĐỘNG SẢN,real_estate,6000.0,RIÊNG LẺ,"2 KỲ ĐẦU: 12.5%/NĂM, CÁC KỲ SAU = LSTC + 2%/NĂM",12.5,2026-04-13,3.0,2029-04-13,<=3Y,vbma_weekly:https://vbma.org.vn/storage/reports/May2026/28042026-08052026%20%20BAO%20CAO%20TUAN%20TTTP8.pdf,vbma_weekly_local-20260528T125059Z,2026-05-28T12:50:59Z
2026-05-08,VPB12601,NHTMCP VIỆT NAM THỊNH VƯỢNG,NGÂN HÀNG,bank,1000.0,RIÊNG LẺ,8%/NĂM,8.0,2026-04-06,3.0,2029-04-06,<=3Y,vbma_weekly:https://vbma.org.vn/storage/reports/May2026/28042026-08052026%20%20BAO%20CAO%20TUAN%20TTTP8.pdf,vbma_weekly_local-20260528T125059Z,2026-05-28T12:50:59Z
2026-05-08,VPI12601,CTCP PHÁT TRIỂN BẤT ĐỘNG SẢN VĂN PHÚ,BẤT ĐỘNG SẢN,real_estate,150.0,RIÊNG LẺ,"02 KỲ ĐẦU: 11,5%/NĂM CÁC KỲ SAU: BQLSTKCN 12T VNĐ (VCB, BIDV, CTG, AGRIBANK) + 4,5%/NĂM (TỐI THIỂU 10,0%/NĂM)",11.5,2026-04-23,3.0,2029-04-23,<=3Y,vbma_weekly:https://vbma.org.vn/storage/reports/May2026/28042026-08052026%20%20BAO%20CAO%20TUAN%20TTTP8.pdf,vbma_weekly_local-20260528T125059Z,2026-05-28T12:50:59Z
2026-05-15,BAB12602,NHTMCP BẮC Á,NGÂN HÀNG,bank,1000.0,RIÊNG LẺ,"6 THÁNG ĐẦU: 8,6%/NĂM CÁC KỲ SAU: VNIBOR 3T + 0,8%/NĂM (XÁC ĐỊNH LẠI MỖI 3 THÁNG)",8.6,2026-05-07,2.0,2028-05-07,<=3Y,vbma_weekly:https://vbma.org.vn/storage/reports/May2026/11052026-15052026%20%20BAO%20CAO%20TUAN%20TTTP1.pdf,vbma_weekly_local-20260528T125059Z,2026-05-28T12:50:59Z
2026-05-15,F88126015,CTCP KINH DOANH F88,TÀI CHÍNH,non_bank_corp,300.0,CÔNG CHÚNG,10%/NĂM,10.0,2026-05-07,2.0,2028-05-07,<=3Y,vbma_weekly:https://vbma.org.vn/storage/reports/May2026/11052026-15052026%20%20BAO%20CAO%20TUAN%20TTTP1.pdf,vbma_weekly_local-20260528T125059Z,2026-05-28T12:50:59Z
2026-05-15,MSB12602,NHTMCP HÀNG HẢI VIỆT NAM,NGÂN HÀNG,bank,1000.0,RIÊNG LẺ,8.4%/NĂM,8.4,2026-05-12,3.0,2029-05-12,<=3Y,vbma_weekly:https://vbma.org.vn/storage/reports/May2026/11052026-15052026%20%20BAO%20CAO%20TUAN%20TTTP1.pdf,vbma_weekly_local-20260528T125059Z,2026-05-28T12:50:59Z
2026-05-15,NAB12603,NHTMCP NAM Á,NGÂN HÀNG,bank,1000.0,RIÊNG LẺ,8%/NĂM,8.0,2026-04-28,2.0,2028-04-28,<=3Y,vbma_weekly:https://vbma.org.vn/storage/reports/May2026/11052026-15052026%20%20BAO%20CAO%20TUAN%20TTTP1.pdf,vbma_weekly_local-20260528T125059Z,2026-05-28T12:50:59Z
2026-05-15,VHM12602,CTCP VINHOMES,BẤT ĐỘNG SẢN,real_estate,2000.0,RIÊNG LẺ,"02 KỲ ĐẦU: 12,5%/NĂM CÁC KỲ SAU: LSTC + 2,0%/NĂM (TỐI THIỂU 12,5%/NĂM)",12.5,2026-05-11,3.0,2029-05-11,<=3Y,vbma_weekly:https://vbma.org.vn/storage/reports/May2026/11052026-15052026%20%20BAO%20CAO%20TUAN%20TTTP1.pdf,vbma_weekly_local-20260528T125059Z,2026-05-28T12:50:59Z
2026-05-15,VHM12604,CTCP VINHOMES,BẤT ĐỘNG SẢN,real_estate,1000.0,RIÊNG LẺ,"02 KỲ ĐẦU: 12,5%/NĂM CÁC KỲ SAU: LSTC + 2,0%/NĂM (TỐI THIỂU 12,5%/NĂM)",12.5,2026-05-11,3.0,2029-05-11,<=3Y,vbma_weekly:https://vbma.org.vn/storage/reports/May2026/11052026-15052026%20%20BAO%20CAO%20TUAN%20TTTP1.pdf,vbma_weekly_local-20260528T125059Z,2026-05-28T12:50:59Z
2026-05-15,VPI12602,CTCP PHÁT TRIỂN BẤT ĐỘNG SẢN VĂN PHÚ,BẤT ĐỘNG SẢN,real_estate,180.0,RIÊNG LẺ,11.5%/NĂM,11.5,2026-05-07,3.0,2029-05-07,<=3Y,vbma_weekly:https://vbma.org.vn/storage/reports/May2026/11052026-15052026%20%20BAO%20CAO%20TUAN%20TTTP1.pdf,vbma_weekly_local-20260528T125059Z,2026-05-28T12:50:59Z
2026-05-22,BAB12602,NHTMCP BẮC Á,NGÂN HÀNG,bank,1000.0,RIÊNG LẺ,"6 THÁNG ĐẦU: 8,6%/NĂM CÁC KỲ SAU: VNIBOR 3T + 0,8%/NĂM (XÁC ĐỊNH LẠI MỖI 3 THÁNG)",8.6,2026-05-07,2.0,2028-05-07,<=3Y,vbma_weekly:https://vbma.org.vn/storage/reports/May2026/18052026-22052026  BAO CAO TUAN TTTP.pdf,vbma_weekly_local-20260601T055251Z,2026-06-01T05:52:51Z
2026-05-22,BAB12603,NHTMCP BẮC Á,NGÂN HÀNG,bank,1000.0,RIÊNG LẺ,8.4%/NĂM,8.4,2026-05-13,2.0,2028-05-13,<=3Y,vbma_weekly:https://vbma.org.vn/storage/reports/May2026/18052026-22052026  BAO CAO TUAN TTTP.pdf,vbma_weekly_local-20260601T055251Z,2026-06-01T05:52:51Z
2026-05-22,BAB12604,NHTMCP BẮC Á,NGÂN HÀNG,bank,1000.0,RIÊNG LẺ,"6 THÁNG ĐẦU: 8,6%/NĂM CÁC KỲ SAU: VNIBOR 3T + 0,8%/NĂM (XÁC ĐỊNH LẠI MỖI 3 THÁNG)",8.6,2026-05-14,2.0,2028-05-14,<=3Y,vbma_weekly:https://vbma.org.vn/storage/reports/May2026/18052026-22052026  BAO CAO TUAN TTTP.pdf,vbma_weekly_local-20260601T055251Z,2026-06-01T05:52:51Z
2026-05-22,F88126015,CTCP KINH DOANH F88,TÀI CHÍNH,non_bank_corp,300.0,CÔNG CHÚNG,10%/NĂM,10.0,2026-05-07,2.0,2028-05-07,<=3Y,vbma_weekly:https://vbma.org.vn/storage/reports/May2026/18052026-22052026  BAO CAO TUAN TTTP.pdf,vbma_weekly_local-20260601T055251Z,2026-06-01T05:52:51Z
2026-05-22,HDB12601,NHTMCP PHÁT TRIỂN THÀNH PHỐ HỒ CHÍ MINH,NGÂN HÀNG,bank,50.0,RIÊNG LẺ,LSTC + 2.7%/NĂM,,2026-05-19,8.0,2034-05-19,>5Y,vbma_weekly:https://vbma.org.vn/storage/reports/May2026/18052026-22052026  BAO CAO TUAN TTTP.pdf,vbma_weekly_local-20260601T055251Z,2026-06-01T05:52:51Z
2026-05-22,MBB12603,NHTMCP QUÂN ĐỘI,NGÂN HÀNG,bank,3500.0,RIÊNG LẺ,"BQLSTKCN 12T VNĐ (VCB, BIDV, CTG, AGRIBANK) + 2,3%/NĂM; TRƯỜNG HỢP KHÔNG MUA LẠI (NĂM 6-10): + 4,0%/NĂM",,2026-05-12,10.0,2036-05-12,>5Y,vbma_weekly:https://vbma.org.vn/storage/reports/May2026/18052026-22052026  BAO CAO TUAN TTTP.pdf,vbma_weekly_local-20260601T055251Z,2026-06-01T05:52:51Z
2026-05-22,MBB12604,NHTMCP QUÂN ĐỘI,NGÂN HÀNG,bank,300.0,RIÊNG LẺ,8.3%/NĂM,8.3,2026-05-15,10.0,2036-05-15,>5Y,vbma_weekly:https://vbma.org.vn/storage/reports/May2026/18052026-22052026  BAO CAO TUAN TTTP.pdf,vbma_weekly_local-20260601T055251Z,2026-06-01T05:52:51Z
2026-05-22,MBB12606,NHTMCP QUÂN ĐỘI,NGÂN HÀNG,bank,50.0,RIÊNG LẺ,8.3%/NĂM,8.3,2026-05-15,10.0,2036-05-15,>5Y,vbma_weekly:https://vbma.org.vn/storage/reports/May2026/18052026-22052026  BAO CAO TUAN TTTP.pdf,vbma_weekly_local-20260601T055251Z,2026-06-01T05:52:51Z
2026-05-22,MBB12607,NHTMCP QUÂN ĐỘI,NGÂN HÀNG,bank,100.0,RIÊNG LẺ,8.3%/NĂM,8.3,2026-05-19,10.0,2036-05-19,>5Y,vbma_weekly:https://vbma.org.vn/storage/reports/May2026/18052026-22052026  BAO CAO TUAN TTTP.pdf,vbma_weekly_local-20260601T055251Z,2026-06-01T05:52:51Z
2026-05-22,MSB12602,NHTMCP HÀNG HẢI VIỆT NAM,NGÂN HÀNG,bank,1000.0,RIÊNG LẺ,8.4%/NĂM,8.4,2026-05-12,3.0,2029-05-12,<=3Y,vbma_weekly:https://vbma.org.vn/storage/reports/May2026/18052026-22052026  BAO CAO TUAN TTTP.pdf,vbma_weekly_local-20260601T055251Z,2026-06-01T05:52:51Z
2026-05-22,MSB12603,NHTMCP HÀNG HẢI VIỆT NAM,NGÂN HÀNG,bank,2000.0,RIÊNG LẺ,8.45%/NĂM,8.45,2026-05-20,3.0,2029-05-20,<=3Y,vbma_weekly:https://vbma.org.vn/storage/reports/May2026/18052026-22052026  BAO CAO TUAN TTTP.pdf,vbma_weekly_local-20260601T055251Z,2026-06-01T05:52:51Z
2026-05-22,TCB12605,NHTMCP KỸ THƯƠNG VIỆT NAM,NGÂN HÀNG,bank,2000.0,RIÊNG LẺ,8.4%/NĂM,8.4,2026-05-18,3.0,2029-05-18,<=3Y,vbma_weekly:https://vbma.org.vn/storage/reports/May2026/18052026-22052026  BAO CAO TUAN TTTP.pdf,vbma_weekly_local-20260601T055251Z,2026-06-01T05:52:51Z
2026-05-22,TSO12601,CTCP ĐẦU TƯ XÂY DỰNG THÁI SƠN,BẤT ĐỘNG SẢN,real_estate,2000.0,RIÊNG LẺ,12.5%/NĂM,12.5,2026-05-06,3.0,2029-05-06,<=3Y,vbma_weekly:https://vbma.org.vn/storage/reports/May2026/18052026-22052026  BAO CAO TUAN TTTP.pdf,vbma_weekly_local-20260601T055251Z,2026-06-01T05:52:51Z
2026-05-22,VHM12602,CTCP VINHOMES,BẤT ĐỘNG SẢN,real_estate,2000.0,RIÊNG LẺ,"02 KỲ ĐẦU: 12,5%/NĂM CÁC KỲ SAU: LSTC + 2,0%/NĂM (TỐI THIỂU 12,5%/NĂM)",12.5,2026-05-11,3.0,2029-05-11,<=3Y,vbma_weekly:https://vbma.org.vn/storage/reports/May2026/18052026-22052026  BAO CAO TUAN TTTP.pdf,vbma_weekly_local-20260601T055251Z,2026-06-01T05:52:51Z
2026-05-22,VHM12604,CTCP VINHOMES,BẤT ĐỘNG SẢN,real_estate,1000.0,RIÊNG LẺ,"02 KỲ ĐẦU: 12,5%/NĂM CÁC KỲ SAU: LSTC + 2,0%/NĂM (TỐI THIỂU 12,5%/NĂM)",12.5,2026-05-11,3.0,2029-05-11,<=3Y,vbma_weekly:https://vbma.org.vn/storage/reports/May2026/18052026-22052026  BAO CAO TUAN TTTP.pdf,vbma_weekly_local-20260601T055251Z,2026-06-01T05:52:51Z
2026-05-22,VPI12602,CTCP PHÁT TRIỂN BẤT ĐỘNG SẢN VĂN PHÚ,BẤT ĐỘNG SẢN,real_estate,180.0,RIÊNG LẺ,11.5%/NĂM,11.5,2026-05-07,3.0,2029-05-07,<=3Y,vbma_weekly:https://vbma.org.vn/storage/reports/May2026/18052026-22052026  BAO CAO TUAN TTTP.pdf,vbma_weekly_local-20260601T055251Z,2026-06-01T05:52:51Z
2026-05-29,BAB12602,NHTMCP BẮC Á,NGÂN HÀNG,bank,1000.0,RIÊNG LẺ,"6 THÁNG ĐẦU: 8,6%/NĂM CÁC KỲ SAU: VNIBOR 3T + 0,8%/NĂM (XÁC ĐỊNH LẠI MỖI 3 THÁNG)",8.6,2026-05-07,2.0,2028-05-07,<=3Y,vbma_weekly:https://vbma.org.vn/storage/reports/June2026/25052026-29052026 BAO CAO TUAN TTTP.pdf,vbma_weekly_local-20260708T043116Z,2026-07-08T04:31:16Z
2026-05-29,BAB12603,NHTMCP BẮC Á,NGÂN HÀNG,bank,1000.0,RIÊNG LẺ,8.4%/NĂM,8.4,2026-05-13,2.0,2028-05-13,<=3Y,vbma_weekly:https://vbma.org.vn/storage/reports/June2026/25052026-29052026 BAO CAO TUAN TTTP.pdf,vbma_weekly_local-20260708T043116Z,2026-07-08T04:31:16Z
2026-05-29,BAB12604,NHTMCP BẮC Á,NGÂN HÀNG,bank,1000.0,RIÊNG LẺ,"6 THÁNG ĐẦU: 8,6%/NĂM CÁC KỲ SAU: VNIBOR 3T + 0,8%/NĂM (XÁC ĐỊNH LẠI MỖI 3 THÁNG)",8.6,2026-05-14,2.0,2028-05-14,<=3Y,vbma_weekly:https://vbma.org.vn/storage/reports/June2026/25052026-29052026 BAO CAO TUAN TTTP.pdf,vbma_weekly_local-20260708T043116Z,2026-07-08T04:31:16Z
2026-05-29,BIDL2633004C,NHTMCP ĐẦU TƯ VÀ PHÁT TRIỂN VIỆT NAM,NGÂN HÀNG,bank,1015.0,CÔNG CHÚNG,"BQLSTKCN 12T VNĐ (AGRIBANK, VCB, CTG, BIDV - HN) + 1,8%/NĂM; TRƯỜNG HỢP KHÔNG MUA LẠI: + 4,3%/NĂM (02 NĂM CUỐI)",,2026-05-20,7.0,2033-05-20,>5Y,vbma_weekly:https://vbma.org.vn/storage/reports/June2026/25052026-29052026 BAO CAO TUAN TTTP.pdf,vbma_weekly_local-20260708T043116Z,2026-07-08T04:31:16Z
2026-05-29,BIDL2633005C,NHTMCP ĐẦU TƯ VÀ PHÁT TRIỂN VIỆT NAM,NGÂN HÀNG,bank,1000.0,CÔNG CHÚNG,"BQLSTKCN 12T VNĐ (AGRIBANK, VCB, CTG, BIDV - HN) + 1.85%/NĂM; TRƯỜNG HỢP KHÔNG MUA LẠI: + 3.52%/NĂM (03 NĂM CUỐI)",,2026-05-20,8.0,2034-05-20,>5Y,vbma_weekly:https://vbma.org.vn/storage/reports/June2026/25052026-29052026 BAO CAO TUAN TTTP.pdf,vbma_weekly_local-20260708T043116Z,2026-07-08T04:31:16Z
2026-05-29,BIDL2633006C,NHTMCP ĐẦU TƯ VÀ PHÁT TRIỂN VIỆT NAM,NGÂN HÀNG,bank,1684.0,CÔNG CHÚNG,"BQLSTKCN 12T VNĐ (AGRIBANK, VCB, CTG, BIDV - HN) + 1.9%/NĂM; TRƯỜNG HỢP KHÔNG MUA LẠI: + 2,9%/NĂM (05 NĂM CUỐI)",,2026-05-20,10.0,2036-05-20,>5Y,vbma_weekly:https://vbma.org.vn/storage/reports/June2026/25052026-29052026 BAO CAO TUAN TTTP.pdf,vbma_weekly_local-20260708T043116Z,2026-07-08T04:31:16Z
2026-05-29,EVF12602,CT TÀI CHÍNH TỔNG HỢP CỔ PHẦN ĐIỆN LỰC,TÀI CHÍNH,non_bank_corp,550.0,RIÊNG LẺ,8.5%/NĂM,8.5,2026-05-20,7.0,2033-05-20,>5Y,vbma_weekly:https://vbma.org.vn/storage/reports/June2026/25052026-29052026 BAO CAO TUAN TTTP.pdf,vbma_weekly_local-20260708T043116Z,2026-07-08T04:31:16Z
2026-05-29,F88126015,CTCP KINH DOANH F88,TÀI CHÍNH,non_bank_corp,300.0,CÔNG CHÚNG,10%/NĂM,10.0,2026-05-07,2.0,2028-05-07,<=3Y,vbma_weekly:https://vbma.org.vn/storage/reports/June2026/25052026-29052026 BAO CAO TUAN TTTP.pdf,vbma_weekly_local-20260708T043116Z,2026-07-08T04:31:16Z
2026-05-29,HCV12601,CT TÀI CHÍNH TNHH MỘT THÀNH VIÊN HOME CREDIT VIỆT NAM,TÀI CHÍNH,non_bank_corp,150.0,RIÊNG LẺ,9.8%/NĂM,9.8,2026-05-20,3.0,2029-05-20,<=3Y,vbma_weekly:https://vbma.org.vn/storage/reports/June2026/25052026-29052026 BAO CAO TUAN TTTP.pdf,vbma_weekly_local-20260708T043116Z,2026-07-08T04:31:16Z
2026-05-29,HDB12601,NHTMCP PHÁT TRIỂN THÀNH PHỐ HỒ CHÍ MINH,NGÂN HÀNG,bank,50.0,RIÊNG LẺ,LSTC + 2.7%/NĂM,,2026-05-19,8.0,2034-05-19,>5Y,vbma_weekly:https://vbma.org.vn/storage/reports/June2026/25052026-29052026 BAO CAO TUAN TTTP.pdf,vbma_weekly_local-20260708T043116Z,2026-07-08T04:31:16Z
2026-05-29,MBB12603,NHTMCP QUÂN ĐỘI,NGÂN HÀNG,bank,3500.0,RIÊNG LẺ,"BQLSTKCN 12T VNĐ (VCB, BIDV, CTG, AGRIBANK) + 2,3%/NĂM; TRƯỜNG HỢP KHÔNG MUA LẠI (NĂM 6-10): + 4,0%/NĂM",,2026-05-12,10.0,2036-05-12,>5Y,vbma_weekly:https://vbma.org.vn/storage/reports/June2026/25052026-29052026 BAO CAO TUAN TTTP.pdf,vbma_weekly_local-20260708T043116Z,2026-07-08T04:31:16Z
2026-05-29,MBB12604,NHTMCP QUÂN ĐỘI,NGÂN HÀNG,bank,300.0,RIÊNG LẺ,8.3%/NĂM,8.3,2026-05-15,10.0,2036-05-15,>5Y,vbma_weekly:https://vbma.org.vn/storage/reports/June2026/25052026-29052026 BAO CAO TUAN TTTP.pdf,vbma_weekly_local-20260708T043116Z,2026-07-08T04:31:16Z
2026-05-29,MBB12606,NHTMCP QUÂN ĐỘI,NGÂN HÀNG,bank,50.0,RIÊNG LẺ,8.3%/NĂM,8.3,2026-05-15,10.0,2036-05-15,>5Y,vbma_weekly:https://vbma.org.vn/storage/reports/June2026/25052026-29052026 BAO CAO TUAN TTTP.pdf,vbma_weekly_local-20260708T043116Z,2026-07-08T04:31:16Z
2026-05-29,MBB12607,NHTMCP QUÂN ĐỘI,NGÂN HÀNG,bank,100.0,RIÊNG LẺ,8.3%/NĂM,8.3,2026-05-19,10.0,2036-05-19,>5Y,vbma_weekly:https://vbma.org.vn/storage/reports/June2026/25052026-29052026 BAO CAO TUAN TTTP.pdf,vbma_weekly_local-20260708T043116Z,2026-07-08T04:31:16Z
2026-05-29,MBB12608,NHTMCP QUÂN ĐỘI,NGÂN HÀNG,bank,3000.0,RIÊNG LẺ,8.3%/NĂM,8.3,2026-05-21,3.0,2029-05-21,<=3Y,vbma_weekly:https://vbma.org.vn/storage/reports/June2026/25052026-29052026 BAO CAO TUAN TTTP.pdf,vbma_weekly_local-20260708T043116Z,2026-07-08T04:31:16Z
2026-05-29,MBB12609,NHTMCP QUÂN ĐỘI,NGÂN HÀNG,bank,200.0,RIÊNG LẺ,8.3%/NĂM,8.3,2026-05-26,10.0,2036-05-26,>5Y,vbma_weekly:https://vbma.org.vn/storage/reports/June2026/25052026-29052026 BAO CAO TUAN TTTP.pdf,vbma_weekly_local-20260708T043116Z,2026-07-08T04:31:16Z
2026-05-29,MSB12602,NHTMCP HÀNG HẢI VIỆT NAM,NGÂN HÀNG,bank,1000.0,RIÊNG LẺ,8.4%/NĂM,8.4,2026-05-12,3.0,2029-05-12,<=3Y,vbma_weekly:https://vbma.org.vn/storage/reports/June2026/25052026-29052026 BAO CAO TUAN TTTP.pdf,vbma_weekly_local-20260708T043116Z,2026-07-08T04:31:16Z
2026-05-29,MSB12603,NHTMCP HÀNG HẢI VIỆT NAM,NGÂN HÀNG,bank,2000.0,RIÊNG LẺ,8.45%/NĂM,8.45,2026-05-20,3.0,2029-05-20,<=3Y,vbma_weekly:https://vbma.org.vn/storage/reports/June2026/25052026-29052026 BAO CAO TUAN TTTP.pdf,vbma_weekly_local-20260708T043116Z,2026-07-08T04:31:16Z
2026-05-29,OCB12603,NHTMCP PHƯƠNG ĐÔNG,NGÂN HÀNG,bank,1000.0,RIÊNG LẺ,8.6%/NĂM,8.6,2026-05-21,3.0,2029-05-21,<=3Y,vbma_weekly:https://vbma.org.vn/storage/reports/June2026/25052026-29052026 BAO CAO TUAN TTTP.pdf,vbma_weekly_local-20260708T043116Z,2026-07-08T04:31:16Z
2026-05-29,OCB12604,NHTMCP PHƯƠNG ĐÔNG,NGÂN HÀNG,bank,1000.0,RIÊNG LẺ,8.5%/NĂM,8.5,2026-05-26,3.0,2029-05-26,<=3Y,vbma_weekly:https://vbma.org.vn/storage/reports/June2026/25052026-29052026 BAO CAO TUAN TTTP.pdf,vbma_weekly_local-20260708T043116Z,2026-07-08T04:31:16Z
2026-05-29,OCB12605,NHTMCP PHƯƠNG ĐÔNG,NGÂN HÀNG,bank,1000.0,RIÊNG LẺ,8.6%/NĂM,8.6,2026-05-28,2.0,2028-05-28,<=3Y,vbma_weekly:https://vbma.org.vn/storage/reports/June2026/25052026-29052026 BAO CAO TUAN TTTP.pdf,vbma_weekly_local-20260708T043116Z,2026-07-08T04:31:16Z
2026-05-29,SCM12601,CTCP ĐẦU TƯ SCOMMERCE,TIỆN ÍCH,non_bank_corp,580.0,RIÊNG LẺ,6.7%/NĂM,6.7,2026-05-22,7.0,2033-05-22,>5Y,vbma_weekly:https://vbma.org.vn/storage/reports/June2026/25052026-29052026 BAO CAO TUAN TTTP.pdf,vbma_weekly_local-20260708T043116Z,2026-07-08T04:31:16Z
2026-05-29,TCB12605,NHTMCP KỸ THƯƠNG VIỆT NAM,NGÂN HÀNG,bank,2000.0,RIÊNG LẺ,8.4%/NĂM,8.4,2026-05-18,3.0,2029-05-18,<=3Y,vbma_weekly:https://vbma.org.vn/storage/reports/June2026/25052026-29052026 BAO CAO TUAN TTTP.pdf,vbma_weekly_local-20260708T043116Z,2026-07-08T04:31:16Z
2026-05-29,TCB12606,NHTMCP KỸ THƯƠNG VIỆT NAM,NGÂN HÀNG,bank,2000.0,RIÊNG LẺ,8.4%/NĂM,8.4,2026-05-22,3.0,2029-05-22,<=3Y,vbma_weekly:https://vbma.org.vn/storage/reports/June2026/25052026-29052026 BAO CAO TUAN TTTP.pdf,vbma_weekly_local-20260708T043116Z,2026-07-08T04:31:16Z
2026-05-29,TCB12607,NHTMCP KỸ THƯƠNG VIỆT NAM,NGÂN HÀNG,bank,3500.0,RIÊNG LẺ,8.4%/NĂM,8.4,2026-05-27,3.0,2029-05-27,<=3Y,vbma_weekly:https://vbma.org.vn/storage/reports/June2026/25052026-29052026 BAO CAO TUAN TTTP.pdf,vbma_weekly_local-20260708T043116Z,2026-07-08T04:31:16Z
2026-05-29,TRE32601,CTCP NĂNG LƯỢNG TÁI TẠO TRUNG NAM,NĂNG LƯỢNG,non_bank_corp,1930.0,RIÊNG LẺ,"KỲ ĐẦU: 10,70%/NĂM CÁC KỲ SAU: BQLSTKCN 12T VNĐ (CTG, AGRIBANK, VCB, BIDV) + 5,50%/NĂM",10.7,2026-05-18,4.0,2030-05-18,3Y_5Y,vbma_weekly:https://vbma.org.vn/storage/reports/June2026/25052026-29052026 BAO CAO TUAN TTTP.pdf,vbma_weekly_local-20260708T043116Z,2026-07-08T04:31:16Z
2026-05-29,TRE32602,CTCP NĂNG LƯỢNG TÁI TẠO TRUNG NAM,NĂNG LƯỢNG,non_bank_corp,173.0,RIÊNG LẺ,"KỲ ĐẦU: 10,70%/NĂM CÁC KỲ SAU: BQLSTKCN 12T VNĐ (CTG, AGRIBANK, VCB, BIDV) + 5,50%/NĂM",10.7,2026-05-18,1.0,2027-05-18,<=3Y,vbma_weekly:https://vbma.org.vn/storage/reports/June2026/25052026-29052026 BAO CAO TUAN TTTP.pdf,vbma_weekly_local-20260708T043116Z,2026-07-08T04:31:16Z
2026-05-29,TSO12601,CTCP ĐẦU TƯ XÂY DỰNG THÁI SƠN,BẤT ĐỘNG SẢN,real_estate,2000.0,RIÊNG LẺ,12.5%/NĂM,12.5,2026-05-06,3.0,2029-05-06,<=3Y,vbma_weekly:https://vbma.org.vn/storage/reports/June2026/25052026-29052026 BAO CAO TUAN TTTP.pdf,vbma_weekly_local-20260708T043116Z,2026-07-08T04:31:16Z
2026-05-29,TSO12602,CTCP ĐẦU TƯ XÂY DỰNG THÁI SƠN,BẤT ĐỘNG SẢN,real_estate,2000.0,RIÊNG LẺ,12.5%/NĂM,12.5,2026-05-15,3.0,2029-05-15,<=3Y,vbma_weekly:https://vbma.org.vn/storage/reports/June2026/25052026-29052026 BAO CAO TUAN TTTP.pdf,vbma_weekly_local-20260708T043116Z,2026-07-08T04:31:16Z
2026-05-29,VHM12602,CTCP VINHOMES,BẤT ĐỘNG SẢN,real_estate,2000.0,RIÊNG LẺ,"02 KỲ ĐẦU: 12,5%/NĂM CÁC KỲ SAU: LSTC + 2,0%/NĂM (TỐI THIỂU 12,5%/NĂM)",12.5,2026-05-11,3.0,2029-05-11,<=3Y,vbma_weekly:https://vbma.org.vn/storage/reports/June2026/25052026-29052026 BAO CAO TUAN TTTP.pdf,vbma_weekly_local-20260708T043116Z,2026-07-08T04:31:16Z
2026-05-29,VHM12603,CTCP VINHOMES,BẤT ĐỘNG SẢN,real_estate,2000.0,RIÊNG LẺ,"02 KỲ ĐẦU: 12,5%/NĂM CÁC KỲ SAU: LSTC + 2,0%/NĂM (TỐI THIỂU 12,5%/NĂM)",12.5,2026-05-11,3.0,2029-05-11,<=3Y,vbma_weekly:https://vbma.org.vn/storage/reports/June2026/25052026-29052026 BAO CAO TUAN TTTP.pdf,vbma_weekly_local-20260708T043116Z,2026-07-08T04:31:16Z
2026-05-29,VHM12604,CTCP VINHOMES,BẤT ĐỘNG SẢN,real_estate,1000.0,RIÊNG LẺ,"02 KỲ ĐẦU: 12,5%/NĂM CÁC KỲ SAU: LSTC + 2,0%/NĂM (TỐI THIỂU 12,5%/NĂM)",12.5,2026-05-11,3.0,2029-05-11,<=3Y,vbma_weekly:https://vbma.org.vn/storage/reports/June2026/25052026-29052026 BAO CAO TUAN TTTP.pdf,vbma_weekly_local-20260708T043116Z,2026-07-08T04:31:16Z
2026-05-29,VPI12602,CTCP PHÁT TRIỂN BẤT ĐỘNG SẢN VĂN PHÚ,BẤT ĐỘNG SẢN,real_estate,180.0,RIÊNG LẺ,11.5%/NĂM,11.5,2026-05-07,3.0,2029-05-07,<=3Y,vbma_weekly:https://vbma.org.vn/storage/reports/June2026/25052026-29052026 BAO CAO TUAN TTTP.pdf,vbma_weekly_local-20260708T043116Z,2026-07-08T04:31:16Z
2026-06-05,BID12603,NHTMCP ĐẦU TƯ VÀ PHÁT TRIỂN VIỆT NAM,NGÂN HÀNG,bank,1000.0,RIÊNG LẺ,"LSTC + 2,15%/NĂM; TRƯỜNG HỢP KHÔNG MUA LẠI: + 3,82%/NĂM (TỪ KỲ THỨ 06)",,2026-06-01,8.0,2034-06-01,>5Y,vbma_weekly:https://vbma.org.vn/storage/reports/June2026/01062026-05062026 BAO CAO TUAN TTTP.pdf,vbma_weekly_local-20260708T043116Z,2026-07-08T04:31:16Z
2026-06-05,VPL12601,CTCP VINPEARL,TIÊU DÙNG,non_bank_corp,4907.0,RIÊNG LẺ,"04 KỲ ĐẦU: 12,0%/NĂM CÁC KỲ SAU: LSTC (MB) + 2,45%/NĂM (TỐI THIỂU 12,0%/NĂM)",12.0,2026-06-03,5.0,2031-06-03,3Y_5Y,vbma_weekly:https://vbma.org.vn/storage/reports/June2026/01062026-05062026 BAO CAO TUAN TTTP.pdf,vbma_weekly_local-20260708T043116Z,2026-07-08T04:31:16Z
2026-06-12,BID12603,NHTMCP ĐẦU TƯ VÀ PHÁT TRIỂN VIỆT NAM,NGÂN HÀNG,bank,1000.0,RIÊNG LẺ,"LSTC + 2,15%/NĂM; TRƯỜNG HỢP KHÔNG MUA LẠI: + 3,82%/NĂM (TỪ KỲ THỨ 06)",,2026-06-01,8.0,2034-06-01,>5Y,vbma_weekly:https://vbma.org.vn/storage/reports/June2026/08062026-12062026 BAO CAO TUAN TTTP1.pdf,vbma_weekly_local-20260708T043116Z,2026-07-08T04:31:16Z
2026-06-12,HDB12603,NHTMCP PHÁT TRIỂN THÀNH PHỐ HỒ CHÍ MINH,NGÂN HÀNG,bank,450.0,RIÊNG LẺ,"LSTC + 2,70%/NĂM",,2026-06-05,8.0,2034-06-05,>5Y,vbma_weekly:https://vbma.org.vn/storage/reports/June2026/08062026-12062026 BAO CAO TUAN TTTP1.pdf,vbma_weekly_local-20260708T043116Z,2026-07-08T04:31:16Z
2026-06-12,MBB12613,NHTMCP QUÂN ĐỘI,NGÂN HÀNG,bank,100.0,RIÊNG LẺ,"LSTC + 2,40%/NĂM; TRƯỜNG HỢP KHÔNG MUA LẠI: + 4,00%/NĂM (TỪ KỲ THỨ 06)",,2026-06-05,10.0,2036-06-05,>5Y,vbma_weekly:https://vbma.org.vn/storage/reports/June2026/08062026-12062026 BAO CAO TUAN TTTP1.pdf,vbma_weekly_local-20260708T043116Z,2026-07-08T04:31:16Z
2026-06-12,TCB12609,NHTMCP KỸ THƯƠNG VIỆT NAM,NGÂN HÀNG,bank,3000.0,RIÊNG LẺ,8.4%/NĂM,8.4,2026-06-04,3.0,2029-06-04,<=3Y,vbma_weekly:https://vbma.org.vn/storage/reports/June2026/08062026-12062026 BAO CAO TUAN TTTP1.pdf,vbma_weekly_local-20260708T043116Z,2026-07-08T04:31:16Z
2026-06-12,TCB12610,NHTMCP KỸ THƯƠNG VIỆT NAM,NGÂN HÀNG,bank,1500.0,RIÊNG LẺ,"02 KỲ ĐẦU: 8,4%/NĂM CÁC KỲ SAU: LSTC + 1,22%/NĂM",8.4,2026-06-04,2.0,2028-06-04,<=3Y,vbma_weekly:https://vbma.org.vn/storage/reports/June2026/08062026-12062026 BAO CAO TUAN TTTP1.pdf,vbma_weekly_local-20260708T043116Z,2026-07-08T04:31:16Z
2026-06-12,TCB12611,NHTMCP KỸ THƯƠNG VIỆT NAM,NGÂN HÀNG,bank,1500.0,RIÊNG LẺ,"02 KỲ ĐẦU: 8,4%/NĂM CÁC KỲ SAU: LSTC + 1,22%/NĂM",8.4,2026-06-05,2.0,2028-06-05,<=3Y,vbma_weekly:https://vbma.org.vn/storage/reports/June2026/08062026-12062026 BAO CAO TUAN TTTP1.pdf,vbma_weekly_local-20260708T043116Z,2026-07-08T04:31:16Z
2026-06-12,TCB12612,NHTMCP KỸ THƯƠNG VIỆT NAM,NGÂN HÀNG,bank,3000.0,RIÊNG LẺ,8.5%/NĂM,8.5,2026-06-05,3.0,2029-06-05,<=3Y,vbma_weekly:https://vbma.org.vn/storage/reports/June2026/08062026-12062026 BAO CAO TUAN TTTP1.pdf,vbma_weekly_local-20260708T043116Z,2026-07-08T04:31:16Z
2026-06-12,TSO12604,CTCP ĐẦU TƯ XÂY DỰNG THÁI SƠN,BẤT ĐỘNG SẢN,real_estate,2000.0,RIÊNG LẺ,12.5%/NĂM,12.5,2026-06-03,3.0,2029-06-03,<=3Y,vbma_weekly:https://vbma.org.vn/storage/reports/June2026/08062026-12062026 BAO CAO TUAN TTTP1.pdf,vbma_weekly_local-20260708T043116Z,2026-07-08T04:31:16Z
2026-06-12,VCB12601,NHTMCP NGOẠI THƯƠNG VIỆT NAM,NGÂN HÀNG,bank,400.0,RIÊNG LẺ,7.9%/NĂM,7.9,2026-06-02,10.0,2036-06-02,>5Y,vbma_weekly:https://vbma.org.vn/storage/reports/June2026/08062026-12062026 BAO CAO TUAN TTTP1.pdf,vbma_weekly_local-20260708T043116Z,2026-07-08T04:31:16Z
2026-06-12,VPI12603,CTCP PHÁT TRIỂN BẤT ĐỘNG SẢN VĂN PHÚ,BẤT ĐỘNG SẢN,real_estate,150.0,RIÊNG LẺ,"02 KỲ ĐẦU: 11,5%/NĂM CÁC KỲ SAU: BQLSTKCN 12T VNĐ (VCB, BIDV, CTG, AGRIBANK) + 4,5%/NĂM (TỐI THIỂU 10,5%/NĂM)",11.5,2026-06-02,3.0,2029-06-02,<=3Y,vbma_weekly:https://vbma.org.vn/storage/reports/June2026/08062026-12062026 BAO CAO TUAN TTTP1.pdf,vbma_weekly_local-20260708T043116Z,2026-07-08T04:31:16Z
2026-06-12,VPL12601,CTCP VINPEARL,TIÊU DÙNG,non_bank_corp,4907.0,RIÊNG LẺ,"04 KỲ ĐẦU: 12,0%/NĂM CÁC KỲ SAU: LSTC (MB) + 2,45%/NĂM (TỐI THIỂU 12,0%/NĂM)",12.0,2026-06-03,5.0,2031-06-03,3Y_5Y,vbma_weekly:https://vbma.org.vn/storage/reports/June2026/08062026-12062026 BAO CAO TUAN TTTP1.pdf,vbma_weekly_local-20260708T043116Z,2026-07-08T04:31:16Z
2026-06-19,ACB12602,NHTMCP Á CHÂU,NGÂN HÀNG,bank,1000.0,RIÊNG LẺ,8.3%/NĂM,8.3,2026-06-09,2.0,2028-06-09,<=3Y,vbma_weekly:https://vbma.org.vn/storage/reports/June2026/15062026-19062026 BAO CAO TUAN TTTP2.pdf,vbma_weekly_local-20260708T043116Z,2026-07-08T04:31:16Z
2026-06-19,BID12603,NHTMCP ĐẦU TƯ VÀ PHÁT TRIỂN VIỆT NAM,NGÂN HÀNG,bank,1000.0,RIÊNG LẺ,"LSTC + 2,15%/NĂM; TRƯỜNG HỢP KHÔNG MUA LẠI: + 3,82%/NĂM (TỪ KỲ THỨ 06)",,2026-06-01,8.0,2034-06-01,>5Y,vbma_weekly:https://vbma.org.vn/storage/reports/June2026/15062026-19062026 BAO CAO TUAN TTTP2.pdf,vbma_weekly_local-20260708T043116Z,2026-07-08T04:31:16Z
2026-06-19,BID12604,NHTMCP ĐẦU TƯ VÀ PHÁT TRIỂN VIỆT NAM,NGÂN HÀNG,bank,250.0,RIÊNG LẺ,"LSTC + 2,1%/NĂM; TRƯỜNG HỢP KHÔNG MUA LẠI: + 7,1%/NĂM (TỪ KỲ THỨ 06)",,2026-06-04,6.0,2032-06-04,>5Y,vbma_weekly:https://vbma.org.vn/storage/reports/June2026/15062026-19062026 BAO CAO TUAN TTTP2.pdf,vbma_weekly_local-20260708T043116Z,2026-07-08T04:31:16Z
2026-06-19,HCV12603,CT TÀI CHÍNH TNHH MỘT THÀNH VIÊN HOME CREDIT VIỆT NAM,TÀI CHÍNH,non_bank_corp,350.0,RIÊNG LẺ,9.5%/NĂM,9.5,2026-06-08,2.0,2028-06-08,<=3Y,vbma_weekly:https://vbma.org.vn/storage/reports/June2026/15062026-19062026 BAO CAO TUAN TTTP2.pdf,vbma_weekly_local-20260708T043116Z,2026-07-08T04:31:16Z
2026-06-19,HDB12603,NHTMCP PHÁT TRIỂN THÀNH PHỐ HỒ CHÍ MINH,NGÂN HÀNG,bank,450.0,RIÊNG LẺ,"LSTC + 2,70%/NĂM",,2026-06-05,8.0,2034-06-05,>5Y,vbma_weekly:https://vbma.org.vn/storage/reports/June2026/15062026-19062026 BAO CAO TUAN TTTP2.pdf,vbma_weekly_local-20260708T043116Z,2026-07-08T04:31:16Z
2026-06-19,HDB12604,NHTMCP PHÁT TRIỂN THÀNH PHỐ HỒ CHÍ MINH,NGÂN HÀNG,bank,100.0,RIÊNG LẺ,"LSTC + 2,70%/NĂM",,2026-06-09,6.0,2032-06-09,>5Y,vbma_weekly:https://vbma.org.vn/storage/reports/June2026/15062026-19062026 BAO CAO TUAN TTTP2.pdf,vbma_weekly_local-20260708T043116Z,2026-07-08T04:31:16Z
2026-06-19,LPB12603,NHTMCP LỘC PHÁT VIỆT NAM,NGÂN HÀNG,bank,10.0,RIÊNG LẺ,8.6%/NĂM,8.6,2026-06-03,3.0,2029-06-03,<=3Y,vbma_weekly:https://vbma.org.vn/storage/reports/June2026/15062026-19062026 BAO CAO TUAN TTTP2.pdf,vbma_weekly_local-20260708T043116Z,2026-07-08T04:31:16Z
2026-06-19,LPB12604,NHTMCP LỘC PHÁT VIỆT NAM,NGÂN HÀNG,bank,100.0,RIÊNG LẺ,8.6%/NĂM,8.6,2026-06-09,3.0,2029-06-09,<=3Y,vbma_weekly:https://vbma.org.vn/storage/reports/June2026/15062026-19062026 BAO CAO TUAN TTTP2.pdf,vbma_weekly_local-20260708T043116Z,2026-07-08T04:31:16Z
2026-06-19,MBB12612,NHTMCP QUÂN ĐỘI,NGÂN HÀNG,bank,50.0,RIÊNG LẺ,8.3%/NĂM,8.3,2026-06-05,10.0,2036-06-05,>5Y,vbma_weekly:https://vbma.org.vn/storage/reports/June2026/15062026-19062026 BAO CAO TUAN TTTP2.pdf,vbma_weekly_local-20260708T043116Z,2026-07-08T04:31:16Z
2026-06-19,MBB12613,NHTMCP QUÂN ĐỘI,NGÂN HÀNG,bank,100.0,RIÊNG LẺ,"LSTC + 2,40%/NĂM; TRƯỜNG HỢP KHÔNG MUA LẠI: + 4,00%/NĂM (TỪ KỲ THỨ 06)",,2026-06-05,10.0,2036-06-05,>5Y,vbma_weekly:https://vbma.org.vn/storage/reports/June2026/15062026-19062026 BAO CAO TUAN TTTP2.pdf,vbma_weekly_local-20260708T043116Z,2026-07-08T04:31:16Z
2026-06-19,MBB12614,NHTMCP QUÂN ĐỘI,NGÂN HÀNG,bank,150.0,RIÊNG LẺ,8.4%/NĂM,8.4,2026-06-09,10.0,2036-06-09,>5Y,vbma_weekly:https://vbma.org.vn/storage/reports/June2026/15062026-19062026 BAO CAO TUAN TTTP2.pdf,vbma_weekly_local-20260708T043116Z,2026-07-08T04:31:16Z
2026-06-19,SBT426001,CTCP THÀNH THÀNH CÔNG - BIÊN HÒA,TIÊU DÙNG,non_bank_corp,1000.0,CÔNG CHÚNG,9.5%/NĂM,9.5,2026-06-10,2.0,2028-06-10,<=3Y,vbma_weekly:https://vbma.org.vn/storage/reports/June2026/15062026-19062026 BAO CAO TUAN TTTP2.pdf,vbma_weekly_local-20260708T043116Z,2026-07-08T04:31:16Z
2026-06-19,TCB12609,NHTMCP KỸ THƯƠNG VIỆT NAM,NGÂN HÀNG,bank,3000.0,RIÊNG LẺ,8.4%/NĂM,8.4,2026-06-04,3.0,2029-06-04,<=3Y,vbma_weekly:https://vbma.org.vn/storage/reports/June2026/15062026-19062026 BAO CAO TUAN TTTP2.pdf,vbma_weekly_local-20260708T043116Z,2026-07-08T04:31:16Z
2026-06-19,TCB12610,NHTMCP KỸ THƯƠNG VIỆT NAM,NGÂN HÀNG,bank,1500.0,RIÊNG LẺ,"02 KỲ ĐẦU: 8,4%/NĂM CÁC KỲ SAU: LSTC + 1,22%/NĂM",8.4,2026-06-04,2.0,2028-06-04,<=3Y,vbma_weekly:https://vbma.org.vn/storage/reports/June2026/15062026-19062026 BAO CAO TUAN TTTP2.pdf,vbma_weekly_local-20260708T043116Z,2026-07-08T04:31:16Z
2026-06-19,TCB12611,NHTMCP KỸ THƯƠNG VIỆT NAM,NGÂN HÀNG,bank,1500.0,RIÊNG LẺ,"02 KỲ ĐẦU: 8,4%/NĂM CÁC KỲ SAU: LSTC + 1,22%/NĂM",8.4,2026-06-05,2.0,2028-06-05,<=3Y,vbma_weekly:https://vbma.org.vn/storage/reports/June2026/15062026-19062026 BAO CAO TUAN TTTP2.pdf,vbma_weekly_local-20260708T043116Z,2026-07-08T04:31:16Z
2026-06-19,TCB12612,NHTMCP KỸ THƯƠNG VIỆT NAM,NGÂN HÀNG,bank,3000.0,RIÊNG LẺ,8.5%/NĂM,8.5,2026-06-05,3.0,2029-06-05,<=3Y,vbma_weekly:https://vbma.org.vn/storage/reports/June2026/15062026-19062026 BAO CAO TUAN TTTP2.pdf,vbma_weekly_local-20260708T043116Z,2026-07-08T04:31:16Z
2026-06-19,TDR12601,CTCP TANDOLAND,BẤT ĐỘNG SẢN,real_estate,300.0,RIÊNG LẺ,"02 KỲ ĐẦU: 12,0%/NĂM CÁC KỲ SAU: LSTKCN 12T VNĐ (OCB) + 5,1%/NĂM",12.0,2026-06-04,5.0,2031-06-04,3Y_5Y,vbma_weekly:https://vbma.org.vn/storage/reports/June2026/15062026-19062026 BAO CAO TUAN TTTP2.pdf,vbma_weekly_local-20260708T043116Z,2026-07-08T04:31:16Z
2026-06-19,TSO12604,CTCP ĐẦU TƯ XÂY DỰNG THÁI SƠN,BẤT ĐỘNG SẢN,real_estate,2000.0,RIÊNG LẺ,12.5%/NĂM,12.5,2026-06-03,3.0,2029-06-03,<=3Y,vbma_weekly:https://vbma.org.vn/storage/reports/June2026/15062026-19062026 BAO CAO TUAN TTTP2.pdf,vbma_weekly_local-20260708T043116Z,2026-07-08T04:31:16Z
2026-06-19,VCB12601,NHTMCP NGOẠI THƯƠNG VIỆT NAM,NGÂN HÀNG,bank,400.0,RIÊNG LẺ,7.9%/NĂM,7.9,2026-06-02,10.0,2036-06-02,>5Y,vbma_weekly:https://vbma.org.vn/storage/reports/June2026/15062026-19062026 BAO CAO TUAN TTTP2.pdf,vbma_weekly_local-20260708T043116Z,2026-07-08T04:31:16Z
2026-06-19,VPB12602,NHTMCP VIỆT NAM THỊNH VƯỢNG,NGÂN HÀNG,bank,1000.0,RIÊNG LẺ,8.6%/NĂM,8.6,2026-06-08,3.0,2029-06-08,<=3Y,vbma_weekly:https://vbma.org.vn/storage/reports/June2026/15062026-19062026 BAO CAO TUAN TTTP2.pdf,vbma_weekly_local-20260708T043116Z,2026-07-08T04:31:16Z
2026-06-19,VPI12603,CTCP PHÁT TRIỂN BẤT ĐỘNG SẢN VĂN PHÚ,BẤT ĐỘNG SẢN,real_estate,150.0,RIÊNG LẺ,"02 KỲ ĐẦU: 11,5%/NĂM CÁC KỲ SAU: BQLSTKCN 12T VNĐ (VCB, BIDV, CTG, AGRIBANK) + 4,5%/NĂM (TỐI THIỂU 10,5%/NĂM)",11.5,2026-06-02,3.0,2029-06-02,<=3Y,vbma_weekly:https://vbma.org.vn/storage/reports/June2026/15062026-19062026 BAO CAO TUAN TTTP2.pdf,vbma_weekly_local-20260708T043116Z,2026-07-08T04:31:16Z
2026-06-19,VPL12601,CTCP VINPEARL,TIÊU DÙNG,non_bank_corp,4907.0,RIÊNG LẺ,"04 KỲ ĐẦU: 12,0%/NĂM CÁC KỲ SAU: LSTC (MB) + 2,45%/NĂM (TỐI THIỂU 12,0%/NĂM)",12.0,2026-06-03,5.0,2031-06-03,3Y_5Y,vbma_weekly:https://vbma.org.vn/storage/reports/June2026/15062026-19062026 BAO CAO TUAN TTTP2.pdf,vbma_weekly_local-20260708T043116Z,2026-07-08T04:31:16Z
2026-06-26,BID12603,NHTMCP ĐẦU TƯ VÀ PHÁT TRIỂN VIỆT NAM,NGÂN HÀNG,bank,1000.0,RIÊNG LẺ,"LSTC + 2,15%/NĂM; TRƯỜNG HỢP KHÔNG MUA LẠI: + 3,82%/NĂM (TỪ KỲ THỨ 06)",,2026-06-01,8.0,2034-06-01,>5Y,vbma_weekly:https://vbma.org.vn/storage/reports/July2026/22062026-26062026 BAO CAO TUAN TTTP.pdf,vbma_weekly_local-20260708T043116Z,2026-07-08T04:31:16Z
2026-06-26,BID12605,NHTMCP ĐẦU TƯ VÀ PHÁT TRIỂN VIỆT NAM,NGÂN HÀNG,bank,150.0,RIÊNG LẺ,"LSTC + 2,1%/NĂM; TRƯỜNG HỢP KHÔNG MUA LẠI: + 7,1%/NĂM (TỪ KỲ THỨ 06)",,2026-06-12,6.0,2032-06-12,>5Y,vbma_weekly:https://vbma.org.vn/storage/reports/July2026/22062026-26062026 BAO CAO TUAN TTTP.pdf,vbma_weekly_local-20260708T043116Z,2026-07-08T04:31:16Z
2026-06-26,CII425002,CTCP ĐẦU TƯ HẠ TẦNG KỸ THUẬT THÀNH PHỐ HỒ CHÍ MINH,XÂY DỰNG,non_bank_corp,2500.0,CÔNG CHÚNG,"04 KỲ ĐẦU: 10,0%/NĂM CÁC KỲ SAU: LSTKCN 12T VNĐ (VCB) + 3,5%/NĂM",10.0,2026-06-25,15.0,2041-06-25,>5Y,vbma_weekly:https://vbma.org.vn/storage/reports/July2026/22062026-26062026 BAO CAO TUAN TTTP.pdf,vbma_weekly_local-20260708T043116Z,2026-07-08T04:31:16Z
2026-06-26,GPH12601,CT TNHH GREENLAND PHỐ HOA,BẤT ĐỘNG SẢN,real_estate,354.0,RIÊNG LẺ,"02 KỲ ĐẦU: 11,0%/NĂM CÁC KỲ SAU: LS CƠ SỞ 12T VNĐ DN (OCB) + 3,0%/NĂM",11.0,2026-06-18,3.0,2029-06-18,<=3Y,vbma_weekly:https://vbma.org.vn/storage/reports/July2026/22062026-26062026 BAO CAO TUAN TTTP.pdf,vbma_weekly_local-20260708T043116Z,2026-07-08T04:31:16Z
2026-06-26,HCV12603,CT TÀI CHÍNH TNHH MỘT THÀNH VIÊN HOME CREDIT VIỆT NAM,TÀI CHÍNH,non_bank_corp,350.0,RIÊNG LẺ,9.5%/NĂM,9.5,2026-06-08,2.0,2028-06-08,<=3Y,vbma_weekly:https://vbma.org.vn/storage/reports/July2026/22062026-26062026 BAO CAO TUAN TTTP.pdf,vbma_weekly_local-20260708T043116Z,2026-07-08T04:31:16Z
2026-06-26,HDB12603,NHTMCP PHÁT TRIỂN THÀNH PHỐ HỒ CHÍ MINH,NGÂN HÀNG,bank,450.0,RIÊNG LẺ,"LSTC + 2,70%/NĂM",,2026-06-05,8.0,2034-06-05,>5Y,vbma_weekly:https://vbma.org.vn/storage/reports/July2026/22062026-26062026 BAO CAO TUAN TTTP.pdf,vbma_weekly_local-20260708T043116Z,2026-07-08T04:31:16Z
2026-06-26,LPB12604,NHTMCP LỘC PHÁT VIỆT NAM,NGÂN HÀNG,bank,100.0,RIÊNG LẺ,8.6%/NĂM,8.6,2026-06-09,3.0,2029-06-09,<=3Y,vbma_weekly:https://vbma.org.vn/storage/reports/July2026/22062026-26062026 BAO CAO TUAN TTTP.pdf,vbma_weekly_local-20260708T043116Z,2026-07-08T04:31:16Z
2026-06-26,LPB12605,NHTMCP LỘC PHÁT VIỆT NAM,NGÂN HÀNG,bank,1000.0,RIÊNG LẺ,8.6%/NĂM,8.6,2026-06-15,3.0,2029-06-15,<=3Y,vbma_weekly:https://vbma.org.vn/storage/reports/July2026/22062026-26062026 BAO CAO TUAN TTTP.pdf,vbma_weekly_local-20260708T043116Z,2026-07-08T04:31:16Z
2026-06-26,MBB12613,NHTMCP QUÂN ĐỘI,NGÂN HÀNG,bank,100.0,RIÊNG LẺ,"LSTC + 2,40%/NĂM; TRƯỜNG HỢP KHÔNG MUA LẠI: + 4,00%/NĂM (TỪ KỲ THỨ 06)",,2026-06-05,10.0,2036-06-05,>5Y,vbma_weekly:https://vbma.org.vn/storage/reports/July2026/22062026-26062026 BAO CAO TUAN TTTP.pdf,vbma_weekly_local-20260708T043116Z,2026-07-08T04:31:16Z
2026-06-26,MBB12614,NHTMCP QUÂN ĐỘI,NGÂN HÀNG,bank,150.0,RIÊNG LẺ,8.4%/NĂM,8.4,2026-06-09,10.0,2036-06-09,>5Y,vbma_weekly:https://vbma.org.vn/storage/reports/July2026/22062026-26062026 BAO CAO TUAN TTTP.pdf,vbma_weekly_local-20260708T043116Z,2026-07-08T04:31:16Z
2026-06-26,MBB12615,NHTMCP QUÂN ĐỘI,NGÂN HÀNG,bank,100.0,RIÊNG LẺ,8.3%/NĂM,8.3,2026-06-18,10.0,2036-06-18,>5Y,vbma_weekly:https://vbma.org.vn/storage/reports/July2026/22062026-26062026 BAO CAO TUAN TTTP.pdf,vbma_weekly_local-20260708T043116Z,2026-07-08T04:31:16Z
2026-06-26,MBB12616,NHTMCP QUÂN ĐỘI,NGÂN HÀNG,bank,200.0,RIÊNG LẺ,8.3%/NĂM,8.3,2026-06-19,10.0,2036-06-19,>5Y,vbma_weekly:https://vbma.org.vn/storage/reports/July2026/22062026-26062026 BAO CAO TUAN TTTP.pdf,vbma_weekly_local-20260708T043116Z,2026-07-08T04:31:16Z
2026-06-26,OCB12606,NHTMCP PHƯƠNG ĐÔNG,NGÂN HÀNG,bank,1000.0,RIÊNG LẺ,8.7%/NĂM,8.7,2026-06-17,3.0,2029-06-17,<=3Y,vbma_weekly:https://vbma.org.vn/storage/reports/July2026/22062026-26062026 BAO CAO TUAN TTTP.pdf,vbma_weekly_local-20260708T043116Z,2026-07-08T04:31:16Z
2026-06-26,OCB12607,NHTMCP PHƯƠNG ĐÔNG,NGÂN HÀNG,bank,2000.0,RIÊNG LẺ,8.0%/NĂM,8.0,2026-06-22,2.0,2028-06-22,<=3Y,vbma_weekly:https://vbma.org.vn/storage/reports/July2026/22062026-26062026 BAO CAO TUAN TTTP.pdf,vbma_weekly_local-20260708T043116Z,2026-07-08T04:31:16Z
2026-06-26,SBT426001,CTCP THÀNH THÀNH CÔNG - BIÊN HÒA,TIÊU DÙNG,non_bank_corp,1000.0,CÔNG CHÚNG,9.5%/NĂM,9.5,2026-06-10,2.0,2028-06-10,<=3Y,vbma_weekly:https://vbma.org.vn/storage/reports/July2026/22062026-26062026 BAO CAO TUAN TTTP.pdf,vbma_weekly_local-20260708T043116Z,2026-07-08T04:31:16Z
2026-06-26,TCB12609,NHTMCP KỸ THƯƠNG VIỆT NAM,NGÂN HÀNG,bank,3000.0,RIÊNG LẺ,8.4%/NĂM,8.4,2026-06-04,3.0,2029-06-04,<=3Y,vbma_weekly:https://vbma.org.vn/storage/reports/July2026/22062026-26062026 BAO CAO TUAN TTTP.pdf,vbma_weekly_local-20260708T043116Z,2026-07-08T04:31:16Z
2026-06-26,TCB12610,NHTMCP KỸ THƯƠNG VIỆT NAM,NGÂN HÀNG,bank,1500.0,RIÊNG LẺ,"02 KỲ ĐẦU: 8,4%/NĂM CÁC KỲ SAU: LSTC + 1,22%/NĂM",8.4,2026-06-04,2.0,2028-06-04,<=3Y,vbma_weekly:https://vbma.org.vn/storage/reports/July2026/22062026-26062026 BAO CAO TUAN TTTP.pdf,vbma_weekly_local-20260708T043116Z,2026-07-08T04:31:16Z
2026-06-26,TCB12611,NHTMCP KỸ THƯƠNG VIỆT NAM,NGÂN HÀNG,bank,1500.0,RIÊNG LẺ,"02 KỲ ĐẦU: 8,4%/NĂM CÁC KỲ SAU: LSTC + 1,22%/NĂM",8.4,2026-06-05,2.0,2028-06-05,<=3Y,vbma_weekly:https://vbma.org.vn/storage/reports/July2026/22062026-26062026 BAO CAO TUAN TTTP.pdf,vbma_weekly_local-20260708T043116Z,2026-07-08T04:31:16Z
2026-06-26,TCB12612,NHTMCP KỸ THƯƠNG VIỆT NAM,NGÂN HÀNG,bank,3000.0,RIÊNG LẺ,8.5%/NĂM,8.5,2026-06-05,3.0,2029-06-05,<=3Y,vbma_weekly:https://vbma.org.vn/storage/reports/July2026/22062026-26062026 BAO CAO TUAN TTTP.pdf,vbma_weekly_local-20260708T043116Z,2026-07-08T04:31:16Z
2026-06-26,TDR12602,CTCP TANDOLAND,BẤT ĐỘNG SẢN,real_estate,345.0,RIÊNG LẺ,"02 KỲ ĐẦU: 12,0%/NĂM CÁC KỲ SAU: LSTKCN 12T VNĐ (OCB) + 5,1%/NĂM",12.0,2026-06-18,5.0,2031-06-18,3Y_5Y,vbma_weekly:https://vbma.org.vn/storage/reports/July2026/22062026-26062026 BAO CAO TUAN TTTP.pdf,vbma_weekly_local-20260708T043116Z,2026-07-08T04:31:16Z
2026-06-26,TPB12601,NHTMCP TIÊN PHONG,NGÂN HÀNG,bank,200.0,RIÊNG LẺ,"BQLSTKCN 12T VNĐ (BIDV, VCB, CTG, AGRIBANK) + 3,1%/NĂM",,2026-06-17,10.0,2036-06-17,>5Y,vbma_weekly:https://vbma.org.vn/storage/reports/July2026/22062026-26062026 BAO CAO TUAN TTTP.pdf,vbma_weekly_local-20260708T043116Z,2026-07-08T04:31:16Z
2026-06-26,TPB12602,NHTMCP TIÊN PHONG,NGÂN HÀNG,bank,320.0,RIÊNG LẺ,"BQLSTKCN 12T VNĐ (BIDV, VCB, CTG, AGRIBANK) + 3,4%/NĂM",,2026-06-18,10.0,2036-06-18,>5Y,vbma_weekly:https://vbma.org.vn/storage/reports/July2026/22062026-26062026 BAO CAO TUAN TTTP.pdf,vbma_weekly_local-20260708T043116Z,2026-07-08T04:31:16Z
2026-06-26,TSO12604,CTCP ĐẦU TƯ XÂY DỰNG THÁI SƠN,BẤT ĐỘNG SẢN,real_estate,2000.0,RIÊNG LẺ,12.5%/NĂM,12.5,2026-06-03,3.0,2029-06-03,<=3Y,vbma_weekly:https://vbma.org.vn/storage/reports/July2026/22062026-26062026 BAO CAO TUAN TTTP.pdf,vbma_weekly_local-20260708T043116Z,2026-07-08T04:31:16Z
2026-06-26,VCB12601,NHTMCP NGOẠI THƯƠNG VIỆT NAM,NGÂN HÀNG,bank,400.0,RIÊNG LẺ,7.9%/NĂM,7.9,2026-06-02,10.0,2036-06-02,>5Y,vbma_weekly:https://vbma.org.vn/storage/reports/July2026/22062026-26062026 BAO CAO TUAN TTTP.pdf,vbma_weekly_local-20260708T043116Z,2026-07-08T04:31:16Z
2026-06-26,VHM12607,CTCP VINHOMES,BẤT ĐỘNG SẢN,real_estate,2000.0,RIÊNG LẺ,"02 KỲ ĐẦU: 12,5%/NĂM CÁC KỲ SAU: LSTC + 2,0%/NĂM (TỐI THIỂU 12,5%/NĂM)",12.5,2026-06-20,3.1666666,2029-08-20,3Y_5Y,vbma_weekly:https://vbma.org.vn/storage/reports/July2026/22062026-26062026 BAO CAO TUAN TTTP.pdf,vbma_weekly_local-20260708T043116Z,2026-07-08T04:31:16Z
2026-06-26,VHM12608,CTCP VINHOMES,BẤT ĐỘNG SẢN,real_estate,1000.0,RIÊNG LẺ,"02 KỲ ĐẦU: 12,5%/NĂM CÁC KỲ SAU: LSTC + 2,0%/NĂM (TỐI THIỂU 12,5%/NĂM)",12.5,2026-06-20,3.1666666,2029-08-20,3Y_5Y,vbma_weekly:https://vbma.org.vn/storage/reports/July2026/22062026-26062026 BAO CAO TUAN TTTP.pdf,vbma_weekly_local-20260708T043116Z,2026-07-08T04:31:16Z
2026-06-26,VHM12609,CTCP VINHOMES,BẤT ĐỘNG SẢN,real_estate,1000.0,RIÊNG LẺ,"02 KỲ ĐẦU: 12,5%/NĂM CÁC KỲ SAU: LSTC + 2,0%/NĂM (TỐI THIỂU 12,5%/NĂM)",12.5,2026-06-20,3.0,2029-06-20,<=3Y,vbma_weekly:https://vbma.org.vn/storage/reports/July2026/22062026-26062026 BAO CAO TUAN TTTP.pdf,vbma_weekly_local-20260708T043116Z,2026-07-08T04:31:16Z
2026-06-26,VHM12610,CTCP VINHOMES,BẤT ĐỘNG SẢN,real_estate,2000.0,RIÊNG LẺ,"02 KỲ ĐẦU: 12,5%/NĂM CÁC KỲ SAU: LSTC + 2,0%/NĂM (TỐI THIỂU 12,5%/NĂM)",12.5,2026-06-20,3.0,2029-06-20,<=3Y,vbma_weekly:https://vbma.org.vn/storage/reports/July2026/22062026-26062026 BAO CAO TUAN TTTP.pdf,vbma_weekly_local-20260708T043116Z,2026-07-08T04:31:16Z
2026-06-26,VPB12602,NHTMCP VIỆT NAM THỊNH VƯỢNG,NGÂN HÀNG,bank,1000.0,RIÊNG LẺ,8.6%/NĂM,8.6,2026-06-08,3.0,2029-06-08,<=3Y,vbma_weekly:https://vbma.org.vn/storage/reports/July2026/22062026-26062026 BAO CAO TUAN TTTP.pdf,vbma_weekly_local-20260708T043116Z,2026-07-08T04:31:16Z
2026-06-26,VPI12603,CTCP PHÁT TRIỂN BẤT ĐỘNG SẢN VĂN PHÚ,BẤT ĐỘNG SẢN,real_estate,150.0,RIÊNG LẺ,"02 KỲ ĐẦU: 11,5%/NĂM CÁC KỲ SAU: BQLSTKCN 12T VNĐ (VCB, BIDV, CTG, AGRIBANK) + 4,5%/NĂM (TỐI THIỂU 10,5%/NĂM)",11.5,2026-06-02,3.0,2029-06-02,<=3Y,vbma_weekly:https://vbma.org.vn/storage/reports/July2026/22062026-26062026 BAO CAO TUAN TTTP.pdf,vbma_weekly_local-20260708T043116Z,2026-07-08T04:31:16Z
2026-06-26,VPL12601,CTCP VINPEARL,TIÊU DÙNG,non_bank_corp,4907.0,RIÊNG LẺ,"04 KỲ ĐẦU: 12,0%/NĂM CÁC KỲ SAU: LSTC (MB) + 2,45%/NĂM (TỐI THIỂU 12,0%/NĂM)",12.0,2026-06-03,5.0,2031-06-03,3Y_5Y,vbma_weekly:https://vbma.org.vn/storage/reports/July2026/22062026-26062026 BAO CAO TUAN TTTP.pdf,vbma_weekly_local-20260708T043116Z,2026-07-08T04:31:16Z
2026-07-03,ACB12602,NHTMCP Á CHÂU,NGÂN HÀNG,bank,1000.0,RIÊNG LẺ,8.3%/NĂM,8.3,2026-06-09,2.0,2028-06-09,<=3Y,vbma_weekly:https://vbma.org.vn/storage/reports/July2026/29062026-03072026 BAO CAO TUAN TTTP-2.pdf,vbma_weekly_local-20260712T035457Z,2026-07-12T03:54:57Z
2026-07-03,BAB12606,NHTMCP BẮC Á,NGÂN HÀNG,bank,1800.0,RIÊNG LẺ,8.5%/NĂM,8.5,2026-06-24,2.0,2028-06-24,<=3Y,vbma_weekly:https://vbma.org.vn/storage/reports/July2026/29062026-03072026 BAO CAO TUAN TTTP-2.pdf,vbma_weekly_local-20260712T035457Z,2026-07-12T03:54:57Z
2026-07-03,BID12603,NHTMCP ĐẦU TƯ VÀ PHÁT TRIỂN VIỆT NAM,NGÂN HÀNG,bank,1000.0,RIÊNG LẺ,"LSTC + 2,15%/NĂM; TRƯỜNG HỢP KHÔNG MUA LẠI: + 3,82%/NĂM (TỪ KỲ THỨ 06)",,2026-06-01,8.0,2034-06-01,>5Y,vbma_weekly:https://vbma.org.vn/storage/reports/July2026/29062026-03072026 BAO CAO TUAN TTTP-2.pdf,vbma_weekly_local-20260712T035457Z,2026-07-12T03:54:57Z
2026-07-03,BID12604,NHTMCP ĐẦU TƯ VÀ PHÁT TRIỂN VIỆT NAM,NGÂN HÀNG,bank,250.0,RIÊNG LẺ,"LSTC + 2,1%/NĂM; TRƯỜNG HỢP KHÔNG MUA LẠI: + 7,1%/NĂM (TỪ KỲ THỨ 06)",,2026-06-04,6.0,2032-06-04,>5Y,vbma_weekly:https://vbma.org.vn/storage/reports/July2026/29062026-03072026 BAO CAO TUAN TTTP-2.pdf,vbma_weekly_local-20260712T035457Z,2026-07-12T03:54:57Z
2026-07-03,BID12605,NHTMCP ĐẦU TƯ VÀ PHÁT TRIỂN VIỆT NAM,NGÂN HÀNG,bank,150.0,RIÊNG LẺ,"LSTC + 2,1%/NĂM; TRƯỜNG HỢP KHÔNG MUA LẠI: + 7,1%/NĂM (TỪ KỲ THỨ 06)",,2026-06-12,6.0,2032-06-12,>5Y,vbma_weekly:https://vbma.org.vn/storage/reports/July2026/29062026-03072026 BAO CAO TUAN TTTP-2.pdf,vbma_weekly_local-20260712T035457Z,2026-07-12T03:54:57Z
2026-07-03,BID12606,NHTMCP ĐẦU TƯ VÀ PHÁT TRIỂN VIỆT NAM,NGÂN HÀNG,bank,1000.0,RIÊNG LẺ,8.1%/NĂM,8.1,2026-06-19,6.0,2032-06-19,>5Y,vbma_weekly:https://vbma.org.vn/storage/reports/July2026/29062026-03072026 BAO CAO TUAN TTTP-2.pdf,vbma_weekly_local-20260712T035457Z,2026-07-12T03:54:57Z
2026-07-03,BID12607,NHTMCP ĐẦU TƯ VÀ PHÁT TRIỂN VIỆT NAM,NGÂN HÀNG,bank,150.0,RIÊNG LẺ,LSTC + 2.1%/NĂM; TRƯỜNG HỢP KHÔNG MUA LẠI TỪ KỲ 06: + 7.1%/NĂM,,2026-06-24,6.0,2032-06-24,>5Y,vbma_weekly:https://vbma.org.vn/storage/reports/July2026/29062026-03072026 BAO CAO TUAN TTTP-2.pdf,vbma_weekly_local-20260712T035457Z,2026-07-12T03:54:57Z
2026-07-03,BID12608,NHTMCP ĐẦU TƯ VÀ PHÁT TRIỂN VIỆT NAM,NGÂN HÀNG,bank,150.0,RIÊNG LẺ,8%/NĂM,8.0,2026-06-24,10.0,2036-06-24,>5Y,vbma_weekly:https://vbma.org.vn/storage/reports/July2026/29062026-03072026 BAO CAO TUAN TTTP-2.pdf,vbma_weekly_local-20260712T035457Z,2026-07-12T03:54:57Z
2026-07-03,BID12609,NHTMCP ĐẦU TƯ VÀ PHÁT TRIỂN VIỆT NAM,NGÂN HÀNG,bank,500.0,RIÊNG LẺ,8.1%/NĂM,8.1,2026-06-26,6.0,2032-06-26,>5Y,vbma_weekly:https://vbma.org.vn/storage/reports/July2026/29062026-03072026 BAO CAO TUAN TTTP-2.pdf,vbma_weekly_local-20260712T035457Z,2026-07-12T03:54:57Z
2026-07-03,BPS12602,CTCP BẤT ĐỘNG SẢN BCONS PS,BẤT ĐỘNG SẢN,real_estate,140.0,RIÊNG LẺ,12%/NĂM,12.0,2026-06-26,4.0,2030-06-26,3Y_5Y,vbma_weekly:https://vbma.org.vn/storage/reports/July2026/29062026-03072026 BAO CAO TUAN TTTP-2.pdf,vbma_weekly_local-20260712T035457Z,2026-07-12T03:54:57Z
2026-07-03,BVC12601,NHTMCP BẢO VIỆT,NGÂN HÀNG,bank,2000.0,RIÊNG LẺ,LSTC + 3.5%/NĂM (KỲ 1-5); LSTC + 4.5%/NĂM (TỪ KỲ 06),,2026-06-29,10.0,2036-06-29,>5Y,vbma_weekly:https://vbma.org.vn/storage/reports/July2026/29062026-03072026 BAO CAO TUAN TTTP-2.pdf,vbma_weekly_local-20260712T035457Z,2026-07-12T03:54:57Z
2026-07-03,CGT12601,CTCP ĐÔ THỊ DU LỊCH CẦN GIỜ,BẤT ĐỘNG SẢN,real_estate,2500.0,RIÊNG LẺ,"02 KỲ ĐẦU: 12,5%/NĂM CÁC KỲ SAU: LSTC + 5,5%/NĂM (TỐI THIỂU 12,5%/NĂM)",12.5,2026-06-24,3.0,2029-06-24,<=3Y,vbma_weekly:https://vbma.org.vn/storage/reports/July2026/29062026-03072026 BAO CAO TUAN TTTP-2.pdf,vbma_weekly_local-20260712T035457Z,2026-07-12T03:54:57Z
2026-07-03,CII425002,CTCP ĐẦU TƯ HẠ TẦNG KỸ THUẬT THÀNH PHỐ HỒ CHÍ MINH,XÂY DỰNG,non_bank_corp,2500.0,CÔNG CHÚNG,"04 KỲ ĐẦU: 10,0%/NĂM CÁC KỲ SAU: LSTKCN 12T VNĐ (VCB) + 3,5%/NĂM",10.0,2026-06-25,15.0,2041-06-25,>5Y,vbma_weekly:https://vbma.org.vn/storage/reports/July2026/29062026-03072026 BAO CAO TUAN TTTP-2.pdf,vbma_weekly_local-20260712T035457Z,2026-07-12T03:54:57Z
2026-07-03,ECF32601,CTCP CÔNG NGHỆ TÀI CHÍNH ENCAPITAL,LĨNH VỰC KHÁC,non_bank_corp,400.0,RIÊNG LẺ,11.1%/NĂM,11.1,2026-06-25,1.0,2027-06-25,<=3Y,vbma_weekly:https://vbma.org.vn/storage/reports/July2026/29062026-03072026 BAO CAO TUAN TTTP-2.pdf,vbma_weekly_local-20260712T035457Z,2026-07-12T03:54:57Z
2026-07-03,ES112601,CTCP EA SÚP 1,NĂNG LƯỢNG,non_bank_corp,660.0,RIÊNG LẺ,12%/NĂM,12.0,2026-06-22,5.0,2031-06-22,3Y_5Y,vbma_weekly:https://vbma.org.vn/storage/reports/July2026/29062026-03072026 BAO CAO TUAN TTTP-2.pdf,vbma_weekly_local-20260712T035457Z,2026-07-12T03:54:57Z
2026-07-03,GPH12601,CT TNHH GREENLAND PHỐ HOA,BẤT ĐỘNG SẢN,real_estate,354.0,RIÊNG LẺ,"02 KỲ ĐẦU: 11,0%/NĂM CÁC KỲ SAU: LS CƠ SỞ 12T VNĐ DN (OCB) + 3,0%/NĂM",11.0,2026-06-18,3.0,2029-06-18,<=3Y,vbma_weekly:https://vbma.org.vn/storage/reports/July2026/29062026-03072026 BAO CAO TUAN TTTP-2.pdf,vbma_weekly_local-20260712T035457Z,2026-07-12T03:54:57Z
2026-07-03,HCV12603,CT TÀI CHÍNH TNHH MỘT THÀNH VIÊN HOME CREDIT VIỆT NAM,TÀI CHÍNH,non_bank_corp,350.0,RIÊNG LẺ,9.5%/NĂM,9.5,2026-06-08,2.0,2028-06-08,<=3Y,vbma_weekly:https://vbma.org.vn/storage/reports/July2026/29062026-03072026 BAO CAO TUAN TTTP-2.pdf,vbma_weekly_local-20260712T035457Z,2026-07-12T03:54:57Z
2026-07-03,HDB12603,NHTMCP PHÁT TRIỂN THÀNH PHỐ HỒ CHÍ MINH,NGÂN HÀNG,bank,450.0,RIÊNG LẺ,"LSTC + 2,70%/NĂM",,2026-06-05,8.0,2034-06-05,>5Y,vbma_weekly:https://vbma.org.vn/storage/reports/July2026/29062026-03072026 BAO CAO TUAN TTTP-2.pdf,vbma_weekly_local-20260712T035457Z,2026-07-12T03:54:57Z
2026-07-03,HDB12604,NHTMCP PHÁT TRIỂN THÀNH PHỐ HỒ CHÍ MINH,NGÂN HÀNG,bank,100.0,RIÊNG LẺ,"LSTC + 2,70%/NĂM",,2026-06-09,6.0,2032-06-09,>5Y,vbma_weekly:https://vbma.org.vn/storage/reports/July2026/29062026-03072026 BAO CAO TUAN TTTP-2.pdf,vbma_weekly_local-20260712T035457Z,2026-07-12T03:54:57Z
2026-07-03,LPB12602,NHTMCP LỘC PHÁT VIỆT NAM,NGÂN HÀNG,bank,2990.0,RIÊNG LẺ,"BQLSTKCN 12T VNĐ (BIDV, VCB, CTG, AGRIBANK) + 2,6%/NĂM; TRƯỜNG HỢP KHÔNG MUA LẠI: + 3,6%/NĂM (TỪ NĂM THỨ 06)",,2026-06-19,7.0,2033-06-19,>5Y,vbma_weekly:https://vbma.org.vn/storage/reports/July2026/29062026-03072026 BAO CAO TUAN TTTP-2.pdf,vbma_weekly_local-20260712T035457Z,2026-07-12T03:54:57Z
2026-07-03,LPB12603,NHTMCP LỘC PHÁT VIỆT NAM,NGÂN HÀNG,bank,10.0,RIÊNG LẺ,8.6%/NĂM,8.6,2026-06-03,3.0,2029-06-03,<=3Y,vbma_weekly:https://vbma.org.vn/storage/reports/July2026/29062026-03072026 BAO CAO TUAN TTTP-2.pdf,vbma_weekly_local-20260712T035457Z,2026-07-12T03:54:57Z
2026-07-03,LPB12604,NHTMCP LỘC PHÁT VIỆT NAM,NGÂN HÀNG,bank,100.0,RIÊNG LẺ,8.6%/NĂM,8.6,2026-06-09,3.0,2029-06-09,<=3Y,vbma_weekly:https://vbma.org.vn/storage/reports/July2026/29062026-03072026 BAO CAO TUAN TTTP-2.pdf,vbma_weekly_local-20260712T035457Z,2026-07-12T03:54:57Z
2026-07-03,LPB12605,NHTMCP LỘC PHÁT VIỆT NAM,NGÂN HÀNG,bank,1000.0,RIÊNG LẺ,8.6%/NĂM,8.6,2026-06-15,3.0,2029-06-15,<=3Y,vbma_weekly:https://vbma.org.vn/storage/reports/July2026/29062026-03072026 BAO CAO TUAN TTTP-2.pdf,vbma_weekly_local-20260712T035457Z,2026-07-12T03:54:57Z
2026-07-03,LPB12606,NHTMCP LỘC PHÁT VIỆT NAM,NGÂN HÀNG,bank,1000.0,RIÊNG LẺ,8.8%/NĂM,8.8,2026-06-22,2.0,2028-06-22,<=3Y,vbma_weekly:https://vbma.org.vn/storage/reports/July2026/29062026-03072026 BAO CAO TUAN TTTP-2.pdf,vbma_weekly_local-20260712T035457Z,2026-07-12T03:54:57Z
2026-07-03,MBB12612,NHTMCP QUÂN ĐỘI,NGÂN HÀNG,bank,50.0,RIÊNG LẺ,8.3%/NĂM,8.3,2026-06-05,10.0,2036-06-05,>5Y,vbma_weekly:https://vbma.org.vn/storage/reports/July2026/29062026-03072026 BAO CAO TUAN TTTP-2.pdf,vbma_weekly_local-20260712T035457Z,2026-07-12T03:54:57Z
2026-07-03,MBB12613,NHTMCP QUÂN ĐỘI,NGÂN HÀNG,bank,100.0,RIÊNG LẺ,"LSTC + 2,40%/NĂM; TRƯỜNG HỢP KHÔNG MUA LẠI: + 4,00%/NĂM (TỪ KỲ THỨ 06)",,2026-06-05,10.0,2036-06-05,>5Y,vbma_weekly:https://vbma.org.vn/storage/reports/July2026/29062026-03072026 BAO CAO TUAN TTTP-2.pdf,vbma_weekly_local-20260712T035457Z,2026-07-12T03:54:57Z
2026-07-03,MBB12614,NHTMCP QUÂN ĐỘI,NGÂN HÀNG,bank,150.0,RIÊNG LẺ,8.4%/NĂM,8.4,2026-06-09,10.0,2036-06-09,>5Y,vbma_weekly:https://vbma.org.vn/storage/reports/July2026/29062026-03072026 BAO CAO TUAN TTTP-2.pdf,vbma_weekly_local-20260712T035457Z,2026-07-12T03:54:57Z
2026-07-03,MBB12615,NHTMCP QUÂN ĐỘI,NGÂN HÀNG,bank,100.0,RIÊNG LẺ,8.3%/NĂM,8.3,2026-06-18,10.0,2036-06-18,>5Y,vbma_weekly:https://vbma.org.vn/storage/reports/July2026/29062026-03072026 BAO CAO TUAN TTTP-2.pdf,vbma_weekly_local-20260712T035457Z,2026-07-12T03:54:57Z
2026-07-03,MBB12616,NHTMCP QUÂN ĐỘI,NGÂN HÀNG,bank,200.0,RIÊNG LẺ,8.3%/NĂM,8.3,2026-06-19,10.0,2036-06-19,>5Y,vbma_weekly:https://vbma.org.vn/storage/reports/July2026/29062026-03072026 BAO CAO TUAN TTTP-2.pdf,vbma_weekly_local-20260712T035457Z,2026-07-12T03:54:57Z
2026-07-03,MBB12617,NHTMCP QUÂN ĐỘI,NGÂN HÀNG,bank,2000.0,RIÊNG LẺ,8.6%/NĂM,8.6,2026-06-22,3.0,2029-06-22,<=3Y,vbma_weekly:https://vbma.org.vn/storage/reports/July2026/29062026-03072026 BAO CAO TUAN TTTP-2.pdf,vbma_weekly_local-20260712T035457Z,2026-07-12T03:54:57Z
2026-07-03,MVT12601,CT TNHH MẶT TRỜI VŨNG TÀU,BẤT ĐỘNG SẢN,real_estate,1000.0,RIÊNG LẺ,"04 KỲ ĐẦU: 12%/NĂM; CÁC KỲ SAU: BQLSTKCN 12T VNĐ (BIDV, VCB, CTG, AGRIBANK) + 5%/NĂM (TỐI THIỂU 11%/NĂM)",12.0,2026-06-30,2.5,2028-12-30,<=3Y,vbma_weekly:https://vbma.org.vn/storage/reports/July2026/29062026-03072026 BAO CAO TUAN TTTP-2.pdf,vbma_weekly_local-20260712T035457Z,2026-07-12T03:54:57Z
2026-07-03,OCB12606,NHTMCP PHƯƠNG ĐÔNG,NGÂN HÀNG,bank,1000.0,RIÊNG LẺ,8.7%/NĂM,8.7,2026-06-17,3.0,2029-06-17,<=3Y,vbma_weekly:https://vbma.org.vn/storage/reports/July2026/29062026-03072026 BAO CAO TUAN TTTP-2.pdf,vbma_weekly_local-20260712T035457Z,2026-07-12T03:54:57Z
2026-07-03,OCB12607,NHTMCP PHƯƠNG ĐÔNG,NGÂN HÀNG,bank,2000.0,RIÊNG LẺ,8.0%/NĂM,8.0,2026-06-22,2.0,2028-06-22,<=3Y,vbma_weekly:https://vbma.org.vn/storage/reports/July2026/29062026-03072026 BAO CAO TUAN TTTP-2.pdf,vbma_weekly_local-20260712T035457Z,2026-07-12T03:54:57Z
2026-07-03,SBT426001,CTCP THÀNH THÀNH CÔNG - BIÊN HÒA,TIÊU DÙNG,non_bank_corp,1000.0,CÔNG CHÚNG,9.5%/NĂM,9.5,2026-06-10,2.0,2028-06-10,<=3Y,vbma_weekly:https://vbma.org.vn/storage/reports/July2026/29062026-03072026 BAO CAO TUAN TTTP-2.pdf,vbma_weekly_local-20260712T035457Z,2026-07-12T03:54:57Z
2026-07-03,STA12601,CT TNHH ĐẦU TƯ STARBAY HÀ NỘI,BẤT ĐỘNG SẢN,real_estate,2780.0,RIÊNG LẺ,"02 KỲ ĐẦU: 10.5%/NĂM; CÁC KỲ SAU: BQLSTKCN 12T VNĐ (BIDV, VCB, CTG, AGRIBANK) + 4.6%/NĂM",10.5,2026-06-25,3.0,2029-06-25,<=3Y,vbma_weekly:https://vbma.org.vn/storage/reports/July2026/29062026-03072026 BAO CAO TUAN TTTP-2.pdf,vbma_weekly_local-20260712T035457Z,2026-07-12T03:54:57Z
2026-07-03,TCB12609,NHTMCP KỸ THƯƠNG VIỆT NAM,NGÂN HÀNG,bank,3000.0,RIÊNG LẺ,8.4%/NĂM,8.4,2026-06-04,3.0,2029-06-04,<=3Y,vbma_weekly:https://vbma.org.vn/storage/reports/July2026/29062026-03072026 BAO CAO TUAN TTTP-2.pdf,vbma_weekly_local-20260712T035457Z,2026-07-12T03:54:57Z
2026-07-03,TCB12610,NHTMCP KỸ THƯƠNG VIỆT NAM,NGÂN HÀNG,bank,1500.0,RIÊNG LẺ,"02 KỲ ĐẦU: 8,4%/NĂM CÁC KỲ SAU: LSTC + 1,22%/NĂM",8.4,2026-06-04,2.0,2028-06-04,<=3Y,vbma_weekly:https://vbma.org.vn/storage/reports/July2026/29062026-03072026 BAO CAO TUAN TTTP-2.pdf,vbma_weekly_local-20260712T035457Z,2026-07-12T03:54:57Z
2026-07-03,TCB12611,NHTMCP KỸ THƯƠNG VIỆT NAM,NGÂN HÀNG,bank,1500.0,RIÊNG LẺ,"02 KỲ ĐẦU: 8,4%/NĂM CÁC KỲ SAU: LSTC + 1,22%/NĂM",8.4,2026-06-05,2.0,2028-06-05,<=3Y,vbma_weekly:https://vbma.org.vn/storage/reports/July2026/29062026-03072026 BAO CAO TUAN TTTP-2.pdf,vbma_weekly_local-20260712T035457Z,2026-07-12T03:54:57Z
2026-07-03,TCB12612,NHTMCP KỸ THƯƠNG VIỆT NAM,NGÂN HÀNG,bank,3000.0,RIÊNG LẺ,8.5%/NĂM,8.5,2026-06-05,3.0,2029-06-05,<=3Y,vbma_weekly:https://vbma.org.vn/storage/reports/July2026/29062026-03072026 BAO CAO TUAN TTTP-2.pdf,vbma_weekly_local-20260712T035457Z,2026-07-12T03:54:57Z
2026-07-03,TDR12601,CTCP TANDOLAND,BẤT ĐỘNG SẢN,real_estate,300.0,RIÊNG LẺ,"02 KỲ ĐẦU: 12,0%/NĂM CÁC KỲ SAU: LSTKCN 12T VNĐ (OCB) + 5,1%/NĂM",12.0,2026-06-04,5.0,2031-06-04,3Y_5Y,vbma_weekly:https://vbma.org.vn/storage/reports/July2026/29062026-03072026 BAO CAO TUAN TTTP-2.pdf,vbma_weekly_local-20260712T035457Z,2026-07-12T03:54:57Z
2026-07-03,TDR12602,CTCP TANDOLAND,BẤT ĐỘNG SẢN,real_estate,345.0,RIÊNG LẺ,"02 KỲ ĐẦU: 12,0%/NĂM CÁC KỲ SAU: LSTKCN 12T VNĐ (OCB) + 5,1%/NĂM",12.0,2026-06-18,5.0,2031-06-18,3Y_5Y,vbma_weekly:https://vbma.org.vn/storage/reports/July2026/29062026-03072026 BAO CAO TUAN TTTP-2.pdf,vbma_weekly_local-20260712T035457Z,2026-07-12T03:54:57Z
2026-07-03,THL12602,CT TNHH THĂNG LONG,BẤT ĐỘNG SẢN,real_estate,763.0,RIÊNG LẺ,LSTC; TỐI THIỂU 9%/NĂM,9.0,2026-06-29,5.0,2031-06-29,3Y_5Y,vbma_weekly:https://vbma.org.vn/storage/reports/July2026/29062026-03072026 BAO CAO TUAN TTTP-2.pdf,vbma_weekly_local-20260712T035457Z,2026-07-12T03:54:57Z
2026-07-03,TPB12601,NHTMCP TIÊN PHONG,NGÂN HÀNG,bank,200.0,RIÊNG LẺ,"BQLSTKCN 12T VNĐ (BIDV, VCB, CTG, AGRIBANK) + 3,1%/NĂM",,2026-06-17,10.0,2036-06-17,>5Y,vbma_weekly:https://vbma.org.vn/storage/reports/July2026/29062026-03072026 BAO CAO TUAN TTTP-2.pdf,vbma_weekly_local-20260712T035457Z,2026-07-12T03:54:57Z
2026-07-03,TPB12602,NHTMCP TIÊN PHONG,NGÂN HÀNG,bank,320.0,RIÊNG LẺ,"BQLSTKCN 12T VNĐ (BIDV, VCB, CTG, AGRIBANK) + 3,4%/NĂM",,2026-06-18,10.0,2036-06-18,>5Y,vbma_weekly:https://vbma.org.vn/storage/reports/July2026/29062026-03072026 BAO CAO TUAN TTTP-2.pdf,vbma_weekly_local-20260712T035457Z,2026-07-12T03:54:57Z
2026-07-03,TSO12604,CTCP ĐẦU TƯ XÂY DỰNG THÁI SƠN,BẤT ĐỘNG SẢN,real_estate,2000.0,RIÊNG LẺ,12.5%/NĂM,12.5,2026-06-03,3.0,2029-06-03,<=3Y,vbma_weekly:https://vbma.org.vn/storage/reports/July2026/29062026-03072026 BAO CAO TUAN TTTP-2.pdf,vbma_weekly_local-20260712T035457Z,2026-07-12T03:54:57Z
2026-07-03,VBB12601,NHTMCP VIỆT NAM THƯƠNG TÍN,NGÂN HÀNG,bank,1100.0,RIÊNG LẺ,"BQLSTKCN 12T VNĐ (BIDV, VCB, CTG, AGRIBANK) + 3.8%/NĂM",,2026-06-25,7.0,2033-06-25,>5Y,vbma_weekly:https://vbma.org.vn/storage/reports/July2026/29062026-03072026 BAO CAO TUAN TTTP-2.pdf,vbma_weekly_local-20260712T035457Z,2026-07-12T03:54:57Z
2026-07-03,VBB12602,NHTMCP VIỆT NAM THƯƠNG TÍN,NGÂN HÀNG,bank,400.0,RIÊNG LẺ,"BQLSTKCN 12T VNĐ (BIDV, VCB, CTG, AGRIBANK) + 3.8%/NĂM",,2026-06-30,7.0,2033-06-30,>5Y,vbma_weekly:https://vbma.org.vn/storage/reports/July2026/29062026-03072026 BAO CAO TUAN TTTP-2.pdf,vbma_weekly_local-20260712T035457Z,2026-07-12T03:54:57Z
2026-07-03,VCB12601,NHTMCP NGOẠI THƯƠNG VIỆT NAM,NGÂN HÀNG,bank,400.0,RIÊNG LẺ,7.9%/NĂM,7.9,2026-06-02,10.0,2036-06-02,>5Y,vbma_weekly:https://vbma.org.vn/storage/reports/July2026/29062026-03072026 BAO CAO TUAN TTTP-2.pdf,vbma_weekly_local-20260712T035457Z,2026-07-12T03:54:57Z
2026-07-03,VCB12602,NHTMCP NGOẠI THƯƠNG VIỆT NAM,NGÂN HÀNG,bank,100.0,RIÊNG LẺ,8%/NĂM,8.0,2026-06-23,4.0,2030-06-23,3Y_5Y,vbma_weekly:https://vbma.org.vn/storage/reports/July2026/29062026-03072026 BAO CAO TUAN TTTP-2.pdf,vbma_weekly_local-20260712T035457Z,2026-07-12T03:54:57Z
2026-07-03,VHM12607,CTCP VINHOMES,BẤT ĐỘNG SẢN,real_estate,2000.0,RIÊNG LẺ,"02 KỲ ĐẦU: 12,5%/NĂM CÁC KỲ SAU: LSTC + 2,0%/NĂM (TỐI THIỂU 12,5%/NĂM)",12.5,2026-06-20,3.2,2029-08-20,3Y_5Y,vbma_weekly:https://vbma.org.vn/storage/reports/July2026/29062026-03072026 BAO CAO TUAN TTTP-2.pdf,vbma_weekly_local-20260712T035457Z,2026-07-12T03:54:57Z
2026-07-03,VHM12608,CTCP VINHOMES,BẤT ĐỘNG SẢN,real_estate,1000.0,RIÊNG LẺ,"02 KỲ ĐẦU: 12,5%/NĂM CÁC KỲ SAU: LSTC + 2,0%/NĂM (TỐI THIỂU 12,5%/NĂM)",12.5,2026-06-20,3.2,2029-08-20,3Y_5Y,vbma_weekly:https://vbma.org.vn/storage/reports/July2026/29062026-03072026 BAO CAO TUAN TTTP-2.pdf,vbma_weekly_local-20260712T035457Z,2026-07-12T03:54:57Z
2026-07-03,VHM12609,CTCP VINHOMES,BẤT ĐỘNG SẢN,real_estate,1000.0,RIÊNG LẺ,"02 KỲ ĐẦU: 12,5%/NĂM CÁC KỲ SAU: LSTC + 2,0%/NĂM (TỐI THIỂU 12,5%/NĂM)",12.5,2026-06-20,3.0,2029-06-20,<=3Y,vbma_weekly:https://vbma.org.vn/storage/reports/July2026/29062026-03072026 BAO CAO TUAN TTTP-2.pdf,vbma_weekly_local-20260712T035457Z,2026-07-12T03:54:57Z
2026-07-03,VHM12610,CTCP VINHOMES,BẤT ĐỘNG SẢN,real_estate,2000.0,RIÊNG LẺ,"02 KỲ ĐẦU: 12,5%/NĂM CÁC KỲ SAU: LSTC + 2,0%/NĂM (TỐI THIỂU 12,5%/NĂM)",12.5,2026-06-20,3.0,2029-06-20,<=3Y,vbma_weekly:https://vbma.org.vn/storage/reports/July2026/29062026-03072026 BAO CAO TUAN TTTP-2.pdf,vbma_weekly_local-20260712T035457Z,2026-07-12T03:54:57Z
2026-07-03,VHM12611,CTCP VINHOMES,BẤT ĐỘNG SẢN,real_estate,15000.0,RIÊNG LẺ,"04 KỲ ĐẦU: 12%/NĂM; CÁC KỲ SAU: LSTC + 6.1%/NĂM (TỐI THIỂU 11.5%/NĂM, TỐI ĐA 12.5%/NĂM)",12.0,2026-06-25,2.0,2028-06-25,<=3Y,vbma_weekly:https://vbma.org.vn/storage/reports/July2026/29062026-03072026 BAO CAO TUAN TTTP-2.pdf,vbma_weekly_local-20260712T035457Z,2026-07-12T03:54:57Z
2026-07-03,VPB12602,NHTMCP VIỆT NAM THỊNH VƯỢNG,NGÂN HÀNG,bank,1000.0,RIÊNG LẺ,8.6%/NĂM,8.6,2026-06-08,3.0,2029-06-08,<=3Y,vbma_weekly:https://vbma.org.vn/storage/reports/July2026/29062026-03072026 BAO CAO TUAN TTTP-2.pdf,vbma_weekly_local-20260712T035457Z,2026-07-12T03:54:57Z
2026-07-03,VPB12603,NHTMCP VIỆT NAM THỊNH VƯỢNG,NGÂN HÀNG,bank,1500.0,RIÊNG LẺ,8.7%/NĂM,8.7,2026-06-25,3.0,2029-06-25,<=3Y,vbma_weekly:https://vbma.org.vn/storage/reports/July2026/29062026-03072026 BAO CAO TUAN TTTP-2.pdf,vbma_weekly_local-20260712T035457Z,2026-07-12T03:54:57Z
2026-07-03,VPB12604,NHTMCP VIỆT NAM THỊNH VƯỢNG,NGÂN HÀNG,bank,1500.0,RIÊNG LẺ,8.7%/NĂM,8.7,2026-06-30,3.0,2029-06-30,<=3Y,vbma_weekly:https://vbma.org.vn/storage/reports/July2026/29062026-03072026 BAO CAO TUAN TTTP-2.pdf,vbma_weekly_local-20260712T035457Z,2026-07-12T03:54:57Z
2026-07-03,VPI12603,CTCP PHÁT TRIỂN BẤT ĐỘNG SẢN VĂN PHÚ,BẤT ĐỘNG SẢN,real_estate,150.0,RIÊNG LẺ,"02 KỲ ĐẦU: 11,5%/NĂM CÁC KỲ SAU: BQLSTKCN 12T VNĐ (VCB, BIDV, CTG, AGRIBANK) + 4,5%/NĂM (TỐI THIỂU 10,5%/NĂM)",11.5,2026-06-02,3.0,2029-06-02,<=3Y,vbma_weekly:https://vbma.org.vn/storage/reports/July2026/29062026-03072026 BAO CAO TUAN TTTP-2.pdf,vbma_weekly_local-20260712T035457Z,2026-07-12T03:54:57Z
2026-07-03,VPL12601,CTCP VINPEARL,TIÊU DÙNG,non_bank_corp,4907.0,RIÊNG LẺ,"04 KỲ ĐẦU: 12,0%/NĂM CÁC KỲ SAU: LSTC (MB) + 2,45%/NĂM (TỐI THIỂU 12,0%/NĂM)",12.0,2026-06-03,5.0,2031-06-03,3Y_5Y,vbma_weekly:https://vbma.org.vn/storage/reports/July2026/29062026-03072026 BAO CAO TUAN TTTP-2.pdf,vbma_weekly_local-20260712T035457Z,2026-07-12T03:54:57Z
2026-07-10,TOT12601,CTCP TRANSIMEX LOGISTICS,CÔNG NGHIỆP,non_bank_corp,100.0,RIÊNG LẺ,9.5%/NĂM,9.5,2026-07-03,3.0,2029-07-03,<=3Y,vbma_weekly:https://vbma.org.vn/storage/reports/July2026/06072026 - 10072026 BAO CAO TUAN TTTP.pdf,vbma_weekly_local-20260721T041850Z,2026-07-21T04:18:50Z
2026-07-17,HDB12606,NHTMCP PHÁT TRIỂN THÀNH PHỐ HỒ CHÍ MINH,NGÂN HÀNG,bank,200.0,RIÊNG LẺ,LSTC + 2.70%/NĂM,,2026-07-07,6.0,2032-07-07,>5Y,vbma_weekly:https://vbma.org.vn/storage/reports/July2026/13072026 - 17072026 BAO CAO TUAN TTTP.pdf,vbma_weekly_local-20260725T033713Z,2026-07-25T03:37:13Z
2026-07-17,HDB12607,NHTMCP PHÁT TRIỂN THÀNH PHỐ HỒ CHÍ MINH,NGÂN HÀNG,bank,500.0,RIÊNG LẺ,9.0%/NĂM,9.0,2026-07-09,6.0,2032-07-09,>5Y,vbma_weekly:https://vbma.org.vn/storage/reports/July2026/13072026 - 17072026 BAO CAO TUAN TTTP.pdf,vbma_weekly_local-20260725T033713Z,2026-07-25T03:37:13Z
2026-07-17,HDB12608,NHTMCP PHÁT TRIỂN THÀNH PHỐ HỒ CHÍ MINH,NGÂN HÀNG,bank,1000.0,RIÊNG LẺ,LSTC + 2.6%/NĂM; TRƯỜNG HỢP KHÔNG MUA LẠI: + 3.1%/NĂM (02 NĂM CUỐI),,2026-07-10,7.0,2033-07-10,>5Y,vbma_weekly:https://vbma.org.vn/storage/reports/July2026/13072026 - 17072026 BAO CAO TUAN TTTP.pdf,vbma_weekly_local-20260725T033713Z,2026-07-25T03:37:13Z
2026-07-17,TOT12601,CTCP TRANSIMEX LOGISTICS,CÔNG NGHIỆP,non_bank_corp,100.0,RIÊNG LẺ,9.5%/NĂM,9.5,2026-07-03,3.0,2029-07-03,<=3Y,vbma_weekly:https://vbma.org.vn/storage/reports/July2026/13072026 - 17072026 BAO CAO TUAN TTTP.pdf,vbma_weekly_local-20260725T033713Z,2026-07-25T03:37:13Z
2026-07-17,VCB12603,NHTMCP NGOẠI THƯƠNG VIỆT NAM,NGÂN HÀNG,bank,100.0,RIÊNG LẺ,7.9%/NĂM,7.9,2026-07-06,10.0,2036-07-06,>5Y,vbma_weekly:https://vbma.org.vn/storage/reports/July2026/13072026 - 17072026 BAO CAO TUAN TTTP.pdf,vbma_weekly_local-20260725T033713Z,2026-07-25T03:37:13Z
2026-07-17,VHM12613,CTCP VINHOMES,BẤT ĐỘNG SẢN,real_estate,2000.0,RIÊNG LẺ,02 KỲ ĐẦU: 12.5%/NĂM CÁC KỲ SAU: LSTC + 2.0%/NĂM (TỐI THIỂU 12.5%/NĂM),12.5,2026-07-10,3.0,2029-07-10,<=3Y,vbma_weekly:https://vbma.org.vn/storage/reports/July2026/13072026 - 17072026 BAO CAO TUAN TTTP.pdf,vbma_weekly_local-20260725T033713Z,2026-07-25T03:37:13Z
2026-07-17,VHM12614,CTCP VINHOMES,BẤT ĐỘNG SẢN,real_estate,1000.0,RIÊNG LẺ,02 KỲ ĐẦU: 12.5%/NĂM CÁC KỲ SAU: LSTC + 2.0%/NĂM (TỐI THIỂU 12.5%/NĂM),12.5,2026-07-10,3.0,2029-07-10,<=3Y,vbma_weekly:https://vbma.org.vn/storage/reports/July2026/13072026 - 17072026 BAO CAO TUAN TTTP.pdf,vbma_weekly_local-20260725T033713Z,2026-07-25T03:37:13Z
2026-07-24,BAB12607,NHTMCP BẮC Á,NGÂN HÀNG,bank,500.0,RIÊNG LẺ,9%/NĂM,9.0,2026-07-15,3.0,2029-07-15,<=3Y,vbma_weekly:https://vbma.org.vn/storage/reports/July2026/20072026 - 24072026 BAO CAO TUAN TTTP.pdf,vbma_weekly_local-20260803T065126Z,2026-08-03T06:51:26Z
2026-07-24,BNC12601,CTCP DỊCH VỤ CÁP TREO BÀ NÀ,CÔNG NGHIỆP,non_bank_corp,420.0,RIÊNG LẺ,"04 KỲ ĐẦU: 11.5%/NĂM CÁC KỲ SAU: BQLSTKCN 12T VNĐ (CTG, VCB, AGRIBANK, BIDV) + 4.5%/NĂM (TỐI THIỂU 10.5%/NĂM)",11.5,2026-07-17,5.0,2031-07-17,3Y_5Y,vbma_weekly:https://vbma.org.vn/storage/reports/July2026/20072026 - 24072026 BAO CAO TUAN TTTP.pdf,vbma_weekly_local-20260803T065126Z,2026-08-03T06:51:26Z
2026-07-24,CIC12601,CT TNHH XÂY DỰNG HẠ TẦNG CRYSTAL,BẤT ĐỘNG SẢN,real_estate,2000.0,RIÊNG LẺ,"02 KỲ ĐẦU: 12.5%/NĂM CÁC KỲ SAU: BQLSTKCN 12T VNĐ (BIDV, VCB, CTG, KLB) + 4%/NĂM (TỐI THIỂU 12.5%/NĂM)",12.5,2026-07-16,5.0,2031-07-16,3Y_5Y,vbma_weekly:https://vbma.org.vn/storage/reports/July2026/20072026 - 24072026 BAO CAO TUAN TTTP.pdf,vbma_weekly_local-20260803T065126Z,2026-08-03T06:51:26Z
2026-07-24,HDB12606,NHTMCP PHÁT TRIỂN THÀNH PHỐ HỒ CHÍ MINH,NGÂN HÀNG,bank,200.0,RIÊNG LẺ,LSTC + 2.70%/NĂM,,2026-07-07,6.0,2032-07-07,>5Y,vbma_weekly:https://vbma.org.vn/storage/reports/July2026/20072026 - 24072026 BAO CAO TUAN TTTP.pdf,vbma_weekly_local-20260803T065126Z,2026-08-03T06:51:26Z
2026-07-24,HDB12607,NHTMCP PHÁT TRIỂN THÀNH PHỐ HỒ CHÍ MINH,NGÂN HÀNG,bank,500.0,RIÊNG LẺ,9.0%/NĂM,9.0,2026-07-09,6.0,2032-07-09,>5Y,vbma_weekly:https://vbma.org.vn/storage/reports/July2026/20072026 - 24072026 BAO CAO TUAN TTTP.pdf,vbma_weekly_local-20260803T065126Z,2026-08-03T06:51:26Z
2026-07-24,HDB12608,NHTMCP PHÁT TRIỂN THÀNH PHỐ HỒ CHÍ MINH,NGÂN HÀNG,bank,1000.0,RIÊNG LẺ,LSTC + 2.6%/NĂM; TRƯỜNG HỢP KHÔNG MUA LẠI: + 3.1%/NĂM (02 NĂM CUỐI),,2026-07-10,7.0,2033-07-10,>5Y,vbma_weekly:https://vbma.org.vn/storage/reports/July2026/20072026 - 24072026 BAO CAO TUAN TTTP.pdf,vbma_weekly_local-20260803T065126Z,2026-08-03T06:51:26Z
2026-07-24,SHS12601,CTCP CHỨNG KHOÁN SÀI GÒN - HÀ NỘI,CHỨNG KHOÁN,non_bank_corp,119.0,RIÊNG LẺ,10.5%/NĂM,10.5,2026-07-15,1.0,2027-07-15,<=3Y,vbma_weekly:https://vbma.org.vn/storage/reports/July2026/20072026 - 24072026 BAO CAO TUAN TTTP.pdf,vbma_weekly_local-20260803T065126Z,2026-08-03T06:51:26Z
2026-07-24,TOT12601,CTCP TRANSIMEX LOGISTICS,CÔNG NGHIỆP,non_bank_corp,100.0,RIÊNG LẺ,9.5%/NĂM,9.5,2026-07-03,3.0,2029-07-03,<=3Y,vbma_weekly:https://vbma.org.vn/storage/reports/July2026/20072026 - 24072026 BAO CAO TUAN TTTP.pdf,vbma_weekly_local-20260803T065126Z,2026-08-03T06:51:26Z
2026-07-24,VCB12603,NHTMCP NGOẠI THƯƠNG VIỆT NAM,NGÂN HÀNG,bank,100.0,RIÊNG LẺ,7.9%/NĂM,7.9,2026-07-06,10.0,2036-07-06,>5Y,vbma_weekly:https://vbma.org.vn/storage/reports/July2026/20072026 - 24072026 BAO CAO TUAN TTTP.pdf,vbma_weekly_local-20260803T065126Z,2026-08-03T06:51:26Z
2026-07-24,VHM12613,CTCP VINHOMES,BẤT ĐỘNG SẢN,real_estate,2000.0,RIÊNG LẺ,02 KỲ ĐẦU: 12.5%/NĂM CÁC KỲ SAU: LSTC + 2.0%/NĂM (TỐI THIỂU 12.5%/NĂM),12.5,2026-07-10,3.0,2029-07-10,<=3Y,vbma_weekly:https://vbma.org.vn/storage/reports/July2026/20072026 - 24072026 BAO CAO TUAN TTTP.pdf,vbma_weekly_local-20260803T065126Z,2026-08-03T06:51:26Z
2026-07-24,VHM12614,CTCP VINHOMES,BẤT ĐỘNG SẢN,real_estate,1000.0,RIÊNG LẺ,02 KỲ ĐẦU: 12.5%/NĂM CÁC KỲ SAU: LSTC + 2.0%/NĂM (TỐI THIỂU 12.5%/NĂM),12.5,2026-07-10,3.0,2029-07-10,<=3Y,vbma_weekly:https://vbma.org.vn/storage/reports/July2026/20072026 - 24072026 BAO CAO TUAN TTTP.pdf,vbma_weekly_local-20260803T065126Z,2026-08-03T06:51:26Z
2026-07-24,VPB12605,NHTMCP VIỆT NAM THỊNH VƯỢNG,NGÂN HÀNG,bank,1000.0,RIÊNG LẺ,9%/NĂM,9.0,2026-07-16,3.0,2029-07-16,<=3Y,vbma_weekly:https://vbma.org.vn/storage/reports/July2026/20072026 - 24072026 BAO CAO TUAN TTTP.pdf,vbma_weekly_local-20260803T065126Z,2026-08-03T06:51:26Z
2026-07-31,BAB12607,NHTMCP BẮC Á,NGÂN HÀNG,bank,500.0,RIÊNG LẺ,9%/NĂM,9.0,2026-07-15,3.0,2029-07-15,<=3Y,vbma_weekly:https://vbma.org.vn/storage/reports/August2026/27072026 - 31072026 BAO CAO TUAN TTTP.pdf,vbma_weekly_local-20260805T034445Z,2026-08-05T03:44:45Z
2026-07-31,BNC12601,CTCP DỊCH VỤ CÁP TREO BÀ NÀ,CÔNG NGHIỆP,non_bank_corp,420.0,RIÊNG LẺ,"04 KỲ ĐẦU: 11.5%/NĂM CÁC KỲ SAU: BQLSTKCN 12T VNĐ (CTG, VCB, AGRIBANK, BIDV) + 4.5%/NĂM (TỐI THIỂU 10.5%/NĂM)",11.5,2026-07-17,5.0,2031-07-17,3Y_5Y,vbma_weekly:https://vbma.org.vn/storage/reports/August2026/27072026 - 31072026 BAO CAO TUAN TTTP.pdf,vbma_weekly_local-20260805T034445Z,2026-08-05T03:44:45Z
2026-07-31,CIC12601,CT TNHH XÂY DỰNG HẠ TẦNG CRYSTAL,BẤT ĐỘNG SẢN,real_estate,2000.0,RIÊNG LẺ,"02 KỲ ĐẦU: 12.5%/NĂM CÁC KỲ SAU: BQLSTKCN 12T VNĐ (BIDV, VCB, CTG, KLB) + 4%/NĂM (TỐI THIỂU 12.5%/NĂM)",12.5,2026-07-16,5.0,2031-07-16,3Y_5Y,vbma_weekly:https://vbma.org.vn/storage/reports/August2026/27072026 - 31072026 BAO CAO TUAN TTTP.pdf,vbma_weekly_local-20260805T034445Z,2026-08-05T03:44:45Z
2026-07-31,HDB12606,NHTMCP PHÁT TRIỂN THÀNH PHỐ HỒ CHÍ MINH,NGÂN HÀNG,bank,200.0,RIÊNG LẺ,LSTC + 2.70%/NĂM,,2026-07-07,6.0,2032-07-07,>5Y,vbma_weekly:https://vbma.org.vn/storage/reports/August2026/27072026 - 31072026 BAO CAO TUAN TTTP.pdf,vbma_weekly_local-20260805T034445Z,2026-08-05T03:44:45Z
2026-07-31,HDB12607,NHTMCP PHÁT TRIỂN THÀNH PHỐ HỒ CHÍ MINH,NGÂN HÀNG,bank,500.0,RIÊNG LẺ,9.0%/NĂM,9.0,2026-07-09,6.0,2032-07-09,>5Y,vbma_weekly:https://vbma.org.vn/storage/reports/August2026/27072026 - 31072026 BAO CAO TUAN TTTP.pdf,vbma_weekly_local-20260805T034445Z,2026-08-05T03:44:45Z
2026-07-31,HDB12608,NHTMCP PHÁT TRIỂN THÀNH PHỐ HỒ CHÍ MINH,NGÂN HÀNG,bank,1000.0,RIÊNG LẺ,LSTC + 2.6%/NĂM; TRƯỜNG HỢP KHÔNG MUA LẠI: + 3.1%/NĂM (02 NĂM CUỐI),,2026-07-10,7.0,2033-07-10,>5Y,vbma_weekly:https://vbma.org.vn/storage/reports/August2026/27072026 - 31072026 BAO CAO TUAN TTTP.pdf,vbma_weekly_local-20260805T034445Z,2026-08-05T03:44:45Z
2026-07-31,HDB12609,NHTMCP PHÁT TRIỂN THÀNH PHỐ HỒ CHÍ MINH,NGÂN HÀNG,bank,100.0,RIÊNG LẺ,8.3%/NĂM,8.3,2026-07-28,5.0,2031-07-28,3Y_5Y,vbma_weekly:https://vbma.org.vn/storage/reports/August2026/27072026 - 31072026 BAO CAO TUAN TTTP.pdf,vbma_weekly_local-20260805T034445Z,2026-08-05T03:44:45Z
2026-07-31,MBB12619,NHTMCP QUÂN ĐỘI,NGÂN HÀNG,bank,400.0,RIÊNG LẺ,8.2%/NĂM,8.2,2026-07-27,5.0,2031-07-27,3Y_5Y,vbma_weekly:https://vbma.org.vn/storage/reports/August2026/27072026 - 31072026 BAO CAO TUAN TTTP.pdf,vbma_weekly_local-20260805T034445Z,2026-08-05T03:44:45Z
2026-07-31,SHS12601,CTCP CHỨNG KHOÁN SÀI GÒN - HÀ NỘI,CHỨNG KHOÁN,non_bank_corp,119.0,RIÊNG LẺ,10.5%/NĂM,10.5,2026-07-15,1.0,2027-07-15,<=3Y,vbma_weekly:https://vbma.org.vn/storage/reports/August2026/27072026 - 31072026 BAO CAO TUAN TTTP.pdf,vbma_weekly_local-20260805T034445Z,2026-08-05T03:44:45Z
2026-07-31,TOT12601,CTCP TRANSIMEX LOGISTICS,CÔNG NGHIỆP,non_bank_corp,100.0,RIÊNG LẺ,9.5%/NĂM,9.5,2026-07-03,3.0,2029-07-03,<=3Y,vbma_weekly:https://vbma.org.vn/storage/reports/August2026/27072026 - 31072026 BAO CAO TUAN TTTP.pdf,vbma_weekly_local-20260805T034445Z,2026-08-05T03:44:45Z
2026-07-31,VCB12603,NHTMCP NGOẠI THƯƠNG VIỆT NAM,NGÂN HÀNG,bank,100.0,RIÊNG LẺ,7.9%/NĂM,7.9,2026-07-06,10.0,2036-07-06,>5Y,vbma_weekly:https://vbma.org.vn/storage/reports/August2026/27072026 - 31072026 BAO CAO TUAN TTTP.pdf,vbma_weekly_local-20260805T034445Z,2026-08-05T03:44:45Z
2026-07-31,VHM12613,CTCP VINHOMES,BẤT ĐỘNG SẢN,real_estate,2000.0,RIÊNG LẺ,02 KỲ ĐẦU: 12.5%/NĂM CÁC KỲ SAU: LSTC + 2.0%/NĂM (TỐI THIỂU 12.5%/NĂM),12.5,2026-07-10,3.0,2029-07-10,<=3Y,vbma_weekly:https://vbma.org.vn/storage/reports/August2026/27072026 - 31072026 BAO CAO TUAN TTTP.pdf,vbma_weekly_local-20260805T034445Z,2026-08-05T03:44:45Z
2026-07-31,VHM12614,CTCP VINHOMES,BẤT ĐỘNG SẢN,real_estate,1000.0,RIÊNG LẺ,02 KỲ ĐẦU: 12.5%/NĂM CÁC KỲ SAU: LSTC + 2.0%/NĂM (TỐI THIỂU 12.5%/NĂM),12.5,2026-07-10,3.0,2029-07-10,<=3Y,vbma_weekly:https://vbma.org.vn/storage/reports/August2026/27072026 - 31072026 BAO CAO TUAN TTTP.pdf,vbma_weekly_local-20260805T034445Z,2026-08-05T03:44:45Z
2026-07-31,VPB12605,NHTMCP VIỆT NAM THỊNH VƯỢNG,NGÂN HÀNG,bank,1000.0,RIÊNG LẺ,9%/NĂM,9.0,2026-07-16,3.0,2029-07-16,<=3Y,vbma_weekly:https://vbma.org.vn/storage/reports/August2026/27072026 - 31072026 BAO CAO TUAN TTTP.pdf,vbma_weekly_local-20260805T034445Z,2026-08-05T03:44:45Z
