time,Market_Return,CSAD,CSSD,Spread,Spread_Z,DPI,Ledoit_Correlation,Macro_Regime,cache_date
2023-06-20,0.0,0.018024219889848238,0.02452563902314261,0.006501419133294373,0.02111489718862382,5.0,0.05442095773010674,NORMAL,2026-05-07
2023-06-21,0.009009009009008917,0.013381813233420355,0.019171467545872456,0.005789654312452101,-0.5180573826226469,5.0,0.05442095773010674,NORMAL,2026-05-07
2023-06-22,0.008928571428571175,0.01112697965311154,0.016356309390910158,0.005229329737798619,-0.9192176994134009,5.0,0.05442095773010674,NORMAL,2026-05-07
2023-06-23,0.0,0.013399100885940882,0.01990553721426256,0.006506436328321678,0.09797054871644514,10.0,0.05442095773010674,NORMAL,2026-05-07
2023-06-26,0.0,0.015610782247432411,0.02274507166186466,0.0071342894144322475,0.5919627423058773,15.0,0.05442095773010674,NORMAL,2026-05-07
2023-06-27,0.0,0.011201339035631731,0.018744960921046064,0.0075436218854143325,0.8919206601654446,20.0,0.0621439469879122,NORMAL,2026-05-07
2023-06-28,0.008849557522123908,0.01508159804876311,0.01953244912482204,0.004450851076058929,-1.5482382036660594,20.0,0.0621439469879122,NORMAL,2026-05-07
2023-06-29,-0.00877192982456143,0.015589489949057168,0.0207993147762516,0.005209824827194433,-0.8996357525004797,20.0,0.0621439469879122,NORMAL,2026-05-07
2023-06-30,-0.008849557522123686,0.013461512278179233,0.01879459582565346,0.005333083547474226,-0.7710548042636903,20.0,0.0621439469879122,NORMAL,2026-05-07
2023-07-03,0.008928571428571175,0.012174075620787195,0.015856082060388455,0.0036820064396012597,-1.8809936957997915,20.0,0.0621439469879122,NORMAL,2026-05-07
2023-07-04,0.0,0.01565281056899189,0.022679707195864603,0.007026896626872711,0.6303630857193564,25.0,0.08163574772621213,NORMAL,2026-05-07
2023-07-05,0.0,0.010925353856174302,0.01596866637349444,0.0050433125173201376,-0.8565584216141755,25.0,0.08163574772621213,NORMAL,2026-05-07
2023-07-06,0.0,0.014771520773911017,0.019830722412885346,0.005059201638974329,-0.8133972356970718,25.0,0.08163574772621213,NORMAL,2026-05-07
2023-07-07,0.008849557522123908,0.01319220156918022,0.017203536898195784,0.004011335329015564,-1.5069882843883737,25.0,0.08163574772621213,NORMAL,2026-05-07
2023-07-10,0.00877192982456143,0.012401111534931078,0.01752517945475591,0.00512406791982483,-0.6508299010775785,25.0,0.08163574772621213,NORMAL,2026-05-07
2023-07-11,0.0,0.012329964587921547,0.018161565855849642,0.005831601267928095,-0.11061419225743004,25.0,0.08348705869325104,NORMAL,2026-05-07
2023-07-12,0.0,0.010494533290233905,0.015734010861508038,0.005239477571274133,-0.5547327270432606,25.0,0.08348705869325104,NORMAL,2026-05-07
2023-07-13,0.01739130434782621,0.01451082377491911,0.01765692136736753,0.0031460975924484207,-1.9666229724591018,25.0,0.08348705869325104,NORMAL,2026-05-07
2023-07-14,0.0,0.012050708148963848,0.018428939375759984,0.0063782312267961355,0.393310360334835,30.0,0.08348705869325104,NORMAL,2026-05-07
2023-07-17,0.0,0.01480321131346779,0.022221657388834633,0.007418446075366843,1.114592186948818,35.0,0.08348705869325104,NORMAL,2026-05-07
2023-07-18,0.0,0.012283177500424645,0.017905060535363768,0.005621883034939122,-0.2122444234656212,30.0,0.09315649191568702,NORMAL,2026-05-07
2023-07-19,0.0,0.01515426637270477,0.021532339112340752,0.006378072739635983,0.35118660971662824,35.0,0.09315649191568702,NORMAL,2026-05-07
2023-07-20,0.0,0.012798113168103736,0.0189752357670245,0.006177122598920764,0.19252570817165648,40.0,0.09315649191568702,NORMAL,2026-05-07
2023-07-21,0.017094017094017033,0.015185605702591008,0.019271853249228633,0.004086247546637625,-1.363104582842969,35.0,0.09315649191568702,NORMAL,2026-05-07
2023-07-24,0.0,0.015942580581296144,0.023374263363692947,0.007431682782396802,1.1520790671473793,35.0,0.09315649191568702,NORMAL,2026-05-07
2023-07-25,0.008403361344537785,0.01649306986031347,0.020200133753963866,0.0037070638936503968,-1.5685284071992374,30.0,0.09730365834883932,NORMAL,2026-05-07
2023-07-26,0.0,0.011053198662693681,0.016680537678922455,0.005627339016228774,-0.14988568841326014,30.0,0.09730365834883932,NORMAL,2026-05-07
2023-07-27,0.0,0.014567153746387115,0.021030562382670964,0.006463408636283849,0.46718268748561204,35.0,0.09730365834883932,NORMAL,2026-05-07
2023-07-28,0.008333333333333304,0.015121675803854826,0.021843004342292315,0.006721328538437489,0.645761156626643,40.0,0.09730365834883932,NORMAL,2026-05-07
2023-07-31,0.008264462809917328,0.016955290009594674,0.023225024779767147,0.0062697347701724734,0.29118288882732896,45.0,0.09730365834883932,NORMAL,2026-05-07
2023-08-01,0.0,0.019961812334767313,0.026476480354655833,0.006514668019888519,0.47225033314667314,45.0,0.06657990605535942,NORMAL,2026-05-07
2023-08-02,0.0,0.01237531186678843,0.018345286813385337,0.005969974946596908,0.03737484069273963,50.0,0.06657990605535942,DISTRIBUTION_PEAK,2026-05-07
2023-08-03,-0.008196721311475419,0.013888227467865385,0.019938970094842513,0.006050742626977128,0.10104636707620135,55.00000000000001,0.06657990605535942,DISTRIBUTION_PEAK,2026-05-07
2023-08-04,0.016528925619834656,0.016099715391663678,0.020228834891390293,0.004129119499726615,-1.404249195334872,55.00000000000001,0.06657990605535942,DISTRIBUTION_PEAK,2026-05-07
2023-08-07,0.008130081300812941,0.014723020893966533,0.020645380445040315,0.005922359551073782,0.04817856884711081,60.0,0.06657990605535942,DISTRIBUTION_PEAK,2026-05-07
2023-08-08,0.0,0.016140582123933787,0.022074790644701886,0.005934208520768099,0.05688726923814468,65.0,0.07285694350647814,DISTRIBUTION_PEAK,2026-05-07
2023-08-09,-0.008064516129032251,0.016230306755160046,0.024525380814325204,0.008295074059165158,1.8652851247899398,70.0,0.07285694350647814,DISTRIBUTION_PEAK,2026-05-07
2023-08-10,-0.008130081300813052,0.015225921678629161,0.02157019425207559,0.006344272573446429,0.30352659989379427,75.0,0.07285694350647814,DISTRIBUTION_PEAK,2026-05-07
2023-08-11,0.008196721311475308,0.016652302106493166,0.021365760872457354,0.004713458765964188,-0.981581716507119,70.0,0.07285694350647814,DISTRIBUTION_PEAK,2026-05-07
2023-08-14,0.008130081300812941,0.013226175348915872,0.01849118455676054,0.00526500920784467,-0.5219187697565052,65.0,0.07285694350647814,DISTRIBUTION_PEAK,2026-05-07
2023-08-15,-0.008064516129032251,0.013866063078414592,0.018838367528996737,0.004972304450582145,-0.7406208886609708,65.0,0.0550362953611091,DISTRIBUTION_PEAK,2026-05-07
2023-08-16,0.008130081300812941,0.01422591455021188,0.01794050004736009,0.003714585497148209,-1.6557062734884893,60.0,0.0550362953611091,DISTRIBUTION_PEAK,2026-05-07
2023-08-17,-0.008064516129032251,0.012385929168601765,0.017575243524706508,0.005189314356104743,-0.4680879829548443,55.00000000000001,0.0550362953611091,DISTRIBUTION_PEAK,2026-05-07
2023-08-18,-0.04065040650406504,0.024302028083694117,0.026197538527572256,0.0018955104438781387,-2.6401905131008343,55.00000000000001,0.0550362953611091,DISTRIBUTION_PEAK,2026-05-07
2023-08-21,0.0,0.0221650727352949,0.029671528374354595,0.007506455639059696,1.2640234100470216,55.00000000000001,0.0550362953611091,DISTRIBUTION_PEAK,2026-05-07
2023-08-22,0.0,0.015178124822984066,0.02170141265495213,0.006523287831968065,0.5638805888097147,60.0,0.14752808857077712,DISTRIBUTION_PEAK,2026-05-07
2023-08-23,-0.008474576271186418,0.011336179608915354,0.01683420364965153,0.0054980240407361755,-0.15770971374134027,60.0,0.14752808857077712,DISTRIBUTION_PEAK,2026-05-07
2023-08-24,0.017094017094017033,0.01334758280184598,0.01808952619958932,0.0047419433977433385,-0.6829951021093867,55.00000000000001,0.14752808857077712,DISTRIBUTION_PEAK,2026-05-07
2023-08-25,-0.008403361344537785,0.013403245041942125,0.019415034542573935,0.00601178950063181,0.2343927611064266,55.00000000000001,0.14752808857077712,DISTRIBUTION_PEAK,2026-05-07
2023-08-28,0.016949152542372836,0.012447180824476607,0.016175805629445712,0.003728624804969105,-1.3747303755745603,50.0,0.14752808857077712,DISTRIBUTION_PEAK,2026-05-07
2023-08-29,0.0,0.010579512001571229,0.015471208929473285,0.0048916969279020565,-0.5196080478430022,45.0,0.16740566371864699,NORMAL,2026-05-07
2023-08-30,0.008333333333333304,0.01309758821441902,0.017409107973872955,0.004311519759453935,-0.914440938363554,40.0,0.16740566371864699,NORMAL,2026-05-07
2023-08-31,0.008264462809917328,0.013786751319135595,0.019769431557551797,0.005982680238416202,0.3092336088804926,40.0,0.16740566371864699,NORMAL,2026-05-07
2023-09-05,0.008196721311475308,0.014512160764005529,0.020598335366965148,0.0060861746029596195,0.37882810340927764,45.0,0.16740566371864699,NORMAL,2026-05-07
2023-09-06,0.016260162601626105,0.01665816332588946,0.02143434524917843,0.004776181923288967,-0.6009246706842889,40.0,0.16740566371864699,NORMAL,2026-05-07
2023-09-07,-0.008000000000000007,0.014981613029019373,0.021086139393774756,0.006104526364755383,0.4102244518779897,40.0,0.16750963728329188,NORMAL,2026-05-07
2023-09-08,0.0,0.013259998582709836,0.022312241792160317,0.009052243209450481,2.3699798885117076,40.0,0.16750963728329188,NORMAL,2026-05-07
2023-09-11,-0.016129032258064502,0.01843327185577284,0.023699920374133387,0.005266648518360548,-0.29933649889444175,35.0,0.16750963728329188,NORMAL,2026-05-07
2023-09-12,0.024590163934426146,0.017371535662024318,0.02184855235889843,0.004477016696874111,-0.8402369828609739,35.0,0.16750963728329188,NORMAL,2026-05-07
2023-09-13,-0.008000000000000007,0.013298300246250684,0.019331729921537453,0.006033429675286769,0.27720437535695297,40.0,0.16750963728329188,NORMAL,2026-05-07
2023-09-14,-0.016129032258064502,0.016020451348019084,0.0206707110524682,0.004650259704449117,-0.7172653828389064,40.0,0.20602159865421224,NORMAL,2026-05-07
2023-09-15,0.008196721311475308,0.01353681898957099,0.01710839060096159,0.0035715716113906004,-1.4318934938675156,40.0,0.20602159865421224,NORMAL,2026-05-07
2023-09-18,-0.016260162601625994,0.01582043634813917,0.02092929454717821,0.0051088581990390396,-0.3133298349328399,40.0,0.20602159865421224,NORMAL,2026-05-07
2023-09-19,0.0,0.013576766909168862,0.02058537681388489,0.007008609904716027,1.0433745868635196,45.0,0.20602159865421224,NORMAL,2026-05-07
2023-09-20,0.016528925619834656,0.016133752008063683,0.02148365454797547,0.0053499025399117855,-0.16974574651408786,40.0,0.20602159865421224,NORMAL,2026-05-07
2023-09-21,-0.016260162601625994,0.017348980910598402,0.023946509372795226,0.006597528462196824,0.7401317750619698,40.0,0.22474348694073268,NORMAL,2026-05-07
2023-09-22,-0.016528925619834767,0.023788670285204795,0.030041440809213223,0.006252770524008428,0.4709546010956723,45.0,0.22474348694073268,NORMAL,2026-05-07
2023-09-25,-0.03361344537815125,0.025485686509615905,0.02940750578839306,0.003921819278777154,-1.2452738972756698,45.0,0.22474348694073268,NORMAL,2026-05-07
2023-09-26,-0.008695652173913104,0.0211740894581099,0.028343990201095095,0.007169900742985194,1.1511143949912035,45.0,0.22474348694073268,NORMAL,2026-05-07
2023-09-27,0.00877192982456143,0.018943883349333293,0.025216482182512847,0.006272598833179554,0.47019802388048615,50.0,0.22474348694073268,NORMAL,2026-05-07
2023-09-28,0.0,0.015259718155245525,0.02099988266708793,0.005740164511842406,0.06566003840783691,55.00000000000001,0.33961461633327117,NORMAL,2026-05-07
2023-09-29,0.0,0.01247539295855161,0.019023170668372346,0.006547777709820736,0.6709399147429997,60.0,0.33961461633327117,NORMAL,2026-05-07
2023-10-02,0.008695652173912993,0.012289548333685557,0.017322525409096585,0.005032977075411027,-0.4965440384808537,55.00000000000001,0.33961461633327117,NORMAL,2026-05-07
2023-10-03,-0.0344827586206895,0.02131361757400942,0.025876295651054256,0.004562678077044836,-0.8414952210521929,50.0,0.33961461633327117,NORMAL,2026-05-07
2023-10-04,0.008928571428571175,0.01354667675428228,0.01779251254137668,0.0042458357870944,-1.05226939760183,50.0,0.33961461633327117,NORMAL,2026-05-07
2023-10-05,-0.017699115044247593,0.01839466220836842,0.024444702218114348,0.006050040009745929,0.3643295054556027,50.0,0.30120544927873383,NORMAL,2026-05-07
2023-10-06,0.018018018018017834,0.014485159421410746,0.019351349911014747,0.004866190489604001,-0.5706043230216198,45.0,0.30120544927873383,NORMAL,2026-05-07
2023-10-09,0.008849557522123908,0.012755519449931982,0.017133354122027374,0.004377834672095392,-0.9349495360319455,45.0,0.30120544927873383,NORMAL,2026-05-07
2023-10-10,0.0,0.012645510116721409,0.018652316369656113,0.006006806252934704,0.3789733941758961,50.0,0.30120544927873383,NORMAL,2026-05-07
2023-10-11,0.00877192982456143,0.01405189532524894,0.019051347464514354,0.004999452139265413,-0.44105961207895067,45.0,0.30120544927873383,NORMAL,2026-05-07
2023-10-12,0.0,0.01079270890128183,0.016158873603642775,0.005366164702360945,-0.13272049701707064,45.0,0.29516827343007446,NORMAL,2026-05-07
2023-10-13,0.0,0.011156802428745267,0.01712799193089329,0.0059711895021480246,0.3733409217297416,50.0,0.29516827343007446,NORMAL,2026-05-07
2023-10-16,-0.008695652173913104,0.015104738866394915,0.019957507074456787,0.004852768208061872,-0.5763566582032439,50.0,0.29516827343007446,NORMAL,2026-05-07
2023-10-17,-0.01754385964912264,0.022658908886558197,0.029247487036287025,0.006588578149728828,0.9059448139558215,50.0,0.29516827343007446,NORMAL,2026-05-07
2023-10-18,-0.017857142857142905,0.02233700625815049,0.02793631822910693,0.005599311970956439,0.04174551270469752,55.00000000000001,0.29516827343007446,NORMAL,2026-05-07
2023-10-19,-0.00909090909090915,0.018911440936332527,0.0252829087708722,0.006371467834539672,0.7086632389584692,55.00000000000001,0.3111687654075838,NORMAL,2026-05-07
2023-10-20,0.01834862385321112,0.01956278562601228,0.02511672668816688,0.005553941062154601,-0.022688785355839985,50.0,0.3111687654075838,NORMAL,2026-05-07
2023-10-23,-0.018018018018018056,0.015036072620919872,0.02049535794446016,0.0054592853235402895,-0.10701035921882555,50.0,0.3111687654075838,NORMAL,2026-05-07
2023-10-24,0.01834862385321112,0.015089631991881042,0.019384788363115427,0.004295156371234385,-1.1380418015441285,45.0,0.3111687654075838,NORMAL,2026-05-07
2023-10-25,-0.009009009009009028,0.012592080862545244,0.0178473569313228,0.0052552760687775545,-0.25012514495216287,40.0,0.3111687654075838,NORMAL,2026-05-07
2023-10-26,-0.036363636363636376,0.024079233312552413,0.0278624095474923,0.003783176234939886,-1.5315639828895362,35.0,0.3203240199821962,NORMAL,2026-05-07
2023-10-27,0.0,0.01867554194373485,0.025352941199185526,0.006677399255450675,1.0640481656758698,35.0,0.3203240199821962,NORMAL,2026-05-07
2023-10-30,-0.018867924528301883,0.020077790760280854,0.024928835994830513,0.004851045234549659,-0.5804101505613963,35.0,0.3203240199821962,NORMAL,2026-05-07
2023-10-31,-0.009615384615384581,0.024671765916592425,0.032171114384570876,0.0074993484679784506,1.7219910654893593,40.0,0.3203240199821962,NORMAL,2026-05-07
2023-11-01,0.009708737864077666,0.01821631069261461,0.024094245227599728,0.0058779345349851166,0.28399133764989604,45.0,0.3203240199821962,NORMAL,2026-05-07
2023-11-02,0.03846153846153855,0.020524442271051043,0.023737831459508994,0.003213389188457951,-1.9318083727618702,40.0,0.3746629038717136,NORMAL,2026-05-07
2023-11-03,0.0,0.013490649784587427,0.01967743775612505,0.006186787971537624,0.5850839477772338,45.0,0.3746629038717136,NORMAL,2026-05-07
2023-11-06,0.0092592592592593,0.011338809376424962,0.014832325962256669,0.0034935165858317064,-1.6227031121174929,45.0,0.3746629038717136,NORMAL,2026-05-07
2023-11-07,-0.00917431192660556,0.0101646449720513,0.013186566664179165,0.0030219216921278658,-1.8585275346602987,40.0,0.3746629038717136,NORMAL,2026-05-07
2023-11-08,0.0277777777777779,0.02058035851837323,0.025144242329144577,0.004563883810771347,-0.6177765558195741,40.0,0.3746629038717136,NORMAL,2026-05-07
2023-11-09,0.0,0.015189100043295066,0.021782652895575325,0.006593552852280259,0.9787572770871156,45.0,0.4096876212512092,NORMAL,2026-05-07
2023-11-10,-0.009009009009009028,0.011465535775681528,0.017863046806183225,0.0063975110305016965,0.7985268859069843,45.0,0.4096876212512092,NORMAL,2026-05-07
2023-11-13,0.0,0.010675727584796919,0.01647055606594583,0.005794828481148911,0.3060541410625022,50.0,0.4096876212512092,CAPITULATION_BOTTOM,2026-05-07
2023-11-14,0.009090909090909038,0.009999347847137291,0.013590274336629493,0.0035909264894922015,-1.42304836328178,45.0,0.4096876212512092,NORMAL,2026-05-07
2023-11-15,0.009009009009008917,0.009410713775871495,0.012450802638374198,0.0030400888625027028,-1.7356516464978091,40.0,0.4096876212512092,NORMAL,2026-05-07
2023-11-16,0.008928571428571175,0.011270447218677695,0.015269040116516608,0.003998592897838913,-0.9617336640629089,35.0,0.3867875922228546,NORMAL,2026-05-07
2023-11-17,-0.0265486725663715,0.020572500725549652,0.026634395086217583,0.006061894360667931,0.6201915825780242,40.0,0.3867875922228546,NORMAL,2026-05-07
2023-11-20,0.0,0.010720879257148071,0.016566378928440515,0.005845499671292444,0.44198822952904004,45.0,0.3867875922228546,NORMAL,2026-05-07
2023-11-21,0.009090909090909038,0.010378263861559628,0.014391691040521947,0.004013427178962319,-0.9761006166755953,45.0,0.3867875922228546,NORMAL,2026-05-07
2023-11-22,0.0,0.010606911445351816,0.016368667685163523,0.005761756239811707,0.40109653627761976,50.0,0.3867875922228546,CAPITULATION_BOTTOM,2026-05-07
2023-11-23,-0.018018018018018056,0.02067533446698622,0.02685804215145979,0.006182707684473571,0.7203878723021964,55.00000000000001,0.38683447034358986,CAPITULATION_BOTTOM,2026-05-07
2023-11-24,0.00917431192660545,0.015926707943024015,0.019618266718219625,0.00369155877519561,-1.24042768977371,50.0,0.38683447034358986,CAPITULATION_BOTTOM,2026-05-07
2023-11-27,-0.00909090909090915,0.012936988924638295,0.01794309582127465,0.005006106896636357,-0.18414867522078884,50.0,0.38683447034358986,CAPITULATION_BOTTOM,2026-05-07
2023-11-28,0.00917431192660545,0.010890485911936271,0.01424085908371916,0.0033503731717828885,-1.4505070694875337,45.0,0.38683447034358986,NORMAL,2026-05-07
2023-11-29,0.0,0.011787322054907212,0.017342445955406665,0.005555123900499453,0.3013414560536221,45.0,0.38683447034358986,NORMAL,2026-05-07
2023-11-30,-0.00909090909090915,0.010677980988512217,0.01509105811669471,0.004413077128182494,-0.6086368802185732,45.0,0.37303756047876635,NORMAL,2026-05-07
2023-12-01,0.00917431192660545,0.011073260907989985,0.014991649831148462,0.003918388923158477,-0.9795455285640822,40.0,0.37303756047876635,NORMAL,2026-05-07
2023-12-04,0.0181818181818183,0.015540696905318169,0.020793699876774277,0.005253002971456108,0.10977667698089145,45.0,0.37303756047876635,NORMAL,2026-05-07
2023-12-05,0.0,0.009276764650647952,0.014575942407692576,0.005299177757044624,0.14564187030963466,50.0,0.37303756047876635,CAPITULATION_BOTTOM,2026-05-07
2023-12-06,0.008928571428571175,0.012106707475659973,0.017616098514393306,0.005509391038733333,0.317348421265702,55.00000000000001,0.37303756047876635,CAPITULATION_BOTTOM,2026-05-07
2023-12-07,-0.008849557522123686,0.014715853961302825,0.02006208008193919,0.005346226120636366,0.1743332447192342,55.00000000000001,0.3696961468889207,CAPITULATION_BOTTOM,2026-05-07
2023-12-08,0.0,0.009411009142463692,0.012737013486590681,0.0033260043441269895,-1.4986706864564738,50.0,0.3696961468889207,CAPITULATION_BOTTOM,2026-05-07
2023-12-11,0.008928571428571175,0.013870547802628117,0.01710442279445632,0.003233874991828204,-1.4899560974575239,45.0,0.3696961468889207,NORMAL,2026-05-07
2023-12-12,0.0,0.007550032017967293,0.011944801604679004,0.004394769586711711,-0.5132458322157821,45.0,0.3696961468889207,NORMAL,2026-05-07
2023-12-13,-0.017699115044247593,0.010222855029587394,0.013056205379138569,0.0028333503495511746,-1.7045848971099002,45.0,0.3696961468889207,NORMAL,2026-05-07
2023-12-14,0.0,0.009745099908975265,0.013755022345769558,0.0040099224367942925,-0.7299840208152584,45.0,0.2808139720746391,NORMAL,2026-05-07
2023-12-15,-0.009009009009009028,0.01086979681523383,0.015700454475377785,0.0048306576601439555,-0.05764061856352407,40.0,0.2808139720746391,NORMAL,2026-05-07
2023-12-18,-0.00909090909090915,0.0117377046609979,0.016780132246370802,0.0050424275853729016,0.11651017108311347,40.0,0.2808139720746391,NORMAL,2026-05-07
2023-12-19,0.00917431192660545,0.011270064301244793,0.015351293379197845,0.0040812290779530525,-0.6792575504350716,40.0,0.2808139720746391,NORMAL,2026-05-07
2023-12-20,0.0,0.009438847741754122,0.014462602438908902,0.00502375469715478,0.12264058681973403,40.0,0.2808139720746391,NORMAL,2026-05-07
2023-12-21,0.0,0.008924108713577177,0.01496926553880512,0.006045156825227943,0.9751963124473294,40.0,0.1395448425542303,NORMAL,2026-05-07
2023-12-22,0.0,0.008285322800564852,0.013162418795006639,0.004877095994441787,-0.037133906987015866,40.0,0.1395448425542303,NORMAL,2026-05-07
2023-12-25,0.0181818181818183,0.012962854061596444,0.017142302780298185,0.004179448718701741,-0.6369931187260293,40.0,0.1395448425542303,NORMAL,2026-05-07
2023-12-26,0.0,0.007453058896500152,0.012279856985891529,0.0048267980893913764,-0.059579987727488064,40.0,0.1395448425542303,NORMAL,2026-05-07
2023-12-27,0.0,0.007216431748535867,0.011292062009138102,0.004075630260602235,-0.7208265107490996,35.0,0.1395448425542303,NORMAL,2026-05-07
2023-12-28,0.008928571428571175,0.011533966746554129,0.015255603791791568,0.0037216370452374387,-1.008247289211127,35.0,0.14045690089782234,NORMAL,2026-05-07
2023-12-29,0.0,0.00953014702557746,0.01642518936106817,0.006895042335490712,1.7512694686281496,40.0,0.14045690089782234,NORMAL,2026-05-07
2024-01-02,0.0,0.014364450483440249,0.023292285231414963,0.008927834747974714,2.917440378367468,40.0,0.14045690089782234,NORMAL,2026-05-07
2024-01-03,0.008849557522123908,0.012032595033176996,0.018125290360732467,0.006092695327555471,0.7747014086678475,40.0,0.14045690089782234,NORMAL,2026-05-07
2024-01-04,0.00877192982456143,0.012793310256851596,0.016315150056047365,0.003521839799195769,-1.1167869831781683,35.0,0.14045690089782234,NORMAL,2026-05-07
2024-01-05,0.0,0.009326410083680417,0.013941021167389218,0.004614611083708801,-0.29300410961002604,30.0,0.12368962769462906,NORMAL,2026-05-07
2024-01-08,0.008695652173912993,0.012626980020534787,0.018763782991951285,0.006136802971416498,0.8397337117031076,35.0,0.12368962769462906,NORMAL,2026-05-07
2024-01-09,0.0,0.00979636997763584,0.016486120035849813,0.006689750058213973,1.2093269869533438,40.0,0.12368962769462906,NORMAL,2026-05-07
2024-01-10,0.0,0.012589900533226946,0.017532869421013113,0.0049429688877861665,-0.11064102650309857,40.0,0.12368962769462906,NORMAL,2026-05-07
2024-01-11,0.0,0.00875849955014247,0.014543960467101536,0.005785460916959067,0.526072246636307,45.0,0.12368962769462906,NORMAL,2026-05-07
2024-01-12,-0.008620689655172376,0.01157308651692001,0.015299937957820857,0.003726851440900847,-1.0388767713592273,45.0,0.0775777473811227,NORMAL,2026-05-07
2024-01-15,0.0,0.01016335958881907,0.01468460700084543,0.00452124741202636,-0.41359599894247073,45.0,0.0775777473811227,NORMAL,2026-05-07
2024-01-16,0.008695652173912993,0.010894812347935242,0.01541806323849633,0.004523250890561088,-0.40404490221406725,40.0,0.0775777473811227,NORMAL,2026-05-07
2024-01-17,0.0,0.009133874034061127,0.015173454249614405,0.006039580215553278,0.7849300276972382,45.0,0.0775777473811227,NORMAL,2026-05-07
2024-01-18,0.008620689655172376,0.010077323365757096,0.014895295591480956,0.00481797222572386,-0.19300679060182724,40.0,0.0775777473811227,NORMAL,2026-05-07
2024-01-19,0.008547008547008517,0.010932642444555756,0.014580023670580665,0.0036473812260249087,-1.1054314171089132,35.0,0.055339320800170795,NORMAL,2026-05-07
2024-01-22,0.0,0.00917379465111172,0.015606275502100182,0.006432480850988461,1.1132352032522235,40.0,0.055339320800170795,NORMAL,2026-05-07
2024-01-23,0.0,0.009249231118071315,0.014377295157613547,0.005128064039542232,0.05808528614277925,45.0,0.055339320800170795,NORMAL,2026-05-07
2024-01-24,-0.008474576271186418,0.01042877349893792,0.015815656787474673,0.005386883288536754,0.26595160343294594,50.0,0.055339320800170795,DISTRIBUTION_PEAK,2026-05-07
2024-01-25,0.0,0.008463551435307035,0.016137738847186955,0.00767418741187992,1.9874821308083412,55.00000000000001,0.055339320800170795,DISTRIBUTION_PEAK,2026-05-07
2024-01-26,0.008547008547008517,0.01187408274360635,0.01749172220135869,0.005617639457752342,0.35889097426045924,60.0,0.03626079361879332,DISTRIBUTION_PEAK,2026-05-07
2024-01-29,0.0,0.010523426508659211,0.016498402700838268,0.005974976192179057,0.6297468942196601,60.0,0.03626079361879332,DISTRIBUTION_PEAK,2026-05-07
2024-01-30,0.0,0.012910838469789902,0.021784373166378487,0.008873534696588584,2.5680647866181334,60.0,0.03626079361879332,DISTRIBUTION_PEAK,2026-05-07
2024-01-31,-0.016949152542372947,0.014846193416008091,0.021389665621336956,0.006543472205328865,0.8600304177637037,60.0,0.03626079361879332,DISTRIBUTION_PEAK,2026-05-07
2024-02-01,0.008620689655172376,0.013538331974321955,0.01952271114573731,0.005984379171415354,0.4458084532963468,65.0,0.03626079361879332,DISTRIBUTION_PEAK,2026-05-07
2024-02-02,0.0,0.010671654705961155,0.016350010245359682,0.005678355539398527,0.21724860672377852,70.0,0.037926729722464345,DISTRIBUTION_PEAK,2026-05-07
2024-02-05,0.017094017094017033,0.019606359182815163,0.023361471183891726,0.003755112001076564,-1.1689003269674516,65.0,0.037926729722464345,DISTRIBUTION_PEAK,2026-05-07
2024-02-06,0.0,0.008066748093163328,0.012132343184792102,0.004065595091628774,-0.9101290722153084,60.0,0.037926729722464345,DISTRIBUTION_PEAK,2026-05-07
2024-02-07,0.008403361344537785,0.00905678870651504,0.012442663082328885,0.003385874375813844,-1.346890017080337,60.0,0.037926729722464345,DISTRIBUTION_PEAK,2026-05-07
2024-02-15,0.0,0.012495673116319071,0.018448759579659215,0.005953086463340144,0.5176248003964391,60.0,0.037926729722464345,DISTRIBUTION_PEAK,2026-05-07
2024-02-16,0.008333333333333304,0.01139355995150065,0.01573874143315038,0.0043451814816497306,-0.6553678785174042,60.0,0.03400807999986173,DISTRIBUTION_PEAK,2026-05-07
2024-02-19,0.008264462809917328,0.013810211002594256,0.018904036452091235,0.005093825449496979,-0.09501320843748945,60.0,0.03400807999986173,DISTRIBUTION_PEAK,2026-05-07
2024-02-20,0.008196721311475308,0.013431474174473459,0.017202169307848066,0.0037706951333746075,-1.059635090716313,60.0,0.03400807999986173,DISTRIBUTION_PEAK,2026-05-07
2024-02-21,0.0,0.010548402479369591,0.01618102698111039,0.0056326245017407975,0.34235610994780863,60.0,0.03400807999986173,DISTRIBUTION_PEAK,2026-05-07
2024-02-22,0.0,0.010841092477846483,0.016794214325894983,0.0059531218480485,0.575324941388836,65.0,0.03400807999986173,DISTRIBUTION_PEAK,2026-05-07
2024-02-23,-0.016260162601625994,0.013423580968886972,0.017902033016113518,0.004478452047226546,-0.556706337653724,65.0,0.026383131171395614,DISTRIBUTION_PEAK,2026-05-07
2024-02-26,0.008264462809917328,0.014814438686695153,0.020196089602757573,0.00538165091606242,0.14963961406722462,65.0,0.026383131171395614,DISTRIBUTION_PEAK,2026-05-07
2024-02-27,0.016393442622950838,0.012680033607451657,0.01681841468013237,0.004138381072680714,-0.8186702578674322,60.0,0.026383131171395614,DISTRIBUTION_PEAK,2026-05-07
2024-02-28,0.008064516129032251,0.01265286869627846,0.017009468180003772,0.0043565994837253125,-0.6287195147082912,55.00000000000001,0.026383131171395614,DISTRIBUTION_PEAK,2026-05-07
2024-02-29,0.0,0.00958621526753456,0.014953958874329721,0.0053677436067951605,0.1867500166559977,55.00000000000001,0.026383131171395614,DISTRIBUTION_PEAK,2026-05-07
2024-03-01,0.008000000000000007,0.011279468319901769,0.016707247852499153,0.0054277795325973835,0.2320261212405147,55.00000000000001,0.05640059704161634,DISTRIBUTION_PEAK,2026-05-07
2024-03-04,0.0,0.010375528157817318,0.016306332379047817,0.005930804221230499,0.6371962416144645,55.00000000000001,0.05640059704161634,DISTRIBUTION_PEAK,2026-05-07
2024-03-05,0.007936507936507908,0.011826818737706827,0.01640580754555592,0.004578988807849094,-0.49330193429837954,50.0,0.05640059704161634,DISTRIBUTION_PEAK,2026-05-07
2024-03-06,-0.007874015748031482,0.011767769567301297,0.015956498955648057,0.00418872938834676,-0.8040090630515835,45.0,0.05640059704161634,NORMAL,2026-05-07
2024-03-07,0.007936507936507908,0.012823001050097855,0.018854323195703716,0.006031322145605861,0.75862663370325,45.0,0.05640059704161634,NORMAL,2026-05-07
2024-03-08,-0.015748031496062964,0.014734890314453462,0.020947038021346544,0.006212147706893082,0.8875773862804192,45.0,0.03909731497196156,NORMAL,2026-05-07
2024-03-11,-0.008000000000000007,0.012946173039345737,0.019249036646423932,0.006302863607078196,0.9358166150437479,50.0,0.03909731497196156,DISTRIBUTION_PEAK,2026-05-07
2024-03-12,0.008064516129032251,0.014048185478314896,0.019331496864387496,0.0052833113860726,0.049373707373377144,55.00000000000001,0.03909731497196156,DISTRIBUTION_PEAK,2026-05-07
2024-03-13,0.016000000000000014,0.01471139133943292,0.01959497014435506,0.004883578804922139,-0.2981888886782607,55.00000000000001,0.03909731497196156,DISTRIBUTION_PEAK,2026-05-07
2024-03-14,-0.007874015748031482,0.014739570638360261,0.021150524363183508,0.006410953724823247,1.0340383384234062,55.00000000000001,0.03909731497196156,DISTRIBUTION_PEAK,2026-05-07
2024-03-15,0.0,0.012240501140945059,0.01874015915402507,0.006499658013080011,1.0730232959136392,60.0,0.064679801573612,DISTRIBUTION_PEAK,2026-05-07
2024-03-18,-0.015873015873015928,0.019973404878254688,0.02678952295134303,0.00681611807308834,1.2937084235400715,65.0,0.064679801573612,DISTRIBUTION_PEAK,2026-05-07
2024-03-19,0.0,0.010564184549033533,0.015707850480574582,0.0051436659315410495,-0.17504619596873255,65.0,0.064679801573612,DISTRIBUTION_PEAK,2026-05-07
2024-03-20,0.016129032258064502,0.014835310114486097,0.02116086652636871,0.006325556411882613,0.8563470165234863,65.0,0.064679801573612,DISTRIBUTION_PEAK,2026-05-07
2024-03-21,0.015873015873015817,0.013539198864817907,0.01762491672624847,0.004085717861430561,-1.1110769320490772,60.0,0.064679801573612,DISTRIBUTION_PEAK,2026-05-07
2024-03-22,0.0,0.008438052231612425,0.012754031446212993,0.0043159792146005675,-0.8784844533994992,60.0,0.07113553301228506,DISTRIBUTION_PEAK,2026-05-07
2024-03-25,-0.0078125,0.010109172968743632,0.015348674236299585,0.005239501267555954,-0.05005460517150548,55.00000000000001,0.07113553301228506,DISTRIBUTION_PEAK,2026-05-07
2024-03-26,0.007874015748031482,0.011972534121532511,0.01795092614471014,0.005978392023177627,0.6089471847390688,60.0,0.07113553301228506,DISTRIBUTION_PEAK,2026-05-07
2024-03-27,0.0,0.009214001837959986,0.015693093593563547,0.006479091755603562,1.0326307674531598,65.0,0.07113553301228506,DISTRIBUTION_PEAK,2026-05-07
2024-03-28,0.0078125,0.012039127569496131,0.015667168479437957,0.003628040909941826,-1.4985667549605148,60.0,0.07113553301228506,DISTRIBUTION_PEAK,2026-05-07
2024-03-29,-0.007751937984496138,0.010041919887821738,0.014859630522930484,0.004817710635108746,-0.4227780055075359,55.00000000000001,0.08573405395195745,DISTRIBUTION_PEAK,2026-05-07
2024-04-01,0.0,0.011479971575994027,0.017399690710665498,0.0059197191346714705,0.5666972601737076,55.00000000000001,0.08573405395195745,DISTRIBUTION_PEAK,2026-05-07
2024-04-02,0.0078125,0.01187845766420625,0.01673584312829192,0.00485738546408567,-0.4023230395538281,55.00000000000001,0.08573405395195745,DISTRIBUTION_PEAK,2026-05-07
2024-04-03,-0.015503875968992276,0.01389247410451318,0.018855995636665054,0.004963521532151875,-0.2978815709800688,55.00000000000001,0.08573405395195745,DISTRIBUTION_PEAK,2026-05-07
2024-04-04,0.0,0.014812726924522793,0.02091265245390138,0.006099925529378585,0.7574673457258289,55.00000000000001,0.08573405395195745,DISTRIBUTION_PEAK,2026-05-07
2024-04-05,-0.007874015748031482,0.01582071949376662,0.023118900339900734,0.0072981808461341155,1.76485123404167,55.00000000000001,0.10364969031746264,DISTRIBUTION_PEAK,2026-05-07
2024-04-08,-0.007936507936507908,0.013389752732473533,0.019591870833095888,0.0062021181006223555,0.7416408121685052,55.00000000000001,0.10364969031746264,DISTRIBUTION_PEAK,2026-05-07
2024-04-09,0.008000000000000007,0.011922779422884227,0.016922917212965967,0.00500013779008174,-0.35978546072431195,50.0,0.10364969031746264,DISTRIBUTION_PEAK,2026-05-07
2024-04-10,0.0,0.011572691583269595,0.018175835033396624,0.006603143450127028,1.0974013887815237,55.00000000000001,0.10364969031746264,DISTRIBUTION_PEAK,2026-05-07
2024-04-11,0.0,0.009100006661099358,0.014544185458189356,0.005444178797089997,0.01783315275203348,55.00000000000001,0.10364969031746264,DISTRIBUTION_PEAK,2026-05-07
2024-04-12,0.015873015873015817,0.014434112201076729,0.018642372166373638,0.004208259965296909,-1.1090864184114848,50.0,0.0983551223839727,DISTRIBUTION_PEAK,2026-05-07
2024-04-15,-0.046875,0.020970920400237972,0.023873763062511752,0.00290284266227378,-2.115397826891321,45.0,0.0983551223839727,NORMAL,2026-05-07
2024-04-16,0.0,0.019964060592510362,0.02623689836300991,0.006272837770499546,0.8294073557591444,50.0,0.0983551223839727,DISTRIBUTION_PEAK,2026-05-07
2024-04-17,-0.024590163934426257,0.020919279788125415,0.026390522333288407,0.005471242545162992,0.11789259617473145,50.0,0.0983551223839727,DISTRIBUTION_PEAK,2026-05-07
2024-04-19,-0.01680672268907568,0.019634491202301076,0.025040955486237797,0.005406464283936721,0.05861722411902652,55.00000000000001,0.0983551223839727,DISTRIBUTION_PEAK,2026-05-07
2024-04-22,0.017094017094017033,0.015531414417050972,0.02052994808135482,0.004998533664303849,-0.30886958676253556,55.00000000000001,0.2067651557627983,NORMAL,2026-05-07
2024-04-23,-0.008403361344537785,0.014677796334265514,0.019175054023132184,0.00449725768886667,-0.754098536657562,55.00000000000001,0.2067651557627983,NORMAL,2026-05-07
2024-04-24,0.025423728813559254,0.017128433201946378,0.021397158430597293,0.004268725228650915,-0.9372514303374359,50.0,0.2067651557627983,NORMAL,2026-05-07
2024-04-25,-0.008264462809917328,0.01152659317250856,0.016942583991840874,0.0054159908193323145,0.13454442271710018,50.0,0.2067651557627983,NORMAL,2026-05-07
2024-04-26,0.008333333333333304,0.01400939951277591,0.01793689385206441,0.0039274943392885,-1.2276179342958573,50.0,0.2067651557627983,NORMAL,2026-05-07
2024-05-02,0.008264462809917328,0.01544199343431976,0.02009425035568202,0.0046522569213622595,-0.5331139039328677,50.0,0.2465358007118209,NORMAL,2026-05-07
2024-05-03,0.0,0.010307305020821203,0.01716296544530314,0.006855660424481937,1.4820078307250557,50.0,0.2465358007118209,NORMAL,2026-05-07
2024-05-06,0.016393442622950838,0.01631201052800051,0.0229270842331288,0.006615073705128292,1.2056051582126848,55.00000000000001,0.2465358007118209,NORMAL,2026-05-07
2024-05-07,0.008064516129032251,0.012772264494785074,0.017073106708969787,0.0043008422141847125,-0.9032947028292398,55.00000000000001,0.2465358007118209,NORMAL,2026-05-07
2024-05-08,0.0,0.0133904471209628,0.020368661105264356,0.006978213984301556,1.4888811277633034,55.00000000000001,0.2465358007118209,NORMAL,2026-05-07
2024-05-09,0.0,0.011168157774162862,0.017461055983367377,0.006292898209204515,0.8439939223524058,55.00000000000001,0.25761731300141577,NORMAL,2026-05-07
2024-05-10,-0.008000000000000007,0.01374966483093127,0.02090127924093377,0.007151614410002501,1.5313290146346972,55.00000000000001,0.25761731300141577,NORMAL,2026-05-07
2024-05-13,0.0,0.014385110187699557,0.022924501320504227,0.00853939113280467,2.4241403107632133,60.0,0.25761731300141577,NORMAL,2026-05-07
2024-05-14,0.0,0.010847373080204562,0.01790141115999682,0.007054038079792258,1.1800238404696761,60.0,0.25761731300141577,NORMAL,2026-05-07
2024-05-15,0.008064516129032251,0.01273997569056832,0.018772683606434543,0.006032707915866223,0.35840927812752316,60.0,0.25761731300141577,NORMAL,2026-05-07
2024-05-16,0.016000000000000014,0.015329665223297106,0.018938721337141255,0.0036090561138441488,-1.5132072677940038,60.0,0.2429760793312111,NORMAL,2026-05-07
2024-05-17,0.0,0.011627324157022601,0.01909065013371284,0.007463325976690239,1.4500770964258023,65.0,0.2429760793312111,NORMAL,2026-05-07
2024-05-20,0.007874015748031482,0.014734966330335738,0.020705827962764836,0.005970861632429098,0.29042690023308515,65.0,0.2429760793312111,NORMAL,2026-05-07
2024-05-21,0.0,0.015049232574419319,0.023860858004283454,0.008811625429864136,2.2523271135620084,65.0,0.2429760793312111,NORMAL,2026-05-07
2024-05-22,-0.0078125,0.015258106818965255,0.022088248973653104,0.0068301421546878485,0.7929143151658804,65.0,0.2429760793312111,NORMAL,2026-05-07
2024-05-23,0.007874015748031482,0.014186690672626234,0.019433880519661287,0.0052471898470350525,-0.355047728004951,65.0,0.2330176137471774,NORMAL,2026-05-07
2024-05-24,-0.015625,0.018355407300346873,0.024156838908716463,0.00580143160836959,0.05424320718434301,70.0,0.2330176137471774,NORMAL,2026-05-07
2024-05-27,0.007936507936507908,0.0143816430202966,0.020831316652336694,0.006449673632040093,0.5305065339239513,75.0,0.2330176137471774,NORMAL,2026-05-07
2024-05-28,0.007874015748031482,0.014487766413217192,0.022248240720384952,0.00776047430716776,1.4479901170859188,75.0,0.2330176137471774,NORMAL,2026-05-07
2024-05-29,-0.0078125,0.01775006512145316,0.026273811618534416,0.008523746497081257,1.8615611398696215,80.0,0.2330176137471774,NORMAL,2026-05-07
2024-05-30,0.0,0.013403165291093722,0.018171102632645986,0.004767937341552264,-0.7888374925649179,80.0,0.23020238540582086,NORMAL,2026-05-07
2024-05-31,-0.007874015748031482,0.012391710551809744,0.01737323230754494,0.004981521755735196,-0.6212857974735341,75.0,0.23020238540582086,NORMAL,2026-05-07
2024-06-03,0.015873015873015817,0.014033703902005864,0.018411691168373424,0.00437798726636756,-1.0212090634233868,70.0,0.23020238540582086,NORMAL,2026-05-07
2024-06-04,0.0,0.009895125700675944,0.014931898316056173,0.0050367726153802295,-0.534104057361675,70.0,0.23020238540582086,NORMAL,2026-05-07
2024-06-05,0.0,0.012207767842725372,0.02013541636660945,0.00792764852388408,1.4901983770368858,70.0,0.23020238540582086,NORMAL,2026-05-07
2024-06-06,0.0,0.011210570158026878,0.01631121317539962,0.005100643017372742,-0.5157385893660382,65.0,0.08964831281672994,DISTRIBUTION_PEAK,2026-05-07
2024-06-07,0.0078125,0.012913212722290346,0.01819338082552156,0.0052801681032312135,-0.37877225758874017,60.0,0.08964831281672994,DISTRIBUTION_PEAK,2026-05-07
2024-06-10,0.0,0.014000566128651016,0.021634068270331163,0.007633502141680147,1.284554545232854,60.0,0.08964831281672994,DISTRIBUTION_PEAK,2026-05-07
2024-06-11,-0.007751937984496138,0.013455169132461283,0.019755798708522263,0.0063006295760609805,0.314672792475645,60.0,0.08964831281672994,DISTRIBUTION_PEAK,2026-05-07
2024-06-12,0.015625,0.013751591779907014,0.01741195792840798,0.0036603661485009667,-1.5310381277334728,55.00000000000001,0.08964831281672994,DISTRIBUTION_PEAK,2026-05-07
2024-06-13,0.0,0.010447766711061918,0.015226274033798632,0.004778507322736714,-0.7123606648640105,55.00000000000001,0.0381794720478644,DISTRIBUTION_PEAK,2026-05-07
2024-06-14,-0.015384615384615441,0.01815766641961392,0.02449235376655485,0.006334687346940929,0.4023007230929167,55.00000000000001,0.0381794720478644,DISTRIBUTION_PEAK,2026-05-07
2024-06-17,-0.0078125,0.013989254805984962,0.020364642196105866,0.006375387390120904,0.4236110406953895,55.00000000000001,0.0381794720478644,DISTRIBUTION_PEAK,2026-05-07
2024-06-18,0.007874015748031482,0.011797808739605047,0.016886140354255706,0.005088331614650658,-0.5194453380818788,50.0,0.0381794720478644,DISTRIBUTION_PEAK,2026-05-07
2024-06-19,0.0,0.010437145823565494,0.016935465804205126,0.006498319980639633,0.5271328372419766,50.0,0.0381794720478644,DISTRIBUTION_PEAK,2026-05-07
2024-06-20,0.0,0.012700917621433957,0.018562884432061,0.005861966810627043,0.043204113812655064,55.00000000000001,0.049590717780121536,DISTRIBUTION_PEAK,2026-05-07
2024-06-21,0.0,0.012636596230331107,0.019649823878361995,0.007013227648030888,0.9036519206730627,55.00000000000001,0.049590717780121536,DISTRIBUTION_PEAK,2026-05-07
2024-06-24,-0.0234375,0.02176972468718812,0.027192341326701078,0.005422616639512958,-0.3213623566488143,50.0,0.049590717780121536,DISTRIBUTION_PEAK,2026-05-07
2024-06-25,0.008000000000000007,0.013251376287679412,0.019824656803784053,0.006573280516104641,0.5696670924744974,50.0,0.049590717780121536,DISTRIBUTION_PEAK,2026-05-07
2024-06-26,0.0,0.011964225090645174,0.018967129939843234,0.00700290484919806,0.8836949988966759,50.0,0.049590717780121536,DISTRIBUTION_PEAK,2026-05-07
2024-06-27,0.0,0.012741064137752056,0.02004615490599182,0.007305090768239764,1.0832446874457384,55.00000000000001,0.07453985098683281,DISTRIBUTION_PEAK,2026-05-07
2024-06-28,-0.007936507936507908,0.01730277160746681,0.023594210302544345,0.006291438695077534,0.27395726571741436,60.0,0.07453985098683281,DISTRIBUTION_PEAK,2026-05-07
2024-07-01,0.0,0.01416401355998254,0.019214689955978526,0.005050676395995985,-0.7076394166245724,60.0,0.07453985098683281,DISTRIBUTION_PEAK,2026-05-07
2024-07-02,0.016000000000000014,0.013005127401266853,0.01621662115870385,0.003211493757436996,-2.008831927513853,60.0,0.07453985098683281,DISTRIBUTION_PEAK,2026-05-07
2024-07-03,0.007874015748031482,0.010532667278181515,0.014262831579017282,0.003730164300835767,-1.5202994892220338,55.00000000000001,0.07453985098683281,DISTRIBUTION_PEAK,2026-05-07
2024-07-04,0.0,0.009561167742015965,0.015988235031136735,0.006427067289120771,0.48538006321646326,60.0,0.09640845965727844,DISTRIBUTION_PEAK,2026-05-07
2024-07-05,0.0,0.010102911977382664,0.01567396757409519,0.005571055596712525,-0.15981298996411136,60.0,0.09640845965727844,DISTRIBUTION_PEAK,2026-05-07
2024-07-08,0.0,0.015438522763730388,0.02384174836922738,0.008403225605496993,1.8630805359262463,60.0,0.09640845965727844,DISTRIBUTION_PEAK,2026-05-07
2024-07-09,0.0078125,0.012771636757971681,0.018377640614757527,0.005606003856785845,-0.18672235848999594,55.00000000000001,0.09640845965727844,DISTRIBUTION_PEAK,2026-05-07
2024-07-10,0.0,0.012470689358958398,0.018404229908646673,0.005933540549688275,0.05661633701265115,60.0,0.09640845965727844,DISTRIBUTION_PEAK,2026-05-07
2024-07-11,-0.007751937984496138,0.012885703655059751,0.017954998152084886,0.005069294497025135,-0.5853938276142002,60.0,0.07133389633068636,DISTRIBUTION_PEAK,2026-05-07
2024-07-12,0.0,0.010615331574590535,0.016517410551638002,0.005902078977047467,0.05207794531499722,60.0,0.07133389633068636,DISTRIBUTION_PEAK,2026-05-07
2024-07-15,0.0,0.010985924581276653,0.016635748871161284,0.005649824289884631,-0.14208382452141677,55.00000000000001,0.07133389633068636,DISTRIBUTION_PEAK,2026-05-07
2024-07-16,0.0,0.011745231766744177,0.01813797451162334,0.006392742744879162,0.43762167525902745,60.0,0.07133389633068636,DISTRIBUTION_PEAK,2026-05-07
2024-07-17,-0.0078125,0.025249200371854047,0.03197582357391676,0.006726623202062715,0.6883207162001411,60.0,0.07133389633068636,DISTRIBUTION_PEAK,2026-05-07
2024-07-18,0.0,0.016050519589396038,0.023541129233597698,0.0074906096442016595,1.2501726334728824,60.0,0.10512628118099335,DISTRIBUTION_PEAK,2026-05-07
2024-07-19,-0.007874015748031482,0.01508672065089644,0.02040577673465902,0.005319056083762581,-0.4787655432166104,55.00000000000001,0.10512628118099335,DISTRIBUTION_PEAK,2026-05-07
2024-07-22,-0.007936507936507908,0.02078003200765492,0.028237545155747553,0.007457513148092634,1.203561003536357,60.0,0.10512628118099335,DISTRIBUTION_PEAK,2026-05-07
2024-07-23,-0.016000000000000014,0.018155487046009392,0.02444424081634506,0.006288753770335668,0.25945990433906324,60.0,0.10512628118099335,DISTRIBUTION_PEAK,2026-05-07
2024-07-24,0.008130081300812941,0.016446930452154028,0.02323869960100591,0.006791769148851882,0.6541397151609133,60.0,0.10512628118099335,DISTRIBUTION_PEAK,2026-05-07
2024-07-25,-0.008064516129032251,0.012193584913445616,0.018025033753707845,0.005831448840262229,-0.13478360650830654,55.00000000000001,0.1553542963948062,DISTRIBUTION_PEAK,2026-05-07
2024-07-26,0.008130081300812941,0.011893359699359445,0.01724662923242149,0.005353269533062047,-0.5239193730537699,50.0,0.1553542963948062,DISTRIBUTION_PEAK,2026-05-07
2024-07-29,0.008064516129032251,0.012993288796213176,0.01879130686023622,0.005798018064023044,-0.14449118033569402,50.0,0.1553542963948062,DISTRIBUTION_PEAK,2026-05-07
2024-07-30,0.0,0.014693058845128714,0.02402430761543617,0.009331248770307455,2.520025383690814,55.00000000000001,0.1553542963948062,DISTRIBUTION_PEAK,2026-05-07
2024-07-31,0.0,0.01524395933075069,0.02274789866610721,0.00750393933535652,1.0656252063368001,60.0,0.1553542963948062,DISTRIBUTION_PEAK,2026-05-07
2024-08-01,-0.016000000000000014,0.022228009009940496,0.027976065178130706,0.00574805616819021,-0.28406208676525596,55.00000000000001,0.1331009722116938,DISTRIBUTION_PEAK,2026-05-07
2024-08-02,0.008130081300812941,0.01598013551875333,0.021561838568069758,0.005581703049316426,-0.4063863545849629,55.00000000000001,0.1331009722116938,DISTRIBUTION_PEAK,2026-05-07
2024-08-05,-0.040322580645161366,0.019616370658180934,0.022519125889449564,0.002902755231268629,-2.2621024820090705,50.0,0.1331009722116938,DISTRIBUTION_PEAK,2026-05-07
2024-08-06,0.01680672268907557,0.014887965470263501,0.01957324744306518,0.004685281972801679,-0.925658377883068,50.0,0.1331009722116938,DISTRIBUTION_PEAK,2026-05-07
2024-08-07,0.008264462809917328,0.013083951156990958,0.01759508000096411,0.0045111288439731514,-1.017462201523602,45.0,0.1331009722116938,NORMAL,2026-05-07
2024-08-08,-0.008196721311475419,0.015351687168498898,0.023351046875227394,0.007999359706728496,1.4579996606911438,50.0,0.2709590454841511,NORMAL,2026-05-07
2024-08-09,0.008264462809917328,0.012174079881331326,0.01729027626707646,0.005116196385745132,-0.5973179170859655,45.0,0.2709590454841511,NORMAL,2026-05-07
2024-08-12,0.008196721311475308,0.012450683592392464,0.017509514805737265,0.005058831213344802,-0.6241253643461523,45.0,0.2709590454841511,NORMAL,2026-05-07
2024-08-13,0.0,0.010355709601600297,0.016583820421326573,0.006228110819726277,0.22825835466210131,45.0,0.2709590454841511,NORMAL,2026-05-07
2024-08-14,0.0,0.011057541015068168,0.017525752060915903,0.006468211045847735,0.3990863993711607,45.0,0.2709590454841511,NORMAL,2026-05-07
2024-08-15,-0.008130081300813052,0.010879981398945157,0.015078837667397841,0.0041988562684526845,-1.2558586064388029,40.0,0.2598138999173532,NORMAL,2026-05-07
2024-08-16,0.024590163934426146,0.01763411483959844,0.021934018615003673,0.004299903775405234,-1.134892241413141,40.0,0.2598138999173532,NORMAL,2026-05-07
2024-08-19,0.008000000000000007,0.01197933282298505,0.016289504454643146,0.004310171631658095,-1.0858774119579144,35.0,0.2598138999173532,NORMAL,2026-05-07
2024-08-20,0.007936507936507908,0.01109768943601628,0.015918372602669442,0.004820683166653163,-0.6913632558743229,30.0,0.2598138999173532,NORMAL,2026-05-07
2024-08-21,0.007874015748031482,0.011520002417286838,0.01569337171306639,0.00417336929577955,-1.128428104429434,25.0,0.2598138999173532,NORMAL,2026-05-07
2024-08-22,0.0,0.009846747709981899,0.014847091579118721,0.005000343869136822,-0.5053297539724185,25.0,0.3067613292824317,NORMAL,2026-05-07
2024-08-23,0.0078125,0.012336492355280405,0.01607238797611308,0.0037358956208326747,-1.3813000262644233,25.0,0.3067613292824317,NORMAL,2026-05-07
2024-08-26,-0.007751937984496138,0.01066749913514361,0.015070324927027081,0.004402825791883471,-0.8639433638857,25.0,0.3067613292824317,NORMAL,2026-05-07
2024-08-27,0.0,0.009094107285074812,0.013019682191518856,0.003925574906444044,-1.1681994635708104,20.0,0.3067613292824317,NORMAL,2026-05-07
2024-08-28,0.0,0.008893306996742116,0.013399377360077673,0.004506070363335557,-0.7233007136843922,15.0,0.3067613292824317,NORMAL,2026-05-07
2024-08-29,0.0,0.008694041599046303,0.012945691731829655,0.004251650132783351,-0.8842066813900631,15.0,0.28988699944606755,NORMAL,2026-05-07
2024-08-30,0.0,0.008248581080889043,0.013297650397085534,0.005049069316196491,-0.2875186591461852,15.0,0.28988699944606755,NORMAL,2026-05-07
2024-09-04,0.0,0.013278607391175356,0.01780245192942243,0.004523844538247073,-0.6665993880229444,15.0,0.28988699944606755,NORMAL,2026-05-07
2024-09-05,-0.0078125,0.008594643750431494,0.011873371807941433,0.0032787280575099394,-1.5214466538215248,15.0,0.28988699944606755,NORMAL,2026-05-07
2024-09-06,0.0,0.008937035272692302,0.01403512077609071,0.0050980855033984085,-0.1700756871933679,15.0,0.28988699944606755,NORMAL,2026-05-07
2024-09-09,0.0,0.010067284814014872,0.015504463031441514,0.005437178217426642,0.08392048330870966,15.0,0.26114965575873617,NORMAL,2026-05-07
2024-09-10,-0.007874015748031482,0.011045834694272507,0.0166713314667885,0.0056254967725159945,0.22417006005941292,20.0,0.26114965575873617,NORMAL,2026-05-07
2024-09-11,-0.007936507936507908,0.011298671408660444,0.016096576974860704,0.00479790556620026,-0.41155239285627815,20.0,0.26114965575873617,NORMAL,2026-05-07
2024-09-12,0.008000000000000007,0.011270358344763474,0.016150796205199897,0.004880437860436423,-0.34004704795893165,15.0,0.26114965575873617,NORMAL,2026-05-07
2024-09-13,-0.007936507936507908,0.01206738988957316,0.016287967592235737,0.004220577702662577,-0.8433299414630158,10.0,0.26114965575873617,NORMAL,2026-05-07
2024-09-16,-0.008000000000000007,0.010011886711085115,0.015012014566176332,0.005000127855091217,-0.21294986279055905,10.0,0.2813201267043163,NORMAL,2026-05-07
2024-09-17,0.016129032258064502,0.012120847391079308,0.016726011934163232,0.0046051645430839235,-0.5241675475266526,10.0,0.2813201267043163,NORMAL,2026-05-07
2024-09-18,0.0,0.009311038951853704,0.015175179805313839,0.0058641408534601345,0.5055908375821483,15.0,0.2813201267043163,NORMAL,2026-05-07
2024-09-19,0.007936507936507908,0.010189610693330749,0.015015706778013513,0.0048260960846827645,-0.35613504267214413,15.0,0.2813201267043163,NORMAL,2026-05-07
2024-09-20,0.0,0.007924806891993218,0.01092701030821929,0.003002203416226071,-1.7690064397610938,15.0,0.2813201267043163,NORMAL,2026-05-07
2024-09-23,0.0,0.009592252128512169,0.01507232972102397,0.005480077592511802,0.2466895809082849,20.0,0.10388413923291069,NORMAL,2026-05-07
2024-09-24,0.007874015748031482,0.009441994481741392,0.01320713315661972,0.003765138674878328,-1.1284248803658206,20.0,0.10388413923291069,NORMAL,2026-05-07
2024-09-25,0.0078125,0.009571752417620155,0.01308856965510112,0.0035168172374809657,-1.2736603313095938,20.0,0.10388413923291069,NORMAL,2026-05-07
2024-09-26,0.0,0.008329548772477683,0.012667881319577665,0.004338332547099982,-0.5918142634252036,20.0,0.10388413923291069,NORMAL,2026-05-07
2024-09-27,0.0,0.007888255756930643,0.01114003549108572,0.003251779734155077,-1.4095912390474867,20.0,0.10388413923291069,NORMAL,2026-05-07
2024-09-30,0.0,0.009436710385399429,0.013277766342874931,0.003841055957475503,-0.9056620665398294,20.0,0.10818355768488536,NORMAL,2026-05-07
2024-10-01,0.0,0.009981162800101298,0.01585163967351973,0.0058704768734184325,0.7168175324026425,25.0,0.10818355768488536,NORMAL,2026-05-07
2024-10-02,0.0,0.009966706553729719,0.013157220060831922,0.003190513507102203,-1.3937300405518729,25.0,0.10818355768488536,NORMAL,2026-05-07
2024-10-03,-0.007751937984496138,0.010612503943695879,0.014449763036701434,0.0038372590930055555,-0.8507822783944445,25.0,0.10818355768488536,NORMAL,2026-05-07
2024-10-04,-0.0078125,0.008805750054672224,0.012429587440848686,0.003623837386176462,-0.988322412241384,25.0,0.10818355768488536,NORMAL,2026-05-07
2024-10-07,0.0,0.007995250238104745,0.012165920089097388,0.004170669850992643,-0.537305436866747,20.0,0.04421243479804989,NORMAL,2026-05-07
2024-10-08,0.0,0.00858783391565411,0.01402757144028882,0.005439737524634711,0.4839129704073944,20.0,0.04421243479804989,NORMAL,2026-05-07
2024-10-09,0.007874015748031482,0.008942217566611272,0.011813063622102172,0.0028708460554909,-1.5366924602968743,20.0,0.04421243479804989,NORMAL,2026-05-07
2024-10-10,0.0078125,0.011679652733228353,0.014517038871178651,0.002837386137950298,-1.478603003281344,20.0,0.04421243479804989,NORMAL,2026-05-07
2024-10-11,0.0,0.00774497882102607,0.012111437652376964,0.0043664588313508945,-0.274532413883458,20.0,0.04421243479804989,NORMAL,2026-05-07
2024-10-14,0.0,0.009286966184755196,0.015024315674819665,0.005737349490064469,0.7948553876485727,25.0,0.05267392087007205,NORMAL,2026-05-07
2024-10-15,-0.007751937984496138,0.009750240041058678,0.015602489154075557,0.005852249113016879,0.8609965930933171,30.0,0.05267392087007205,NORMAL,2026-05-07
2024-10-16,0.0,0.010086885284116128,0.015828147373374547,0.005741262089258419,0.7515955247010988,30.0,0.05267392087007205,NORMAL,2026-05-07
2024-10-17,0.0078125,0.011237380761336603,0.016157576180250703,0.0049201954189141,0.08560658396648067,35.0,0.05267392087007205,NORMAL,2026-05-07
2024-10-18,0.0,0.00859168447545861,0.01309742593296802,0.0045057414575094094,-0.25093606713496236,35.0,0.05267392087007205,NORMAL,2026-05-07
2024-10-21,-0.007751937984496138,0.010640170163761006,0.016750831273730504,0.006110661109969499,1.051756567775962,35.0,0.05580495940863779,NORMAL,2026-05-07
2024-10-22,-0.0078125,0.011494537458269274,0.01619620774406502,0.0047016702857957445,-0.12053714301672673,35.0,0.05580495940863779,NORMAL,2026-05-07
2024-10-23,0.0,0.009436497748453303,0.014933735822821129,0.005497238074367826,0.541611057257633,40.0,0.05580495940863779,NORMAL,2026-05-07
2024-10-24,-0.007874015748031482,0.010685833445222332,0.015462302450081834,0.004776469004859502,-0.07492202953000143,40.0,0.05580495940863779,NORMAL,2026-05-07
2024-10-25,-0.007936507936507908,0.009874423034221045,0.013369822447383658,0.0034953994131626132,-1.1448575347381138,40.0,0.05580495940863779,NORMAL,2026-05-07
2024-10-28,0.0,0.00934545283762292,0.015198271046086821,0.005852818208463902,0.869943960974985,45.0,0.05904459172361483,NORMAL,2026-05-07
2024-10-29,0.008000000000000007,0.011703963660876561,0.017944969105743357,0.006241005444866795,1.1594297288911435,45.0,0.05904459172361483,NORMAL,2026-05-07
2024-10-30,0.0,0.010349214956824991,0.01837893449481472,0.008029719537989729,2.3835120518372017,50.0,0.05904459172361483,DISTRIBUTION_PEAK,2026-05-07
2024-10-31,0.0,0.00837402723491989,0.013374684322596335,0.005000657087676445,0.0006429877185704213,55.00000000000001,0.05904459172361483,DISTRIBUTION_PEAK,2026-05-07
2024-11-01,-0.007936507936507908,0.010077545450308928,0.016258839422668217,0.0061812939723592895,0.9158625502755546,60.0,0.05904459172361483,DISTRIBUTION_PEAK,2026-05-07
2024-11-04,-0.008000000000000007,0.011972257417914784,0.017627681375603308,0.005655423957688524,0.48424339640668496,65.0,0.04449633329688965,DISTRIBUTION_PEAK,2026-05-07
2024-11-05,0.008064516129032251,0.011291178064893907,0.016648418841449235,0.005357240776555328,0.2379842319392468,65.0,0.04449633329688965,DISTRIBUTION_PEAK,2026-05-07
2024-11-06,0.008000000000000007,0.01215138654478485,0.02004422814743808,0.00789284160265323,2.1074814538780577,70.0,0.04449633329688965,DISTRIBUTION_PEAK,2026-05-07
2024-11-07,0.0,0.009647987158937037,0.017541618697400563,0.007893631538463525,1.93484445841754,75.0,0.04449633329688965,DISTRIBUTION_PEAK,2026-05-07
2024-11-08,-0.007936507936507908,0.011162518965807543,0.016727426188064026,0.005564907222256483,0.22597046890254655,80.0,0.04449633329688965,DISTRIBUTION_PEAK,2026-05-07
2024-11-11,0.0,0.013166098161577489,0.019172450919008127,0.006006352757430639,0.542364542473233,80.0,0.04604573379247175,DISTRIBUTION_PEAK,2026-05-07
2024-11-12,-0.008000000000000007,0.009990917990311383,0.015004263997427483,0.0050133460071160995,-0.2012605423440314,75.0,0.04604573379247175,DISTRIBUTION_PEAK,2026-05-07
2024-11-13,0.008064516129032251,0.014304046014090023,0.01765476205996859,0.0033507160458785667,-1.3983851830380165,70.0,0.04604573379247175,DISTRIBUTION_PEAK,2026-05-07
2024-11-14,-0.016000000000000014,0.014154928866643303,0.018653409745881797,0.004498480879238494,-0.5253502887267426,65.0,0.04604573379247175,DISTRIBUTION_PEAK,2026-05-07
2024-11-15,-0.008130081300813052,0.013507413562713394,0.018157125926304148,0.004649712363590753,-0.4025466098331148,65.0,0.04604573379247175,DISTRIBUTION_PEAK,2026-05-07
2024-11-18,0.0,0.01255188309572583,0.02129029250326418,0.00873840940753835,2.4148184538079853,65.0,0.04238842092802267,DISTRIBUTION_PEAK,2026-05-07
2024-11-19,-0.008196721311475419,0.01434651651582573,0.02085743382917456,0.006510917313348831,0.8311119323670804,70.0,0.04238842092802267,DISTRIBUTION_PEAK,2026-05-07
2024-11-20,0.008264462809917328,0.011847421612111258,0.017377208728421106,0.0055297871163098485,0.13865481627736403,70.0,0.04238842092802267,DISTRIBUTION_PEAK,2026-05-07
2024-11-21,0.008196721311475308,0.009866266695642162,0.016576665867305992,0.0067103991716638296,0.9512791317491357,75.0,0.04238842092802267,DISTRIBUTION_PEAK,2026-05-07
2024-11-22,0.0,0.009586472429723585,0.016806632549975522,0.007220160120251937,1.258445896956472,80.0,0.04238842092802267,DISTRIBUTION_PEAK,2026-05-07
2024-11-25,0.0,0.010327632427584506,0.017306478540853355,0.0069788461132688495,1.049260422315397,80.0,0.05919525071562989,DISTRIBUTION_PEAK,2026-05-07
2024-11-26,0.008130081300812941,0.009604411024286363,0.014886744168448601,0.005282333144162238,-0.14517099246406484,75.0,0.05919525071562989,DISTRIBUTION_PEAK,2026-05-07
2024-11-27,0.0,0.007943641738886058,0.013231919968160168,0.0052882782292741105,-0.1385325969706923,70.0,0.05919525071562989,DISTRIBUTION_PEAK,2026-05-07
2024-11-28,0.0,0.008104467674533388,0.013880878340471739,0.0057764106659383505,0.21352233512760915,70.0,0.05919525071562989,DISTRIBUTION_PEAK,2026-05-07
2024-11-29,0.008064516129032251,0.011254678358630699,0.015793844327311932,0.004539165968681234,-0.6855419084828916,65.0,0.05919525071562989,DISTRIBUTION_PEAK,2026-05-07
2024-12-02,0.0,0.00838384537934502,0.013391307462778937,0.005007462083433917,-0.32959195120920437,60.0,0.06222860366619596,DISTRIBUTION_PEAK,2026-05-07
2024-12-03,0.0,0.010224273432886215,0.016444087742466827,0.006219814309580612,0.5763635303142576,60.0,0.06222860366619596,DISTRIBUTION_PEAK,2026-05-07
2024-12-04,-0.008000000000000007,0.011371918176344305,0.017571950212243347,0.006200032035899042,0.5490509547320238,60.0,0.06222860366619596,DISTRIBUTION_PEAK,2026-05-07
2024-12-05,0.024193548387096753,0.015917163142780903,0.020801832612293573,0.0048846694695126695,-0.46112637014867014,55.00000000000001,0.06222860366619596,DISTRIBUTION_PEAK,2026-05-07
2024-12-06,0.0,0.01059492671986842,0.01666900490913492,0.006074078189266502,0.46340348472959275,55.00000000000001,0.06222860366619596,DISTRIBUTION_PEAK,2026-05-07
2024-12-09,0.0,0.01227494036229805,0.020492209089149865,0.008217268726851815,1.9828240938486625,55.00000000000001,0.07943686944065337,DISTRIBUTION_PEAK,2026-05-07
2024-12-10,0.0,0.010171602679033068,0.016772174917860174,0.006600572238827106,0.7469082222899726,60.0,0.07943686944065337,DISTRIBUTION_PEAK,2026-05-07
2024-12-11,0.0,0.009881956613939617,0.015523701425012065,0.005641744811072448,0.020375064532796743,65.0,0.07943686944065337,DISTRIBUTION_PEAK,2026-05-07
2024-12-12,0.0,0.00923093804291177,0.016373632235454322,0.007142694192542551,1.131015675425412,70.0,0.07943686944065337,DISTRIBUTION_PEAK,2026-05-07
2024-12-13,-0.007874015748031482,0.009020163306089062,0.012974382616430892,0.0039542193103418305,-1.2530171898269191,70.0,0.07943686944065337,DISTRIBUTION_PEAK,2026-05-07
2024-12-16,0.0,0.009041475088762753,0.013653520815188357,0.004612045726425604,-0.7355465830305326,65.0,0.07528960349313871,DISTRIBUTION_PEAK,2026-05-07
2024-12-17,0.0,0.008742888243124879,0.015076375875678663,0.006333487632553784,0.5645606027839701,65.0,0.07528960349313871,DISTRIBUTION_PEAK,2026-05-07
2024-12-18,0.007936507936507908,0.010539221325244355,0.015611334789630064,0.005072113464385708,-0.4002896224376568,60.0,0.07528960349313871,DISTRIBUTION_PEAK,2026-05-07
2024-12-19,-0.015748031496062964,0.013092678711208651,0.01921869289519095,0.006126014183982301,0.4155512748483167,60.0,0.07528960349313871,DISTRIBUTION_PEAK,2026-05-07
2024-12-20,0.008000000000000007,0.01237969956053214,0.018618418581737618,0.006238719021205477,0.49445118891453266,60.0,0.07528960349313871,DISTRIBUTION_PEAK,2026-05-07
2024-12-23,0.0,0.01172505186112146,0.01825929790171955,0.00653424604059809,0.713220167225077,60.0,0.06598149991042912,DISTRIBUTION_PEAK,2026-05-07
2024-12-24,0.0,0.012345135327672199,0.01974317228346496,0.007398036955792761,1.3446595689507759,65.0,0.06598149991042912,DISTRIBUTION_PEAK,2026-05-07
2024-12-25,0.007936507936507908,0.01244876222691816,0.018999859029258395,0.006551096802340235,0.6541277376541323,70.0,0.06598149991042912,DISTRIBUTION_PEAK,2026-05-07
2024-12-26,0.0,0.01146127987216558,0.01772418936330971,0.006262909491144129,0.4142459215920961,70.0,0.06598149991042912,DISTRIBUTION_PEAK,2026-05-07
2024-12-27,0.007874015748031482,0.016701377066025033,0.02152716576507752,0.004825788699052487,-0.7374400389330535,70.0,0.06598149991042912,DISTRIBUTION_PEAK,2026-05-07
2024-12-30,-0.0078125,0.011805357052956844,0.017794369927682845,0.005989012874726,0.21364592208612676,75.0,0.04255945514628034,DISTRIBUTION_PEAK,2026-05-07
2024-12-31,0.0,0.01078358878541368,0.015624497180514672,0.0048409083951009915,-0.7249237768181397,70.0,0.04255945514628034,DISTRIBUTION_PEAK,2026-05-07
2025-01-02,0.0,0.010442650786481244,0.01601185138371628,0.005569200597235037,-0.1110459356806025,65.0,0.04255945514628034,DISTRIBUTION_PEAK,2026-05-07
2025-01-03,-0.015748031496062964,0.011680621515095111,0.015842000245476755,0.004161378730381644,-1.2563190605517631,65.0,0.04255945514628034,DISTRIBUTION_PEAK,2026-05-07
2025-01-06,0.0,0.018098444087410483,0.02446763061212406,0.006369186524713577,0.5947743369429648,65.0,0.04255945514628034,DISTRIBUTION_PEAK,2026-05-07
2025-01-07,0.0,0.013416561016703138,0.02063801251209441,0.007221451495391272,1.2640776096829445,65.0,0.057400405074546725,DISTRIBUTION_PEAK,2026-05-07
2025-01-08,0.0,0.011127444366524077,0.01600286867155973,0.0048754243050356545,-0.6974997095694002,60.0,0.057400405074546725,DISTRIBUTION_PEAK,2026-05-07
2025-01-09,0.0,0.009444557772647794,0.013807524778145685,0.004362967005497891,-1.0915528018162983,55.00000000000001,0.057400405074546725,DISTRIBUTION_PEAK,2026-05-07
2025-01-10,-0.016000000000000014,0.013405900139203647,0.018072530683800783,0.004666630544597136,-0.8111985931179296,50.0,0.057400405074546725,DISTRIBUTION_PEAK,2026-05-07
2025-01-13,0.008130081300812941,0.011789766220301631,0.01590956163699098,0.004119795416689349,-1.2228788229463505,50.0,0.057400405074546725,DISTRIBUTION_PEAK,2026-05-07
2025-01-14,-0.008064516129032251,0.011278658128430818,0.017101211043621105,0.005822552915190286,0.2090564827828064,55.00000000000001,0.07764594548276435,DISTRIBUTION_PEAK,2026-05-07
2025-01-15,0.008130081300812941,0.011538371789773199,0.01668485581333746,0.00514648402356426,-0.3631409157949466,50.0,0.07764594548276435,DISTRIBUTION_PEAK,2026-05-07
2025-01-16,0.0,0.008510507680398134,0.015134535234720671,0.006624027554322537,0.8931546898060182,55.00000000000001,0.07764594548276435,DISTRIBUTION_PEAK,2026-05-07
2025-01-17,0.008064516129032251,0.011048653779880405,0.016246253793928415,0.005197600014048009,-0.3433816429271529,50.0,0.07764594548276435,DISTRIBUTION_PEAK,2026-05-07
2025-01-20,0.0,0.009921011469673802,0.01670126975019544,0.00678025828052164,1.0198603315062758,50.0,0.07764594548276435,DISTRIBUTION_PEAK,2026-05-07
2025-01-21,0.0,0.010122984287815376,0.01583602242021993,0.0057130381324045545,0.07636127414922068,50.0,0.06621870274111598,DISTRIBUTION_PEAK,2026-05-07
2025-01-22,-0.008000000000000007,0.011607037683143319,0.017000825742807084,0.005393788059663765,-0.20657420232211834,45.0,0.06621870274111598,NORMAL,2026-05-07
2025-01-23,0.016129032258064502,0.012538847607087086,0.01749667120875461,0.004957823601667523,-0.5906144366043344,40.0,0.06621870274111598,NORMAL,2026-05-07
2025-01-24,0.007936507936507908,0.013725495660577436,0.019663684402827227,0.005938188742249792,0.30737294878330296,40.0,0.06621870274111598,NORMAL,2026-05-07
2025-02-03,-0.015748031496062964,0.020132643818104482,0.026116630362978337,0.0059839865448738545,0.3437357667583578,45.0,0.06621870274111598,NORMAL,2026-05-07
2025-02-04,0.008000000000000007,0.012939943302431235,0.018729818807410814,0.005789875504979579,0.15672256295865816,45.0,0.0641650039660058,NORMAL,2026-05-07
2025-02-05,0.007936507936507908,0.011584900082708122,0.016412477460233946,0.004827577377525824,-0.7517666249346656,45.0,0.0641650039660058,NORMAL,2026-05-07
2025-02-06,0.0,0.010327285610467366,0.01757087784314167,0.0072435922326743035,1.5067812963514526,50.0,0.0641650039660058,DISTRIBUTION_PEAK,2026-05-07
2025-02-07,0.007874015748031482,0.014286006103972506,0.019551537405721756,0.005265531301749249,-0.36259756130396636,50.0,0.0641650039660058,DISTRIBUTION_PEAK,2026-05-07
2025-02-10,-0.015625,0.014650173581235994,0.020003951717011758,0.005353778135775764,-0.2727358362198412,45.0,0.0641650039660058,NORMAL,2026-05-07
2025-02-11,0.007936507936507908,0.01242355876346314,0.017744370171540815,0.005320811408077676,-0.299447317884749,40.0,0.0763792606791798,NORMAL,2026-05-07
2025-02-12,0.0,0.00890953595414594,0.014427059204523075,0.005517523250377134,-0.10254240677966808,40.0,0.0763792606791798,NORMAL,2026-05-07
2025-02-13,0.0,0.01045288455161937,0.01649066667013777,0.0060377821185183984,0.41399179972207717,45.0,0.0763792606791798,NORMAL,2026-05-07
2025-02-14,0.007874015748031482,0.011194738542651496,0.015445048242839297,0.004250309700187801,-1.346256158023925,45.0,0.0763792606791798,NORMAL,2026-05-07
2025-02-17,-0.0078125,0.01584166373830114,0.02299539282487202,0.00715372908657088,1.4900805930532643,50.0,0.0763792606791798,DISTRIBUTION_PEAK,2026-05-07
2025-02-18,0.007874015748031482,0.011422021327932833,0.01631983835650761,0.0048978170285747785,-0.7107018974114359,45.0,0.07942586339753549,NORMAL,2026-05-07
2025-02-19,0.0078125,0.01402276971431421,0.020235684422921143,0.0062129147086069335,0.5799812734809088,50.0,0.07942586339753549,DISTRIBUTION_PEAK,2026-05-07
2025-02-20,0.0,0.010919808149606924,0.017461544569969935,0.006541736420363011,0.8824279184486539,50.0,0.07942586339753549,DISTRIBUTION_PEAK,2026-05-07
2025-02-21,0.007751937984496138,0.01259166003641947,0.01624601081468033,0.003654350778260859,-1.8641848804316026,50.0,0.07942586339753549,DISTRIBUTION_PEAK,2026-05-07
2025-02-24,0.0,0.013075902735396919,0.01971592402419255,0.006640021288795631,0.9667745762455491,50.0,0.07942586339753549,DISTRIBUTION_PEAK,2026-05-07
2025-02-25,0.0,0.008915524274425858,0.014351005947808946,0.005435481673383088,-0.18555929543375854,45.0,0.05001917702918689,NORMAL,2026-05-07
2025-02-26,0.0,0.00923020776449518,0.01544977413646863,0.00621956637197345,0.5661130652045013,50.0,0.05001917702918689,DISTRIBUTION_PEAK,2026-05-07
2025-02-27,0.007692307692307665,0.012889621419938354,0.017821075035091644,0.00493145361515329,-0.6864097307961521,50.0,0.05001917702918689,DISTRIBUTION_PEAK,2026-05-07
2025-02-28,0.0,0.009961667719148838,0.014563575516937053,0.0046019077977882145,-0.9806060729730547,45.0,0.05001917702918689,NORMAL,2026-05-07
2025-03-03,0.0,0.010621451394495968,0.015511994914442561,0.004890543519946593,-0.6768293609664977,40.0,0.05001917702918689,NORMAL,2026-05-07
2025-03-04,0.0,0.009945953515296415,0.014369359629944446,0.00442340611464803,-1.102443885065499,35.0,0.024848237346114164,NORMAL,2026-05-07
2025-03-05,-0.007633587786259555,0.011160012453601023,0.015973670748498717,0.004813658294897693,-0.6953368835917555,35.0,0.024848237346114164,NORMAL,2026-05-07
2025-03-06,0.01538461538461533,0.013576012810427687,0.016351252934664898,0.002775240124237211,-2.4144509308432545,30.0,0.024848237346114164,NORMAL,2026-05-07
2025-03-07,0.007575757575757569,0.01192873371995545,0.015477659160369408,0.0035489254404139584,-1.6026058818429858,30.0,0.024848237346114164,NORMAL,2026-05-07
2025-03-10,0.0,0.009603220354284603,0.015415014724856133,0.00581179437057153,0.39862150289297194,35.0,0.024848237346114164,NORMAL,2026-05-07
2025-03-11,0.0,0.009250889249268845,0.013867525162819238,0.0046166359135503925,-0.661117035534877,35.0,0.02944017115831049,NORMAL,2026-05-07
2025-03-12,0.0,0.010502829724681516,0.015104091204515245,0.004601261479833729,-0.6589377169413114,35.0,0.02944017115831049,NORMAL,2026-05-07
2025-03-13,0.0,0.014468003285174532,0.019502554751882662,0.00503455146670813,-0.2570715330591606,30.0,0.02944017115831049,NORMAL,2026-05-07
2025-03-14,0.0,0.009977429961853657,0.014941233814463278,0.004963803852609621,-0.3170599156703495,30.0,0.02944017115831049,NORMAL,2026-05-07
2025-03-17,0.007518796992481258,0.012760024817326335,0.018300088310701457,0.005540063493375122,0.22364913976776554,30.0,0.02944017115831049,NORMAL,2026-05-07
2025-03-18,-0.007462686567164201,0.011099736203171033,0.01560914386523192,0.004509407662060887,-0.7460913229614511,30.0,0.03661487012968275,NORMAL,2026-05-07
2025-03-19,-0.007518796992481258,0.009788062848549429,0.01357680896472654,0.0037887461161771104,-1.3722541131419073,25.0,0.03661487012968275,NORMAL,2026-05-07
2025-03-20,0.0,0.009841616415801524,0.01473962028344927,0.004898003867647745,-0.3118420204002804,20.0,0.03661487012968275,NORMAL,2026-05-07
2025-03-21,0.0,0.009063412311290969,0.01410117839482444,0.005037766083533471,-0.17393907041590834,20.0,0.03661487012968275,NORMAL,2026-05-07
2025-03-24,0.007575757575757569,0.013523005395709676,0.018190286257737075,0.0046672808620273985,-0.5259141738180212,15.0,0.03661487012968275,NORMAL,2026-05-07
2025-03-25,0.0,0.01004280935490454,0.015663631140097944,0.005620821785193405,0.41235577179373434,20.0,0.024670132465006347,NORMAL,2026-05-07
2025-03-26,0.0,0.009854434902743818,0.015122172477996467,0.005267737575252649,0.05611208568475643,20.0,0.024670132465006347,NORMAL,2026-05-07
2025-03-27,-0.007518796992481258,0.010630011214493256,0.015963740068587976,0.00533372885409472,0.12155491088546441,25.0,0.024670132465006347,NORMAL,2026-05-07
2025-03-28,0.0,0.01226346092679788,0.019979735930245452,0.007716275003447572,2.3095828688749966,30.0,0.024670132465006347,NORMAL,2026-05-07
2025-03-31,-0.007575757575757569,0.013647983235966256,0.020068186965774365,0.006420203729808109,1.0340429503949757,35.0,0.024670132465006347,NORMAL,2026-05-07
2025-04-01,0.007633587786259444,0.01036475510854213,0.015019414629050773,0.004654659520508643,-0.6339833303315491,35.0,0.02500546233012554,NORMAL,2026-05-07
2025-04-02,0.0,0.009956463053580231,0.01537397450664609,0.005417511453065859,0.09869459869607614,40.0,0.02500546233012554,NORMAL,2026-05-07
2025-04-03,-0.06818181818181823,0.007009666705155192,0.019274482422255823,0.01226481571710063,4.194683168541132,45.0,0.02500546233012554,NORMAL,2026-05-07
2025-04-04,-0.016260162601625994,0.034635631391357925,0.039832102051540426,0.005196470660182501,-0.21345653296909176,45.0,0.02500546233012554,NORMAL,2026-05-07
2025-04-08,-0.06611570247933896,0.008925069893339821,0.018505044255756352,0.00957997436241653,2.285488912134571,45.0,0.02500546233012554,NORMAL,2026-05-07
2025-04-09,-0.03539823008849541,0.031719717518025985,0.03531877907158508,0.003599061553559095,-1.1589744644873015,45.0,0.35296696522029025,NORMAL,2026-05-07
2025-04-10,0.07339449541284382,0.008781274060051917,0.018595778292119055,0.009814504232067138,2.19549144213435,50.0,0.35296696522029025,CAPITULATION_BOTTOM,2026-05-07
2025-04-11,0.042735042735042805,0.024213011318704097,0.030638496252941547,0.00642548493423745,0.36408203514984644,55.00000000000001,0.35296696522029025,CAPITULATION_BOTTOM,2026-05-07
2025-04-14,0.016393442622950838,0.021806755111208106,0.027657776723486745,0.005851021612278639,0.049513034095955706,60.0,0.35296696522029025,CAPITULATION_BOTTOM,2026-05-07
2025-04-15,-0.008064516129032251,0.020669303645676724,0.02782013484756416,0.007150831201887437,0.7511237466812929,60.0,0.35296696522029025,CAPITULATION_BOTTOM,2026-05-07
2025-04-16,-0.016260162601625994,0.019743608862934164,0.025749446752163913,0.006005837889229749,0.10909385455948557,65.0,0.4958868660071205,CAPITULATION_BOTTOM,2026-05-07
2025-04-17,0.008264462809917328,0.013642335868526093,0.018661758413397952,0.0050194225448718585,-0.4426056839351937,65.0,0.4958868660071205,CAPITULATION_BOTTOM,2026-05-07
2025-04-18,0.0,0.01611110748390095,0.02259078715452633,0.00647967967062538,0.3908619209710789,70.0,0.4958868660071205,CAPITULATION_BOTTOM,2026-05-07
2025-04-21,-0.008196721311475419,0.014313481645942035,0.019573969848338976,0.00526048820239694,-0.31544241655777816,70.0,0.4958868660071205,CAPITULATION_BOTTOM,2026-05-07
2025-04-22,-0.008264462809917328,0.02157104079394892,0.02783036842432068,0.00625932763037176,0.27186841697518616,75.0,0.4958868660071205,CAPITULATION_BOTTOM,2026-05-07
2025-04-23,0.008333333333333304,0.017251755666124656,0.023249949475890652,0.005998193809765996,0.11271528484381997,75.0,0.48496695650850097,CAPITULATION_BOTTOM,2026-05-07
2025-04-24,0.008264462809917328,0.013886845655884385,0.01925403415932295,0.005367188503438565,-0.26866979954585907,70.0,0.48496695650850097,CAPITULATION_BOTTOM,2026-05-07
2025-04-25,0.008196721311475308,0.01481538182461559,0.020192799176304784,0.005377417351689194,-0.2576799208545068,65.0,0.48496695650850097,CAPITULATION_BOTTOM,2026-05-07
2025-04-28,0.0,0.01252082373269904,0.018968462343073204,0.006447638610374163,0.4098944769979435,65.0,0.48496695650850097,CAPITULATION_BOTTOM,2026-05-07
2025-04-29,0.0,0.011499003500392499,0.018746666105637876,0.007247662605245377,0.8941601173580832,65.0,0.48496695650850097,CAPITULATION_BOTTOM,2026-05-07
2025-05-05,0.008130081300812941,0.015882442891684098,0.02297137570521664,0.007088932813532543,0.7711595795245882,70.0,0.4871508561388443,CAPITULATION_BOTTOM,2026-05-07
2025-05-06,0.0,0.012462566585896773,0.018085418123659835,0.005622851537763061,-0.17276235743458052,65.0,0.4871508561388443,CAPITULATION_BOTTOM,2026-05-07
2025-05-07,0.008064516129032251,0.014124689585833326,0.018947477049425725,0.004822787463592399,-0.6808811351410341,60.0,0.4871508561388443,CAPITULATION_BOTTOM,2026-05-07
2025-05-08,0.016000000000000014,0.01561872263595577,0.01978506555916279,0.0041663429232070195,-1.074985915691469,60.0,0.4871508561388443,CAPITULATION_BOTTOM,2026-05-07
2025-05-09,0.0,0.010795536712196713,0.016502223287812947,0.005706686575616234,-0.05790452854217633,55.00000000000001,0.4871508561388443,CAPITULATION_BOTTOM,2026-05-07
2025-05-12,0.007874015748031482,0.011798716550381947,0.016451516079111415,0.004652799528729467,-0.744887650227939,55.00000000000001,0.48415933344813866,CAPITULATION_BOTTOM,2026-05-07
2025-05-13,0.0078125,0.012714137142633116,0.0182463396132033,0.005532202470570185,-0.14836227827970516,50.0,0.48415933344813866,CAPITULATION_BOTTOM,2026-05-07
2025-05-14,0.015503875968992276,0.01712850183898927,0.021330643227242572,0.0042021413882533006,-1.0248575044304806,45.0,0.48415933344813866,NORMAL,2026-05-07
2025-05-15,0.0,0.01125396344240657,0.017017913213610337,0.005763949771203767,0.044706093908695996,45.0,0.48415933344813866,NORMAL,2026-05-07
2025-05-16,-0.007633587786259555,0.013130880068655789,0.018748864728884665,0.005617984660228876,-0.05605717742932528,40.0,0.48415933344813866,NORMAL,2026-05-07
2025-05-19,0.0,0.013045589253184647,0.018160361461939896,0.005114772208755249,-0.40460372897869534,35.0,0.4824820583985205,NORMAL,2026-05-07
2025-05-20,0.01538461538461533,0.01633833368083821,0.021275251674681996,0.0049369179938437875,-0.5211082520284174,35.0,0.4824820583985205,NORMAL,2026-05-07
2025-05-21,0.0,0.012867427631112056,0.01938378343775679,0.006516355806644735,0.6127613044828916,35.0,0.4824820583985205,NORMAL,2026-05-07
2025-05-22,-0.007575757575757569,0.01317026834751945,0.020159112029941396,0.006988843682421947,0.9297279994833878,40.0,0.4824820583985205,NORMAL,2026-05-07
2025-05-23,0.0,0.01198400577994205,0.018734679512209987,0.006750673732267938,0.7351255579619865,40.0,0.4824820583985205,NORMAL,2026-05-07
2025-05-26,0.01526717557251911,0.018491268397620837,0.024982725186155425,0.006491456788534588,0.5314852774084596,40.0,0.2753714502801459,NORMAL,2026-05-07
2025-05-27,0.007518796992481258,0.01415859815653811,0.020399953391474164,0.006241355234936054,0.33763599635993363,45.0,0.2753714502801459,NORMAL,2026-05-07
2025-05-28,0.0,0.012174955178045663,0.017366933458823345,0.005191978280777682,-0.4515066328214692,45.0,0.2753714502801459,NORMAL,2026-05-07
2025-05-29,0.0,0.011964620160810603,0.01847989966673122,0.006515279505920617,0.5561752106137507,45.0,0.2753714502801459,NORMAL,2026-05-07
2025-05-30,-0.007462686567164201,0.012808555702473747,0.017369999170961846,0.004561443468488099,-0.9365945010877155,40.0,0.2753714502801459,NORMAL,2026-05-07
2025-06-02,0.007518796992481258,0.016878789140330922,0.02325219445479663,0.006373405314465709,0.4682235667422989,40.0,0.08133240977922764,NORMAL,2026-05-07
2025-06-03,0.00746268656716409,0.011550426393449331,0.016120521565517916,0.004570095172068585,-0.9278474450018271,40.0,0.08133240977922764,NORMAL,2026-05-07
2025-06-04,0.0,0.013717310796556937,0.02119449034696522,0.007477179550408284,1.3112495372079036,45.0,0.08133240977922764,NORMAL,2026-05-07
2025-06-05,-0.007407407407407418,0.012992556602009044,0.01951034256606799,0.006517785964058947,0.5496841561024136,50.0,0.08133240977922764,DISTRIBUTION_PEAK,2026-05-07
2025-06-06,-0.007462686567164201,0.013617038131654446,0.01862896746804853,0.0050119293363940845,-0.6252446984723402,50.0,0.08133240977922764,DISTRIBUTION_PEAK,2026-05-07
2025-06-09,-0.015037593984962405,0.01414033752352375,0.01911801428738392,0.004977676763860172,-0.6372806106067438,50.0,0.0520759929083492,DISTRIBUTION_PEAK,2026-05-07
2025-06-10,0.007633587786259444,0.012989269734078088,0.017831339602737077,0.004842069868658989,-0.727464562181663,50.0,0.0520759929083492,DISTRIBUTION_PEAK,2026-05-07
2025-06-11,0.0,0.00992622589802707,0.016469646868966906,0.006543420970939837,0.6381700258925904,55.00000000000001,0.0520759929083492,DISTRIBUTION_PEAK,2026-05-07
2025-06-12,0.0,0.010687100144497344,0.0160740276005752,0.005386927456077854,-0.3039915123071058,50.0,0.0520759929083492,DISTRIBUTION_PEAK,2026-05-07
2025-06-13,0.0,0.01668743560708113,0.021916931582415155,0.005229495975334026,-0.4264354714150286,50.0,0.0520759929083492,DISTRIBUTION_PEAK,2026-05-07
2025-06-16,0.015151515151515138,0.013161613253717,0.017512999067229446,0.004351385813512446,-1.1224480358611852,50.0,0.06164975146330137,DISTRIBUTION_PEAK,2026-05-07
2025-06-17,0.00746268656716409,0.011110180095470622,0.015517271388360085,0.004407091292889463,-1.0381118016214679,50.0,0.06164975146330137,DISTRIBUTION_PEAK,2026-05-07
2025-06-18,0.0,0.00894456754657197,0.01451414067660687,0.005569573130034899,-0.06432843849713196,45.0,0.06164975146330137,NORMAL,2026-05-07
2025-06-19,0.0,0.009342646440955504,0.015461587930816865,0.006118941489861361,0.39531262588325616,45.0,0.06164975146330137,NORMAL,2026-05-07
2025-06-20,0.0,0.0107412640640939,0.017016057432758386,0.006274793368664485,0.5185899453715314,45.0,0.06164975146330137,NORMAL,2026-05-07
2025-06-23,0.007407407407407307,0.015710508863470345,0.019575955432620182,0.0038654465691498364,-1.497433542692652,40.0,0.06205395447077086,NORMAL,2026-05-07
2025-06-24,0.007352941176470562,0.012245594789571658,0.017177991038365113,0.004932396248793455,-0.574521508210223,35.0,0.06205395447077086,NORMAL,2026-05-07
2025-06-25,0.0,0.008088834722950366,0.012655114576481259,0.004566279853530893,-0.8641287892492037,35.0,0.06205395447077086,NORMAL,2026-05-07
2025-06-26,0.0,0.00902685740925717,0.013570199970282712,0.004543342561025541,-0.8582561042556054,30.0,0.06205395447077086,NORMAL,2026-05-07
2025-06-27,0.0,0.00906350426721575,0.015459646111712445,0.006396141844496696,0.7318729367792739,35.0,0.06205395447077086,NORMAL,2026-05-07
2025-06-30,0.007299270072992581,0.011192980066276172,0.016412149456783775,0.005219169390507603,-0.29266297373321903,30.0,0.05875990654064079,NORMAL,2026-05-07
2025-07-01,0.0,0.011417513287716652,0.01643060303668229,0.00501308974896564,-0.4661307000887498,30.0,0.05875990654064079,NORMAL,2026-05-07
2025-07-02,0.0,0.014146408501217865,0.021709999014873402,0.007563590513655537,1.7063437715995626,30.0,0.05875990654064079,NORMAL,2026-05-07
2025-07-03,0.0,0.012247620422554296,0.01938872855120393,0.0071411081286496345,1.2797676767053543,30.0,0.05875990654064079,NORMAL,2026-05-07
2025-07-04,0.007246376811594235,0.010622197998287971,0.015394296438015568,0.004772098439727597,-0.7318544680874396,30.0,0.05875990654064079,NORMAL,2026-05-07
2025-07-07,0.007194244604316502,0.011149670324853016,0.016336545201404224,0.005186874876551208,-0.366625543244675,30.0,0.06496350050446852,NORMAL,2026-05-07
2025-07-08,0.014285714285714235,0.0137654176677687,0.018686315237229252,0.004920897569460552,-0.5862261675022787,30.0,0.06496350050446852,NORMAL,2026-05-07
2025-07-09,0.007042253521126751,0.012078291950926131,0.016503129240933532,0.004424837290007401,-0.9913105013499084,25.0,0.06496350050446852,NORMAL,2026-05-07
2025-07-10,0.013986013986013957,0.016171605919815844,0.020177333021173183,0.00400572710135734,-1.3000930433091724,25.0,0.06496350050446852,NORMAL,2026-05-07
2025-07-11,0.006896551724137945,0.015487670137240093,0.02067517851029443,0.005187508373054338,-0.2633267348742351,25.0,0.06496350050446852,NORMAL,2026-05-07
2025-07-14,0.006849315068493178,0.013980673923865925,0.020999563586669757,0.007018889662803831,1.298907614607971,30.0,0.04042840499029886,NORMAL,2026-05-07
2025-07-15,-0.006802721088435382,0.01464464407203048,0.022016935323444203,0.007372291251413723,1.5175353151157953,35.0,0.04042840499029886,NORMAL,2026-05-07
2025-07-16,0.013698630136986356,0.014602555468846035,0.018930321589813944,0.0043277661209679096,-1.043925580479551,35.0,0.04042840499029886,NORMAL,2026-05-07
2025-07-17,0.006756756756756799,0.013193373597536785,0.01873441220699307,0.005541038609456286,-0.010378686510252512,30.0,0.04042840499029886,NORMAL,2026-05-07
2025-07-18,0.006711409395973256,0.015499579768600598,0.021324810450431147,0.005825230681830549,0.23163092393896081,30.0,0.04042840499029886,NORMAL,2026-05-07
2025-07-21,-0.00666666666666671,0.017368119674898676,0.02510388183706187,0.007735762162163193,1.775701036814349,35.0,0.03158638192852836,NORMAL,2026-05-07
2025-07-22,0.01342281879194629,0.016942558278033547,0.023719045932783192,0.006776487654749645,0.935162225409857,40.0,0.03158638192852836,NORMAL,2026-05-07
2025-07-23,0.0,0.014889260146291737,0.022882684208759344,0.007993424062467606,1.8184200306467073,45.0,0.03158638192852836,NORMAL,2026-05-07
2025-07-24,0.0066225165562914245,0.014743529124973068,0.02103663655253934,0.006293107427566273,0.43342664549738863,50.0,0.03158638192852836,DISTRIBUTION_PEAK,2026-05-07
2025-07-25,0.006578947368421018,0.0158088903993853,0.022248147660740944,0.006439257261355642,0.5414188812327078,50.0,0.03158638192852836,DISTRIBUTION_PEAK,2026-05-07
2025-07-28,0.019607843137254832,0.021060166845475944,0.026175035963645073,0.005114869118169128,-0.5456771517821292,50.0,0.016912933311972272,DISTRIBUTION_PEAK,2026-05-07
2025-07-29,-0.044871794871794934,0.02305325326911032,0.029781136357652876,0.006727883088542556,0.7866030710116738,55.00000000000001,0.016912933311972272,DISTRIBUTION_PEAK,2026-05-07
2025-07-30,0.01342281879194629,0.01888428879407295,0.024715414023257977,0.005831125229185028,0.028819149917455853,55.00000000000001,0.016912933311972272,DISTRIBUTION_PEAK,2026-05-07
2025-07-31,-0.0066225165562914245,0.02074739219213641,0.02972577189414952,0.008978379702013109,2.403757278489477,55.00000000000001,0.016912933311972272,DISTRIBUTION_PEAK,2026-05-07
2025-08-01,0.0,0.01760188348298913,0.025186306064382786,0.007584422581393656,1.2571829756937403,60.0,0.016912933311972272,DISTRIBUTION_PEAK,2026-05-07
2025-08-04,0.020000000000000018,0.018531097239624348,0.02356534711447516,0.005034249874850811,-0.6951976101223672,60.0,0.06918872649937247,DISTRIBUTION_PEAK,2026-05-07
2025-08-05,0.013071895424836555,0.024445894872494357,0.029847664911604288,0.005401770039109931,-0.401052233204547,60.0,0.06918872649937247,DISTRIBUTION_PEAK,2026-05-07
2025-08-06,0.012903225806451646,0.012998837294564978,0.017740595475009974,0.004741758180444996,-0.8944954100582565,60.0,0.06918872649937247,DISTRIBUTION_PEAK,2026-05-07
2025-08-07,0.006369426751592355,0.01573617642679901,0.022836823665704487,0.007100647238905477,0.9427199849110994,65.0,0.06918872649937247,DISTRIBUTION_PEAK,2026-05-07
2025-08-08,0.0,0.01652999871766569,0.023821663849772412,0.007291665132106721,1.0552207382351604,70.0,0.06918872649937247,DISTRIBUTION_PEAK,2026-05-07
2025-08-11,0.012658227848101333,0.01554272030085374,0.021513323012504984,0.005970602711651243,0.010716284927292923,70.0,0.07311096272287267,DISTRIBUTION_PEAK,2026-05-07
2025-08-12,0.006250000000000089,0.01591747923473666,0.021477260236016336,0.0055597810012796775,-0.31368898650131044,65.0,0.07311096272287267,DISTRIBUTION_PEAK,2026-05-07
2025-08-13,0.0,0.015852061476069528,0.023701917473221496,0.007849855997151968,1.4710049137348518,70.0,0.07311096272287267,DISTRIBUTION_PEAK,2026-05-07
2025-08-14,0.01863354037267073,0.024731636545495806,0.028535353168533926,0.0038037166230381197,-1.646379655295949,70.0,0.07311096272287267,DISTRIBUTION_PEAK,2026-05-07
2025-08-15,-0.0060975609756097615,0.01982500569877725,0.026124072387826866,0.006299066689049615,0.27667612419189563,70.0,0.07311096272287267,DISTRIBUTION_PEAK,2026-05-07
2025-08-18,0.006134969325153339,0.017769210205678124,0.025091047030625074,0.007321836824946949,1.0412969699320236,70.0,0.07726430278479189,DISTRIBUTION_PEAK,2026-05-07
2025-08-19,0.0060975609756097615,0.01859047136743415,0.026337762326395883,0.007747290958961733,1.3109556060379088,70.0,0.07726430278479189,DISTRIBUTION_PEAK,2026-05-07
2025-08-20,0.0060606060606061,0.028988289986470243,0.03432570212621667,0.005337412139746426,-0.5376249201251871,65.0,0.07726430278479189,DISTRIBUTION_PEAK,2026-05-07
2025-08-21,0.01807228915662651,0.030536031192333935,0.035898777693750224,0.0053627465014162885,-0.5070166069429927,60.0,0.07726430278479189,DISTRIBUTION_PEAK,2026-05-07
2025-08-22,-0.023668639053254448,0.024010149981382085,0.030436890212305345,0.00642674023092326,0.32807225060191986,60.0,0.07726430278479189,DISTRIBUTION_PEAK,2026-05-07
2025-08-25,-0.024242424242424176,0.023049019619871183,0.028994586041827804,0.005945566421956622,-0.05707085472129793,60.0,0.11900828524555107,DISTRIBUTION_PEAK,2026-05-07
2025-08-26,0.03726708074534146,0.01993630713341954,0.023440434884643896,0.0035041277512243563,-1.8873191224212638,55.00000000000001,0.11900828524555107,DISTRIBUTION_PEAK,2026-05-07
2025-08-27,0.0,0.015008594859525123,0.021959790382423634,0.006951195522898511,0.7699145254921429,55.00000000000001,0.11900828524555107,DISTRIBUTION_PEAK,2026-05-07
2025-08-28,0.0059880239520957446,0.013036733742319956,0.018307203679838346,0.005270469937518391,-0.5326642199131254,50.0,0.11900828524555107,DISTRIBUTION_PEAK,2026-05-07
2025-08-29,0.0,0.012503530257344528,0.019064243678240552,0.006560713420896024,0.47817166536019945,50.0,0.11900828524555107,DISTRIBUTION_PEAK,2026-05-07
2025-09-03,0.0,0.017612403917596078,0.024657998869609878,0.0070455949520138,0.8418978614893605,55.00000000000001,0.15141819445273763,DISTRIBUTION_PEAK,2026-05-07
2025-09-04,0.011904761904761862,0.014596962057500091,0.019198317532413207,0.0046013554749131155,-1.0838520052292981,55.00000000000001,0.15141819445273763,DISTRIBUTION_PEAK,2026-05-07
2025-09-05,-0.01764705882352946,0.017036942767269542,0.022797708381308922,0.005760765614039379,-0.1519360543281532,55.00000000000001,0.15141819445273763,DISTRIBUTION_PEAK,2026-05-07
2025-09-08,-0.029940119760478945,0.02054897485835267,0.02528778107629763,0.004738806217944959,-0.9529526090433215,50.0,0.15141819445273763,DISTRIBUTION_PEAK,2026-05-07
2025-09-09,0.012345679012345512,0.014774655741549248,0.018612966570491406,0.0038383108289421573,-1.5856974196995934,45.0,0.15141819445273763,NORMAL,2026-05-07
2025-09-10,0.0,0.011552202917931775,0.017573199305183515,0.00602099638725174,0.14113662670145713,45.0,0.19025525441136468,NORMAL,2026-05-07
2025-09-11,0.012195121951219523,0.01684532211449767,0.021409318690544497,0.0045639965760468255,-0.9975596267536219,45.0,0.19025525441136468,NORMAL,2026-05-07
2025-09-12,0.006024096385542244,0.012713365674580951,0.018832615440358424,0.006119249765777473,0.24943779358586687,45.0,0.19025525441136468,NORMAL,2026-05-07
2025-09-15,0.0059880239520957446,0.015244427058449098,0.022314518821918365,0.0070700917634692675,0.9923219362403017,50.0,0.19025525441136468,DISTRIBUTION_PEAK,2026-05-07
2025-09-16,0.0,0.014656257366034372,0.020750700982705535,0.0060944436166711635,0.1920360705354464,50.0,0.19025525441136468,DISTRIBUTION_PEAK,2026-05-07
2025-09-17,-0.005952380952380931,0.014238805895882119,0.019957701447522177,0.005718895551640058,-0.11767224356552242,45.0,0.14129989344819116,NORMAL,2026-05-07
2025-09-18,0.0,0.011469491289068073,0.01668080809696675,0.005211316807898676,-0.5342817994782273,40.0,0.14129989344819116,NORMAL,2026-05-07
2025-09-19,-0.005988023952095856,0.012403901173649293,0.01862645577538939,0.006222554601740099,0.323016625302532,45.0,0.14129989344819116,NORMAL,2026-05-07
2025-09-22,-0.01807228915662651,0.015567833509001363,0.02095051677140283,0.005382683262401466,-0.39696947395662746,45.0,0.14129989344819116,NORMAL,2026-05-07
2025-09-23,0.006134969325153339,0.012141305516827195,0.017836020588167627,0.005694715071340431,-0.12073307764290504,40.0,0.14129989344819116,NORMAL,2026-05-07
2025-09-24,0.012195121951219523,0.014222217400216335,0.01951360713305158,0.005291389732835244,-0.47122839127644595,40.0,0.13710530121614017,NORMAL,2026-05-07
2025-09-25,0.006024096385542244,0.013633320338725524,0.020822759473219522,0.007189439134493998,1.1949054466162758,45.0,0.13710530121614017,NORMAL,2026-05-07
2025-09-26,-0.005988023952095856,0.012588781321976293,0.018250621051785234,0.005661839729808941,-0.17241841153305085,40.0,0.13710530121614017,NORMAL,2026-05-07
2025-09-29,0.006024096385542244,0.0174083018090408,0.021640070487154925,0.004231768678114124,-1.4017097429654828,40.0,0.13710530121614017,NORMAL,2026-05-07
2025-09-30,-0.005988023952095856,0.014330622237362863,0.020348696803281937,0.006018074565919074,0.19369672345397246,40.0,0.13710530121614017,NORMAL,2026-05-07
2025-10-01,0.006024096385542244,0.0113138219032576,0.017009927457101476,0.005696105553843875,-0.09747323868769836,35.0,0.15030554971319784,NORMAL,2026-05-07
2025-10-02,-0.0119760479041916,0.014500976767754692,0.020551135177743724,0.006050158409989032,0.22589047272989313,40.0,0.15030554971319784,NORMAL,2026-05-07
2025-10-03,0.0,0.015545662760909228,0.02126082603626798,0.005715163275358754,-0.08730117079472541,40.0,0.15030554971319784,NORMAL,2026-05-07
2025-10-06,0.030303030303030276,0.020029055332010923,0.023709181861292065,0.003680126529281142,-1.8725792605260265,40.0,0.15030554971319784,NORMAL,2026-05-07
2025-10-07,-0.00588235294117645,0.012547754806258972,0.01889042536808832,0.006342670561829347,0.5397209932362853,45.0,0.15030554971319784,NORMAL,2026-05-07
2025-10-08,0.00591715976331364,0.010923187747533552,0.01592747014775707,0.005004282400223518,-0.6762261900759314,40.0,0.18321184302066412,NORMAL,2026-05-07
2025-10-09,0.0117647058823529,0.015299835179233393,0.019534384410311054,0.004234549231077661,-1.3263031778250676,40.0,0.18321184302066412,NORMAL,2026-05-07
2025-10-10,0.01744186046511631,0.018438288558779846,0.022733078127250745,0.004294789568470899,-1.2177560972859156,35.0,0.18321184302066412,NORMAL,2026-05-07
2025-10-13,0.011428571428571344,0.01899056484865378,0.023176096896212292,0.0041855320475585114,-1.2591915725890892,30.0,0.18321184302066412,NORMAL,2026-05-07
2025-10-14,-0.005649717514124353,0.015603533059474267,0.021405105817807663,0.005801572758333396,0.18660654180736477,30.0,0.18321184302066412,NORMAL,2026-05-07
2025-10-15,0.0,0.013584729599796251,0.019747086660731498,0.006162357060935247,0.5046013982858358,35.0,0.14290583320145145,NORMAL,2026-05-07
2025-10-16,0.005681818181818121,0.014882243147141525,0.021518083470248313,0.006635840323106788,0.912414419757725,40.0,0.14290583320145145,NORMAL,2026-05-07
2025-10-17,-0.02259887005649719,0.018864028961228074,0.02418720250510287,0.005323173543874796,-0.29556316985056,35.0,0.14290583320145145,NORMAL,2026-05-07
2025-10-20,-0.052023121387283267,0.02235148719915327,0.029934002951246742,0.007582515752093472,1.702625294031154,40.0,0.14290583320145145,NORMAL,2026-05-07
2025-10-21,0.012195121951219523,0.023758062570306028,0.03087546688941468,0.0071174043191086535,1.2272065394170324,45.0,0.14290583320145145,NORMAL,2026-05-07
2025-10-22,0.012048192771084265,0.015258171356347145,0.02104850238221016,0.005790331025863014,0.037078186481697965,50.0,0.16499880025764288,DISTRIBUTION_PEAK,2026-05-07
2025-10-23,0.005952380952380931,0.01425798144966916,0.019650102404947564,0.0053921209552784035,-0.3198907656116768,45.0,0.16499880025764288,NORMAL,2026-05-07
2025-10-24,-0.00591715976331364,0.012975823251694777,0.018365543893481363,0.005389720641786586,-0.316240146367112,45.0,0.16499880025764288,NORMAL,2026-05-07
2025-10-27,-0.017857142857142905,0.02230593070720663,0.027529017615745974,0.005223086908539343,-0.46317119342753005,45.0,0.16499880025764288,NORMAL,2026-05-07
2025-10-28,0.0181818181818183,0.01679156400792753,0.020438201229978553,0.0036466372220510246,-1.817121283773878,40.0,0.16499880025764288,NORMAL,2026-05-07
2025-10-29,0.005952380952380931,0.016247712244337766,0.023326767266280884,0.007079055021943118,1.251308993627152,45.0,0.1547357137267461,NORMAL,2026-05-07
2025-10-30,-0.01183431952662728,0.017251300956448837,0.024238967799679954,0.006987666843231117,1.1243607163432576,45.0,0.1547357137267461,NORMAL,2026-05-07
2025-10-31,-0.017964071856287456,0.02020379758537483,0.026780594249694017,0.006576796664319186,0.7369482846642808,50.0,0.1547357137267461,DISTRIBUTION_PEAK,2026-05-07
2025-11-03,-0.012195121951219412,0.02146533648577308,0.029008543922542446,0.007543207436769367,1.5178713880415338,55.00000000000001,0.1547357137267461,DISTRIBUTION_PEAK,2026-05-07
2025-11-04,0.01851851851851838,0.021468191209399523,0.02646076713771721,0.004992575928317686,-0.7082630330942152,50.0,0.1547357137267461,DISTRIBUTION_PEAK,2026-05-07
2025-11-05,0.0,0.014193982850590134,0.019044094415235028,0.004850111564644894,-0.8114544142452148,50.0,0.17230409861332668,DISTRIBUTION_PEAK,2026-05-07
2025-11-06,-0.0060606060606061,0.011041353256759872,0.01546794085399697,0.0044265875972370975,-1.1427674590818824,50.0,0.17230409861332668,DISTRIBUTION_PEAK,2026-05-07
2025-11-07,-0.024390243902438935,0.016557952863521047,0.02239793869698422,0.005839985833463172,0.1075275170696979,55.00000000000001,0.17230409861332668,DISTRIBUTION_PEAK,2026-05-07
2025-11-10,-0.012499999999999956,0.014346956739163346,0.02012778931537598,0.005780832576212633,0.05335426277331824,60.0,0.17230409861332668,DISTRIBUTION_PEAK,2026-05-07
2025-11-11,0.006329113924050667,0.012246697377352575,0.018202220351358447,0.005955522974005872,0.2096329625714717,60.0,0.17230409861332668,DISTRIBUTION_PEAK,2026-05-07
2025-11-12,0.025157232704402288,0.016749189038752783,0.020597410742272497,0.0038482217035197136,-1.6402275805338973,55.00000000000001,0.17379847502036055,DISTRIBUTION_PEAK,2026-05-07
2025-11-13,0.0,0.011933084797468643,0.018053316324288388,0.006120231526819744,0.3992192640192941,55.00000000000001,0.17379847502036055,DISTRIBUTION_PEAK,2026-05-07
2025-11-14,0.006134969325153339,0.010471130344982368,0.014883760716618203,0.004412630371635836,-1.1170161576971835,55.00000000000001,0.17379847502036055,DISTRIBUTION_PEAK,2026-05-07
2025-11-17,0.0060975609756097615,0.012620510900154926,0.018790293368806315,0.006169782468651389,0.47026615178914966,55.00000000000001,0.17379847502036055,DISTRIBUTION_PEAK,2026-05-07
2025-11-18,0.0060606060606061,0.012269279799379624,0.0162349026943001,0.003965622894920475,-1.4745686477211333,50.0,0.17379847502036055,DISTRIBUTION_PEAK,2026-05-07
2025-11-19,-0.0060240963855421326,0.009676184794811488,0.014289445959675722,0.004613261164864234,-0.8653584812337802,45.0,0.15101042758747335,NORMAL,2026-05-07
2025-11-20,0.0060606060606061,0.012506408152717847,0.016426343508440196,0.0039199353557223485,-1.4155794444020007,45.0,0.15101042758747335,NORMAL,2026-05-07
2025-11-21,-0.0060240963855421326,0.01042956630837558,0.016584864359461906,0.006155298051086326,0.5536488261412837,50.0,0.15101042758747335,DISTRIBUTION_PEAK,2026-05-07
2025-11-24,0.0121212121212122,0.01872154891406745,0.02290264677723075,0.0041810978631632995,-1.1677994415593773,50.0,0.15101042758747335,DISTRIBUTION_PEAK,2026-05-07
2025-11-25,-0.005988023952095856,0.01427270687127853,0.020438959083623,0.006166252212344471,0.5855068485414857,55.00000000000001,0.15101042758747335,DISTRIBUTION_PEAK,2026-05-07
2025-11-26,0.012048192771084265,0.013045829526056202,0.01873686056918187,0.005691031043125667,0.15534504103900873,55.00000000000001,0.15254970925539935,DISTRIBUTION_PEAK,2026-05-07
2025-11-27,0.0,0.01033418670000696,0.01563770398286346,0.005303517282856499,-0.19553667608643294,50.0,0.15254970925539935,DISTRIBUTION_PEAK,2026-05-07
2025-11-28,0.005952380952380931,0.014230726286466832,0.01905908424264799,0.004828357956181157,-0.6222558610426407,45.0,0.15254970925539935,NORMAL,2026-05-07
2025-12-01,0.00591715976331364,0.014821851286992743,0.01959692955790971,0.004775078270916968,-0.6562121102343955,40.0,0.15254970925539935,NORMAL,2026-05-07
2025-12-02,0.0117647058823529,0.015450009680118502,0.01962989233296021,0.004179882652841709,-1.1709972446585757,40.0,0.15254970925539935,NORMAL,2026-05-07
2025-12-03,0.005813953488372103,0.01188498543289693,0.01764936305153132,0.005764377618634388,0.31244831122866107,45.0,0.09338205712549082,NORMAL,2026-05-07
2025-12-04,0.005780346820809301,0.011100290556968505,0.016332149914997342,0.005231859358028838,-0.19225356194009852,45.0,0.09338205712549082,NORMAL,2026-05-07
2025-12-05,0.0,0.013589446390380958,0.019291433153883278,0.0057019867635023196,0.25887189487681755,45.0,0.09338205712549082,NORMAL,2026-05-07
2025-12-08,0.005747126436781658,0.01854082533482745,0.023328075314336092,0.004787249979508641,-0.626914689206742,40.0,0.09338205712549082,NORMAL,2026-05-07
2025-12-09,0.0,0.014058410463232335,0.019857041029032643,0.0057986305658003084,0.37163692308887225,40.0,0.09338205712549082,NORMAL,2026-05-07
2025-12-10,-0.017142857142857126,0.020001128687498707,0.025067463440340294,0.005066334752841586,-0.3601461852660273,40.0,0.09443834119347799,NORMAL,2026-05-07
2025-12-11,-0.011627906976744207,0.013748851325782636,0.01979973823058458,0.0060508869048019435,0.6322874862955197,40.0,0.09443834119347799,NORMAL,2026-05-07
2025-12-12,-0.02941176470588236,0.019987000104052573,0.02460862631524043,0.004621626211187856,-0.8209720062695015,40.0,0.09443834119347799,NORMAL,2026-05-07
2025-12-15,0.0,0.013797097152190612,0.020758581685472163,0.006961484533281551,1.5180882167119805,40.0,0.09443834119347799,NORMAL,2026-05-07
2025-12-16,0.0181818181818183,0.016897856922010988,0.023597968038083002,0.006700111116072015,1.2015159604066972,45.0,0.09443834119347799,NORMAL,2026-05-07
2025-12-17,-0.005952380952380931,0.01326045043370612,0.020606291207634565,0.007345840773928445,1.7236633133430554,50.0,0.12858681158844262,DISTRIBUTION_PEAK,2026-05-07
2025-12-18,0.0059880239520957446,0.013406377295276495,0.019538153664246386,0.006131776368969891,0.5374846057400396,55.00000000000001,0.12858681158844262,DISTRIBUTION_PEAK,2026-05-07
2025-12-19,0.011904761904761862,0.017034669031580654,0.022898520901397375,0.005863851869816722,0.27038052351442693,55.00000000000001,0.12858681158844262,DISTRIBUTION_PEAK,2026-05-07
2025-12-22,0.02941176470588247,0.02321080565927984,0.026639294834925015,0.0034284891756451753,-1.9682692357377192,55.00000000000001,0.12858681158844262,DISTRIBUTION_PEAK,2026-05-07
2025-12-23,0.011428571428571344,0.01978388846544888,0.02362217174920154,0.003838283283752658,-1.4954165610837729,50.0,0.12858681158844262,DISTRIBUTION_PEAK,2026-05-07
2025-12-24,0.005649717514124353,0.01166492058801078,0.01709832918083366,0.00543340859282288,-0.02918996284965098,45.0,0.11129407155897855,NORMAL,2026-05-07
2025-12-25,-0.022471910112359605,0.018332532890626557,0.023184155022564407,0.004851622131937849,-0.560238343649312,45.0,0.11129407155897855,NORMAL,2026-05-07
2025-12-26,-0.005747126436781658,0.011639857025220713,0.01728364030505174,0.005643783279831028,0.18502629693222641,50.0,0.11129407155897855,DISTRIBUTION_PEAK,2026-05-07
2025-12-29,0.011560693641618602,0.015080839236807876,0.019582379668831727,0.004501540432023851,-0.8844873575973528,50.0,0.11129407155897855,DISTRIBUTION_PEAK,2026-05-07
2025-12-30,0.011428571428571344,0.014664954818007898,0.018590733763845152,0.0039257789458372536,-1.3687343647323662,50.0,0.11129407155897855,DISTRIBUTION_PEAK,2026-05-07
2025-12-31,0.005649717514124353,0.01472102464226722,0.019184637926410827,0.004463613284143608,-0.8349289976897661,45.0,0.09014702617919236,NORMAL,2026-05-07
2026-01-05,0.00561797752808979,0.020209662777174547,0.026305169350343917,0.00609550657316937,0.699774371422622,50.0,0.09014702617919236,DISTRIBUTION_PEAK,2026-05-07
2026-01-06,0.016759776536312776,0.02076813223838043,0.0256053017985689,0.004837169560188467,-0.4966745940276854,45.0,0.09014702617919236,NORMAL,2026-05-07
2026-01-07,0.0219780219780219,0.017919680216481017,0.023058871957654943,0.005139191741173926,-0.19987076488893574,45.0,0.09014702617919236,NORMAL,2026-05-07
2026-01-08,0.0,0.012882512563130447,0.019323511225514924,0.006440998662384477,1.0464629005601382,45.0,0.09014702617919236,NORMAL,2026-05-07
2026-01-09,0.005376344086021501,0.02360684656307161,0.03170087490857237,0.008094028345500756,2.362749288445059,50.0,0.09229418807914994,DISTRIBUTION_PEAK,2026-05-07
2026-01-12,0.0053475935828875,0.020747294316865665,0.028347159577741282,0.007599865260875617,1.7805398677769173,50.0,0.09229418807914994,DISTRIBUTION_PEAK,2026-05-07
2026-01-13,0.010638297872340496,0.01629534302160313,0.021852158172095654,0.005556815150492524,0.01701002426465297,55.00000000000001,0.09229418807914994,DISTRIBUTION_PEAK,2026-05-07
2026-01-14,-0.0052631578947368585,0.01815655213904077,0.025760263438752797,0.007603711299712025,1.692901902737744,55.00000000000001,0.09229418807914994,DISTRIBUTION_PEAK,2026-05-07
2026-01-15,-0.015873015873015817,0.023423148265350486,0.03128866061422816,0.007865512348877671,1.7775131669740152,55.00000000000001,0.09229418807914994,DISTRIBUTION_PEAK,2026-05-07
2026-01-16,0.010752688172043001,0.01789596599930197,0.022382062906322567,0.004486096907020596,-0.9394629226858261,50.0,0.08920635908461585,DISTRIBUTION_PEAK,2026-05-07
2026-01-19,0.010638297872340496,0.016374160041591423,0.02138847714204132,0.005014317100449896,-0.4988930546226344,45.0,0.08920635908461585,NORMAL,2026-05-07
2026-01-20,-0.0052631578947368585,0.015934116987355137,0.02306578568252254,0.0071316686951674035,1.1950121827526465,45.0,0.08920635908461585,NORMAL,2026-05-07
2026-01-21,0.0,0.017932609365202915,0.02426235791591255,0.006329748550709634,0.528256433670071,50.0,0.08920635908461585,DISTRIBUTION_PEAK,2026-05-07
2026-01-22,-0.005291005291005346,0.020515670802043508,0.027855560298627974,0.007339889496584467,1.3012383847409332,55.00000000000001,0.08920635908461585,DISTRIBUTION_PEAK,2026-05-07
2026-01-23,-0.005319148936170137,0.015793339063599938,0.0220619964077098,0.0062686573441098625,0.4189362171428945,60.0,0.08478944437801861,DISTRIBUTION_PEAK,2026-05-07
2026-01-26,-0.016042780748663166,0.019147391035845878,0.02529360080476187,0.006146209768915993,0.31189055675720306,65.0,0.08478944437801861,DISTRIBUTION_PEAK,2026-05-07
2026-01-27,-0.005434782608695676,0.01606913435069138,0.022982031800127856,0.006912897449436475,0.9257737717739954,65.0,0.08478944437801861,DISTRIBUTION_PEAK,2026-05-07
2026-01-28,-0.016393442622950838,0.021595064042462187,0.02788334250073801,0.006288278458275821,0.3928333373689951,70.0,0.08478944437801861,DISTRIBUTION_PEAK,2026-05-07
2026-01-29,0.005555555555555536,0.013172075954784899,0.019000146705802277,0.005828070751017378,0.00036059510126729404,75.0,0.08478944437801861,DISTRIBUTION_PEAK,2026-05-07
2026-01-30,0.011049723756906049,0.01431121331573249,0.02020389519379683,0.0058926818780643386,0.05545228161616576,80.0,0.050245814270831135,DISTRIBUTION_PEAK,2026-05-07
2026-02-02,-0.010928961748633892,0.020732824103299016,0.029082765841218484,0.008349941737919468,2.0248898406437217,80.0,0.050245814270831135,DISTRIBUTION_PEAK,2026-05-07
2026-02-03,0.0,0.01487859121622347,0.022928997892270847,0.008050406676047377,1.6615118650619658,85.0,0.050245814270831135,DISTRIBUTION_PEAK,2026-05-07
2026-02-04,-0.011049723756906049,0.018336381752285726,0.024561625471035787,0.006225243718750061,0.19168395878025682,90.0,0.050245814270831135,DISTRIBUTION_PEAK,2026-05-07
2026-02-05,-0.005586592178770999,0.014874048275393851,0.02067103861444575,0.0057969903390518995,-0.155295177225562,85.0,0.050245814270831135,DISTRIBUTION_PEAK,2026-05-07
2026-02-06,-0.011235955056179803,0.016729689372880188,0.021883880102290663,0.005154190729410476,-0.6720414703677314,80.0,0.05307192558517137,DISTRIBUTION_PEAK,2026-05-07
2026-02-09,-0.005681818181818232,0.01161230291707677,0.016229934815063646,0.004617631897986876,-1.0803039500514406,75.0,0.05307192558517137,DISTRIBUTION_PEAK,2026-05-07
2026-02-10,0.0,0.013152684893648629,0.0204891215161205,0.007336436622471871,1.1409792374422165,75.0,0.05307192558517137,DISTRIBUTION_PEAK,2026-05-07
2026-02-11,0.028571428571428692,0.01970297159990286,0.02351846812175246,0.0038154965218496,-1.6622812737885606,70.0,0.05307192558517137,DISTRIBUTION_PEAK,2026-05-07
2026-02-12,0.005555555555555536,0.010859024631390272,0.015593351694084998,0.004734327062694726,-0.8977667102815609,65.0,0.05307192558517137,DISTRIBUTION_PEAK,2026-05-07
2026-02-13,0.005524861878453136,0.010765686626315931,0.015715446326699682,0.004949759700383751,-0.7065079083348872,65.0,0.08071055280299923,DISTRIBUTION_PEAK,2026-05-07
2026-02-23,0.0219780219780219,0.016243846917562674,0.01994161954473527,0.003697772627172597,-1.6144242387367218,65.0,0.08071055280299923,DISTRIBUTION_PEAK,2026-05-07
2026-02-24,0.005376344086021501,0.013566151782353344,0.020176988623791983,0.006610836841438639,0.6585056337018684,65.0,0.08071055280299923,DISTRIBUTION_PEAK,2026-05-07
2026-02-25,-0.005347593582887722,0.013932819718424017,0.020164727395957288,0.006231907677533271,0.35134534475071943,65.0,0.08071055280299923,DISTRIBUTION_PEAK,2026-05-07
2026-02-26,0.010752688172043001,0.016678346136665932,0.020990214683298293,0.004311868546632361,-1.146896140258278,60.0,0.08071055280299923,DISTRIBUTION_PEAK,2026-05-07
2026-02-27,0.0,0.01505638957516354,0.02137983564558188,0.0063234460704183395,0.4518872820682885,60.0,0.08070050798472776,DISTRIBUTION_PEAK,2026-05-07
2026-03-02,-0.015957446808510523,0.02669227956793364,0.03581366911988833,0.009121389551954687,2.3944428833802833,60.0,0.08070050798472776,DISTRIBUTION_PEAK,2026-05-07
2026-03-03,-0.021621621621621623,0.024358550608099102,0.03306416601136803,0.008705615403268929,1.9185369672757364,60.0,0.08070050798472776,DISTRIBUTION_PEAK,2026-05-07
2026-03-04,0.005524861878453136,0.023069967523440635,0.02960864080851058,0.006538673285069945,0.39209170020352824,60.0,0.08070050798472776,DISTRIBUTION_PEAK,2026-05-07
2026-03-05,-0.005494505494505475,0.01594355628068479,0.02251004121163573,0.006566484930950942,0.4039110422539291,60.0,0.08070050798472776,DISTRIBUTION_PEAK,2026-05-07
2026-03-06,-0.02209944751381221,0.01884820272124922,0.0240630429236084,0.00521484020235918,-0.557770344190271,55.00000000000001,0.07265852336985786,DISTRIBUTION_PEAK,2026-05-07
2026-03-09,-0.06779661016949157,0.007526384464767542,0.0169234932235978,0.00939710875883026,2.2296414574354033,55.00000000000001,0.07265852336985786,DISTRIBUTION_PEAK,2026-05-07
2026-03-10,0.0181818181818183,0.023594109846493433,0.0312883521839527,0.007694242337459266,1.042852545701816,55.00000000000001,0.07265852336985786,DISTRIBUTION_PEAK,2026-05-07
2026-03-11,0.029761904761904878,0.019261203174155975,0.024083117566798044,0.004821914392642068,-0.8641349258646727,50.0,0.07265852336985786,DISTRIBUTION_PEAK,2026-05-07
2026-03-12,-0.011560693641618491,0.017762980090361702,0.024230524916058697,0.006467544825696996,0.2430446414889515,55.00000000000001,0.07265852336985786,DISTRIBUTION_PEAK,2026-05-07
2026-03-13,-0.005847953216374324,0.016339872012645563,0.022667556307338025,0.0063276842946924615,0.14460446418824502,60.0,0.2138847508503676,NORMAL,2026-05-07
2026-03-16,-0.00588235294117645,0.016012646522551088,0.022715053200416016,0.006702406677864928,0.3981219179622451,65.0,0.2138847508503676,NORMAL,2026-05-07
2026-03-17,0.01183431952662728,0.01805447895384665,0.024679568409988552,0.006625089456141903,0.337107593149924,65.0,0.2138847508503676,NORMAL,2026-05-07
2026-03-18,0.0,0.014898412311963403,0.023113159749535032,0.00821474743757163,1.4032589959960584,70.0,0.2138847508503676,NORMAL,2026-05-07
2026-03-19,-0.005847953216374324,0.014148600446824844,0.020506875056560864,0.006358274609736021,0.09380855505183933,75.0,0.2138847508503676,NORMAL,2026-05-07
2026-03-20,-0.02941176470588236,0.024333126865973276,0.029651520075885996,0.00531839320991272,-0.6357373738244082,75.0,0.19391163897735336,DISTRIBUTION_PEAK,2026-05-07
2026-03-23,-0.036363636363636265,0.021833621757625692,0.026931581429456914,0.005097959671831222,-0.7738887546075256,75.0,0.19391163897735336,DISTRIBUTION_PEAK,2026-05-07
2026-03-24,0.012578616352201255,0.017678532474223508,0.023109061980611408,0.0054305295063879,-0.5206392641844492,70.0,0.19391163897735336,DISTRIBUTION_PEAK,2026-05-07
2026-03-25,0.03105590062111796,0.01929232600711269,0.02366932727284701,0.004377001265734318,-1.240787330481779,65.0,0.19391163897735336,DISTRIBUTION_PEAK,2026-05-07
2026-03-26,-0.012048192771084376,0.014710143605128968,0.020721761235733122,0.006011617630604154,-0.04883292858101749,65.0,0.19391163897735336,DISTRIBUTION_PEAK,2026-05-07
2026-03-27,0.018292682926829285,0.015861359488651767,0.020710646909060815,0.004849287420409049,-0.882865643344369,60.0,0.2683936374185471,NORMAL,2026-05-07
2026-03-30,-0.005988023952095856,0.01367411850765382,0.019870623019643076,0.006196504511989255,0.11636485205131084,60.0,0.2683936374185471,NORMAL,2026-05-07
2026-03-31,0.006024096385542244,0.01362790387841925,0.019573754948865003,0.005945851070445752,-0.07178741736502342,55.00000000000001,0.2683936374185471,NORMAL,2026-05-07
2026-04-01,0.017964071856287456,0.018309111182953364,0.02299230309629028,0.004683191913336916,-1.0063951536951472,50.0,0.2683936374185471,NORMAL,2026-05-07
2026-04-02,-0.00588235294117645,0.01209823302711814,0.01865073557289376,0.006552502545775619,0.41952158984134025,50.0,0.2683936374185471,NORMAL,2026-05-07
2026-04-03,-0.00591715976331364,0.012759604471765593,0.017629856684197684,0.004870252212432091,-0.8629395698865459,50.0,0.25042122965410835,NORMAL,2026-05-07
2026-04-06,-0.005952380952380931,0.01586029218913035,0.022698825312695785,0.0068385331235654365,0.6575150503432067,50.0,0.25042122965410835,NORMAL,2026-05-07
2026-04-07,0.0059880239520957446,0.01319605907247796,0.020030200048282182,0.006834140975804221,0.6387042205351823,50.0,0.25042122965410835,NORMAL,2026-05-07
2026-04-08,0.04761904761904767,0.021804911428574405,0.026768265060451317,0.004963353631876912,-0.8254598517247481,50.0,0.25042122965410835,NORMAL,2026-05-07
2026-04-09,-0.011363636363636354,0.015392401206847995,0.02186841932337258,0.0064760181165245834,0.37626110856837214,50.0,0.25042122965410835,NORMAL,2026-05-07
2026-04-10,0.005747126436781658,0.012184558523452613,0.0169717353848378,0.004787176861385186,-0.9607883052394186,45.0,0.28305581101522376,NORMAL,2026-05-07
2026-04-13,0.005714285714285783,0.011862885764363654,0.01613918460283831,0.004276298838474657,-1.3117048345843039,40.0,0.28305581101522376,NORMAL,2026-05-07
2026-04-14,0.011363636363636465,0.014653094466421764,0.018954878962628485,0.004301784496206721,-1.2360759909243306,35.0,0.28305581101522376,NORMAL,2026-05-07
2026-04-15,0.011235955056179803,0.018724299219511735,0.021914787118181164,0.0031904878986694293,-1.9410107032358719,30.0,0.28305581101522376,NORMAL,2026-05-07
2026-04-16,0.011111111111111072,0.018204545389237138,0.021416241373022105,0.003211695983784967,-1.7861257675887652,25.0,0.28305581101522376,NORMAL,2026-05-07
2026-04-17,0.0,0.010573047595864358,0.01658469245096254,0.0060116448550981815,0.22655632100900971,30.0,0.3101858240650391,NORMAL,2026-05-07
2026-04-20,0.01098901098901095,0.01393306689977835,0.01772078615226724,0.0037877192524888893,-1.3346142936118257,30.0,0.3101858240650391,NORMAL,2026-05-07
2026-04-21,-0.005434782608695676,0.011178189921916302,0.01694013197552987,0.0057619420536135675,0.08695864892488309,35.0,0.3101858240650391,NORMAL,2026-05-07
2026-04-22,0.016393442622950838,0.021470762589903387,0.024183190729576417,0.0027124281396730295,-1.9664920563185175,35.0,0.3101858240650391,NORMAL,2026-05-07
2026-04-23,0.005376344086021501,0.016905296100223205,0.022696062174786254,0.0057907660745630495,0.16609989532722383,40.0,0.3101858240650391,NORMAL,2026-05-07
2026-04-24,-0.010695187165775444,0.014982464133718282,0.020744589150180872,0.00576212501646259,0.14344430445178433,45.0,0.16465793414419852,NORMAL,2026-05-07
2026-04-28,0.01621621621621605,0.026627099163106467,0.03168664995593871,0.00505955079283224,-0.35332506916645307,40.0,0.16465793414419852,NORMAL,2026-05-07
2026-04-29,-0.015957446808510523,0.021553775950256742,0.02658344098369327,0.005029665033436527,-0.36799341986433937,40.0,0.16465793414419852,NORMAL,2026-05-07
2026-05-04,0.0,0.011982256284608276,0.019608582812849096,0.00762632652824082,1.4643897513287023,45.0,0.16465793414419852,NORMAL,2026-05-07
2026-05-05,0.010810810810810922,0.019871280026585905,0.024161310683466226,0.004290030656880321,-0.9144757028574032,40.0,0.16465793414419852,NORMAL,2026-05-07
2026-05-06,0.010695187165775222,0.013161548985239076,0.018145961471475822,0.004984412486236746,-0.4043292369150976,40.0,0.17165142815770149,NORMAL,2026-05-07
