time,Market_Return,CSAD,CSSD,Spread,Spread_Z,DPI,Ledoit_Correlation,Macro_Regime,cache_date
2023-06-06,0.009090909090909038,0.011117255440475551,0.015506717670268701,0.00438946222979315,-0.24691081530427408,0.0,0.07084671480565442,NORMAL,2026-05-07
2023-06-07,0.0,0.016018773867550892,0.02387374578586559,0.007854971918314697,1.8494959958641424,6.666666666666667,0.07084671480565442,NORMAL,2026-05-07
2023-06-08,-0.009009009009009028,0.01694246399885797,0.021277145179801973,0.004334681180944003,-0.3817219816396566,6.666666666666667,0.07084671480565442,NORMAL,2026-05-07
2023-06-09,0.009090909090909038,0.015316517336777942,0.019513115642554844,0.004196598305776901,-0.4526500766460249,6.666666666666667,0.07084671480565442,NORMAL,2026-05-07
2023-06-12,0.009009009009008917,0.013306755702272388,0.017150491881071154,0.003843736178798766,-0.6573458925839866,6.666666666666667,0.07084671480565442,NORMAL,2026-05-07
2023-06-13,0.0,0.011802994067084514,0.018097412062388744,0.00629441799530423,0.967424234299565,13.333333333333334,0.07084671480565442,NORMAL,2026-05-07
2023-06-14,0.0,0.012823218047155069,0.017347945696764264,0.0045247276496091955,-0.2466083335959952,13.333333333333334,0.07084671480565442,NORMAL,2026-05-07
2023-06-15,0.0,0.010924903614486324,0.014191023567677763,0.0032661199531914386,-1.0619824572391072,13.333333333333334,0.07084671480565442,NORMAL,2026-05-07
2023-06-16,0.0,0.010401950828817843,0.013713664262532543,0.0033117134337147004,-0.9635236174386637,13.333333333333334,0.07084671480565442,NORMAL,2026-05-07
2023-06-19,-0.008928571428571397,0.014084800536183509,0.018853986451841418,0.004769185915657909,0.0654637278092875,20.0,0.07084671480565442,NORMAL,2026-05-07
2023-06-20,0.0,0.01719829015909807,0.024361428316161993,0.007163138157063924,1.5976981043008434,26.666666666666668,0.07084671480565442,NORMAL,2026-05-07
2023-06-21,0.009009009009008917,0.010253595422942947,0.014999810199105427,0.00474621477616248,-0.05796051533828494,26.666666666666668,0.07084671480565442,NORMAL,2026-05-07
2023-06-22,0.008928571428571175,0.008940161088537601,0.012875825021750612,0.003935663933213011,-0.6051572399456128,26.666666666666668,0.07084671480565442,NORMAL,2026-05-07
2023-06-23,0.0,0.010734906105413727,0.014681623781945055,0.003946717676531328,-0.573002954421537,26.666666666666668,0.07084671480565442,NORMAL,2026-05-07
2023-06-26,0.0,0.011471027744675935,0.016269106579046767,0.004798078834370832,0.052342988916084285,33.33333333333333,0.07084671480565442,NORMAL,2026-05-07
2023-06-27,0.0,0.009781489105089289,0.01703519273089891,0.00725370362580962,1.6828187496911406,40.0,0.07084671480565442,NORMAL,2026-05-07
2023-06-28,0.008849557522123908,0.01148211199764275,0.014460746991420161,0.002978634993777412,-1.2392680049130989,33.33333333333333,0.07084671480565442,NORMAL,2026-05-07
2023-06-29,-0.00877192982456143,0.016135204214889506,0.020895824858161004,0.004760620643271499,-0.004172220876713374,33.33333333333333,0.07084671480565442,NORMAL,2026-05-07
2023-06-30,-0.008849557522123686,0.01138494674378922,0.015014488260158223,0.003629541516369003,-0.7736876649101964,33.33333333333333,0.07084671480565442,NORMAL,2026-05-07
2023-07-03,0.008928571428571175,0.01091176624494222,0.013703572211900014,0.002791805966957793,-1.27048194522958,33.33333333333333,0.07084671480565442,NORMAL,2026-05-07
2023-07-04,0.0,0.015688356253137952,0.022327183387116936,0.006638827133978984,1.3234936541687767,33.33333333333333,0.14543920464420332,NORMAL,2026-05-07
2023-07-05,0.0,0.009505510608308263,0.012167515612545029,0.0026620050042367657,-1.292777478188497,33.33333333333333,0.14543920464420332,NORMAL,2026-05-07
2023-07-06,0.0,0.014697801587889657,0.018758552314009795,0.004060750726120138,-0.34601057190749246,33.33333333333333,0.14543920464420332,NORMAL,2026-05-07
2023-07-07,0.008849557522123908,0.013964586825414538,0.019193204832875035,0.005228618007460497,0.43975119100709875,40.0,0.14543920464420332,NORMAL,2026-05-07
2023-07-10,0.00877192982456143,0.012872571500162877,0.018401551325247,0.005528979825084124,0.6251661504962448,40.0,0.14543920464420332,NORMAL,2026-05-07
2023-07-11,0.0,0.010700540913791537,0.015192646520125972,0.0044921056063344355,-0.11103056744799952,33.33333333333333,0.14543920464420332,NORMAL,2026-05-07
2023-07-12,0.0,0.010858862080528772,0.015569040639689894,0.0047101785591611225,0.04750141430805335,40.0,0.14543920464420332,NORMAL,2026-05-07
2023-07-13,0.01739130434782621,0.014363211318820904,0.01696770915243429,0.002604497833613384,-1.4084759101647233,40.0,0.14543920464420332,NORMAL,2026-05-07
2023-07-14,0.0,0.012166385492900191,0.019423420013438737,0.007257034520538545,1.7484262497283392,46.666666666666664,0.14543920464420332,NORMAL,2026-05-07
2023-07-17,0.0,0.013340339509436349,0.017960888338748576,0.004620548829312227,-0.041116962066939246,40.0,0.14543920464420332,NORMAL,2026-05-07
2023-07-18,0.0,0.009620347774624057,0.01256193942616958,0.0029415916515455227,-1.136030407704544,33.33333333333333,0.14543920464420332,NORMAL,2026-05-07
2023-07-19,0.0,0.012847856960089098,0.01792715852834595,0.005079301568256851,0.3293920790420758,40.0,0.14543920464420332,NORMAL,2026-05-07
2023-07-20,0.0,0.0117875538924767,0.015553351926476767,0.0037657980340000674,-0.5778284378056557,40.0,0.14543920464420332,NORMAL,2026-05-07
2023-07-21,0.017094017094017033,0.014183199424529648,0.019539511730258655,0.005356312305729007,0.5468417100088161,46.666666666666664,0.14543920464420332,NORMAL,2026-05-07
2023-07-24,0.0,0.012577144530019218,0.019311753489442744,0.006734608959423526,1.42605023758998,53.333333333333336,0.14543920464420332,DISTRIBUTION_PEAK,2026-05-07
2023-07-25,0.008403361344537785,0.012505440697928744,0.014927290873830795,0.0024218501759020513,-1.483668758005076,46.666666666666664,0.14543920464420332,NORMAL,2026-05-07
2023-07-26,0.0,0.011648128586050042,0.01730570980719012,0.005657581221140077,0.6907125645813345,53.333333333333336,0.14543920464420332,DISTRIBUTION_PEAK,2026-05-07
2023-07-27,0.0,0.01426936997165499,0.02032654658633076,0.0060571766146757695,0.918611750275766,60.0,0.14543920464420332,DISTRIBUTION_PEAK,2026-05-07
2023-07-28,0.008333333333333304,0.011868892398450966,0.016191248218033926,0.0043223558195829605,-0.2728513772770023,53.333333333333336,0.14543920464420332,DISTRIBUTION_PEAK,2026-05-07
2023-07-31,0.008264462809917328,0.01419016164278221,0.020326383481433702,0.006136221838651493,0.960245650685689,53.333333333333336,0.14543920464420332,DISTRIBUTION_PEAK,2026-05-07
2023-08-01,0.0,0.02046150029514515,0.026685688731755492,0.006224188436610344,0.9697718783630561,60.0,0.061929180404033495,DISTRIBUTION_PEAK,2026-05-07
2023-08-02,0.0,0.01439490763430414,0.02089833861408795,0.006503430979783809,1.0987323838325038,60.0,0.061929180404033495,DISTRIBUTION_PEAK,2026-05-07
2023-08-03,-0.008196721311475419,0.013087979735581269,0.01627675530197134,0.0031887755663900716,-1.1527625525136336,60.0,0.061929180404033495,DISTRIBUTION_PEAK,2026-05-07
2023-08-04,0.016528925619834656,0.017211928932903527,0.022546350475764254,0.0053344215428607275,0.3267410036449483,60.0,0.061929180404033495,DISTRIBUTION_PEAK,2026-05-07
2023-08-07,0.008130081300812941,0.012704627163252883,0.018214544470537556,0.005509917307284673,0.43750020079114366,66.66666666666666,0.061929180404033495,DISTRIBUTION_PEAK,2026-05-07
2023-08-08,0.0,0.014545802426044285,0.02096378693713993,0.006417984511095645,1.0361048220504494,73.33333333333333,0.061929180404033495,DISTRIBUTION_PEAK,2026-05-07
2023-08-09,-0.008064516129032251,0.011455118963690007,0.016440862769274426,0.004985743805584419,0.0017785017895374739,73.33333333333333,0.061929180404033495,DISTRIBUTION_PEAK,2026-05-07
2023-08-10,-0.008130081300813052,0.013412518702900484,0.017116653067870444,0.00370413436496996,-0.9030955679772347,73.33333333333333,0.061929180404033495,DISTRIBUTION_PEAK,2026-05-07
2023-08-11,0.008196721311475308,0.016583441266036083,0.02246156439926438,0.0058781231332282954,0.6861193263518306,73.33333333333333,0.061929180404033495,DISTRIBUTION_PEAK,2026-05-07
2023-08-14,0.008130081300812941,0.015699454187567338,0.022605588346248744,0.006906134158681406,1.3507388536281113,73.33333333333333,0.061929180404033495,DISTRIBUTION_PEAK,2026-05-07
2023-08-15,-0.008064516129032251,0.011591420728540839,0.016585534236567202,0.004994113508026364,-0.05042128208738544,73.33333333333333,0.061929180404033495,DISTRIBUTION_PEAK,2026-05-07
2023-08-16,0.008130081300812941,0.01300520506570897,0.017972204397186997,0.004966999331478027,-0.06902300011824852,66.66666666666666,0.061929180404033495,DISTRIBUTION_PEAK,2026-05-07
2023-08-17,-0.008064516129032251,0.01215418733982039,0.016502062609978243,0.004347875270157854,-0.5291773227980057,60.0,0.061929180404033495,DISTRIBUTION_PEAK,2026-05-07
2023-08-18,-0.04065040650406504,0.023499427206761448,0.02547981038997181,0.0019803831832103623,-2.048760634063976,60.0,0.061929180404033495,DISTRIBUTION_PEAK,2026-05-07
2023-08-21,0.0,0.017941971469583137,0.022136077120123856,0.004194105650540719,-0.4637700907882952,53.333333333333336,0.061929180404033495,DISTRIBUTION_PEAK,2026-05-07
2023-08-22,0.0,0.015407432602002908,0.023670081123680745,0.008262648521677837,2.107830070422457,53.333333333333336,0.061929180404033495,DISTRIBUTION_PEAK,2026-05-07
2023-08-23,-0.008474576271186418,0.010004662060550795,0.01305236372780149,0.0030477016672506956,-1.1878019265435247,46.666666666666664,0.061929180404033495,NORMAL,2026-05-07
2023-08-24,0.017094017094017033,0.014158878629564399,0.019645501159314967,0.005486622529750568,0.35846535377982813,53.333333333333336,0.061929180404033495,DISTRIBUTION_PEAK,2026-05-07
2023-08-25,-0.008403361344537785,0.01182416521484602,0.017103080162370034,0.005278914947524013,0.21703612858630247,53.333333333333336,0.061929180404033495,DISTRIBUTION_PEAK,2026-05-07
2023-08-28,0.016949152542372836,0.011976258942858446,0.015538626440220223,0.003562367497361777,-0.8878632815830863,46.666666666666664,0.061929180404033495,NORMAL,2026-05-07
2023-08-29,0.0,0.011732469277729845,0.016665776640564515,0.00493330736283467,0.031517286881077994,46.666666666666664,0.27641019116471927,NORMAL,2026-05-07
2023-08-30,0.008333333333333304,0.012237102478804999,0.017146761475375187,0.004909658996570188,0.014852520089519943,46.666666666666664,0.27641019116471927,NORMAL,2026-05-07
2023-08-31,0.008264462809917328,0.013836037223520533,0.01887165236359578,0.0050356151400752485,0.10118082427911912,53.333333333333336,0.27641019116471927,NORMAL,2026-05-07
2023-09-05,0.008196721311475308,0.011715518029512546,0.016354365114988438,0.004638847085475892,-0.18136067211630433,46.666666666666664,0.27641019116471927,NORMAL,2026-05-07
2023-09-06,0.016260162601626105,0.014056046606790114,0.018459839797128702,0.004403793190338588,-0.345811683792129,40.0,0.27641019116471927,NORMAL,2026-05-07
2023-09-07,-0.008000000000000007,0.012035892908326632,0.0168157147549565,0.004779821846629867,-0.05892117999966851,40.0,0.27641019116471927,NORMAL,2026-05-07
2023-09-08,0.0,0.01420030579728773,0.021091061310331467,0.006890755513043736,1.45469824619003,46.666666666666664,0.27641019116471927,NORMAL,2026-05-07
2023-09-11,-0.016129032258064502,0.015729305932457555,0.02079693102467987,0.005067625092222316,0.08174800045086282,53.333333333333336,0.27641019116471927,NORMAL,2026-05-07
2023-09-12,0.024590163934426146,0.012640447133551157,0.017533710670695018,0.004893263537143861,-0.05137814764531405,53.333333333333336,0.27641019116471927,NORMAL,2026-05-07
2023-09-13,-0.008000000000000007,0.01497465400910564,0.020399940375774375,0.005425286366668735,0.3588868052683528,60.0,0.27641019116471927,NORMAL,2026-05-07
2023-09-14,-0.016129032258064502,0.01695822368479079,0.020846857704805172,0.003888634020014381,-0.8446190689860166,53.333333333333336,0.27641019116471927,NORMAL,2026-05-07
2023-09-15,0.008196721311475308,0.013064445257990042,0.016194978571609623,0.0031305333136195813,-1.3534229533265985,53.333333333333336,0.27641019116471927,NORMAL,2026-05-07
2023-09-18,-0.016260162601625994,0.012246000796655419,0.016526486698936804,0.0042804859022813856,-0.42923073860506844,46.666666666666664,0.27641019116471927,NORMAL,2026-05-07
2023-09-19,0.0,0.014523788964945194,0.019866236344047435,0.005342447379102241,0.4167654880282516,46.666666666666664,0.27641019116471927,NORMAL,2026-05-07
2023-09-20,0.016528925619834656,0.013356507879684353,0.017751790427191674,0.004395282547507321,-0.354720247183998,46.666666666666664,0.27641019116471927,NORMAL,2026-05-07
2023-09-21,-0.016260162601625994,0.01331818953949452,0.020585094147745165,0.007266904608250645,1.8287228508150015,46.666666666666664,0.27641019116471927,NORMAL,2026-05-07
2023-09-22,-0.016528925619834767,0.029410872911768703,0.03453784900472166,0.00512697609295296,0.1458056049383082,46.666666666666664,0.27641019116471927,NORMAL,2026-05-07
2023-09-25,-0.03361344537815125,0.026635967659508885,0.029540733612179577,0.0029047659526706925,-1.5017978695305856,40.0,0.27641019116471927,NORMAL,2026-05-07
2023-09-26,-0.008695652173913104,0.02150152528608411,0.02830898977688378,0.006807464490799671,1.4014627870011847,46.666666666666664,0.27641019116471927,NORMAL,2026-05-07
2023-09-27,0.00877192982456143,0.02428836573264466,0.031006858489933935,0.006718492757289276,1.2467093470543618,53.333333333333336,0.27641019116471927,NORMAL,2026-05-07
2023-09-28,0.0,0.016837435615266235,0.020952914434862562,0.004115478819596327,-0.6499882363955252,53.333333333333336,0.38516957757857423,CAPITULATION_BOTTOM,2026-05-07
2023-09-29,0.0,0.010916719815729508,0.01434020895951057,0.0034234891437810618,-1.1015574255191376,46.666666666666664,0.38516957757857423,NORMAL,2026-05-07
2023-10-02,0.008695652173912993,0.012686705939671077,0.01625970760950902,0.003573001669837945,-0.9429747299550202,40.0,0.38516957757857423,NORMAL,2026-05-07
2023-10-03,-0.0344827586206895,0.01983669521839073,0.02363522302331287,0.003798527804922139,-0.7449657015641572,40.0,0.38516957757857423,NORMAL,2026-05-07
2023-10-04,0.008928571428571175,0.014741245202353325,0.01887085301109522,0.004129607808741893,-0.4811345352285893,33.33333333333333,0.38516957757857423,NORMAL,2026-05-07
2023-10-05,-0.017699115044247593,0.016229009529913036,0.021584792092195857,0.005355782562282821,0.4433162679231677,40.0,0.38516957757857423,NORMAL,2026-05-07
2023-10-06,0.018018018018017834,0.013114060452579611,0.018195686890443513,0.005081626437863902,0.22336285157776925,46.666666666666664,0.38516957757857423,NORMAL,2026-05-07
2023-10-09,0.008849557522123908,0.013716616281472152,0.01700004255513726,0.003283426273665107,-1.142228775775547,46.666666666666664,0.38516957757857423,NORMAL,2026-05-07
2023-10-10,0.0,0.012015630610734117,0.015736801968497978,0.0037211713577638608,-0.7642279219270638,40.0,0.38516957757857423,NORMAL,2026-05-07
2023-10-11,0.00877192982456143,0.012582042698311074,0.017163122494728386,0.004581079796417312,-0.07578433748343394,40.0,0.38516957757857423,NORMAL,2026-05-07
2023-10-12,0.0,0.009758854831421764,0.012688245222530955,0.0029293903911091906,-1.3261025510644968,33.33333333333333,0.38516957757857423,NORMAL,2026-05-07
2023-10-13,0.0,0.009157761832613144,0.014560341073077975,0.0054025792404648314,0.6281987710450947,33.33333333333333,0.38516957757857423,NORMAL,2026-05-07
2023-10-16,-0.008695652173913104,0.01735648452894213,0.02059194212003358,0.0032354575910914472,-1.067968667534168,33.33333333333333,0.38516957757857423,NORMAL,2026-05-07
2023-10-17,-0.01754385964912264,0.027024341935719506,0.03269351957637252,0.005669177640653018,0.855239632731123,33.33333333333333,0.38516957757857423,NORMAL,2026-05-07
2023-10-18,-0.017857142857142905,0.017988533197185776,0.022961787446848847,0.004973254249663071,0.2832449744737745,33.33333333333333,0.38516957757857423,NORMAL,2026-05-07
2023-10-19,-0.00909090909090915,0.01581458519572366,0.02135706845605678,0.0055424832603331205,0.7263999395809043,40.0,0.38516957757857423,NORMAL,2026-05-07
2023-10-20,0.01834862385321112,0.01712082866875315,0.022722913512748945,0.005602084843995794,0.7459621611281921,46.666666666666664,0.38516957757857423,NORMAL,2026-05-07
2023-10-23,-0.018018018018018056,0.01300405215371745,0.01801333222476874,0.005009280071051288,0.23731210845565473,53.333333333333336,0.38516957757857423,CAPITULATION_BOTTOM,2026-05-07
2023-10-24,0.01834862385321112,0.012134577791436792,0.016083287116177167,0.003948709324740375,-0.658170007011426,53.333333333333336,0.38516957757857423,CAPITULATION_BOTTOM,2026-05-07
2023-10-25,-0.009009009009009028,0.010933794717650717,0.014328680632274117,0.0033948859146234,-1.0817848022095478,53.333333333333336,0.38516957757857423,CAPITULATION_BOTTOM,2026-05-07
2023-10-26,-0.036363636363636376,0.02247559664475681,0.025361564775290085,0.0028859681305332743,-1.408467195166289,46.666666666666664,0.4089756555419467,NORMAL,2026-05-07
2023-10-27,0.0,0.02166457995580343,0.02897082071717113,0.0073062407613677,2.0194889977889137,46.666666666666664,0.4089756555419467,NORMAL,2026-05-07
2023-10-30,-0.018867924528301883,0.022427920392641625,0.027015313313081844,0.00458739292044022,-0.07172355168491622,46.666666666666664,0.4089756555419467,NORMAL,2026-05-07
2023-10-31,-0.009615384615384581,0.024370073145507022,0.031400294156947076,0.0070302210114400535,1.6717074691584919,53.333333333333336,0.4089756555419467,CAPITULATION_BOTTOM,2026-05-07
2023-11-01,0.009708737864077666,0.02072229952619147,0.027329773464176005,0.006607473937984536,1.2652315097404672,60.0,0.4089756555419467,CAPITULATION_BOTTOM,2026-05-07
2023-11-02,0.03846153846153855,0.018555618031654425,0.021809437768408158,0.0032538197367537325,-1.124736506243253,60.0,0.4089756555419467,CAPITULATION_BOTTOM,2026-05-07
2023-11-03,0.0,0.0147558289754563,0.02030783060247382,0.00555200162701752,0.5271340763001185,60.0,0.4089756555419467,CAPITULATION_BOTTOM,2026-05-07
2023-11-06,0.0092592592592593,0.01092256024172452,0.01473159782176759,0.0038090375800430704,-0.732020732977612,60.0,0.4089756555419467,CAPITULATION_BOTTOM,2026-05-07
2023-11-07,-0.00917431192660556,0.009300728418167686,0.01179524966463387,0.002494521246466184,-1.5609079283527925,53.333333333333336,0.4089756555419467,CAPITULATION_BOTTOM,2026-05-07
2023-11-08,0.0277777777777779,0.021488144151984072,0.027020607207572676,0.0055324630555886045,0.5915927815293223,53.333333333333336,0.4089756555419467,CAPITULATION_BOTTOM,2026-05-07
2023-11-09,0.0,0.016134441831446744,0.02383703627903908,0.007702594447592335,1.9026552424794207,53.333333333333336,0.4089756555419467,CAPITULATION_BOTTOM,2026-05-07
2023-11-10,-0.009009009009009028,0.010068969664827048,0.013155939813096438,0.0030869701482693895,-1.1225945822710999,46.666666666666664,0.4089756555419467,NORMAL,2026-05-07
2023-11-13,0.0,0.011835927331890823,0.01584461793823891,0.004008690606348085,-0.4946305354229791,40.0,0.4089756555419467,NORMAL,2026-05-07
2023-11-14,0.009090909090909038,0.010382334216958486,0.015508225975690938,0.005125891758732452,0.2543168933246555,46.666666666666664,0.4089756555419467,NORMAL,2026-05-07
2023-11-15,0.009009009009008917,0.008896535064717171,0.013404060440903575,0.004507525376186403,-0.16948541875541145,46.666666666666664,0.4089756555419467,NORMAL,2026-05-07
2023-11-16,0.008928571428571175,0.010449124366318088,0.013564638937271343,0.003115514570953255,-1.092519367843088,46.666666666666664,0.4089756555419467,NORMAL,2026-05-07
2023-11-17,-0.0265486725663715,0.012288885264181945,0.017898809165196396,0.005609923901014452,0.6408056502057098,46.666666666666664,0.4089756555419467,NORMAL,2026-05-07
2023-11-20,0.0,0.012447511436436277,0.01782400670290182,0.005376495266465543,0.459770135414643,53.333333333333336,0.4089756555419467,CAPITULATION_BOTTOM,2026-05-07
2023-11-21,0.009090909090909038,0.009034758945198597,0.011801979211877553,0.0027672202666789558,-1.3372140207221146,46.666666666666664,0.4089756555419467,NORMAL,2026-05-07
2023-11-22,0.0,0.011750995161041031,0.01804718216353943,0.006296187002498399,1.1047522781371992,46.666666666666664,0.4089756555419467,NORMAL,2026-05-07
2023-11-23,-0.018018018018018056,0.023235500860010944,0.030464799456126408,0.007229298596115465,1.5991046002799136,53.333333333333336,0.5096814246957553,CAPITULATION_BOTTOM,2026-05-07
2023-11-24,0.00917431192660545,0.013247397728235645,0.016902470856017246,0.0036550731277816013,-0.7719749567772732,46.666666666666664,0.5096814246957553,NORMAL,2026-05-07
2023-11-27,-0.00909090909090915,0.011492487743808542,0.014096921063626386,0.002604433319817844,-1.3743133047205434,46.666666666666664,0.5096814246957553,NORMAL,2026-05-07
2023-11-28,0.00917431192660545,0.008966485822534597,0.011699249242441782,0.0027327634199071846,-1.2084079881103824,46.666666666666664,0.5096814246957553,NORMAL,2026-05-07
2023-11-29,0.0,0.012635073418914117,0.018079681060607592,0.005444607641693475,0.5376402264906704,46.666666666666664,0.5096814246957553,NORMAL,2026-05-07
2023-11-30,-0.00909090909090915,0.009675563613384305,0.013063339265738093,0.003387775652353788,-0.7899900230703523,40.0,0.5096814246957553,NORMAL,2026-05-07
2023-12-01,0.00917431192660545,0.008706285671860926,0.01203610673958847,0.0033298210677275442,-0.7946461716851158,40.0,0.5096814246957553,NORMAL,2026-05-07
2023-12-04,0.0181818181818183,0.014285733778278197,0.019829292383293083,0.005543558605014886,0.6695700776865814,46.666666666666664,0.5096814246957553,NORMAL,2026-05-07
2023-12-05,0.0,0.008812923316208539,0.01221625868915054,0.0034033353729420006,-0.7581192399988411,40.0,0.5096814246957553,NORMAL,2026-05-07
2023-12-06,0.008928571428571175,0.008931282749136902,0.013440987430789494,0.004509704681652592,0.003299076823711575,46.666666666666664,0.5096814246957553,NORMAL,2026-05-07
2023-12-07,-0.008849557522123686,0.012568586765091701,0.015263166060716767,0.002694579295625065,-1.198121605676245,46.666666666666664,0.5096814246957553,NORMAL,2026-05-07
2023-12-08,0.0,0.009958070122727002,0.0140856807436193,0.004127610620892298,-0.19594151121191483,40.0,0.5096814246957553,NORMAL,2026-05-07
2023-12-11,0.008928571428571175,0.014469710671290333,0.01819570959781527,0.003725998926524938,-0.4675224921394527,33.33333333333333,0.5096814246957553,NORMAL,2026-05-07
2023-12-12,0.0,0.00642737020986196,0.009410425199199504,0.002983054989337544,-0.9583392087211481,33.33333333333333,0.5096814246957553,NORMAL,2026-05-07
2023-12-13,-0.017699115044247593,0.007908096503768,0.011694833303829722,0.0037867368000617223,-0.3638123306646301,26.666666666666668,0.5096814246957553,NORMAL,2026-05-07
2023-12-14,0.0,0.01007598708571275,0.013297667481650066,0.003221680395937317,-0.7525284550186387,20.0,0.5096814246957553,NORMAL,2026-05-07
2023-12-15,-0.009009009009009028,0.011271510838981197,0.01540990585648687,0.004138395017505674,-0.06351369476741851,20.0,0.5096814246957553,NORMAL,2026-05-07
2023-12-18,-0.00909090909090915,0.010441504039459256,0.01580590651701772,0.005364402477558462,0.8411714139888903,26.666666666666668,0.5096814246957553,NORMAL,2026-05-07
2023-12-19,0.00917431192660545,0.011086314447414685,0.01657880416685111,0.005492489719436423,0.8973721723967213,33.33333333333333,0.5096814246957553,NORMAL,2026-05-07
2023-12-20,0.0,0.008468267535941267,0.012294195826488148,0.003825928290546881,-0.38464733112891025,26.666666666666668,0.5096814246957553,NORMAL,2026-05-07
2023-12-21,0.0,0.006618531816836507,0.012243464879800655,0.005624933062964148,0.9890210105094742,33.33333333333333,0.33656184070152767,NORMAL,2026-05-07
2023-12-22,0.0,0.006712817740436271,0.008882759217087421,0.0021699414766511507,-1.5857786277311965,33.33333333333333,0.33656184070152767,NORMAL,2026-05-07
2023-12-25,0.0181818181818183,0.008952077594149586,0.011441812728018265,0.002489735133868678,-1.2553200059817333,26.666666666666668,0.33656184070152767,NORMAL,2026-05-07
2023-12-26,0.0,0.006744197855708691,0.009237056356035642,0.0024928585003269515,-1.1766965200112294,26.666666666666668,0.33656184070152767,NORMAL,2026-05-07
2023-12-27,0.0,0.005872187750479742,0.008952982583360882,0.0030807948328811403,-0.7175105565428066,20.0,0.33656184070152767,NORMAL,2026-05-07
2023-12-28,0.008928571428571175,0.00936893694137296,0.011476099843969701,0.0021071629025967414,-1.3360158987668043,20.0,0.33656184070152767,NORMAL,2026-05-07
2023-12-29,0.0,0.008525921371303768,0.013626177260494506,0.005100255889190738,0.7949530312344963,26.666666666666668,0.33656184070152767,NORMAL,2026-05-07
2024-01-02,0.0,0.014812191109803478,0.020775273400522796,0.005963082290719318,1.323426230019285,33.33333333333333,0.33656184070152767,NORMAL,2026-05-07
2024-01-03,0.008849557522123908,0.00907823432285742,0.013643151009297128,0.004564916686439708,0.31842422331307824,40.0,0.33656184070152767,NORMAL,2026-05-07
2024-01-04,0.00877192982456143,0.01335252061445251,0.01718587540060283,0.003833354786150319,-0.2089789348065617,40.0,0.33656184070152767,NORMAL,2026-05-07
2024-01-05,0.0,0.0077423434878840245,0.010465520842420632,0.0027231773545366078,-0.9854698730693656,40.0,0.33656184070152767,NORMAL,2026-05-07
2024-01-08,0.008695652173912993,0.012410975124772503,0.016491994471662542,0.004081019346890039,0.025725764715388212,46.666666666666664,0.33656184070152767,NORMAL,2026-05-07
2024-01-09,0.0,0.010151987010658944,0.012553612158835707,0.0024016251481767635,-1.1805410332915036,40.0,0.33656184070152767,NORMAL,2026-05-07
2024-01-10,0.0,0.01342402098409007,0.01668733746216549,0.00326331647807542,-0.5139945823912638,33.33333333333333,0.33656184070152767,NORMAL,2026-05-07
2024-01-11,0.0,0.010308991400772346,0.01587031866162223,0.005561327260849885,1.1745315768434674,40.0,0.33656184070152767,NORMAL,2026-05-07
2024-01-12,-0.008620689655172376,0.012375441438421078,0.015781433316829938,0.00340599187840886,-0.44589548509474286,33.33333333333333,0.33656184070152767,NORMAL,2026-05-07
2024-01-15,0.0,0.010282358354408251,0.013124643482226516,0.0028422851278182646,-0.8437732420617426,33.33333333333333,0.33656184070152767,NORMAL,2026-05-07
2024-01-16,0.008695652173912993,0.011219518534581134,0.016406312522918562,0.005186793988337428,0.933637053098483,40.0,0.33656184070152767,NORMAL,2026-05-07
2024-01-17,0.0,0.009167779512106749,0.014570679333381024,0.005402899821274275,1.0435475182224798,46.666666666666664,0.33656184070152767,NORMAL,2026-05-07
2024-01-18,0.008620689655172376,0.0071314997274542396,0.00883188061093549,0.0017003808834812504,-1.650336854175759,46.666666666666664,0.33656184070152767,NORMAL,2026-05-07
2024-01-19,0.008547008547008517,0.010117887899230847,0.012773558144697826,0.002655670245466979,-0.90371476401237,46.666666666666664,0.08391092325876011,NORMAL,2026-05-07
2024-01-22,0.0,0.007579027948597873,0.011981185400421654,0.004402157451823781,0.37484602815863627,46.666666666666664,0.08391092325876011,NORMAL,2026-05-07
2024-01-23,0.0,0.00871760972858959,0.011356144709454188,0.0026385349808645975,-0.9111522922796614,40.0,0.08391092325876011,NORMAL,2026-05-07
2024-01-24,-0.008474576271186418,0.008068354404800287,0.011933368574376184,0.0038650141695758967,0.01596558585447565,40.0,0.08391092325876011,NORMAL,2026-05-07
2024-01-25,0.0,0.006133271238124665,0.008613619385973569,0.0024803481478489035,-1.003859087794746,40.0,0.08391092325876011,NORMAL,2026-05-07
2024-01-26,0.008547008547008517,0.007734891381788957,0.009773269606465846,0.0020383782246768886,-1.256845046646594,40.0,0.08391092325876011,NORMAL,2026-05-07
2024-01-29,0.0,0.010644699045650814,0.01664460786356433,0.005999908817913516,1.5911506116191312,40.0,0.08391092325876011,NORMAL,2026-05-07
2024-01-30,0.0,0.008095006841483605,0.011223817809754726,0.0031288109682711205,-0.4757398459158833,40.0,0.08391092325876011,NORMAL,2026-05-07
2024-01-31,-0.016949152542372947,0.010140390356385252,0.013949375342053798,0.0038089849856685464,0.02626681897267548,46.666666666666664,0.08391092325876011,NORMAL,2026-05-07
2024-02-01,0.008620689655172376,0.011362303710599547,0.017234328837979016,0.005872025127379469,1.4606706619821257,46.666666666666664,0.08391092325876011,NORMAL,2026-05-07
2024-02-02,0.0,0.009955033585914123,0.013953597992055285,0.003998564406141162,0.08702014595618646,53.333333333333336,0.08391092325876011,DISTRIBUTION_PEAK,2026-05-07
2024-02-05,0.017094017094017033,0.017878438158972273,0.021773306401180068,0.0038948682422077947,0.00897742033777786,60.0,0.08391092325876011,DISTRIBUTION_PEAK,2026-05-07
2024-02-06,0.0,0.007930721865196872,0.01200724374844388,0.004076521883247008,0.14499122741480255,60.0,0.08391092325876011,DISTRIBUTION_PEAK,2026-05-07
2024-02-07,0.008403361344537785,0.01002607488279131,0.014454916753002273,0.004428841870210963,0.4105102523302087,60.0,0.08391092325876011,DISTRIBUTION_PEAK,2026-05-07
2024-02-15,0.0,0.014122708664385437,0.020561766279922372,0.006439057615536935,1.8015513252546698,66.66666666666666,0.08391092325876011,DISTRIBUTION_PEAK,2026-05-07
2024-02-16,0.008333333333333304,0.011560847038931522,0.01637875318448386,0.0048179061455523396,0.5640941127598579,73.33333333333333,0.08391092325876011,DISTRIBUTION_PEAK,2026-05-07
2024-02-19,0.008264462809917328,0.015668867265226177,0.02190273200322644,0.006233864738000264,1.5064384713019876,73.33333333333333,0.08391092325876011,DISTRIBUTION_PEAK,2026-05-07
2024-02-20,0.008196721311475308,0.014383151996653323,0.017830029065682457,0.003446877069029134,-0.5251546395726028,73.33333333333333,0.08391092325876011,DISTRIBUTION_PEAK,2026-05-07
2024-02-21,0.0,0.010437093829151972,0.01315643545952446,0.002719341630372487,-1.0145068094511223,66.66666666666666,0.08391092325876011,DISTRIBUTION_PEAK,2026-05-07
2024-02-22,0.0,0.009313018085870366,0.012434275543073284,0.0031212574572029184,-0.6882265744284538,66.66666666666666,0.08391092325876011,DISTRIBUTION_PEAK,2026-05-07
2024-02-23,-0.016260162601625994,0.011415384310770991,0.016500296193936063,0.005084911883165072,0.7636239098541479,73.33333333333333,0.043763913725491516,DISTRIBUTION_PEAK,2026-05-07
2024-02-26,0.008264462809917328,0.01359328310377466,0.0191049276038329,0.005511644500058241,1.0319865752761803,73.33333333333333,0.043763913725491516,DISTRIBUTION_PEAK,2026-05-07
2024-02-27,0.016393442622950838,0.008756360515545831,0.011868994112940016,0.0031126335973941845,-0.7592838399926718,73.33333333333333,0.043763913725491516,DISTRIBUTION_PEAK,2026-05-07
2024-02-28,0.008064516129032251,0.012094919150271005,0.01767558945880045,0.005580670308529446,1.0718996944068995,73.33333333333333,0.043763913725491516,DISTRIBUTION_PEAK,2026-05-07
2024-02-29,0.0,0.010214502904540453,0.013200317833728065,0.002985814929187612,-0.8662685443462195,66.66666666666666,0.043763913725491516,DISTRIBUTION_PEAK,2026-05-07
2024-03-01,0.008000000000000007,0.01023442863436441,0.015471025733059382,0.005236597098694971,0.821791115409479,66.66666666666666,0.043763913725491516,DISTRIBUTION_PEAK,2026-05-07
2024-03-04,0.0,0.007716541550115172,0.01039476983008834,0.0026782282799731683,-1.0877420979681307,60.0,0.043763913725491516,DISTRIBUTION_PEAK,2026-05-07
2024-03-05,0.007936507936507908,0.01036947349739959,0.01489225709348275,0.004522783596083159,0.31616363720590474,60.0,0.043763913725491516,DISTRIBUTION_PEAK,2026-05-07
2024-03-06,-0.007874015748031482,0.010683302351219127,0.012883398587622946,0.0022000962364038187,-1.3895076056347804,53.333333333333336,0.043763913725491516,DISTRIBUTION_PEAK,2026-05-07
2024-03-07,0.007936507936507908,0.01080464951481566,0.016367300319314534,0.005562650804498874,1.1039957406022378,53.333333333333336,0.043763913725491516,DISTRIBUTION_PEAK,2026-05-07
2024-03-08,-0.015748031496062964,0.011002626113888685,0.016423717574642165,0.00542109146075348,0.949166350237478,53.333333333333336,0.043763913725491516,DISTRIBUTION_PEAK,2026-05-07
2024-03-11,-0.008000000000000007,0.010411651935078177,0.012635531197939932,0.0022238792628617547,-1.3591543399516752,46.666666666666664,0.043763913725491516,NORMAL,2026-05-07
2024-03-12,0.008064516129032251,0.012498388941326662,0.017645458334248167,0.005147069392921505,0.7612476067564696,53.333333333333336,0.043763913725491516,DISTRIBUTION_PEAK,2026-05-07
2024-03-13,0.016000000000000014,0.013511739823652093,0.018282659091045338,0.004770919267393245,0.4671012259418498,60.0,0.043763913725491516,DISTRIBUTION_PEAK,2026-05-07
2024-03-14,-0.007874015748031482,0.013349500235309458,0.019675135962679,0.006325635727369541,1.5056621589944277,66.66666666666666,0.043763913725491516,DISTRIBUTION_PEAK,2026-05-07
2024-03-15,0.0,0.010360173088130142,0.015728727209473974,0.005368554121343832,0.7754239315517343,66.66666666666666,0.043763913725491516,DISTRIBUTION_PEAK,2026-05-07
2024-03-18,-0.015873015873015928,0.02386135475228775,0.032318837570868994,0.008457482818581243,2.4559297719528645,66.66666666666666,0.043763913725491516,DISTRIBUTION_PEAK,2026-05-07
2024-03-19,0.0,0.010178525505177593,0.014647170685526484,0.004468645180348891,-0.029062166385372182,66.66666666666666,0.043763913725491516,DISTRIBUTION_PEAK,2026-05-07
2024-03-20,0.016129032258064502,0.014655876314404678,0.019030516023728006,0.004374639709323329,-0.08690739031782223,60.0,0.043763913725491516,DISTRIBUTION_PEAK,2026-05-07
2024-03-21,0.015873015873015817,0.012792341686141486,0.017632232012346236,0.00483989032620475,0.2121935702929545,66.66666666666666,0.043763913725491516,DISTRIBUTION_PEAK,2026-05-07
2024-03-22,0.0,0.009169874296999418,0.013377371483608149,0.004207497186608731,-0.20653159521108844,60.0,0.2298337795027244,NORMAL,2026-05-07
2024-03-25,-0.0078125,0.00958197030943286,0.013581890366923609,0.003999920057490749,-0.33947858342290016,60.0,0.2298337795027244,NORMAL,2026-05-07
2024-03-26,0.007874015748031482,0.010621146234842806,0.016061345996438884,0.005440199761596078,0.6480749142458412,60.0,0.2298337795027244,NORMAL,2026-05-07
2024-03-27,0.0,0.008560443819239384,0.014493961047321613,0.0059335172280822294,0.9511782420039445,66.66666666666666,0.2298337795027244,NORMAL,2026-05-07
2024-03-28,0.0078125,0.012299737276534611,0.015515139917316647,0.003215402640782036,-0.9385443707076685,60.0,0.2298337795027244,NORMAL,2026-05-07
2024-03-29,-0.007751937984496138,0.008302999547188307,0.011434130120249672,0.003131130573061365,-0.9505735387226043,53.333333333333336,0.2298337795027244,NORMAL,2026-05-07
2024-04-01,0.0,0.009072951837875647,0.012661862114660966,0.0035889102767853193,-0.602541145186839,53.333333333333336,0.2298337795027244,NORMAL,2026-05-07
2024-04-02,0.0078125,0.010299514934577387,0.01604171139405472,0.005742196459477333,0.9139729276134607,53.333333333333336,0.2298337795027244,NORMAL,2026-05-07
2024-04-03,-0.015503875968992276,0.010872617653618912,0.013927767631326176,0.003055149977707264,-0.9869094559386138,46.666666666666664,0.2298337795027244,NORMAL,2026-05-07
2024-04-04,0.0,0.011768260159230024,0.01466654982975376,0.0028982896705237356,-1.042445427131195,40.0,0.2298337795027244,NORMAL,2026-05-07
2024-04-05,-0.007874015748031482,0.01292965363725233,0.017161815039191928,0.004232161401939598,-0.07661255306349572,33.33333333333333,0.2298337795027244,NORMAL,2026-05-07
2024-04-08,-0.007936507936507908,0.011412954981288186,0.015961394716396165,0.004548439735107979,0.1536972634007829,33.33333333333333,0.2298337795027244,NORMAL,2026-05-07
2024-04-09,0.008000000000000007,0.009317314654282649,0.013040783173824665,0.003723468519542016,-0.4583058624960064,33.33333333333333,0.2298337795027244,NORMAL,2026-05-07
2024-04-10,0.0,0.011367769566516162,0.014311479409916016,0.0029437098433998544,-1.0075847124963506,33.33333333333333,0.2298337795027244,NORMAL,2026-05-07
2024-04-11,0.0,0.008709137033098554,0.014547767297011151,0.0058386302639125975,1.1545751323495002,33.33333333333333,0.2298337795027244,NORMAL,2026-05-07
2024-04-12,0.015873015873015817,0.01138225801452037,0.014235991396387543,0.0028537333818671722,-1.063263489517437,33.33333333333333,0.2298337795027244,NORMAL,2026-05-07
2024-04-15,-0.046875,0.018913240579649496,0.021315546091530857,0.0024023055118813606,-1.3080691742915893,33.33333333333333,0.2298337795027244,NORMAL,2026-05-07
2024-04-16,0.0,0.016650386572290538,0.021075976130164126,0.004425589557873588,0.18920854875236065,33.33333333333333,0.2298337795027244,NORMAL,2026-05-07
2024-04-17,-0.024590163934426257,0.014551852574238208,0.017704280810367366,0.0031524282361291584,-0.7485903551582325,26.666666666666668,0.2298337795027244,NORMAL,2026-05-07
2024-04-19,-0.01680672268907568,0.016789386981202966,0.020783781060712717,0.003994394079509751,-0.09921637877363776,26.666666666666668,0.2298337795027244,NORMAL,2026-05-07
2024-04-22,0.017094017094017033,0.014716582125536466,0.01936047674242377,0.004643894616887304,0.40038099015299,33.33333333333333,0.36092917673017094,NORMAL,2026-05-07
2024-04-23,-0.008403361344537785,0.016463167834905233,0.02092176656197657,0.004458598727071338,0.2448040230631214,40.0,0.36092917673017094,NORMAL,2026-05-07
2024-04-24,0.025423728813559254,0.01818164601051982,0.022331296385828748,0.0041496503753089276,-0.009250737377464192,33.33333333333333,0.36092917673017094,NORMAL,2026-05-07
2024-04-25,-0.008264462809917328,0.009490623472024921,0.013278402149999839,0.003787778677974918,-0.3061135894212418,33.33333333333333,0.36092917673017094,NORMAL,2026-05-07
2024-04-26,0.008333333333333304,0.013405513468859027,0.016671197071459802,0.003265683602600775,-0.7277206637606046,33.33333333333333,0.36092917673017094,NORMAL,2026-05-07
2024-05-02,0.008264462809917328,0.015057604152111692,0.019026855558542114,0.003969251406430422,-0.1109450817786087,33.33333333333333,0.36092917673017094,NORMAL,2026-05-07
2024-05-03,0.0,0.008375846405046095,0.011945602355100822,0.0035697559500547267,-0.45420551422478833,26.666666666666668,0.36092917673017094,NORMAL,2026-05-07
2024-05-06,0.016393442622950838,0.015412832039768154,0.0197813875905437,0.004368555550775548,0.26706816915206566,33.33333333333333,0.36092917673017094,NORMAL,2026-05-07
2024-05-07,0.008064516129032251,0.012891746743746402,0.016877676786794943,0.003985930043048541,-0.08783054747576037,33.33333333333333,0.36092917673017094,NORMAL,2026-05-07
2024-05-08,0.0,0.011893506882839314,0.01810150924394218,0.006208002361102867,1.80885664621318,33.33333333333333,0.36092917673017094,NORMAL,2026-05-07
2024-05-09,0.0,0.009455636152031578,0.012378312445965328,0.0029226762939337497,-1.0630039857253457,33.33333333333333,0.36092917673017094,NORMAL,2026-05-07
2024-05-10,-0.008000000000000007,0.009965920523621195,0.013870494684447034,0.0039045741608258397,-0.18652517755929418,33.33333333333333,0.36092917673017094,NORMAL,2026-05-07
2024-05-13,0.0,0.009251963518125798,0.011987521061708143,0.0027355575435823454,-1.173668532284055,26.666666666666668,0.36092917673017094,NORMAL,2026-05-07
2024-05-14,0.0,0.006713604310689081,0.009520050821121324,0.002806446510432243,-1.050703426788923,26.666666666666668,0.36092917673017094,NORMAL,2026-05-07
2024-05-15,0.008064516129032251,0.008390957095853553,0.011160610084015277,0.0027696529881617235,-1.0270826592679827,26.666666666666668,0.36092917673017094,NORMAL,2026-05-07
2024-05-16,0.016000000000000014,0.00994003902904705,0.011826536832486714,0.0018864978034396629,-1.6389331267463911,20.0,0.36092917673017094,NORMAL,2026-05-07
2024-05-17,0.0,0.012709140708599647,0.021338696049170505,0.008629555340570859,2.933517607806552,20.0,0.36092917673017094,NORMAL,2026-05-07
2024-05-20,0.007874015748031482,0.012410945363680244,0.017393571980381183,0.004982626616700939,0.5735019190165437,26.666666666666668,0.36092917673017094,NORMAL,2026-05-07
2024-05-21,0.0,0.010219478007059215,0.014463525129436355,0.0042440471223771405,0.08946976402579604,33.33333333333333,0.36092917673017094,NORMAL,2026-05-07
2024-05-22,-0.0078125,0.012932030461837081,0.0190578646094818,0.006125834147644718,1.2584829415217196,40.0,0.36092917673017094,NORMAL,2026-05-07
2024-05-23,0.007874015748031482,0.011402170204477348,0.01618050003131472,0.004778329826837371,0.3634868261202431,46.666666666666664,0.21353517913924408,NORMAL,2026-05-07
2024-05-24,-0.015625,0.015355084591724976,0.01916240549434163,0.0038073209026166545,-0.2800538967034908,46.666666666666664,0.21353517913924408,NORMAL,2026-05-07
2024-05-27,0.007936507936507908,0.013141124405223355,0.01768211825273462,0.004540993847511266,0.21762654025867745,46.666666666666664,0.21353517913924408,NORMAL,2026-05-07
2024-05-28,0.007874015748031482,0.007907322521731912,0.012332694170014452,0.00442537164828254,0.13294568872039267,53.333333333333336,0.21353517913924408,NORMAL,2026-05-07
2024-05-29,-0.0078125,0.01011041494773811,0.01536314705278897,0.00525273210505086,0.7015429630983423,53.333333333333336,0.21353517913924408,NORMAL,2026-05-07
2024-05-30,0.0,0.012135777807190109,0.015423059742718072,0.0032872819355279637,-0.7034964579704323,53.333333333333336,0.21353517913924408,NORMAL,2026-05-07
2024-05-31,-0.007874015748031482,0.009737405603433287,0.012851128621589212,0.003113723018155925,-0.7972846983515186,53.333333333333336,0.21353517913924408,NORMAL,2026-05-07
2024-06-03,0.015873015873015817,0.012234163648799437,0.016993547604312275,0.004759383955512838,0.4136909429441983,60.0,0.21353517913924408,NORMAL,2026-05-07
2024-06-04,0.0,0.009075953119936501,0.013449155525065834,0.0043732024051293325,0.11764233405985076,66.66666666666666,0.21353517913924408,NORMAL,2026-05-07
2024-06-05,0.0,0.008286519777521368,0.011272448745571002,0.002985928968049634,-0.9165651189793322,66.66666666666666,0.21353517913924408,NORMAL,2026-05-07
2024-06-06,0.0,0.007607635110489824,0.010631166623415445,0.0030235315129256216,-0.8487865135553835,66.66666666666666,0.21353517913924408,NORMAL,2026-05-07
2024-06-07,0.0078125,0.009282449184714424,0.01076652663843817,0.0014840774537237464,-1.821642356192483,60.0,0.21353517913924408,NORMAL,2026-05-07
2024-06-10,0.0,0.010611010755740731,0.015723447772559816,0.005112437016819085,0.7944174107239718,60.0,0.21353517913924408,NORMAL,2026-05-07
2024-06-11,-0.007751937984496138,0.011604046802816688,0.01627846922325773,0.004674422420441041,0.4576988097800295,60.0,0.21353517913924408,NORMAL,2026-05-07
2024-06-12,0.015625,0.01057721086563679,0.01377940616963679,0.003202195304,-0.6251322185451114,53.333333333333336,0.21353517913924408,NORMAL,2026-05-07
2024-06-13,0.0,0.007640552092423159,0.010032692874450976,0.0023921407820278176,-1.1673723399476033,46.666666666666664,0.21353517913924408,NORMAL,2026-05-07
2024-06-14,-0.015384615384615441,0.0136379405572833,0.017944238429102807,0.004306297871819506,0.26604273243110554,53.333333333333336,0.21353517913924408,NORMAL,2026-05-07
2024-06-17,-0.0078125,0.012358432029993743,0.018338605743519375,0.005980173713525633,1.4327158995114104,53.333333333333336,0.21353517913924408,NORMAL,2026-05-07
2024-06-18,0.007874015748031482,0.01256899653063913,0.01770962138411676,0.0051406248534776305,0.7740801986794857,53.333333333333336,0.21353517913924408,NORMAL,2026-05-07
2024-06-19,0.0,0.010766619603287933,0.016608226363043585,0.005841606759755652,1.2189128465649541,53.333333333333336,0.21353517913924408,NORMAL,2026-05-07
2024-06-20,0.0,0.012316196588436568,0.018281930199235838,0.00596573361079927,1.2268584933621212,60.0,0.18187873351158867,DISTRIBUTION_PEAK,2026-05-07
2024-06-21,0.0,0.009770364080355646,0.013274032852973305,0.003503668772617659,-0.5495562133570995,60.0,0.18187873351158867,DISTRIBUTION_PEAK,2026-05-07
2024-06-24,-0.0234375,0.01936759536933738,0.023031915425351185,0.0036643200560138034,-0.417870800028616,53.333333333333336,0.18187873351158867,DISTRIBUTION_PEAK,2026-05-07
2024-06-25,0.008000000000000007,0.00952311844227263,0.013763503972158758,0.004240385529886127,0.017637184397575768,53.333333333333336,0.18187873351158867,DISTRIBUTION_PEAK,2026-05-07
2024-06-26,0.0,0.009436582103090509,0.01443659965938031,0.005000017556289801,0.5866871992225944,60.0,0.18187873351158867,DISTRIBUTION_PEAK,2026-05-07
2024-06-27,0.0,0.009148227634641808,0.012758716125005627,0.0036104884903638192,-0.49300004637026434,60.0,0.18187873351158867,DISTRIBUTION_PEAK,2026-05-07
2024-06-28,-0.007936507936507908,0.014340055386847145,0.01827507834503709,0.003935022958189944,-0.22631433802303405,60.0,0.18187873351158867,DISTRIBUTION_PEAK,2026-05-07
2024-07-01,0.0,0.014243438160189675,0.019018748816188372,0.004775310655998698,0.45079334673918947,60.0,0.18187873351158867,DISTRIBUTION_PEAK,2026-05-07
2024-07-02,0.016000000000000014,0.00915015618589377,0.011214522197827086,0.0020643660119333152,-1.6461812325468579,53.333333333333336,0.18187873351158867,DISTRIBUTION_PEAK,2026-05-07
2024-07-03,0.007874015748031482,0.009231305005255274,0.01250649930847113,0.0032751943032158556,-0.6576012939832319,53.333333333333336,0.18187873351158867,DISTRIBUTION_PEAK,2026-05-07
2024-07-04,0.0,0.008170555722800362,0.012894751717089113,0.004724195994288751,0.49597605834428204,60.0,0.18187873351158867,DISTRIBUTION_PEAK,2026-05-07
2024-07-05,0.0,0.007281257099756032,0.010706510870919402,0.0034252537711633698,-0.5533067992567027,53.333333333333336,0.18187873351158867,DISTRIBUTION_PEAK,2026-05-07
2024-07-08,0.0,0.014503411339318923,0.021115247478499712,0.0066118361391807896,1.8618594548078315,53.333333333333336,0.18187873351158867,DISTRIBUTION_PEAK,2026-05-07
2024-07-09,0.0078125,0.010114627024337757,0.014848199287942001,0.0047335722636042445,0.3941308576197054,53.333333333333336,0.18187873351158867,DISTRIBUTION_PEAK,2026-05-07
2024-07-10,0.0,0.011259116215166362,0.014895044635449101,0.0036359284202827392,-0.4604571356906257,46.666666666666664,0.18187873351158867,NORMAL,2026-05-07
2024-07-11,-0.007751937984496138,0.010148953289536205,0.01353309631753172,0.003384143027995515,-0.6402700793052974,40.0,0.18187873351158867,NORMAL,2026-05-07
2024-07-12,0.0,0.00836009343070258,0.0105620612105986,0.00220196777989602,-1.4757161943648416,40.0,0.18187873351158867,NORMAL,2026-05-07
2024-07-15,0.0,0.008368514992508968,0.012553401922626627,0.004184886930117659,0.08809495450168953,46.666666666666664,0.18187873351158867,NORMAL,2026-05-07
2024-07-16,0.0,0.009849951472146802,0.013628641656278103,0.0037786901841313017,-0.23447939352091837,40.0,0.18187873351158867,NORMAL,2026-05-07
2024-07-17,-0.0078125,0.023036659535694934,0.02937077797396341,0.006334118438268477,1.693060517193549,40.0,0.18187873351158867,NORMAL,2026-05-07
2024-07-18,0.0,0.01448575155393676,0.019139129613454795,0.004653378059518036,0.36608814477741114,46.666666666666664,0.14165193691853498,NORMAL,2026-05-07
2024-07-19,-0.007874015748031482,0.015946269954568982,0.02079442047709614,0.004848150522527159,0.5056225494406461,53.333333333333336,0.14165193691853498,DISTRIBUTION_PEAK,2026-05-07
2024-07-22,-0.007936507936507908,0.01705346528314918,0.023900475837716827,0.006847010554567646,1.8786958068436586,53.333333333333336,0.14165193691853498,DISTRIBUTION_PEAK,2026-05-07
2024-07-23,-0.016000000000000014,0.01676389412408363,0.021640782784341516,0.004876888660257886,0.38197904103407754,60.0,0.14165193691853498,DISTRIBUTION_PEAK,2026-05-07
2024-07-24,0.008130081300812941,0.013816951487929196,0.020281860022398453,0.006464908534469257,1.4732955383042237,66.66666666666666,0.14165193691853498,DISTRIBUTION_PEAK,2026-05-07
2024-07-25,-0.008064516129032251,0.007777325130926105,0.010375462276160732,0.0025981371452346268,-1.303479621726104,60.0,0.14165193691853498,DISTRIBUTION_PEAK,2026-05-07
2024-07-26,0.008130081300812941,0.008621118229015816,0.012656643850007544,0.004035525620991728,-0.25143986368437443,60.0,0.14165193691853498,DISTRIBUTION_PEAK,2026-05-07
2024-07-29,0.008064516129032251,0.010473042326079167,0.013097213507357052,0.002624171181277885,-1.2191861621543851,53.333333333333336,0.14165193691853498,DISTRIBUTION_PEAK,2026-05-07
2024-07-30,0.0,0.011529999355696907,0.016614686476812076,0.005084687121115169,0.5645735244750114,53.333333333333336,0.14165193691853498,DISTRIBUTION_PEAK,2026-05-07
2024-07-31,0.0,0.014858002666260967,0.02292133711580119,0.008063334449540225,2.3046719004140623,60.0,0.14165193691853498,DISTRIBUTION_PEAK,2026-05-07
2024-08-01,-0.016000000000000014,0.02028225692134987,0.026141329107920802,0.005859072186570932,0.8378260429202927,66.66666666666666,0.14165193691853498,DISTRIBUTION_PEAK,2026-05-07
2024-08-02,0.008130081300812941,0.014204801693956555,0.01810982045757378,0.0039050187636172247,-0.4243066641441283,66.66666666666666,0.14165193691853498,DISTRIBUTION_PEAK,2026-05-07
2024-08-05,-0.040322580645161366,0.017685669468315263,0.02055069908613942,0.002865029617824158,-1.056696832002037,60.0,0.14165193691853498,DISTRIBUTION_PEAK,2026-05-07
2024-08-06,0.01680672268907557,0.014228995148917803,0.01877870086251098,0.004549705713593179,0.057631948915777255,66.66666666666666,0.14165193691853498,DISTRIBUTION_PEAK,2026-05-07
2024-08-07,0.008264462809917328,0.013391229772378986,0.017685006514032556,0.004293776741653569,-0.11324491742887716,60.0,0.14165193691853498,DISTRIBUTION_PEAK,2026-05-07
2024-08-08,-0.008196721311475419,0.014898137180471503,0.023180022758815373,0.00828188557834387,2.2310312954569986,60.0,0.14165193691853498,DISTRIBUTION_PEAK,2026-05-07
2024-08-09,0.008264462809917328,0.013049407524836354,0.01745330584071367,0.004403898315877317,-0.14295706716260442,53.333333333333336,0.14165193691853498,DISTRIBUTION_PEAK,2026-05-07
2024-08-12,0.008196721311475308,0.011887118018823693,0.015964045532709515,0.004076927513885822,-0.33876550954527945,46.666666666666664,0.14165193691853498,NORMAL,2026-05-07
2024-08-13,0.0,0.0095487761064648,0.012722709025736741,0.0031739329192719407,-0.8777046733783289,40.0,0.14165193691853498,NORMAL,2026-05-07
2024-08-14,0.0,0.01049357902987712,0.014230709588153933,0.0037371305582768136,-0.49841893546604116,33.33333333333333,0.14165193691853498,NORMAL,2026-05-07
2024-08-15,-0.008130081300813052,0.008818147902747169,0.012229925256928755,0.0034117773541815864,-0.6859565050287206,33.33333333333333,0.37957928005840774,NORMAL,2026-05-07
2024-08-16,0.024590163934426146,0.018171609358949316,0.023146234929200583,0.004974625570251266,0.34399620294672245,40.0,0.37957928005840774,NORMAL,2026-05-07
2024-08-19,0.008000000000000007,0.00955365932788083,0.012038594204260568,0.002484934876379739,-1.259633909520955,40.0,0.37957928005840774,NORMAL,2026-05-07
2024-08-20,0.007936507936507908,0.011867840694417259,0.01795622714656542,0.006088386452148162,1.08244127727552,40.0,0.37957928005840774,NORMAL,2026-05-07
2024-08-21,0.007874015748031482,0.007913829905426932,0.010476980796642957,0.0025631508912160247,-1.1782411603511433,33.33333333333333,0.37957928005840774,NORMAL,2026-05-07
2024-08-22,0.0,0.00863913642452218,0.011556341524433467,0.0029172050999112867,-0.9031240329846623,26.666666666666668,0.37957928005840774,NORMAL,2026-05-07
2024-08-23,0.0078125,0.009390985196273289,0.011108310500751877,0.0017173253044785886,-1.5424683194364872,26.666666666666668,0.37957928005840774,NORMAL,2026-05-07
2024-08-26,-0.007751937984496138,0.009388375520400631,0.012766495435626989,0.003378119915226357,-0.4815873042269703,26.666666666666668,0.37957928005840774,NORMAL,2026-05-07
2024-08-27,0.0,0.008732015419763673,0.013596480239481084,0.004864464819717411,0.4578478848757694,26.666666666666668,0.37957928005840774,NORMAL,2026-05-07
2024-08-28,0.0,0.008351134210571433,0.01287668087026334,0.004525546659691907,0.22997319557072385,33.33333333333333,0.37957928005840774,NORMAL,2026-05-07
2024-08-29,0.0,0.009178324689727027,0.011804645874564356,0.0026263211848373286,-0.9899234042798716,26.666666666666668,0.37957928005840774,NORMAL,2026-05-07
2024-08-30,0.0,0.006788009779758236,0.009926504334951933,0.003138494555193698,-0.624845262279551,26.666666666666668,0.37957928005840774,NORMAL,2026-05-07
2024-09-04,0.0,0.01500112885370815,0.01859325955176888,0.0035921306980607314,-0.3083504028129336,26.666666666666668,0.37957928005840774,NORMAL,2026-05-07
2024-09-05,-0.0078125,0.00849225407911783,0.01106635400651597,0.0025740999273981408,-0.9653986937231155,26.666666666666668,0.37957928005840774,NORMAL,2026-05-07
2024-09-06,0.0,0.008733476481068222,0.011500056007160867,0.002766579526092645,-0.7975738304849945,26.666666666666668,0.37957928005840774,NORMAL,2026-05-07
2024-09-09,0.0,0.008131034685704419,0.010658743749557827,0.002527709063853408,-0.9197078043226131,26.666666666666668,0.37957928005840774,NORMAL,2026-05-07
2024-09-10,-0.007874015748031482,0.009251531149686226,0.01359470665897203,0.004343175509285804,0.3435436490782119,26.666666666666668,0.37957928005840774,NORMAL,2026-05-07
2024-09-11,-0.007936507936507908,0.009032171071117466,0.01264236819396488,0.0036101971228474136,-0.17717798013165592,26.666666666666668,0.37957928005840774,NORMAL,2026-05-07
2024-09-12,0.008000000000000007,0.010120114392910792,0.013062013435067608,0.002941899042156816,-0.6442559934031757,20.0,0.37957928005840774,NORMAL,2026-05-07
2024-09-13,-0.007936507936507908,0.010634835300543186,0.014064684824149512,0.0034298495236063254,-0.2734442881610773,20.0,0.37957928005840774,NORMAL,2026-05-07
2024-09-16,-0.008000000000000007,0.01003983104087487,0.013793933990482291,0.003754102949607421,-0.02572250882182386,20.0,0.16980219815921177,NORMAL,2026-05-07
2024-09-17,0.016129032258064502,0.00911798756600838,0.01239435600752962,0.0032763684415212397,-0.38755828666425957,20.0,0.16980219815921177,NORMAL,2026-05-07
2024-09-18,0.0,0.00790773943382568,0.010699017551098653,0.002791278117272972,-0.7443723716770313,20.0,0.16980219815921177,NORMAL,2026-05-07
2024-09-19,0.007936507936507908,0.005706890300301486,0.0077311613917863025,0.0020242710914848165,-1.2712340249993257,13.333333333333334,0.16980219815921177,NORMAL,2026-05-07
2024-09-20,0.0,0.008579278113211264,0.01215922686990715,0.003579948756695886,-0.04036036005089901,6.666666666666667,0.16980219815921177,NORMAL,2026-05-07
2024-09-23,0.0,0.006578165988264985,0.008990316021784489,0.002412150033519504,-0.9399058764921974,6.666666666666667,0.16980219815921177,NORMAL,2026-05-07
2024-09-24,0.007874015748031482,0.006019207787485961,0.008132147532458169,0.0021129397449722075,-1.1151523844280153,6.666666666666667,0.16980219815921177,NORMAL,2026-05-07
2024-09-25,0.0078125,0.010364708680772557,0.014515011965691544,0.004150303284918987,0.5073013677567774,13.333333333333334,0.16980219815921177,NORMAL,2026-05-07
2024-09-26,0.0,0.009655039273059749,0.015838478219317075,0.006183438946257325,1.9059529688079244,20.0,0.16980219815921177,NORMAL,2026-05-07
2024-09-27,0.0,0.00707328231676513,0.010597212948995864,0.0035239306322307345,-0.10051935237151062,20.0,0.16980219815921177,NORMAL,2026-05-07
2024-09-30,0.0,0.00984221884952774,0.012893826494029445,0.003051607644501705,-0.4522912111429541,20.0,0.16980219815921177,NORMAL,2026-05-07
2024-10-01,0.0,0.008480999140885797,0.011629641135054046,0.0031486419941682484,-0.3651027375706166,13.333333333333334,0.16980219815921177,NORMAL,2026-05-07
2024-10-02,0.0,0.011146133847418844,0.01537844266661987,0.004232308819201025,0.49345192467532345,20.0,0.16980219815921177,NORMAL,2026-05-07
2024-10-03,-0.007751937984496138,0.011092729816168401,0.01345125698788796,0.0023585271717195596,-0.9939444008834104,20.0,0.16980219815921177,NORMAL,2026-05-07
2024-10-04,-0.0078125,0.00947748409936315,0.01397135066734152,0.00449386656797837,0.7290848865686734,26.666666666666668,0.16980219815921177,NORMAL,2026-05-07
2024-10-07,0.0,0.00787065099890755,0.011309582877364107,0.0034389318784565567,-0.14228992873641555,26.666666666666668,0.16980219815921177,NORMAL,2026-05-07
2024-10-08,0.0,0.007720678838238065,0.010298599421802276,0.002577920583564211,-0.8367480924662806,26.666666666666668,0.16980219815921177,NORMAL,2026-05-07
2024-10-09,0.007874015748031482,0.00786803044277736,0.009702019397791027,0.001833988955013667,-1.3645384412390236,26.666666666666668,0.16980219815921177,NORMAL,2026-05-07
2024-10-10,0.0078125,0.013719173557132957,0.016390756598156028,0.0026715830410230703,-0.6432637082037371,26.666666666666668,0.16980219815921177,NORMAL,2026-05-07
2024-10-11,0.0,0.007714131330362268,0.010822588138308902,0.003108456807946634,-0.2669556634342905,26.666666666666668,0.16980219815921177,NORMAL,2026-05-07
2024-10-14,0.0,0.011947575284705641,0.018988169282418733,0.007040593997713092,2.5019766826171432,33.33333333333333,0.20076220406542755,NORMAL,2026-05-07
2024-10-15,-0.007751937984496138,0.01092543979576121,0.015079705852166734,0.004154266056405523,0.39503160005987775,40.0,0.20076220406542755,NORMAL,2026-05-07
2024-10-16,0.0,0.00892817968626916,0.012017782137389967,0.0030896024511208077,-0.3829307426690782,33.33333333333333,0.20076220406542755,NORMAL,2026-05-07
2024-10-17,0.0078125,0.0102040716664644,0.016206881511669616,0.006002809845205216,1.6460640475943806,33.33333333333333,0.20076220406542755,NORMAL,2026-05-07
2024-10-18,0.0,0.008117964637577635,0.010878318870085696,0.002760354232508061,-0.660053490524087,33.33333333333333,0.20076220406542755,NORMAL,2026-05-07
2024-10-21,-0.007751937984496138,0.01053848142653954,0.0173516430028336,0.006813161576294061,1.9895648638016126,40.0,0.20076220406542755,NORMAL,2026-05-07
2024-10-22,-0.0078125,0.008949760230537774,0.013088737483741888,0.004138977253204114,0.2066293329407672,46.666666666666664,0.20076220406542755,NORMAL,2026-05-07
2024-10-23,0.0,0.008790073150585505,0.012227034779550172,0.0034369616289646673,-0.2640762654631516,40.0,0.20076220406542755,NORMAL,2026-05-07
2024-10-24,-0.007874015748031482,0.011241703059979858,0.016111392623605773,0.004869689563625915,0.7065088720207446,46.666666666666664,0.20076220406542755,NORMAL,2026-05-07
2024-10-25,-0.007936507936507908,0.007915053732974558,0.010442902830872586,0.0025278490978980286,-0.901050279293796,40.0,0.20076220406542755,NORMAL,2026-05-07
2024-10-28,0.0,0.00790378022549744,0.011340367123581746,0.0034365868980843067,-0.25163874944838505,40.0,0.20076220406542755,NORMAL,2026-05-07
2024-10-29,0.008000000000000007,0.0089106617309293,0.011490337876815533,0.002579676145886233,-0.8346497702656638,40.0,0.20076220406542755,NORMAL,2026-05-07
2024-10-30,0.0,0.007999545831050153,0.010954372272305774,0.0029548264412556213,-0.5432440621404644,40.0,0.20076220406542755,NORMAL,2026-05-07
2024-10-31,0.0,0.007100124771248414,0.00959508258768068,0.0024949578164322654,-0.845830131811285,40.0,0.20076220406542755,NORMAL,2026-05-07
2024-11-01,-0.007936507936507908,0.007841131987876155,0.010478860661734722,0.002637728673858567,-0.7114835405089833,40.0,0.20076220406542755,NORMAL,2026-05-07
2024-11-04,-0.008000000000000007,0.009675021158923268,0.01272616070159715,0.003051139542673883,-0.3883366846638832,33.33333333333333,0.20076220406542755,NORMAL,2026-05-07
2024-11-05,0.008064516129032251,0.00850023034432627,0.01040390779040748,0.0019036774460812096,-1.1931824665636561,26.666666666666668,0.20076220406542755,NORMAL,2026-05-07
2024-11-06,0.008000000000000007,0.009908668717136212,0.013193942733327512,0.0032852740161912995,-0.14034942060497102,26.666666666666668,0.20076220406542755,NORMAL,2026-05-07
2024-11-07,0.0,0.006371958028814961,0.00889001814934502,0.002518060120530059,-0.7096265007494131,20.0,0.20076220406542755,NORMAL,2026-05-07
2024-11-08,-0.007936507936507908,0.00646363777364494,0.008995066028267787,0.0025314282546228467,-0.6736507784357149,20.0,0.20076220406542755,NORMAL,2026-05-07
2024-11-11,0.0,0.013983124801817568,0.017286153226296907,0.0033030284244793384,-0.056817470449275945,13.333333333333334,0.14617444933366175,NORMAL,2026-05-07
2024-11-12,-0.008000000000000007,0.007461979274298079,0.013460231736457181,0.005998252462159103,1.8875982208180226,13.333333333333334,0.14617444933366175,NORMAL,2026-05-07
2024-11-13,0.008064516129032251,0.012676579451045725,0.0156202270624273,0.0029436476113815745,-0.40871397249051356,13.333333333333334,0.14617444933366175,NORMAL,2026-05-07
2024-11-14,-0.016000000000000014,0.012315093476023853,0.016722795838221564,0.0044077023621977105,0.6940043496962688,13.333333333333334,0.14617444933366175,NORMAL,2026-05-07
2024-11-15,-0.008130081300813052,0.011328081573404697,0.013532885052520609,0.002204803479115912,-0.9755724090766487,13.333333333333334,0.14617444933366175,NORMAL,2026-05-07
2024-11-18,0.0,0.010851125401705032,0.016578912349989722,0.005727786948284691,1.6080206577252276,20.0,0.14617444933366175,NORMAL,2026-05-07
2024-11-19,-0.008196721311475419,0.010236692870304246,0.01555921893354242,0.005322526063238174,1.2231693912173816,26.666666666666668,0.14617444933366175,NORMAL,2026-05-07
2024-11-20,0.008264462809917328,0.010388856710166545,0.015033321465649823,0.0046444647554832776,0.6997107194806194,33.33333333333333,0.14617444933366175,NORMAL,2026-05-07
2024-11-21,0.008196721311475308,0.007032072806150742,0.009560726210298631,0.0025286534041478893,-0.8307139571567119,33.33333333333333,0.14617444933366175,NORMAL,2026-05-07
2024-11-22,0.0,0.008039106349839675,0.010784028801435502,0.002744922451595827,-0.6457265973714663,33.33333333333333,0.14617444933366175,NORMAL,2026-05-07
2024-11-25,0.0,0.009060548585616744,0.014424324915278255,0.0053637763296615106,1.247016664444205,40.0,0.14617444933366175,NORMAL,2026-05-07
2024-11-26,0.008130081300812941,0.007714798793408913,0.011602851809632124,0.003888053016223211,0.14698295100207007,46.666666666666664,0.14617444933366175,NORMAL,2026-05-07
2024-11-27,0.0,0.007995219032659904,0.011277286908716868,0.0032820678760569644,-0.30578627954161364,46.666666666666664,0.14617444933366175,NORMAL,2026-05-07
2024-11-28,0.0,0.005619703475748664,0.007723182190261717,0.0021034787145130535,-1.1508749930563777,46.666666666666664,0.14617444933366175,NORMAL,2026-05-07
2024-11-29,0.008064516129032251,0.008332243526168223,0.011235550494041307,0.0029033069678730834,-0.5181181391062315,46.666666666666664,0.14617444933366175,NORMAL,2026-05-07
2024-12-02,0.0,0.006370012203466272,0.010387655261842776,0.004017643058376504,0.34551836128267494,53.333333333333336,0.14617444933366175,DISTRIBUTION_PEAK,2026-05-07
2024-12-03,0.0,0.008289678980944286,0.010944600664743337,0.0026549216837990514,-0.7179277520126843,46.666666666666664,0.14617444933366175,NORMAL,2026-05-07
2024-12-04,-0.008000000000000007,0.008623973467652975,0.011217224396706284,0.0025932509290533083,-0.7381256657402968,46.666666666666664,0.14617444933366175,NORMAL,2026-05-07
2024-12-05,0.024193548387096753,0.013593898185468576,0.018506264076301703,0.004912365890833126,1.0957680889829113,46.666666666666664,0.14617444933366175,NORMAL,2026-05-07
2024-12-06,0.0,0.010099136193615962,0.014056524499131846,0.003957388305515884,0.3110717974636857,53.333333333333336,0.14617444933366175,DISTRIBUTION_PEAK,2026-05-07
2024-12-09,0.0,0.00761626689322531,0.012592559867873191,0.004976292974647882,1.093167358193225,53.333333333333336,0.2745934330695927,NORMAL,2026-05-07
2024-12-10,0.0,0.0062534231165896955,0.008786614890202393,0.002533191773612697,-0.8807679583065734,46.666666666666664,0.2745934330695927,NORMAL,2026-05-07
2024-12-11,0.0,0.007432397594881658,0.010077651412822587,0.0026452538179409287,-0.7568215376310555,40.0,0.2745934330695927,NORMAL,2026-05-07
2024-12-12,0.0,0.005561724582219033,0.007529987199730673,0.00196826261751164,-1.2373420603205785,40.0,0.2745934330695927,NORMAL,2026-05-07
2024-12-13,-0.007874015748031482,0.00705479110751172,0.011098831797445615,0.004044040689933894,0.45552891856012945,46.666666666666664,0.2745934330695927,NORMAL,2026-05-07
2024-12-16,0.0,0.006645306785824808,0.00953444539938151,0.0028891386135567014,-0.4969746415522562,40.0,0.2745934330695927,NORMAL,2026-05-07
2024-12-17,0.0,0.005716048447980352,0.008068128887446032,0.0023520804394656803,-0.9115163651407789,33.33333333333333,0.2745934330695927,NORMAL,2026-05-07
2024-12-18,0.007936507936507908,0.00718424240010741,0.008858350452050258,0.0016741080519428473,-1.3804539077502092,33.33333333333333,0.2745934330695927,NORMAL,2026-05-07
2024-12-19,-0.015748031496062964,0.007902296067736932,0.010703157797804886,0.002800861730067954,-0.4289087914542476,33.33333333333333,0.2745934330695927,NORMAL,2026-05-07
2024-12-20,0.008000000000000007,0.0113491223359801,0.014332187109089895,0.0029830647731097955,-0.2667840647852344,33.33333333333333,0.2745934330695927,NORMAL,2026-05-07
2024-12-23,0.0,0.009007459560044112,0.013211208947863862,0.00420374938781975,0.7633584662942233,33.33333333333333,0.2745934330695927,NORMAL,2026-05-07
2024-12-24,0.0,0.008942174412085295,0.01430281099247611,0.0053606365803908155,1.6122486953841892,40.0,0.2745934330695927,NORMAL,2026-05-07
2024-12-25,0.007936507936507908,0.011362954137580688,0.016486457965748956,0.005123503828168268,1.3147919455368844,46.666666666666664,0.2745934330695927,NORMAL,2026-05-07
2024-12-26,0.0,0.006771811230063412,0.009144655716797486,0.002372844486734074,-0.8921657062102797,40.0,0.2745934330695927,NORMAL,2026-05-07
2024-12-27,0.007874015748031482,0.012334731747765585,0.015327558231403379,0.0029928264836377935,-0.3725096639923219,33.33333333333333,0.2745934330695927,NORMAL,2026-05-07
2024-12-30,-0.0078125,0.009667018632941827,0.01564013643065447,0.0059731177977126425,1.8726942579959358,33.33333333333333,0.2745934330695927,NORMAL,2026-05-07
2024-12-31,0.0,0.009762441264140402,0.013286970374409486,0.003524529110269084,-0.02749083975499619,33.33333333333333,0.2745934330695927,NORMAL,2026-05-07
2025-01-02,0.0,0.00757505945402422,0.010566592200501383,0.002991532746477163,-0.4383460440620889,33.33333333333333,0.2745934330695927,NORMAL,2026-05-07
2025-01-03,-0.015748031496062964,0.009527618595506196,0.011551197840788785,0.0020235792452825887,-1.1516657337628204,33.33333333333333,0.2745934330695927,NORMAL,2026-05-07
2025-01-06,0.0,0.016324615266442494,0.020355554257771406,0.004030938991328913,0.4464666900097311,33.33333333333333,0.2745934330695927,NORMAL,2026-05-07
2025-01-07,0.0,0.012457434926933008,0.01703603093149528,0.004578596004562273,0.8559019793407828,40.0,0.13076253631631132,NORMAL,2026-05-07
2025-01-08,0.0,0.009935165012343535,0.013758740929689095,0.00382357591734556,0.22813764909365145,46.666666666666664,0.13076253631631132,NORMAL,2026-05-07
2025-01-09,0.0,0.008305279291881162,0.011093499856327167,0.002788220564446005,-0.6223788122494281,46.666666666666664,0.13076253631631132,NORMAL,2026-05-07
2025-01-10,-0.016000000000000014,0.010282445480348828,0.012989722841881036,0.002707277361532208,-0.6666212757149599,46.666666666666664,0.13076253631631132,NORMAL,2026-05-07
2025-01-13,0.008130081300812941,0.009713690945425853,0.013410890956244583,0.0036972000108187308,0.18665743352594472,53.333333333333336,0.13076253631631132,DISTRIBUTION_PEAK,2026-05-07
2025-01-14,-0.008064516129032251,0.009386608633782791,0.013152592459220505,0.0037659838254377135,0.24125295423188725,53.333333333333336,0.13076253631631132,DISTRIBUTION_PEAK,2026-05-07
2025-01-15,0.008130081300812941,0.010658668763735401,0.014497732509645946,0.0038390637459105453,0.2993863633424155,53.333333333333336,0.13076253631631132,DISTRIBUTION_PEAK,2026-05-07
2025-01-16,0.0,0.006801481340904921,0.012109512716295446,0.005308031375390525,1.5221544569265626,53.333333333333336,0.13076253631631132,DISTRIBUTION_PEAK,2026-05-07
2025-01-17,0.008064516129032251,0.007485089429915971,0.009958088933279567,0.0024729995033635956,-0.9617629654047065,53.333333333333336,0.13076253631631132,DISTRIBUTION_PEAK,2026-05-07
2025-01-20,0.0,0.007213915453628924,0.010027604776148183,0.002813689322519259,-0.6342757892735574,53.333333333333336,0.13076253631631132,DISTRIBUTION_PEAK,2026-05-07
2025-01-21,0.0,0.006957071944646823,0.010557894874286319,0.0036008229296394956,0.0772648764615474,53.333333333333336,0.13076253631631132,DISTRIBUTION_PEAK,2026-05-07
2025-01-22,-0.008000000000000007,0.007496736225187244,0.009731244239475235,0.0022345080142879906,-1.1236849721173148,53.333333333333336,0.13076253631631132,DISTRIBUTION_PEAK,2026-05-07
2025-01-23,0.016129032258064502,0.00795454129497497,0.010887259916004846,0.002932718621029876,-0.46633316046015305,53.333333333333336,0.13076253631631132,DISTRIBUTION_PEAK,2026-05-07
2025-01-24,0.007936507936507908,0.01103811082438012,0.01584363401014369,0.00480552318576357,1.2099716932431692,60.0,0.13076253631631132,DISTRIBUTION_PEAK,2026-05-07
2025-02-03,-0.015748031496062964,0.014392002473311741,0.018858514822424788,0.004466512349113046,0.85734996294115,60.0,0.13076253631631132,DISTRIBUTION_PEAK,2026-05-07
2025-02-04,0.008000000000000007,0.010801830045272713,0.015635590314190036,0.004833760268917324,1.12918443416243,60.0,0.13076253631631132,DISTRIBUTION_PEAK,2026-05-07
2025-02-05,0.007936507936507908,0.009937053859720005,0.013813542913160807,0.0038764890534408025,0.2415977386628557,60.0,0.13076253631631132,DISTRIBUTION_PEAK,2026-05-07
2025-02-06,0.0,0.006026522984851268,0.008668303771378973,0.0026417807865277056,-0.8805450420405265,60.0,0.13076253631631132,DISTRIBUTION_PEAK,2026-05-07
2025-02-07,0.007874015748031482,0.011143601185975198,0.014379635682999785,0.003236034497024587,-0.3096043552203401,60.0,0.13076253631631132,DISTRIBUTION_PEAK,2026-05-07
2025-02-10,-0.015625,0.012977738408403454,0.016283513746540888,0.0033057753381374334,-0.23578910662311087,53.333333333333336,0.13076253631631132,DISTRIBUTION_PEAK,2026-05-07
2025-02-11,0.007936507936507908,0.008822429427265386,0.01100404300725697,0.002181613579991583,-1.2601027749568816,46.666666666666664,0.23136996514100283,NORMAL,2026-05-07
2025-02-12,0.0,0.006664266171585473,0.009332539842741025,0.0026682736711555527,-0.7557664909427246,40.0,0.23136996514100283,NORMAL,2026-05-07
2025-02-13,0.0,0.009392185552297268,0.013691900009999937,0.004299714457702669,0.8110974782306142,40.0,0.23136996514100283,NORMAL,2026-05-07
2025-02-14,0.007874015748031482,0.009253352560414508,0.01325731910929648,0.004003966548881972,0.502327114709236,46.666666666666664,0.23136996514100283,NORMAL,2026-05-07
2025-02-17,-0.0078125,0.011720603151856324,0.018026236916576538,0.006305633764720214,2.327194031698351,53.333333333333336,0.23136996514100283,NORMAL,2026-05-07
2025-02-18,0.007874015748031482,0.007438797110608129,0.01076025778824485,0.003321460677636721,-0.27264681947442015,46.666666666666664,0.23136996514100283,NORMAL,2026-05-07
2025-02-19,0.0078125,0.00923447226284902,0.016713569632835157,0.007479097369986136,2.661244017426814,53.333333333333336,0.23136996514100283,NORMAL,2026-05-07
2025-02-20,0.0,0.008617860155138556,0.014033476183546417,0.005415616028407861,1.097567907106499,60.0,0.23136996514100283,NORMAL,2026-05-07
2025-02-21,0.007751937984496138,0.009806386882316885,0.011559702708979349,0.0017533158266624643,-1.4212628615333023,53.333333333333336,0.23136996514100283,NORMAL,2026-05-07
2025-02-24,0.0,0.01056540254442544,0.015272978395349855,0.0047075758509244146,0.6200067098098391,53.333333333333336,0.23136996514100283,NORMAL,2026-05-07
2025-02-25,0.0,0.006982307406307193,0.008899641245975698,0.001917333839668505,-1.2672619600462784,46.666666666666664,0.23136996514100283,NORMAL,2026-05-07
2025-02-26,0.0,0.006758408962918313,0.008881369172120993,0.0021229602092026796,-1.0633850798530868,40.0,0.23136996514100283,NORMAL,2026-05-07
2025-02-27,0.007692307692307665,0.012772018897613664,0.017939731922443036,0.005167713024829372,0.9899158449814655,46.666666666666664,0.23136996514100283,NORMAL,2026-05-07
2025-02-28,0.0,0.009248720286287803,0.01270709256704709,0.003458372280759287,-0.1855795444902728,46.666666666666664,0.23136996514100283,NORMAL,2026-05-07
2025-03-03,0.0,0.009776851259461415,0.012858143615028565,0.0030812923555671497,-0.4389085584402691,46.666666666666664,0.23136996514100283,NORMAL,2026-05-07
2025-03-04,0.0,0.008784771436662024,0.01307515401639668,0.004290382579734655,0.4209007794572093,53.333333333333336,0.23136996514100283,NORMAL,2026-05-07
2025-03-05,-0.007633587786259555,0.008006791590744623,0.010080687958383131,0.0020738963676385086,-1.1403433862016052,53.333333333333336,0.23136996514100283,NORMAL,2026-05-07
2025-03-06,0.01538461538461533,0.012303448499565,0.01576574823986041,0.0034622997402954086,-0.1252593047388892,46.666666666666664,0.23136996514100283,NORMAL,2026-05-07
2025-03-07,0.007575757575757569,0.011402776074718735,0.01523642975449031,0.003833653679771575,0.1482768505331629,46.666666666666664,0.23136996514100283,NORMAL,2026-05-07
2025-03-10,0.0,0.007691490513066107,0.011150875356553689,0.003459384843487582,-0.13471466815361355,40.0,0.23136996514100283,NORMAL,2026-05-07
2025-03-11,0.0,0.007633676051295318,0.009891047673511951,0.0022573716222166335,-1.021719575464303,40.0,0.06109070624466314,NORMAL,2026-05-07
2025-03-12,0.0,0.01041232098116847,0.014669567182638725,0.004257246201470255,0.5247261183596004,40.0,0.06109070624466314,NORMAL,2026-05-07
2025-03-13,0.0,0.01562487886558851,0.020383793866532385,0.004758915000943874,0.8825135813629047,40.0,0.06109070624466314,NORMAL,2026-05-07
2025-03-14,0.0,0.010357954953417141,0.017387023490743857,0.0070290685373267155,2.2520824445487766,46.666666666666664,0.06109070624466314,NORMAL,2026-05-07
2025-03-17,0.007518796992481258,0.010817346065412323,0.01546044230445108,0.004643096239038757,0.5591422891515071,46.666666666666664,0.06109070624466314,NORMAL,2026-05-07
2025-03-18,-0.007462686567164201,0.010853996514510581,0.016361019148201844,0.005507022633691263,1.1087789907890644,53.333333333333336,0.06109070624466314,DISTRIBUTION_PEAK,2026-05-07
2025-03-19,-0.007518796992481258,0.009582150774893543,0.013458071683962949,0.0038759209090694063,-0.044026583228971,53.333333333333336,0.06109070624466314,DISTRIBUTION_PEAK,2026-05-07
2025-03-20,0.0,0.00834716908203906,0.012696480680458084,0.004349311598419024,0.2912915689524852,53.333333333333336,0.06109070624466314,DISTRIBUTION_PEAK,2026-05-07
2025-03-21,0.0,0.008233989553587243,0.011248610150382348,0.0030146205967951055,-0.6736390904561995,53.333333333333336,0.06109070624466314,DISTRIBUTION_PEAK,2026-05-07
2025-03-24,0.007575757575757569,0.014588096729304889,0.02014569940703831,0.00555760267773342,1.1635328540644678,60.0,0.06109070624466314,DISTRIBUTION_PEAK,2026-05-07
2025-03-25,0.0,0.008885618081014537,0.014302221526400878,0.005416603445386341,1.004859513297835,60.0,0.06109070624466314,DISTRIBUTION_PEAK,2026-05-07
2025-03-26,0.0,0.009680880036230669,0.013637659743485993,0.003956779707255324,-0.07507213908503059,60.0,0.06109070624466314,DISTRIBUTION_PEAK,2026-05-07
2025-03-27,-0.007518796992481258,0.00899922858524334,0.0160534510331199,0.007054222447876559,1.9796834014722617,66.66666666666666,0.06109070624466314,DISTRIBUTION_PEAK,2026-05-07
2025-03-28,0.0,0.010112286763236163,0.013682474924469015,0.003570188161232852,-0.42555117773789486,60.0,0.06109070624466314,DISTRIBUTION_PEAK,2026-05-07
2025-03-31,-0.007575757575757569,0.011989935279889029,0.015846040335849576,0.0038561050559605473,-0.2172778580346469,60.0,0.06109070624466314,DISTRIBUTION_PEAK,2026-05-07
2025-04-01,0.007633587786259444,0.008321587405882937,0.01195780891750492,0.003636221511621983,-0.36614878477658663,60.0,0.06109070624466314,DISTRIBUTION_PEAK,2026-05-07
2025-04-02,0.0,0.010014828246842114,0.016624726843221166,0.0066098985963790515,1.6574533036391517,60.0,0.06109070624466314,DISTRIBUTION_PEAK,2026-05-07
2025-04-03,-0.06818181818181823,0.0026200502000544444,0.009361739937027937,0.006741689736973493,1.5894123274350322,60.0,0.06109070624466314,DISTRIBUTION_PEAK,2026-05-07
2025-04-04,-0.016260162601625994,0.028942732458532086,0.03423433237754421,0.005291599919012124,0.5956164737307719,60.0,0.06109070624466314,DISTRIBUTION_PEAK,2026-05-07
2025-04-08,-0.06611570247933896,0.003739027734374349,0.007638567183523581,0.0038995394491492317,-0.3432700178080962,53.333333333333336,0.06109070624466314,DISTRIBUTION_PEAK,2026-05-07
2025-04-09,-0.03539823008849541,0.02880078295256857,0.031793133002813535,0.0029923500502449657,-0.9292634165162852,46.666666666666664,0.47805698809046787,NORMAL,2026-05-07
2025-04-10,0.07339449541284382,0.004879422569470133,0.005227760497315284,0.0003483379278451512,-2.2990761677739457,46.666666666666664,0.47805698809046787,NORMAL,2026-05-07
2025-04-11,0.042735042735042805,0.018972434153010597,0.020927381645393487,0.00195494749238289,-1.2367385828820767,40.0,0.47805698809046787,NORMAL,2026-05-07
2025-04-14,0.016393442622950838,0.024762198734468152,0.02946850522745601,0.004706306492987859,0.3961188258923109,46.666666666666664,0.47805698809046787,NORMAL,2026-05-07
2025-04-15,-0.008064516129032251,0.019567199408315757,0.024537606365696688,0.004970406957380932,0.5393704205699436,46.666666666666664,0.47805698809046787,NORMAL,2026-05-07
2025-04-16,-0.016260162601625994,0.01514506381706223,0.018707030953508313,0.003561967136446083,-0.3260479055488466,40.0,0.47805698809046787,NORMAL,2026-05-07
2025-04-17,0.008264462809917328,0.012372059965801464,0.018428444617031123,0.0060563846512296585,1.1808141448759877,46.666666666666664,0.47805698809046787,NORMAL,2026-05-07
2025-04-18,0.0,0.015271247037194168,0.022449953227571828,0.00717870619037766,1.6933743923669762,46.666666666666664,0.47805698809046787,NORMAL,2026-05-07
2025-04-21,-0.008196721311475419,0.015401181661006517,0.022030760573398596,0.006629578912392079,1.2760246092092837,53.333333333333336,0.47805698809046787,CAPITULATION_BOTTOM,2026-05-07
2025-04-22,-0.008264462809917328,0.01858005579525735,0.025740453275932676,0.007160397480675325,1.4563288427702181,60.0,0.47805698809046787,CAPITULATION_BOTTOM,2026-05-07
2025-04-23,0.008333333333333304,0.014991650046412345,0.02035722461934589,0.005365574572933546,0.43607033936035483,66.66666666666666,0.47805698809046787,CAPITULATION_BOTTOM,2026-05-07
2025-04-24,0.008264462809917328,0.012765920307718205,0.017688894272622012,0.004922973964903807,0.17808187934462333,66.66666666666666,0.47805698809046787,CAPITULATION_BOTTOM,2026-05-07
2025-04-25,0.008196721311475308,0.01493406945427977,0.019606661887490582,0.004672592433210812,0.030494575269062553,66.66666666666666,0.47805698809046787,CAPITULATION_BOTTOM,2026-05-07
2025-04-28,0.0,0.012436052040389764,0.018744205764713095,0.006308153724323331,0.9642695403508503,66.66666666666666,0.47805698809046787,CAPITULATION_BOTTOM,2026-05-07
2025-04-29,0.0,0.008033379912700563,0.013393236020742234,0.005359856108041671,0.3829746742236062,73.33333333333333,0.47805698809046787,CAPITULATION_BOTTOM,2026-05-07
2025-05-05,0.008130081300812941,0.016381524998778287,0.022932021861179833,0.006550496862401545,1.0542735328485322,80.0,0.47805698809046787,CAPITULATION_BOTTOM,2026-05-07
2025-05-06,0.0,0.012725933305220033,0.017939539815598003,0.00521360651037797,0.23142254560875752,86.66666666666667,0.47805698809046787,CAPITULATION_BOTTOM,2026-05-07
2025-05-07,0.008064516129032251,0.01339467318748798,0.017517393549200053,0.004122720361712073,-0.4375155751685995,86.66666666666667,0.47805698809046787,CAPITULATION_BOTTOM,2026-05-07
2025-05-08,0.016000000000000014,0.013221177783440084,0.01885200858365932,0.0056308308002192345,0.5082830042305783,86.66666666666667,0.47805698809046787,CAPITULATION_BOTTOM,2026-05-07
2025-05-09,0.0,0.0075113536581963136,0.010231983205909727,0.0027206295477134133,-1.2882589352566107,80.0,0.47805698809046787,CAPITULATION_BOTTOM,2026-05-07
2025-05-12,0.007874015748031482,0.010476445633435603,0.016018417899116386,0.005541972265680782,0.4917110043241612,86.66666666666667,0.45809731084225574,CAPITULATION_BOTTOM,2026-05-07
2025-05-13,0.0078125,0.011883705558549281,0.015703859117072942,0.003820153558523661,-0.6034382191714749,80.0,0.45809731084225574,CAPITULATION_BOTTOM,2026-05-07
2025-05-14,0.015503875968992276,0.015419257988024208,0.021601142950298503,0.006181884962274295,0.9077572791554767,80.0,0.45809731084225574,CAPITULATION_BOTTOM,2026-05-07
2025-05-15,0.0,0.011233255639213674,0.01647679607899608,0.005243540439782405,0.28046277311344225,80.0,0.45809731084225574,CAPITULATION_BOTTOM,2026-05-07
2025-05-16,-0.007633587786259555,0.011065684496052774,0.01460315262218528,0.0035374681261325057,-0.8349231274899727,73.33333333333333,0.45809731084225574,CAPITULATION_BOTTOM,2026-05-07
2025-05-19,0.0,0.013627315658078691,0.019190615978059492,0.005563300319980801,0.5252204613469347,73.33333333333333,0.45809731084225574,CAPITULATION_BOTTOM,2026-05-07
2025-05-20,0.01538461538461533,0.013925262025371414,0.017944473243192753,0.004019211217821339,-0.5260826931200998,66.66666666666666,0.45809731084225574,CAPITULATION_BOTTOM,2026-05-07
2025-05-21,0.0,0.014479993862159203,0.02406803458985473,0.009588040727695526,2.6377758083353826,66.66666666666666,0.45809731084225574,CAPITULATION_BOTTOM,2026-05-07
2025-05-22,-0.007575757575757569,0.012065364525310155,0.017888197710356008,0.005822833185045853,0.45823966173204145,66.66666666666666,0.45809731084225574,CAPITULATION_BOTTOM,2026-05-07
2025-05-23,0.0,0.011881718202058036,0.01673546986226959,0.004853751660211552,-0.1072629822956621,60.0,0.45809731084225574,CAPITULATION_BOTTOM,2026-05-07
2025-05-26,0.01526717557251911,0.014614752061705816,0.01942826575296525,0.0048135136912594335,-0.12814640469983,53.333333333333336,0.45809731084225574,CAPITULATION_BOTTOM,2026-05-07
2025-05-27,0.007518796992481258,0.01252470096840867,0.01829778510704718,0.00577308413863851,0.4491149595801383,53.333333333333336,0.45809731084225574,CAPITULATION_BOTTOM,2026-05-07
2025-05-28,0.0,0.011154981777383992,0.015755715927686566,0.004600734150302575,-0.2797252930765192,53.333333333333336,0.45809731084225574,CAPITULATION_BOTTOM,2026-05-07
2025-05-29,0.0,0.013286218304250644,0.019718346669470106,0.006432128365219461,0.8582403206324212,53.333333333333336,0.45809731084225574,CAPITULATION_BOTTOM,2026-05-07
2025-05-30,-0.007462686567164201,0.010055899384058634,0.012382880701358989,0.002326981317300355,-1.624237058414231,53.333333333333336,0.45809731084225574,CAPITULATION_BOTTOM,2026-05-07
2025-06-02,0.007518796992481258,0.018152633251771976,0.023593267732587395,0.0054406344808154185,0.2825217794233007,53.333333333333336,0.45809731084225574,CAPITULATION_BOTTOM,2026-05-07
2025-06-03,0.00746268656716409,0.012219375764855966,0.016957907345507464,0.004738531580651498,-0.15515854424415504,53.333333333333336,0.45809731084225574,CAPITULATION_BOTTOM,2026-05-07
2025-06-04,0.0,0.01115832579466978,0.015637042120564573,0.004478716325894793,-0.3138630983720663,46.666666666666664,0.45809731084225574,NORMAL,2026-05-07
2025-06-05,-0.007407407407407418,0.009055880024727193,0.012761724105537258,0.003705844080810065,-0.7897658262907143,40.0,0.45809731084225574,NORMAL,2026-05-07
2025-06-06,-0.007462686567164201,0.012033195024804025,0.015649443078239032,0.003616248053435007,-0.8137970210594029,40.0,0.45809731084225574,NORMAL,2026-05-07
2025-06-09,-0.015037593984962405,0.014330023298524765,0.019100749544801874,0.004770726246277109,-0.03972576000800809,33.33333333333333,0.07835126903978583,NORMAL,2026-05-07
2025-06-10,0.007633587786259444,0.011441328684489658,0.015133939257464793,0.003692610572975135,-0.749328289192066,33.33333333333333,0.07835126903978583,NORMAL,2026-05-07
2025-06-11,0.0,0.009385059356124386,0.013964193873437562,0.004579134517313175,-0.1311773309426167,26.666666666666668,0.07835126903978583,NORMAL,2026-05-07
2025-06-12,0.0,0.014876188725241437,0.019138034762799756,0.004261846037558319,-0.34676326715990785,20.0,0.07835126903978583,NORMAL,2026-05-07
2025-06-13,0.0,0.018982546086964397,0.025250591846844625,0.006268045759880228,1.0511410859115498,26.666666666666668,0.07835126903978583,NORMAL,2026-05-07
2025-06-16,0.015151515151515138,0.014427837899169307,0.02036032653334365,0.005932488634174341,0.7760375388822861,33.33333333333333,0.07835126903978583,NORMAL,2026-05-07
2025-06-17,0.00746268656716409,0.01261271713771257,0.0169664828398534,0.004353765702140831,-0.36474421692644804,26.666666666666668,0.07835126903978583,NORMAL,2026-05-07
2025-06-18,0.0,0.008143768183366039,0.010485508027075999,0.00234173984370996,-1.67793253462777,26.666666666666668,0.07835126903978583,NORMAL,2026-05-07
2025-06-19,0.0,0.008826045069163933,0.013998395181787303,0.00517235011262337,0.30946226588467485,26.666666666666668,0.07835126903978583,NORMAL,2026-05-07
2025-06-20,0.0,0.009848677638389708,0.014584448663397327,0.004735771025007619,-0.005261665897590628,26.666666666666668,0.07835126903978583,NORMAL,2026-05-07
2025-06-23,0.007407407407407307,0.01705055613512305,0.020617765920562983,0.0035672097854399336,-0.8322979447207853,20.0,0.07835126903978583,NORMAL,2026-05-07
2025-06-24,0.007352941176470562,0.01566485147075749,0.023385429087427707,0.007720577616670218,1.9662891165093268,26.666666666666668,0.07835126903978583,NORMAL,2026-05-07
2025-06-25,0.0,0.008657278144549464,0.011232198840840474,0.0025749206962910106,-1.4187180206553056,26.666666666666668,0.07835126903978583,NORMAL,2026-05-07
2025-06-26,0.0,0.008355911843464316,0.012065106973448567,0.003709195129984251,-0.6459723651614275,26.666666666666668,0.07835126903978583,NORMAL,2026-05-07
2025-06-27,0.0,0.008650227877793038,0.013368324573775606,0.004718096695982568,0.028839239087605342,33.33333333333333,0.07835126903978583,NORMAL,2026-05-07
2025-06-30,0.007299270072992581,0.007381374262703658,0.009391789996388223,0.002010415733684565,-1.651817899071194,33.33333333333333,0.07835126903978583,NORMAL,2026-05-07
2025-07-01,0.0,0.0109447745782375,0.014481097169870462,0.003536322591632961,-0.6347038721835458,33.33333333333333,0.07835126903978583,NORMAL,2026-05-07
2025-07-02,0.0,0.011938298356192388,0.01915278164312976,0.00721448328693737,1.625318894512047,40.0,0.07835126903978583,NORMAL,2026-05-07
2025-07-03,0.0,0.011620677407155482,0.018044296973692947,0.006423619566537465,1.066790197130602,46.666666666666664,0.07835126903978583,NORMAL,2026-05-07
2025-07-04,0.007246376811594235,0.010518423980756954,0.014846582313128676,0.0043281583323717225,-0.23663064289712774,40.0,0.07835126903978583,NORMAL,2026-05-07
2025-07-07,0.007194244604316502,0.011732558333879636,0.017399767653068565,0.005667209319188928,0.5992153355155027,40.0,0.06608622953211195,NORMAL,2026-05-07
2025-07-08,0.014285714285714235,0.011254302772619566,0.013950321303133858,0.002696018530514292,-1.244847099646192,40.0,0.06608622953211195,NORMAL,2026-05-07
2025-07-09,0.007042253521126751,0.01243608719780691,0.016936305093468707,0.004500217895661797,-0.09031773421930211,40.0,0.06608622953211195,NORMAL,2026-05-07
2025-07-10,0.013986013986013957,0.014116355842397602,0.01776049259355761,0.0036441367511600067,-0.62807344347437,33.33333333333333,0.06608622953211195,NORMAL,2026-05-07
2025-07-11,0.006896551724137945,0.015702032948773155,0.019640648593287232,0.003938615644514077,-0.4198291958727586,33.33333333333333,0.06608622953211195,NORMAL,2026-05-07
2025-07-14,0.006849315068493178,0.013614094331334828,0.019271935975222667,0.005657841643887839,0.7173041641618586,40.0,0.06608622953211195,NORMAL,2026-05-07
2025-07-15,-0.006802721088435382,0.010831932985850105,0.015408554965925792,0.004576621980075687,-0.023376785389847984,33.33333333333333,0.06608622953211195,NORMAL,2026-05-07
2025-07-16,0.013698630136986356,0.011617918227087022,0.014756831019936663,0.0031389127928496408,-0.9825281748244244,33.33333333333333,0.06608622953211195,NORMAL,2026-05-07
2025-07-17,0.006756756756756799,0.013164754539448164,0.020663659112657926,0.007498904573209762,1.8386338517460792,40.0,0.06608622953211195,NORMAL,2026-05-07
2025-07-18,0.006711409395973256,0.015353630954474588,0.020438649091225173,0.005085018136750585,0.2558170502929084,40.0,0.06608622953211195,NORMAL,2026-05-07
2025-07-21,-0.00666666666666671,0.0164897958889972,0.022019418276905477,0.005529622387908276,0.5351787669246701,46.666666666666664,0.06608622953211195,NORMAL,2026-05-07
2025-07-22,0.01342281879194629,0.015128506563645519,0.02049194747533567,0.005363440911690151,0.40993263103289007,53.333333333333336,0.06608622953211195,DISTRIBUTION_PEAK,2026-05-07
2025-07-23,0.0,0.01624360565235664,0.020998319977003018,0.004754714324646379,-0.012266397253594588,46.666666666666664,0.06608622953211195,NORMAL,2026-05-07
2025-07-24,0.0066225165562914245,0.015275634210157204,0.020010716038904263,0.004735081828747059,-0.0255896568418888,40.0,0.06608622953211195,NORMAL,2026-05-07
2025-07-25,0.006578947368421018,0.01740819016964273,0.0252622387013472,0.007854048531704468,1.9603405800000309,46.666666666666664,0.06608622953211195,NORMAL,2026-05-07
2025-07-28,0.019607843137254832,0.021517971094172552,0.026539089032299956,0.005021117938127404,0.06551576171154007,46.666666666666664,0.06608622953211195,NORMAL,2026-05-07
2025-07-29,-0.044871794871794934,0.021523795403019717,0.02485032364609558,0.0033265282430758637,-1.0377170550557555,46.666666666666664,0.06608622953211195,NORMAL,2026-05-07
2025-07-30,0.01342281879194629,0.02182515376257553,0.027748935113217958,0.005923781350642428,0.7067223265817844,53.333333333333336,0.06608622953211195,DISTRIBUTION_PEAK,2026-05-07
2025-07-31,-0.0066225165562914245,0.018707712973657253,0.027297586537649795,0.008589873563992542,2.158488676593555,60.0,0.06608622953211195,DISTRIBUTION_PEAK,2026-05-07
2025-08-01,0.0,0.015392931204624984,0.020667718277178674,0.00527478707255369,0.11679604469223429,66.66666666666666,0.06608622953211195,DISTRIBUTION_PEAK,2026-05-07
2025-08-04,0.020000000000000018,0.015647012868910758,0.021166958082748027,0.005519945213837269,0.2641375762137516,66.66666666666666,0.17112400533308375,DISTRIBUTION_PEAK,2026-05-07
2025-08-05,0.013071895424836555,0.02312570641888781,0.02846882997654054,0.005343123557652731,0.1462828497056723,73.33333333333333,0.17112400533308375,DISTRIBUTION_PEAK,2026-05-07
2025-08-06,0.012903225806451646,0.015166713226456692,0.02192476986609873,0.006758056639642039,1.0253378723894628,80.0,0.17112400533308375,DISTRIBUTION_PEAK,2026-05-07
2025-08-07,0.006369426751592355,0.018341544160338927,0.025014302321621256,0.006672758161282329,0.9237560863966441,80.0,0.17112400533308375,DISTRIBUTION_PEAK,2026-05-07
2025-08-08,0.0,0.020183052234305273,0.027771539298520574,0.007588487064215301,1.4103923114833596,80.0,0.17112400533308375,DISTRIBUTION_PEAK,2026-05-07
2025-08-11,0.012658227848101333,0.01817680474892139,0.02389531959911101,0.0057185148501896176,0.20725525533770323,80.0,0.17112400533308375,DISTRIBUTION_PEAK,2026-05-07
2025-08-12,0.006250000000000089,0.01648460298375876,0.02225069638499477,0.00576609340123601,0.2322447938971102,80.0,0.17112400533308375,DISTRIBUTION_PEAK,2026-05-07
2025-08-13,0.0,0.018004611453796168,0.026023982331153113,0.008019370877356945,1.5858359700896834,86.66666666666667,0.17112400533308375,DISTRIBUTION_PEAK,2026-05-07
2025-08-14,0.01863354037267073,0.02231471486351449,0.02740547152976644,0.005090756666251951,-0.28485716627883845,86.66666666666667,0.17112400533308375,DISTRIBUTION_PEAK,2026-05-07
2025-08-15,-0.0060975609756097615,0.020929994294499845,0.028127342547342716,0.007197348252842871,1.039666750378007,86.66666666666667,0.17112400533308375,DISTRIBUTION_PEAK,2026-05-07
2025-08-18,0.006134969325153339,0.01968483684767016,0.026428307524391032,0.006743470676720872,0.7149066488430287,86.66666666666667,0.17112400533308375,DISTRIBUTION_PEAK,2026-05-07
2025-08-19,0.0060975609756097615,0.019056576299725212,0.02566331982387879,0.0066067435241535764,0.6032540688055722,93.33333333333333,0.17112400533308375,DISTRIBUTION_PEAK,2026-05-07
2025-08-20,0.0060606060606061,0.03063779521373408,0.03538591423163182,0.004748119017897741,-0.6218931727361973,86.66666666666667,0.17112400533308375,DISTRIBUTION_PEAK,2026-05-07
2025-08-21,0.01807228915662651,0.026733832207510466,0.0320546402102245,0.005320808002714034,-0.22578175815144233,80.0,0.17112400533308375,DISTRIBUTION_PEAK,2026-05-07
2025-08-22,-0.023668639053254448,0.02381260430117901,0.029057787190729358,0.005245182889550348,-0.2711228672480431,73.33333333333333,0.17112400533308375,DISTRIBUTION_PEAK,2026-05-07
2025-08-25,-0.024242424242424176,0.02432690078240581,0.03083448861795997,0.006507587835554163,0.6083296820029082,73.33333333333333,0.17112400533308375,DISTRIBUTION_PEAK,2026-05-07
2025-08-26,0.03726708074534146,0.01635448828107956,0.01958985339332743,0.003235365112247871,-1.599480072100727,66.66666666666666,0.17112400533308375,DISTRIBUTION_PEAK,2026-05-07
2025-08-27,0.0,0.01704500314057601,0.02413465412180732,0.007089650981231311,1.0100655129808793,66.66666666666666,0.17112400533308375,DISTRIBUTION_PEAK,2026-05-07
2025-08-28,0.0059880239520957446,0.013283588155487728,0.01697582175635608,0.003692233600868353,-1.2451888029052667,60.0,0.17112400533308375,DISTRIBUTION_PEAK,2026-05-07
2025-08-29,0.0,0.013158721423282338,0.018775573451729918,0.00561685202844758,0.057178742164535175,60.0,0.17112400533308375,DISTRIBUTION_PEAK,2026-05-07
2025-09-03,0.0,0.022128616696575946,0.029913491880529396,0.00778487518395345,1.4389553169345557,60.0,0.15059148463865993,DISTRIBUTION_PEAK,2026-05-07
2025-09-04,0.011904761904761862,0.015721943968282276,0.021224370591941384,0.005502426623659108,-0.09299407507757057,53.333333333333336,0.15059148463865993,DISTRIBUTION_PEAK,2026-05-07
2025-09-05,-0.01764705882352946,0.016348800181764538,0.019605504093343707,0.0032567039115791695,-1.5020603927772398,46.666666666666664,0.15059148463865993,NORMAL,2026-05-07
2025-09-08,-0.029940119760478945,0.02122255242628564,0.025365289614539085,0.004142737188253445,-0.873693208167162,46.666666666666664,0.15059148463865993,NORMAL,2026-05-07
2025-09-09,0.012345679012345512,0.013607785416483019,0.016930366250402454,0.0033225808339194356,-1.3200881213950852,40.0,0.15059148463865993,NORMAL,2026-05-07
2025-09-10,0.0,0.012587747388503216,0.016656311656859338,0.004068564268356122,-0.7999555583272504,33.33333333333333,0.15059148463865993,NORMAL,2026-05-07
2025-09-11,0.012195121951219523,0.01589391502546973,0.020825546347402604,0.004931631321932875,-0.22747905506335722,26.666666666666668,0.15059148463865993,NORMAL,2026-05-07
2025-09-12,0.006024096385542244,0.01198461321092187,0.016519610870129157,0.004534997659207287,-0.4788881342591401,26.666666666666668,0.15059148463865993,NORMAL,2026-05-07
2025-09-15,0.0059880239520957446,0.011758909128712735,0.01710333466380496,0.005344425535092226,0.07354296195072324,33.33333333333333,0.15059148463865993,NORMAL,2026-05-07
2025-09-16,0.0,0.014675791302290369,0.01791355819943842,0.0032377668971480516,-1.307636924347253,33.33333333333333,0.15059148463865993,NORMAL,2026-05-07
2025-09-17,-0.005952380952380931,0.014521855942336872,0.01798076228677722,0.003458906344440349,-1.0913597692382255,26.666666666666668,0.15059148463865993,NORMAL,2026-05-07
2025-09-18,0.0,0.011146782755854144,0.014902427730913007,0.0037556449750588625,-0.8504715852125635,26.666666666666668,0.15059148463865993,NORMAL,2026-05-07
2025-09-19,-0.005988023952095856,0.012663400615801191,0.018413085227289093,0.005749684611487902,0.5003748559811853,26.666666666666668,0.15059148463865993,NORMAL,2026-05-07
2025-09-22,-0.01807228915662651,0.014718459265194456,0.02000022093447546,0.005281761669281005,0.1692450170897047,33.33333333333333,0.15059148463865993,NORMAL,2026-05-07
2025-09-23,0.006134969325153339,0.010091974906446723,0.014309481071270419,0.004217506164823696,-0.5724616769037902,26.666666666666668,0.15059148463865993,NORMAL,2026-05-07
2025-09-24,0.012195121951219523,0.014392420885221845,0.019364988640175378,0.004972567754953533,-0.022858246560921582,20.0,0.15059148463865993,NORMAL,2026-05-07
2025-09-25,0.006024096385542244,0.014556399900717783,0.020875499239391745,0.006319099338673962,0.9345550789626114,26.666666666666668,0.15059148463865993,NORMAL,2026-05-07
2025-09-26,-0.005988023952095856,0.011899170107274884,0.01705246338012663,0.005153293272851744,0.06252864348046433,33.33333333333333,0.15059148463865993,NORMAL,2026-05-07
2025-09-29,0.006024096385542244,0.015136550130989763,0.018988494093734636,0.0038519439627448734,-0.8913267191059195,33.33333333333333,0.15059148463865993,NORMAL,2026-05-07
2025-09-30,-0.005988023952095856,0.014499351643354568,0.0196570725487461,0.00515772090539153,0.10907204359111862,40.0,0.15059148463865993,NORMAL,2026-05-07
2025-10-01,0.006024096385542244,0.01178264672381875,0.017263877424062178,0.005481230700243428,0.3536759202650324,46.666666666666664,0.2452460676517531,NORMAL,2026-05-07
2025-10-02,-0.0119760479041916,0.013278273788651379,0.016270283016763178,0.002992009228111799,-1.5093532580357645,46.666666666666664,0.2452460676517531,NORMAL,2026-05-07
2025-10-03,0.0,0.016315085840575724,0.020205145757746037,0.003890059917170313,-0.7811966553510435,46.666666666666664,0.2452460676517531,NORMAL,2026-05-07
2025-10-06,0.030303030303030276,0.018605385611444973,0.02277162315854879,0.004166237547103817,-0.5472074452667354,40.0,0.2452460676517531,NORMAL,2026-05-07
2025-10-07,-0.00588235294117645,0.011066877426611483,0.01381276195682108,0.0027458845302095972,-1.5301372786074754,40.0,0.2452460676517531,NORMAL,2026-05-07
2025-10-08,0.00591715976331364,0.011862790575449974,0.01657191628955987,0.004709125714109898,-0.03207002463782153,40.0,0.2452460676517531,NORMAL,2026-05-07
2025-10-09,0.0117647058823529,0.015091074686641153,0.019341019135395616,0.004249944448754463,-0.3800090410630268,40.0,0.2452460676517531,NORMAL,2026-05-07
2025-10-10,0.01744186046511631,0.01599182632810274,0.01968143554022572,0.003689609212122979,-0.7936212300206525,33.33333333333333,0.2452460676517531,NORMAL,2026-05-07
2025-10-13,0.011428571428571344,0.02131742443422525,0.02608625666927114,0.00476883223504589,0.07352535398896183,33.33333333333333,0.2452460676517531,NORMAL,2026-05-07
2025-10-14,-0.005649717514124353,0.016450671370919528,0.022288161622703837,0.005837490251784309,0.9115053056466235,40.0,0.2452460676517531,NORMAL,2026-05-07
2025-10-15,0.0,0.01341492444503865,0.01923707775019242,0.00582215330515377,0.8594185474855648,46.666666666666664,0.2452460676517531,NORMAL,2026-05-07
2025-10-16,0.005681818181818121,0.01489276521933343,0.02103261140231604,0.006139846182982611,1.0629277802957833,46.666666666666664,0.2452460676517531,NORMAL,2026-05-07
2025-10-17,-0.02259887005649719,0.01393117137279712,0.017190265985481623,0.0032590946126845027,-1.2350851012228385,40.0,0.2452460676517531,NORMAL,2026-05-07
2025-10-20,-0.052023121387283267,0.01611874453967353,0.017251943164451257,0.001133198624777728,-2.409728943500421,40.0,0.2452460676517531,NORMAL,2026-05-07
2025-10-21,0.012195121951219523,0.028253492237295515,0.03691035933515574,0.008656867097860226,2.326636577774372,40.0,0.2452460676517531,NORMAL,2026-05-07
2025-10-22,0.012048192771084265,0.015122009535927168,0.019137231596335038,0.00401522206040787,-0.4573490262264724,33.33333333333333,0.2452460676517531,NORMAL,2026-05-07
2025-10-23,0.005952380952380931,0.017242544830504546,0.02207864640074868,0.0048361015702441355,0.04607163806307924,40.0,0.2452460676517531,NORMAL,2026-05-07
2025-10-24,-0.00591715976331364,0.01404335528402466,0.018411880870500365,0.004368525586475705,-0.24209229360145354,40.0,0.2452460676517531,NORMAL,2026-05-07
2025-10-27,-0.017857142857142905,0.02282736665794322,0.02825129639861758,0.00542392974067436,0.42595345919985994,46.666666666666664,0.2452460676517531,NORMAL,2026-05-07
2025-10-28,0.0181818181818183,0.01357238614743272,0.0170454414725858,0.003473055325153079,-0.8221997436825528,46.666666666666664,0.2452460676517531,NORMAL,2026-05-07
2025-10-29,0.005952380952380931,0.013585345593884458,0.02010976677499762,0.006524421181113162,1.13088527315589,53.333333333333336,0.35308323955267484,CAPITULATION_BOTTOM,2026-05-07
2025-10-30,-0.01183431952662728,0.014364973530274343,0.02059947682087865,0.006234503290604305,0.8976914784686066,60.0,0.35308323955267484,CAPITULATION_BOTTOM,2026-05-07
2025-10-31,-0.017964071856287456,0.01977181227782943,0.0260106194702646,0.006238807192435171,0.8609947867593625,66.66666666666666,0.35308323955267484,CAPITULATION_BOTTOM,2026-05-07
2025-11-03,-0.012195121951219412,0.023314112029734733,0.029490952009613377,0.0061768399798786434,0.7866008060107456,66.66666666666666,0.35308323955267484,CAPITULATION_BOTTOM,2026-05-07
2025-11-04,0.01851851851851838,0.02356988311416404,0.02976826055931086,0.00619837744514682,0.7689563189403303,66.66666666666666,0.35308323955267484,CAPITULATION_BOTTOM,2026-05-07
2025-11-05,0.0,0.02102612787263035,0.025719781422643365,0.004693653550013017,-0.23856441436393672,60.0,0.35308323955267484,CAPITULATION_BOTTOM,2026-05-07
2025-11-06,-0.0060606060606061,0.01025682160243357,0.012726408919965534,0.0024695873175319648,-1.6073095439784137,53.333333333333336,0.35308323955267484,CAPITULATION_BOTTOM,2026-05-07
2025-11-07,-0.024390243902438935,0.013866706340975825,0.01783236281162677,0.003965656470650945,-0.6023896692218143,53.333333333333336,0.35308323955267484,CAPITULATION_BOTTOM,2026-05-07
2025-11-10,-0.012499999999999956,0.014858602883507745,0.019351962171859936,0.004493359288352192,-0.2434878863670337,53.333333333333336,0.35308323955267484,CAPITULATION_BOTTOM,2026-05-07
2025-11-11,0.006329113924050667,0.01336235812683102,0.018439069827316877,0.005076711700485858,0.1513296544114324,53.333333333333336,0.35308323955267484,CAPITULATION_BOTTOM,2026-05-07
2025-11-12,0.025157232704402288,0.013727268394729025,0.017779571884126953,0.004052303489397929,-0.5478305615191766,53.333333333333336,0.35308323955267484,CAPITULATION_BOTTOM,2026-05-07
2025-11-13,0.0,0.014517213498847993,0.0206409234482159,0.006123709949367907,0.8861715873799276,53.333333333333336,0.35308323955267484,CAPITULATION_BOTTOM,2026-05-07
2025-11-14,0.006134969325153339,0.010985983326089816,0.016281718088310648,0.0052957347622208314,0.2860766052252893,60.0,0.35308323955267484,CAPITULATION_BOTTOM,2026-05-07
2025-11-17,0.0060975609756097615,0.014897264406498797,0.021828724220138773,0.006931459813639976,1.3728914138201311,60.0,0.35308323955267484,CAPITULATION_BOTTOM,2026-05-07
2025-11-18,0.0060606060606061,0.012178737859218648,0.01580454142924481,0.0036258035700261638,-0.934774882522599,60.0,0.35308323955267484,CAPITULATION_BOTTOM,2026-05-07
2025-11-19,-0.0060240963855421326,0.012389557706707091,0.01730538394827283,0.004915826241565738,-0.014350215953211086,53.333333333333336,0.35308323955267484,CAPITULATION_BOTTOM,2026-05-07
2025-11-20,0.0060606060606061,0.011739502294281135,0.0143630061203729,0.0026235038260917654,-1.5423067036313205,46.666666666666664,0.35308323955267484,NORMAL,2026-05-07
2025-11-21,-0.0060240963855421326,0.009854875433846793,0.013727815703152117,0.0038729402693053246,-0.642519987466128,40.0,0.35308323955267484,NORMAL,2026-05-07
2025-11-24,0.0121212121212122,0.0186979789983377,0.02145713659121724,0.002759157592879539,-1.332317926385331,33.33333333333333,0.35308323955267484,NORMAL,2026-05-07
2025-11-25,-0.005988023952095856,0.01416837191885343,0.018416887554618528,0.004248515635765098,-0.2901675800548603,26.666666666666668,0.35308323955267484,NORMAL,2026-05-07
2025-11-26,0.012048192771084265,0.014364555535475842,0.019982108473267823,0.005617552937791981,0.6578698740308521,33.33333333333333,0.283490139730404,NORMAL,2026-05-07
2025-11-27,0.0,0.012188338151348599,0.01688387036408565,0.004695532212737051,-0.005843116641926096,33.33333333333333,0.283490139730404,NORMAL,2026-05-07
2025-11-28,0.005952380952380931,0.014665191474472372,0.017943932992636483,0.0032787415181641105,-0.998536266452546,33.33333333333333,0.283490139730404,NORMAL,2026-05-07
2025-12-01,0.00591715976331364,0.014179298277628438,0.01700957836827311,0.0028302800906446733,-1.2424196291271599,33.33333333333333,0.283490139730404,NORMAL,2026-05-07
2025-12-02,0.0117647058823529,0.011749734589013107,0.013713399506752854,0.0019636649177397474,-1.6825498530115541,26.666666666666668,0.283490139730404,NORMAL,2026-05-07
2025-12-03,0.005813953488372103,0.013099623955412613,0.018147638451802194,0.0050480144963895805,0.4176279079615751,33.33333333333333,0.283490139730404,NORMAL,2026-05-07
2025-12-04,0.005780346820809301,0.010574902326367083,0.0134742998492722,0.0028993975229051165,-1.0278792036909306,26.666666666666668,0.283490139730404,NORMAL,2026-05-07
2025-12-05,0.0,0.01564315241941561,0.018975797879465482,0.003332645460049872,-0.6989899568456023,20.0,0.283490139730404,NORMAL,2026-05-07
2025-12-08,0.005747126436781658,0.019330039113877866,0.02264387111934506,0.0033138320054671953,-0.6860129020422066,13.333333333333334,0.283490139730404,NORMAL,2026-05-07
2025-12-09,0.0,0.014310242595935907,0.01833001926077024,0.004019776664834334,-0.17743135212452846,13.333333333333334,0.283490139730404,NORMAL,2026-05-07
2025-12-10,-0.017142857142857126,0.01899860357098754,0.0221223866118246,0.0031237830408370575,-0.7983941744929267,13.333333333333334,0.283490139730404,NORMAL,2026-05-07
2025-12-11,-0.011627906976744207,0.008197949812509481,0.010011578965828638,0.0018136291533191566,-1.6005128841360843,13.333333333333334,0.283490139730404,NORMAL,2026-05-07
2025-12-12,-0.02941176470588236,0.019751063063227936,0.023979132671881842,0.004228069608653906,0.0945765506888135,20.0,0.283490139730404,NORMAL,2026-05-07
2025-12-15,0.0,0.014081414897184319,0.020301216615313686,0.006219801718129367,1.4118387429851658,26.666666666666668,0.283490139730404,NORMAL,2026-05-07
2025-12-16,0.0181818181818183,0.020037974583938325,0.02748462064697529,0.007446646063036966,1.9737589151146557,33.33333333333333,0.283490139730404,NORMAL,2026-05-07
2025-12-17,-0.005952380952380931,0.011015276032535966,0.016425392868340775,0.005410116835804809,0.648146946911646,33.33333333333333,0.283490139730404,NORMAL,2026-05-07
2025-12-18,0.0059880239520957446,0.01101180858856987,0.015788429274573808,0.004776620686003938,0.23138677445045183,40.0,0.283490139730404,NORMAL,2026-05-07
2025-12-19,0.011904761904761862,0.014300748409250155,0.01996207605871737,0.005661327649467215,0.7851911133921133,46.666666666666664,0.283490139730404,NORMAL,2026-05-07
2025-12-22,0.02941176470588247,0.01877090371379356,0.02162855328269705,0.0028576495689034906,-1.0338750836908672,46.666666666666664,0.283490139730404,NORMAL,2026-05-07
2025-12-23,0.011428571428571344,0.02281869680833176,0.02639968843727319,0.0035809916289414323,-0.5340015311669711,46.666666666666664,0.283490139730404,NORMAL,2026-05-07
2025-12-24,0.005649717514124353,0.01148800743621532,0.017144002188120618,0.005655994751905298,0.8362122132871567,46.666666666666664,0.31933087716697406,NORMAL,2026-05-07
2025-12-25,-0.022471910112359605,0.014088399373039854,0.01954415969584536,0.005455760322805505,0.6740504846138978,53.333333333333336,0.31933087716697406,NORMAL,2026-05-07
2025-12-26,-0.005747126436781658,0.011641736239442637,0.016523913414870705,0.004882177175428068,0.2700481811261468,60.0,0.31933087716697406,NORMAL,2026-05-07
2025-12-29,0.011560693641618602,0.01626408372464948,0.020394425333784966,0.004130341609135484,-0.25507839972935054,60.0,0.31933087716697406,NORMAL,2026-05-07
2025-12-30,0.011428571428571344,0.015240867527491084,0.019298601449565276,0.004057733922074192,-0.29936373700713215,60.0,0.31933087716697406,NORMAL,2026-05-07
2025-12-31,0.005649717514124353,0.0177249281651756,0.022292639443282865,0.004567711278107265,0.07653354020002276,66.66666666666666,0.31933087716697406,NORMAL,2026-05-07
2026-01-05,0.00561797752808979,0.02633006765921592,0.032533227887735036,0.006203160228519116,1.233628128424963,73.33333333333333,0.31933087716697406,NORMAL,2026-05-07
2026-01-06,0.016759776536312776,0.020526131172183885,0.026558359856523255,0.0060322286843393705,1.0470745843511027,73.33333333333333,0.31933087716697406,NORMAL,2026-05-07
2026-01-07,0.0219780219780219,0.016190141092334773,0.022676895785584232,0.006486754693249459,1.290300454877024,73.33333333333333,0.31933087716697406,NORMAL,2026-05-07
2026-01-08,0.0,0.015792042225287562,0.02294339804099423,0.007151355815706667,1.608391048962198,73.33333333333333,0.31933087716697406,NORMAL,2026-05-07
2026-01-09,0.005376344086021501,0.03219365288119253,0.03945864182483437,0.007264988943641838,1.5395867591093524,73.33333333333333,0.31933087716697406,NORMAL,2026-05-07
2026-01-12,0.0053475935828875,0.03294123567856619,0.03827466163589841,0.005333425957332223,0.2471095058156628,73.33333333333333,0.31933087716697406,NORMAL,2026-05-07
2026-01-13,0.010638297872340496,0.02088032752770039,0.028327221134485034,0.007446893606784643,1.5396445137562933,73.33333333333333,0.31933087716697406,NORMAL,2026-05-07
2026-01-14,-0.0052631578947368585,0.02175301644184095,0.02869026002773078,0.006937243585889832,1.1360557842081858,80.0,0.31933087716697406,NORMAL,2026-05-07
2026-01-15,-0.015873015873015817,0.024364794850732,0.0327068981816143,0.008342103330882297,1.8138529789919617,86.66666666666667,0.31933087716697406,NORMAL,2026-05-07
2026-01-16,0.010752688172043001,0.02017548669790709,0.024400325429348814,0.004224838731441725,-0.6465087589056677,80.0,0.31933087716697406,NORMAL,2026-05-07
2026-01-19,0.010638297872340496,0.012860212160335616,0.0181513853099678,0.005291173149632185,0.005715588863786339,80.0,0.31933087716697406,NORMAL,2026-05-07
2026-01-20,-0.0052631578947368585,0.013363367134080624,0.019779129281639832,0.006415762147559208,0.6849708216386605,80.0,0.31933087716697406,NORMAL,2026-05-07
2026-01-21,0.0,0.02087140888667677,0.027891604760188333,0.007020195873511562,1.0139188913249073,86.66666666666667,0.31933087716697406,NORMAL,2026-05-07
2026-01-22,-0.005291005291005346,0.024985718927155343,0.03368034257739669,0.008694623650241345,1.835319540138999,93.33333333333333,0.31933087716697406,NORMAL,2026-05-07
2026-01-23,-0.005319148936170137,0.01988776177698099,0.024779042660873957,0.004891280883892967,-0.39364872230104464,86.66666666666667,0.08971095493401841,DISTRIBUTION_PEAK,2026-05-07
2026-01-26,-0.016042780748663166,0.024337475471058564,0.03096355486342548,0.006626079392366917,0.6272938186987683,86.66666666666667,0.08971095493401841,DISTRIBUTION_PEAK,2026-05-07
2026-01-27,-0.005434782608695676,0.019385482633841294,0.02761433985860023,0.008228857224758936,1.4737810724294291,86.66666666666667,0.08971095493401841,DISTRIBUTION_PEAK,2026-05-07
2026-01-28,-0.016393442622950838,0.024680870821895424,0.030604175663226766,0.005923304841331342,0.112914086022023,86.66666666666667,0.08971095493401841,DISTRIBUTION_PEAK,2026-05-07
2026-01-29,0.005555555555555536,0.014906113870924815,0.02088715640872291,0.005981042537798095,0.1440430594681793,86.66666666666667,0.08971095493401841,DISTRIBUTION_PEAK,2026-05-07
2026-01-30,0.011049723756906049,0.012731632958681568,0.016597606983861445,0.0038659740251798767,-1.0990383233156278,80.0,0.08971095493401841,DISTRIBUTION_PEAK,2026-05-07
2026-02-02,-0.010928961748633892,0.02264772894975959,0.031742053676612425,0.009094324726852836,1.8612901764641288,80.0,0.08971095493401841,DISTRIBUTION_PEAK,2026-05-07
2026-02-03,0.0,0.011790768330962379,0.018636777257008772,0.006846008926046393,0.5625288861359794,80.0,0.08971095493401841,DISTRIBUTION_PEAK,2026-05-07
2026-02-04,-0.011049723756906049,0.01804085981921744,0.023484159994936773,0.005443300175719333,-0.24268363706712887,73.33333333333333,0.08971095493401841,DISTRIBUTION_PEAK,2026-05-07
2026-02-05,-0.005586592178770999,0.01788761134158965,0.02306309328824219,0.00517548194665254,-0.38986813154244654,66.66666666666666,0.08971095493401841,DISTRIBUTION_PEAK,2026-05-07
2026-02-06,-0.011235955056179803,0.01913396844197225,0.023147890590206593,0.004013922148234341,-1.0351620543036062,66.66666666666666,0.08971095493401841,DISTRIBUTION_PEAK,2026-05-07
2026-02-09,-0.005681818181818232,0.012822424437198856,0.017224974423823054,0.004402549986624198,-0.7689575355076607,60.0,0.08971095493401841,DISTRIBUTION_PEAK,2026-05-07
2026-02-10,0.0,0.020380108584104883,0.03087485397543328,0.010494745391328397,2.393538625200707,60.0,0.08971095493401841,DISTRIBUTION_PEAK,2026-05-07
2026-02-11,0.028571428571428692,0.01740702224526477,0.023485644737767694,0.006078622492502923,0.08953181813973815,60.0,0.08971095493401841,DISTRIBUTION_PEAK,2026-05-07
2026-02-12,0.005555555555555536,0.012222642972065118,0.017140271690232276,0.004917628718167158,-0.5140611433436275,53.333333333333336,0.08971095493401841,DISTRIBUTION_PEAK,2026-05-07
2026-02-13,0.005524861878453136,0.010972387956419747,0.01636842869379835,0.005396040737378602,-0.24713882068438156,53.333333333333336,0.08971095493401841,DISTRIBUTION_PEAK,2026-05-07
2026-02-23,0.0219780219780219,0.01753254069453592,0.02240786524116898,0.004875324546633059,-0.520110392201865,46.666666666666664,0.08971095493401841,NORMAL,2026-05-07
2026-02-24,0.005376344086021501,0.016961407995152705,0.024509741625371145,0.007548333630218441,0.9474566472365334,46.666666666666664,0.08971095493401841,NORMAL,2026-05-07
2026-02-25,-0.005347593582887722,0.01730568610588635,0.023538715980084245,0.006233029874197896,0.19602719832619303,46.666666666666664,0.08971095493401841,NORMAL,2026-05-07
2026-02-26,0.010752688172043001,0.017434259534468265,0.021926808094026095,0.00449254855955783,-0.7824021560167924,40.0,0.08971095493401841,NORMAL,2026-05-07
2026-02-27,0.0,0.018658148961610936,0.024274374048784405,0.005616225087173469,-0.12061218360036986,40.0,0.16152733319466173,NORMAL,2026-05-07
2026-03-02,-0.015957446808510523,0.03326497168476066,0.043298645351471494,0.010033673666710832,2.1496905105807596,40.0,0.16152733319466173,NORMAL,2026-05-07
2026-03-03,-0.021621621621621623,0.03069611530673617,0.04292623611207805,0.012230120805341877,2.6030704943477607,40.0,0.16152733319466173,NORMAL,2026-05-07
2026-03-04,0.005524861878453136,0.027005381348610198,0.034343652389588045,0.0073382710409778465,0.43331180125603774,46.666666666666664,0.16152733319466173,NORMAL,2026-05-07
2026-03-05,-0.005494505494505475,0.018402464452526756,0.02621195735368191,0.007809492901155155,0.6228674361131303,53.333333333333336,0.16152733319466173,DISTRIBUTION_PEAK,2026-05-07
2026-03-06,-0.02209944751381221,0.021900551508174593,0.028468827521085094,0.0065682760129105,0.05493690592864454,60.0,0.16152733319466173,DISTRIBUTION_PEAK,2026-05-07
2026-03-09,-0.06779661016949157,0.004943737103867787,0.012709571459683065,0.007765834355815278,0.594539510930853,66.66666666666666,0.16152733319466173,DISTRIBUTION_PEAK,2026-05-07
2026-03-10,0.0181818181818183,0.03212873625311678,0.040600360617944385,0.008471624364827603,0.8880398064698055,66.66666666666666,0.16152733319466173,DISTRIBUTION_PEAK,2026-05-07
2026-03-11,0.029761904761904878,0.021659588460249426,0.026197892423957862,0.0045383039637084364,-0.9415524111165369,60.0,0.16152733319466173,DISTRIBUTION_PEAK,2026-05-07
2026-03-12,-0.011560693641618491,0.022561185147630954,0.03002095626727798,0.007459771119647025,0.44050680170119627,66.66666666666666,0.16152733319466173,DISTRIBUTION_PEAK,2026-05-07
2026-03-13,-0.005847953216374324,0.020966211821279,0.028765906051475096,0.007799694230196094,0.5858135531387276,73.33333333333333,0.16152733319466173,DISTRIBUTION_PEAK,2026-05-07
2026-03-16,-0.00588235294117645,0.0187851199443167,0.027439653381540044,0.008654533437223343,0.959964040571351,80.0,0.16152733319466173,DISTRIBUTION_PEAK,2026-05-07
2026-03-17,0.01183431952662728,0.02251275349696012,0.03186026161038748,0.009347508113427359,1.2201452206038688,80.0,0.16152733319466173,DISTRIBUTION_PEAK,2026-05-07
2026-03-18,0.0,0.018729517991242693,0.028757403073710792,0.010027885082468099,1.429773688200804,80.0,0.16152733319466173,DISTRIBUTION_PEAK,2026-05-07
2026-03-19,-0.005847953216374324,0.017550460887371618,0.02426674359748238,0.006716282710110762,-0.13036361202458124,80.0,0.16152733319466173,DISTRIBUTION_PEAK,2026-05-07
2026-03-20,-0.02941176470588236,0.022650311399716367,0.029549628989106354,0.006899317589389987,-0.040765342952911,80.0,0.16152733319466173,DISTRIBUTION_PEAK,2026-05-07
2026-03-23,-0.036363636363636265,0.019626997792828237,0.023858068128261956,0.004231070335433719,-1.2728148117972302,73.33333333333333,0.16152733319466173,DISTRIBUTION_PEAK,2026-05-07
2026-03-24,0.012578616352201255,0.019453406601889375,0.024550825647686562,0.005097419045797188,-0.8156531895876719,66.66666666666666,0.16152733319466173,DISTRIBUTION_PEAK,2026-05-07
2026-03-25,0.03105590062111796,0.013999518138108026,0.017469804820160594,0.0034702866820525684,-1.4797789253726699,60.0,0.16152733319466173,DISTRIBUTION_PEAK,2026-05-07
2026-03-26,-0.012048192771084376,0.01553868425635647,0.022558287941564864,0.0070196036852083945,0.19257999223694555,60.0,0.16152733319466173,DISTRIBUTION_PEAK,2026-05-07
2026-03-27,0.018292682926829285,0.015153214266809007,0.02053280079640815,0.0053795865295991445,-0.5812664722359381,53.333333333333336,0.29530340566341573,NORMAL,2026-05-07
2026-03-30,-0.005988023952095856,0.015886138389328466,0.020674872668335273,0.004788734279006807,-0.834664805882421,46.666666666666664,0.29530340566341573,NORMAL,2026-05-07
2026-03-31,0.006024096385542244,0.0153754300914337,0.02044909337538399,0.0050736632839502895,-0.6684830096160248,40.0,0.29530340566341573,NORMAL,2026-05-07
2026-04-01,0.017964071856287456,0.019604131619251824,0.02604457375905304,0.006440442139801217,0.016657837855242146,46.666666666666664,0.29530340566341573,NORMAL,2026-05-07
2026-04-02,-0.00588235294117645,0.01197107867697122,0.019181554704266465,0.007210476027295245,0.40078124553239003,46.666666666666664,0.29530340566341573,NORMAL,2026-05-07
2026-04-03,-0.00591715976331364,0.014050346781295776,0.01777529011933693,0.003724943338041152,-1.3278737776805576,40.0,0.29530340566341573,NORMAL,2026-05-07
2026-04-06,-0.005952380952380931,0.015275781028641279,0.020816346721042336,0.005540565692401057,-0.385507807561462,33.33333333333333,0.29530340566341573,NORMAL,2026-05-07
2026-04-07,0.0059880239520957446,0.012129608526248274,0.018300588313813062,0.006170979787564788,-0.053973244449386254,26.666666666666668,0.29530340566341573,NORMAL,2026-05-07
2026-04-08,0.04761904761904767,0.013771736376216563,0.016319095054176155,0.0025473586779595925,-1.7803085376578538,20.0,0.29530340566341573,NORMAL,2026-05-07
2026-04-09,-0.011363636363636354,0.014189666197510255,0.020670398594763936,0.006480732397253681,0.19141430294214573,26.666666666666668,0.29530340566341573,NORMAL,2026-05-07
2026-04-10,0.005747126436781658,0.0138155696554228,0.01867915065545421,0.004863581000031411,-0.6189152623448219,26.666666666666668,0.29530340566341573,NORMAL,2026-05-07
2026-04-13,0.005714285714285783,0.012041061593343031,0.016889454079320333,0.004848392485977302,-0.6054483507700094,26.666666666666668,0.29530340566341573,NORMAL,2026-05-07
2026-04-14,0.011363636363636465,0.016066806724397798,0.021087480145765405,0.005020673421367607,-0.49807380704256876,26.666666666666668,0.29530340566341573,NORMAL,2026-05-07
2026-04-15,0.011235955056179803,0.021717888572054558,0.025033072488649007,0.003315183916594449,-1.3197042427759687,26.666666666666668,0.29530340566341573,NORMAL,2026-05-07
2026-04-16,0.011111111111111072,0.018187762342886306,0.02220693079418329,0.0040191684512969825,-0.9044223246680971,20.0,0.29530340566341573,NORMAL,2026-05-07
2026-04-17,0.0,0.015051809788865082,0.021712042971215838,0.006660233182350756,0.4793706824620081,26.666666666666668,0.29530340566341573,NORMAL,2026-05-07
2026-04-20,0.01098901098901095,0.012877620851816894,0.01709787484666196,0.004220253994845064,-0.8030727972735852,26.666666666666668,0.29530340566341573,NORMAL,2026-05-07
2026-04-21,-0.005434782608695676,0.010785788328249628,0.0168002971151269,0.006014508786877272,0.16860883876704125,33.33333333333333,0.29530340566341573,NORMAL,2026-05-07
2026-04-22,0.016393442622950838,0.020326592771328356,0.02305630818198931,0.0027297154106609538,-1.519530493130724,26.666666666666668,0.29530340566341573,NORMAL,2026-05-07
2026-04-23,0.005376344086021501,0.020261432299660983,0.025099540672589713,0.00483810837292873,-0.37909580805263293,20.0,0.29530340566341573,NORMAL,2026-05-07
2026-04-24,-0.010695187165775444,0.014566581559999271,0.018890309158413623,0.004323727598414352,-0.6373000038707358,20.0,0.16563270494290355,NORMAL,2026-05-07
2026-04-28,0.01621621621621605,0.031051379239111106,0.03702617314790601,0.005974793908794903,0.27156050901136086,26.666666666666668,0.16563270494290355,NORMAL,2026-05-07
2026-04-29,-0.015957446808510523,0.02244738206081438,0.02715950953202405,0.004712127471209672,-0.43237503074873274,26.666666666666668,0.16563270494290355,NORMAL,2026-05-07
2026-05-04,0.0,0.01538533999797262,0.02304353042191939,0.0076581904239467705,1.1955120788625446,33.33333333333333,0.16563270494290355,NORMAL,2026-05-07
2026-05-05,0.010810810810810922,0.02196111390825154,0.026855975392060805,0.004894861483809264,-0.3724122962358846,26.666666666666668,0.16563270494290355,NORMAL,2026-05-07
2026-05-06,0.010695187165775222,0.017299217913999198,0.023095039070046265,0.005795821156047067,0.14955488272621964,33.33333333333333,0.16563270494290355,NORMAL,2026-05-07
