DATE,VIX,MOVE,HY_OAS,CCC_OAS,Credit_Quality_Spread,VIX_z,MOVE_z,HY_z,CCC_z,VIX_pct,MOVE_pct,HY_pct,CCC_pct,CQS_pct,PC1,PC2,PC1_pct,Regime,Driver
2003-01-01,,,,,,,,,,,,,,,,,,N/A,N/A
2003-01-02,25.39,130.8699951171875,,,,,,,,,,,,,,,,N/A,N/A
2003-01-03,24.68,130.8699951171875,,,,,,,,,,,,,,,,N/A,N/A
2003-01-06,24.91,124.83000183105469,,,,,,,,,,,,,,,,N/A,N/A
2003-01-07,25.13,117.52999877929688,,,,,,,,,,,,,,,,N/A,N/A
2003-01-08,25.53,119.41999816894531,,,,,,,,,,,,,,,,N/A,N/A
2003-01-09,24.25,125.08000183105469,,,,,,,,,,,,,,,,N/A,N/A
2003-01-10,24.32,120.0199966430664,,,,,,,,,,,,,,,,N/A,N/A
2003-01-13,24.9,119.79000091552734,,,,,,,,,,,,,,,,N/A,N/A
2003-01-14,24.57,114.16000366210938,,,,,,,,,,,,,,,,N/A,N/A
2003-01-15,25.51,115.3499984741211,,,,,,,,,,,,,,,,N/A,N/A
2003-01-16,25.01,115.1500015258789,,,,,,,,,,,,,,,,N/A,N/A
2003-01-17,25.7,116.0199966430664,,,,,,,,,,,,,,,,N/A,N/A
2003-01-20,25.7,116.0199966430664,,,,,,,,,,,,,,,,N/A,N/A
2003-01-21,27.59,114.80000305175781,,,,,,,,,,,,,,,,N/A,N/A
2003-01-22,29.01,109.94000244140625,,,,,,,,,,,,,,,,N/A,N/A
2003-01-23,27.53,107.7300033569336,,,,,,,,,,,,,,,,N/A,N/A
2003-01-24,31.51,109.41000366210938,,,,,,,,,,,,,,,,N/A,N/A
2003-01-27,34.69,117.7300033569336,,,,,,,,,,,,,,,,N/A,N/A
2003-01-28,31.93,116.88999938964844,,,,,,,,,,,,,,,,N/A,N/A
2003-01-29,31.26,114.48999786376953,,,,,,,,,,,,,,,,N/A,N/A
2003-01-30,31.32,115.62000274658203,,,,,,,,,,,,,,,,N/A,N/A
2003-01-31,31.17,110.88999938964844,,,,,,,,,,,,,,,,N/A,N/A
2003-02-03,31.02,109.12000274658203,,,,,,,,,,,,,,,,N/A,N/A
2003-02-04,32.76,112.05999755859375,,,,,,,,,,,,,,,,N/A,N/A
2003-02-05,33.04,122.12999725341797,,,,,,,,,,,,,,,,N/A,N/A
2003-02-06,33.35,117.22000122070312,,,,,,,,,,,,,,,,N/A,N/A
2003-02-07,34.01,115.48999786376953,,,,,,,,,,,,,,,,N/A,N/A
2003-02-10,33.99,114.06999969482422,,,,,,,,,,,,,,,,N/A,N/A
2003-02-11,33.68,112.31999969482422,,,,,,,,,,,,,,,,N/A,N/A
2003-02-12,34.33,113.13999938964844,,,,,,,,,,,,,,,,N/A,N/A
2003-02-13,33.7,116.33999633789062,,,,,,,,,,,,,,,,N/A,N/A
2003-02-14,32.62,116.33999633789062,,,,,,,,,,,,,,,,N/A,N/A
2003-02-17,32.62,116.33999633789062,,,,,,,,,,,,,,,,N/A,N/A
2003-02-18,31.11,115.77999877929688,,,,,,,,,,,,,,,,N/A,N/A
2003-02-19,31.31,107.12999725341797,,,,,,,,,,,,,,,,N/A,N/A
2003-02-20,31.16,109.16999816894531,,,,,,,,,,,,,,,,N/A,N/A
2003-02-21,30.25,104.8499984741211,,,,,,,,,,,,,,,,N/A,N/A
2003-02-24,31.98,104.05000305175781,,,,,,,,,,,,,,,,N/A,N/A
2003-02-25,31.74,103.0999984741211,,,,,,,,,,,,,,,,N/A,N/A
2003-02-26,31.94,114.16000366210938,,,,,,,,,,,,,,,,N/A,N/A
2003-02-27,30.53,103.80000305175781,,,,,,,,,,,,,,,,N/A,N/A
2003-02-28,29.63,105.36000061035156,,,,,,,,,,,,,,,,N/A,N/A
2003-03-03,30.43,101.76000213623047,,,,,,,,,,,,,,,,N/A,N/A
2003-03-04,31.83,100.94000244140625,,,,,,,,,,,,,,,,N/A,N/A
2003-03-05,30.38,103.1500015258789,,,,,,,,,,,,,,,,N/A,N/A
2003-03-06,31.37,102.83999633789062,,,,,,,,,,,,,,,,N/A,N/A
2003-03-07,31.08,104.5999984741211,,,,,,,,,,,,,,,,N/A,N/A
2003-03-10,33.31,105.9800033569336,,,,,,,,,,,,,,,,N/A,N/A
2003-03-11,33.61,104.27999877929688,,,,,,,,,,,,,,,,N/A,N/A
2003-03-12,33.51,104.33000183105469,,,,,,,,,,,,,,,,N/A,N/A
2003-03-13,31.76,110.98999786376953,,,,,,,,,,,,,,,,N/A,N/A
2003-03-14,30.98,110.3499984741211,,,,,,,,,,,,,,,,N/A,N/A
2003-03-17,31.75,118.37000274658203,,,,,,,,,,,,,,,,N/A,N/A
2003-03-18,30.43,124.87999725341797,,,,,,,,,,,,,,,,N/A,N/A
2003-03-19,31.54,130.27999877929688,,,,,,,,,,,,,,,,N/A,N/A
2003-03-20,30.44,125.83000183105469,,,,,,,,,,,,,,,,N/A,N/A
2003-03-21,28.67,124.18000030517578,,,,,,,,,,,,,,,,N/A,N/A
2003-03-24,30.39,119.97000122070312,,,,,,,,,,,,,,,,N/A,N/A
2003-03-25,28.75,116.44999694824219,,,,,,,,,,,,,,,,N/A,N/A
2003-03-26,28.23,116.30000305175781,,,,,,,,,,,,,,,,N/A,N/A
2003-03-27,27.96,115.05999755859375,,,,,,,,,,,,,,,,N/A,N/A
2003-03-28,27.75,114.5,,,,,,,,,,,,,,,,N/A,N/A
2003-03-31,29.15,112.08999633789062,,,,,,,,,,,,,,,,N/A,N/A
2003-04-01,28.36,109.66000366210938,,,,,,,,,,,,,,,,N/A,N/A
2003-04-02,28.02,116.79000091552734,,,,,,,,,,,,,,,,N/A,N/A
2003-04-03,28.21,115.94000244140625,,,,,,,,,,,,,,,,N/A,N/A
2003-04-04,29.13,114.37000274658203,,,,,,,,,,,,,,,,N/A,N/A
2003-04-07,28.45,113.4800033569336,,,,,,,,,,,,,,,,N/A,N/A
2003-04-08,27.13,110.08000183105469,,,,,,,,,,,,,,,,N/A,N/A
2003-04-09,27.11,105.87999725341797,,,,,,,,,,,,,,,,N/A,N/A
2003-04-10,25.6,103.56999969482422,,,,,,,,,,,,,,,,N/A,N/A
2003-04-11,24.44,103.66000366210938,,,,,,,,,,,,,,,,N/A,N/A
2003-04-14,23.41,102.72000122070312,,,,,,,,,,,,,,,,N/A,N/A
2003-04-15,22.56,98.56999969482422,,,,,,,,,,,,,,,,N/A,N/A
2003-04-16,22.52,96.02999877929688,,,,,,,,,,,,,,,,N/A,N/A
2003-04-17,21.5,96.19999694824219,,,,,,,,,,,,,,,,N/A,N/A
2003-04-18,21.5,96.19999694824219,,,,,,,,,,,,,,,,N/A,N/A
2003-04-21,21.95,95.80000305175781,,,,,,,,,,,,,,,,N/A,N/A
2003-04-22,20.7,98.56999969482422,,,,,,,,,,,,,,,,N/A,N/A
2003-04-23,20.8,95.79000091552734,,,,,,,,,,,,,,,,N/A,N/A
2003-04-24,20.33,92.43000030517578,,,,,,,,,,,,,,,,N/A,N/A
2003-04-25,20.8,91.66000366210938,,,,,,,,,,,,,,,,N/A,N/A
2003-04-28,20.84,91.05999755859375,,,,,,,,,,,,,,,,N/A,N/A
2003-04-29,20.76,90.63999938964844,,,,,,,,,,,,,,,,N/A,N/A
2003-04-30,21.21,89.2699966430664,,,,,,,,,,,,,,,,N/A,N/A
2003-05-01,21.59,89.66999816894531,,,,,,,,,,,,,,,,N/A,N/A
2003-05-02,20.63,90.66999816894531,,,,,,,,,,,,,,,,N/A,N/A
2003-05-05,21.13,88.06999969482422,,,,,,,,,,,,,,,,N/A,N/A
2003-05-06,20.8,84.7300033569336,,,,,,,,,,,,,,,,N/A,N/A
2003-05-07,21.0,86.37000274658203,,,,,,,,,,,,,,,,N/A,N/A
2003-05-08,21.24,85.29000091552734,,,,,,,,,,,,,,,,N/A,N/A
2003-05-09,19.69,82.55999755859375,,,,,,,,,,,,,,,,N/A,N/A
2003-05-12,19.52,83.20999908447266,,,,,,,,,,,,,,,,N/A,N/A
2003-05-13,19.91,84.97000122070312,,,,,,,,,,,,,,,,N/A,N/A
2003-05-14,20.0,88.91999816894531,,,,,,,,,,,,,,,,N/A,N/A
2003-05-15,19.24,94.38999938964844,,,,,,,,,,,,,,,,N/A,N/A
2003-05-16,18.4,94.63999938964844,,,,,,,,,,,,,,,,N/A,N/A
2003-05-19,20.51,97.87999725341797,,,,,,,,,,,,,,,,N/A,N/A
2003-05-20,21.29,104.38999938964844,,,,,,,,,,,,,,,,N/A,N/A
2003-05-21,21.21,108.54000091552734,,,,,,,,,,,,,,,,N/A,N/A
2003-05-22,19.78,102.77999877929688,,,,,,,,,,,,,,,,N/A,N/A
2003-05-23,19.17,99.52999877929688,,,,,,,,,,,,,,,,N/A,N/A
2003-05-26,19.17,99.52999877929688,,,,,,,,,,,,,,,,N/A,N/A
2003-05-27,19.99,99.61000061035156,,,,,,,,,,,,,,,,N/A,N/A
2003-05-28,20.03,100.3499984741211,,,,,,,,,,,,,,,,N/A,N/A
2003-05-29,20.43,99.43000030517578,,,,,,,,,,,,,,,,N/A,N/A
2003-05-30,19.47,99.80999755859375,,,,,,,,,,,,,,,,N/A,N/A
2003-06-02,20.85,101.6500015258789,,,,,,,,,,,,,,,,N/A,N/A
2003-06-03,20.84,101.6500015258789,,,,,,,,,,,,,,,,N/A,N/A
2003-06-04,20.62,105.18000030517578,,,,,,,,,,,,,,,,N/A,N/A
2003-06-05,20.83,108.37999725341797,,,,,,,,,,,,,,,,N/A,N/A
2003-06-06,21.25,103.3499984741211,,,,,,,,,,,,,,,,N/A,N/A
2003-06-09,22.15,103.06999969482422,,,,,,,,,,,,,,,,N/A,N/A
2003-06-10,20.64,103.06999969482422,,,,,,,,,,,,,,,,N/A,N/A
2003-06-11,20.21,104.69999694824219,,,,,,,,,,,,,,,,N/A,N/A
2003-06-12,20.41,101.58000183105469,,,,,,,,,,,,,,,,N/A,N/A
2003-06-13,20.66,103.18000030517578,,,,,,,,,,,,,,,,N/A,N/A
2003-06-16,20.22,101.5999984741211,,,,,,,,,,,,,,,,N/A,N/A
2003-06-17,20.01,105.3499984741211,,,,,,,,,,,,,,,,N/A,N/A
2003-06-18,19.76,111.45999908447266,,,,,,,,,,,,,,,,N/A,N/A
2003-06-19,19.8,113.38999938964844,,,,,,,,,,,,,,,,N/A,N/A
2003-06-20,19.14,113.38999938964844,,,,,,,,,,,,,,,,N/A,N/A
2003-06-23,20.58,108.44999694824219,,,,,,,,,,,,,,,,N/A,N/A
2003-06-24,20.75,105.66000366210938,,,,,,,,,,,,,,,,N/A,N/A
2003-06-25,20.81,106.08999633789062,,,,,,,,,,,,,,,,N/A,N/A
2003-06-26,19.4,106.5999984741211,,,,,,,,,,,,,,,,N/A,N/A
2003-06-27,19.16,108.19000244140625,,,,,,,,,,,,,,,,N/A,N/A
2003-06-30,19.52,103.5999984741211,,,,,,,,,,,,,,,,N/A,N/A
2003-07-01,19.46,100.55999755859375,,,,,,,,,,,,,,,,N/A,N/A
2003-07-02,19.03,106.0999984741211,,,,,,,,,,,,,,,,N/A,N/A
2003-07-03,19.39,107.51000213623047,,,,,,,,,,,,,,,,N/A,N/A
2003-07-04,19.39,107.51000213623047,,,,,,,,,,,,,,,,N/A,N/A
2003-07-07,20.06,104.87999725341797,,,,,,,,,,,,,,,,N/A,N/A
2003-07-08,19.48,104.87999725341797,,,,,,,,,,,,,,,,N/A,N/A
2003-07-09,18.93,101.9800033569336,,,,,,,,,,,,,,,,N/A,N/A
2003-07-10,19.19,103.08999633789062,,,,,,,,,,,,,,,,N/A,N/A
2003-07-11,18.47,98.87000274658203,,,,,,,,,,,,,,,,N/A,N/A
2003-07-14,19.59,99.30000305175781,,,,,,,,,,,,,,,,N/A,N/A
2003-07-15,19.55,106.41999816894531,,,,,,,,,,,,,,,,N/A,N/A
2003-07-16,19.76,109.88999938964844,,,,,,,,,,,,,,,,N/A,N/A
2003-07-17,20.22,110.05999755859375,,,,,,,,,,,,,,,,N/A,N/A
2003-07-18,19.11,104.91999816894531,,,,,,,,,,,,,,,,N/A,N/A
2003-07-21,19.78,114.73999786376953,,,,,,,,,,,,,,,,N/A,N/A
2003-07-22,19.17,120.5,,,,,,,,,,,,,,,,N/A,N/A
2003-07-23,18.64,117.19999694824219,,,,,,,,,,,,,,,,N/A,N/A
2003-07-24,18.6,115.12000274658203,,,,,,,,,,,,,,,,N/A,N/A
2003-07-25,17.75,115.93000030517578,,,,,,,,,,,,,,,,N/A,N/A
2003-07-28,18.36,126.36000061035156,,,,,,,,,,,,,,,,N/A,N/A
2003-07-29,18.67,141.44000244140625,,,,,,,,,,,,,,,,N/A,N/A
2003-07-30,18.85,146.99000549316406,,,,,,,,,,,,,,,,N/A,N/A
2003-07-31,19.49,160.86000061035156,,,,,,,,,,,,,,,,N/A,N/A
2003-08-01,20.75,157.22000122070312,,,,,,,,,,,,,,,,N/A,N/A
2003-08-04,21.27,145.7100067138672,,,,,,,,,,,,,,,,N/A,N/A
2003-08-05,22.68,144.5,,,,,,,,,,,,,,,,N/A,N/A
2003-08-06,21.5,144.3800048828125,,,,,,,,,,,,,,,,N/A,N/A
2003-08-07,20.26,129.14999389648438,,,,,,,,,,,,,,,,N/A,N/A
2003-08-08,19.59,130.9600067138672,,,,,,,,,,,,,,,,N/A,N/A
2003-08-11,19.75,139.8300018310547,,,,,,,,,,,,,,,,N/A,N/A
2003-08-12,17.94,131.6699981689453,,,,,,,,,,,,,,,,N/A,N/A
2003-08-13,18.77,144.75,,,,,,,,,,,,,,,,N/A,N/A
2003-08-14,18.47,147.38999938964844,,,,,,,,,,,,,,,,N/A,N/A
2003-08-15,18.27,140.58999633789062,,,,,,,,,,,,,,,,N/A,N/A
2003-08-18,18.18,132.00999450683594,,,,,,,,,,,,,,,,N/A,N/A
2003-08-19,17.86,124.12000274658203,,,,,,,,,,,,,,,,N/A,N/A
2003-08-20,17.82,128.32000732421875,,,,,,,,,,,,,,,,N/A,N/A
2003-08-21,17.84,128.32000732421875,,,,,,,,,,,,,,,,N/A,N/A
2003-08-22,18.55,135.08999633789062,,,,,,,,,,,,,,,,N/A,N/A
2003-08-25,19.53,132.7899932861328,,,,,,,,,,,,,,,,N/A,N/A
2003-08-26,19.49,130.8000030517578,,,,,,,,,,,,,,,,N/A,N/A
2003-08-27,19.13,127.72000122070312,,,,,,,,,,,,,,,,N/A,N/A
2003-08-28,18.48,128.72999572753906,,,,,,,,,,,,,,,,N/A,N/A
2003-08-29,18.63,126.55000305175781,,,,,,,,,,,,,,,,N/A,N/A
2003-09-01,18.63,126.55000305175781,,,,,,,,,,,,,,,,N/A,N/A
2003-09-02,19.02,135.60000610351562,,,,,,,,,,,,,,,,N/A,N/A
2003-09-03,19.44,134.08999633789062,,,,,,,,,,,,,,,,N/A,N/A
2003-09-04,18.71,127.77999877929688,,,,,,,,,,,,,,,,N/A,N/A
2003-09-05,18.17,124.7300033569336,,,,,,,,,,,,,,,,N/A,N/A
2003-09-08,18.26,120.08999633789062,,,,,,,,,,,,,,,,N/A,N/A
2003-09-09,18.85,125.55999755859375,,,,,,,,,,,,,,,,N/A,N/A
2003-09-10,20.01,118.76000213623047,,,,,,,,,,,,,,,,N/A,N/A
2003-09-11,19.25,120.41000366210938,,,,,,,,,,,,,,,,N/A,N/A
2003-09-12,18.68,120.87000274658203,,,,,,,,,,,,,,,,N/A,N/A
2003-09-15,19.28,119.27999877929688,,,,,,,,,,,,,,,,N/A,N/A
2003-09-16,18.03,118.69999694824219,,,,,,,,,,,,,,,,N/A,N/A
2003-09-17,18.15,117.81999969482422,,,,,,,,,,,,,,,,N/A,N/A
2003-09-18,17.57,116.88999938964844,,,,,,,,,,,,,,,,N/A,N/A
2003-09-19,17.54,112.4000015258789,,,,,,,,,,,,,,,,N/A,N/A
2003-09-22,19.65,115.5,,,,,,,,,,,,,,,,N/A,N/A
2003-09-23,19.47,115.19999694824219,,,,,,,,,,,,,,,,N/A,N/A
2003-09-24,21.22,115.0,,,,,,,,,,,,,,,,N/A,N/A
2003-09-25,22.26,112.69999694824219,,,,,,,,,,,,,,,,N/A,N/A
2003-09-26,22.23,113.5,,,,,,,,,,,,,,,,N/A,N/A
2003-09-29,21.67,115.43000030517578,,,,,,,,,,,,,,,,N/A,N/A
2003-09-30,22.72,116.69000244140625,,,,,,,,,,,,,,,,N/A,N/A
2003-10-01,21.07,118.23999786376953,,,,,,,,,,,,,,,,N/A,N/A
2003-10-02,20.8,122.66000366210938,,,,,,,,,,,,,,,,N/A,N/A
2003-10-03,19.5,124.80000305175781,,,,,,,,,,,,,,,,N/A,N/A
2003-10-06,19.51,121.5999984741211,,,,,,,,,,,,,,,,N/A,N/A
2003-10-07,19.41,119.16000366210938,,,,,,,,,,,,,,,,N/A,N/A
2003-10-08,19.18,121.69999694824219,,,,,,,,,,,,,,,,N/A,N/A
2003-10-09,18.82,120.16000366210938,,,,,,,,,,,,,,,,N/A,N/A
2003-10-10,18.45,118.2699966430664,,,,,,,,,,,,,,,,N/A,N/A
2003-10-13,17.55,118.2699966430664,,,,,,,,,,,,,,,,N/A,N/A
2003-10-14,17.37,118.1500015258789,,,,,,,,,,,,,,,,N/A,N/A
2003-10-15,17.69,122.29000091552734,,,,,,,,,,,,,,,,N/A,N/A
2003-10-16,17.19,127.37999725341797,,,,,,,,,,,,,,,,N/A,N/A
2003-10-17,17.62,125.55000305175781,,,,,,,,,,,,,,,,N/A,N/A
2003-10-20,17.04,124.41000366210938,,,,,,,,,,,,,,,,N/A,N/A
2003-10-21,16.55,117.66000366210938,,,,,,,,,,,,,,,,N/A,N/A
2003-10-22,17.67,118.16999816894531,,,,,,,,,,,,,,,,N/A,N/A
2003-10-23,17.68,120.0999984741211,,,,,,,,,,,,,,,,N/A,N/A
2003-10-24,17.71,119.55999755859375,,,,,,,,,,,,,,,,N/A,N/A
2003-10-27,18.05,118.19999694824219,,,,,,,,,,,,,,,,N/A,N/A
2003-10-28,16.82,116.5199966430664,,,,,,,,,,,,,,,,N/A,N/A
2003-10-29,16.43,111.83999633789062,,,,,,,,,,,,,,,,N/A,N/A
2003-10-30,16.33,119.0199966430664,,,,,,,,,,,,,,,,N/A,N/A
2003-10-31,16.1,118.76000213623047,,,,,,,,,,,,,,,,N/A,N/A
2003-11-03,16.55,118.76000213623047,,,,,,,,,,,,,,,,N/A,N/A
2003-11-04,16.55,116.2300033569336,,,,,,,,,,,,,,,,N/A,N/A
2003-11-05,16.86,119.45999908447266,,,,,,,,,,,,,,,,N/A,N/A
2003-11-06,16.74,123.87999725341797,,,,,,,,,,,,,,,,N/A,N/A
2003-11-07,16.93,120.56999969482422,,,,,,,,,,,,,,,,N/A,N/A
2003-11-10,17.62,117.81999969482422,,,,,,,,,,,,,,,,N/A,N/A
2003-11-11,17.54,117.81999969482422,,,,,,,,,,,,,,,,N/A,N/A
2003-11-12,16.75,115.80999755859375,,,,,,,,,,,,,,,,N/A,N/A
2003-11-13,16.47,113.68000030517578,,,,,,,,,,,,,,,,N/A,N/A
2003-11-14,16.94,114.25,,,,,,,,,,,,,,,,N/A,N/A
2003-11-17,18.6,113.9800033569336,,,,,,,,,,,,,,,,N/A,N/A
2003-11-18,19.11,114.0999984741211,,,,,,,,,,,,,,,,N/A,N/A
2003-11-19,18.8,114.8499984741211,,,,,,,,,,,,,,,,N/A,N/A
2003-11-20,19.48,114.8499984741211,,,,,,,,,,,,,,,,N/A,N/A
2003-11-21,18.98,114.44000244140625,,,,,,,,,,,,,,,,N/A,N/A
2003-11-24,17.44,109.97000122070312,,,,,,,,,,,,,,,,N/A,N/A
2003-11-25,16.71,106.7300033569336,,,,,,,,,,,,,,,,N/A,N/A
2003-11-26,16.23,104.8499984741211,,,,,,,,,,,,,,,,N/A,N/A
2003-11-27,16.23,104.8499984741211,,,,,,,,,,,,,,,,N/A,N/A
2003-11-28,16.32,104.91000366210938,,,,,,,,,,,,,,,,N/A,N/A
2003-12-01,16.77,113.13999938964844,,,,,,,,,,,,,,,,N/A,N/A
2003-12-02,16.27,116.52999877929688,,,,,,,,,,,,,,,,N/A,N/A
2003-12-03,16.63,117.87999725341797,,,,,,,,,,,,,,,,N/A,N/A
2003-12-04,16.3,120.18000030517578,,,,,,,,,,,,,,,,N/A,N/A
2003-12-05,17.09,116.41999816894531,,,,,,,,,,,,,,,,N/A,N/A
2003-12-08,16.54,113.76000213623047,,,,,,,,,,,,,,,,N/A,N/A
2003-12-09,17.63,115.27999877929688,,,,,,,,,,,,,,,,N/A,N/A
2003-12-10,17.87,112.91000366210938,,,,,,,,,,,,,,,,N/A,N/A
2003-12-11,16.73,109.19999694824219,,,,,,,,,,,,,,,,N/A,N/A
2003-12-12,16.41,111.05000305175781,,,,,,,,,,,,,,,,N/A,N/A
2003-12-15,17.23,111.01000213623047,,,,,,,,,,,,,,,,N/A,N/A
2003-12-16,15.93,110.05000305175781,,,,,,,,,,,,,,,,N/A,N/A
2003-12-17,15.58,109.58000183105469,,,,,,,,,,,,,,,,N/A,N/A
2003-12-18,16.16,107.11000061035156,,,,,,,,,,,,,,,,N/A,N/A
2003-12-19,16.42,109.2300033569336,,,,,,,,,,,,,,,,N/A,N/A
2003-12-22,16.94,114.08999633789062,,,,,,,,,,,,,,,,N/A,N/A
2003-12-23,16.49,115.27999877929688,,,,,,,,,,,,,,,,N/A,N/A
2003-12-24,16.66,116.2300033569336,,,,,,,,,,,,,,,,N/A,N/A
2003-12-25,16.66,116.2300033569336,,,,,,,,,,,,,,,,N/A,N/A
2003-12-26,17.45,116.2300033569336,,,,,,,,,,,,,,,,N/A,N/A
2003-12-29,17.09,116.47000122070312,,,,,,,,,,,,,,,,N/A,N/A
2003-12-30,17.68,116.54000091552734,,,,,,,,,,,,,,,,N/A,N/A
2003-12-31,18.31,117.91000366210938,,,,,,,,,,,,,,,,N/A,N/A
2004-01-01,18.31,117.91000366210938,,,,,,,,,,,,,,,,N/A,N/A
2004-01-02,18.22,118.01000213623047,,,,,,,,,,,,,,,,N/A,N/A
2004-01-05,17.49,113.83999633789062,,,,,,,,,,,,,,,,N/A,N/A
2004-01-06,16.73,108.7699966430664,,,,,,,,,,,,,,,,N/A,N/A
2004-01-07,15.5,110.91000366210938,,,,,,,,,,,,,,,,N/A,N/A
2004-01-08,15.61,109.70999908447266,,,,,,,,,,,,,,,,N/A,N/A
2004-01-09,16.75,102.81999969482422,,,,,,,,,,,,,,,,N/A,N/A
2004-01-12,16.82,100.20999908447266,,,,,,,,,,,,,,,,N/A,N/A
2004-01-13,18.04,97.54000091552734,,,,,,,,,,,,,,,,N/A,N/A
2004-01-14,16.75,100.83000183105469,,,,,,,,,,,,,,,,N/A,N/A
2004-01-15,15.56,103.63999938964844,,,,,,,,,,,,,,,,N/A,N/A
2004-01-16,15.0,104.52999877929688,,,,,,,,,,,,,,,,N/A,N/A
2004-01-19,15.0,104.52999877929688,,,,,,,,,,,,,,,,N/A,N/A
2004-01-20,15.21,102.7300033569336,,,,,,,,,,,,,,,,N/A,N/A
2004-01-21,14.34,103.43000030517578,,,,,,,,,,,,,,,,N/A,N/A
2004-01-22,14.71,105.7300033569336,,,,,,,,,,,,,,,,N/A,N/A
2004-01-23,14.84,112.22000122070312,,,,,,,,,,,,,,,,N/A,N/A
2004-01-26,14.55,114.44000244140625,,,,,,,,,,,,,,,,N/A,N/A
2004-01-27,15.35,111.5999984741211,,,,,,,,,,,,,,,,N/A,N/A
2004-01-28,16.78,116.52999877929688,,,,,,,,,,,,,,,,N/A,N/A
2004-01-29,17.14,124.93000030517578,,,,,,,,,,,,,,,,N/A,N/A
2004-01-30,16.63,116.75,,,,,,,,,,,,,,,,N/A,N/A
2004-02-02,17.11,116.20999908447266,,,,,,,,,,,,,,,,N/A,N/A
2004-02-03,17.34,116.4000015258789,,,,,,,,,,,,,,,,N/A,N/A
2004-02-04,17.87,120.70999908447266,,,,,,,,,,,,,,,,N/A,N/A
2004-02-05,17.71,125.7300033569336,,,,,,,,,,,,,,,,N/A,N/A
2004-02-06,16.0,115.11000061035156,,,,,,,,,,,,,,,,N/A,N/A
2004-02-09,16.39,107.43000030517578,,,,,,,,,,,,,,,,N/A,N/A
2004-02-10,15.94,107.41999816894531,,,,,,,,,,,,,,,,N/A,N/A
2004-02-11,15.39,95.62000274658203,,,,,,,,,,,,,,,,N/A,N/A
2004-02-12,15.31,96.33999633789062,,,,,,,,,,,,,,,,N/A,N/A
2004-02-13,15.58,96.33000183105469,,,,,,,,,,,,,,,,N/A,N/A
2004-02-16,15.58,96.33000183105469,,,,,,,,,,,,,,,,N/A,N/A
2004-02-17,15.4,93.61000061035156,,,,,,,,,,,,,,,,N/A,N/A
2004-02-18,15.59,92.62999725341797,,,,,,,,,,,,,,,,N/A,N/A
2004-02-19,15.8,91.6500015258789,,,,,,,,,,,,,,,,N/A,N/A
2004-02-20,16.04,92.83000183105469,,,,,,,,,,,,,,,,N/A,N/A
2004-02-23,16.29,91.04000091552734,,,,,,,,,,,,,,,,N/A,N/A
2004-02-24,15.9,90.94000244140625,,,,,,,,,,,,,,,,N/A,N/A
2004-02-25,14.93,92.36000061035156,,,,,,,,,,,,,,,,N/A,N/A
2004-02-26,14.83,93.19999694824219,,,,,,,,,,,,,,,,N/A,N/A
2004-02-27,14.55,90.13999938964844,,,,,,,,,,,,,,,,N/A,N/A
2004-03-01,14.44,90.13999938964844,,,,,,,,,,,,,,,,N/A,N/A
2004-03-02,14.86,96.08000183105469,,,,,,,,,,,,,,,,N/A,N/A
2004-03-03,14.55,104.37000274658203,,,,,,,,,,,,,,,,N/A,N/A
2004-03-04,14.4,100.2300033569336,,,,,,,,,,,,,,,,N/A,N/A
2004-03-05,14.48,92.30000305175781,,,,,,,,,,,,,,,,N/A,N/A
2004-03-08,15.79,91.58000183105469,,,,,,,,,,,,,,,,N/A,N/A
2004-03-09,16.6,93.30000305175781,,,,,,,,,,,,,,,,N/A,N/A
2004-03-10,18.67,95.48999786376953,,,,,,,,,,,,,,,,N/A,N/A
2004-03-11,20.67,99.8499984741211,,,,,,,,,,,,,,,,N/A,N/A
2004-03-12,18.3,97.75,,,,,,,,,,,,,,,,N/A,N/A
2004-03-15,21.13,96.41000366210938,,,,,,,,,,,,,,,,N/A,N/A
2004-03-16,20.34,95.0199966430664,,,,,,,,,,,,,,,,N/A,N/A
2004-03-17,18.11,96.31999969482422,,,,,,,,,,,,,,,,N/A,N/A
2004-03-18,18.53,97.5999984741211,,,,,,,,,,,,,,,,N/A,N/A
2004-03-19,19.15,97.5999984741211,,,,,,,,,,,,,,,,N/A,N/A
2004-03-22,21.58,97.5999984741211,,,,,,,,,,,,,,,,N/A,N/A
2004-03-23,20.67,96.69999694824219,,,,,,,,,,,,,,,,N/A,N/A
2004-03-24,19.81,96.69999694824219,,,,,,,,,,,,,,,,N/A,N/A
2004-03-25,17.88,97.4000015258789,,,,,,,,,,,,,,,,N/A,N/A
2004-03-26,17.33,105.30000305175781,,,,,,,,,,,,,,,,N/A,N/A
2004-03-29,16.5,101.73999786376953,,,,,,,,,,,,,,,,N/A,N/A
2004-03-30,16.28,102.0,,,,,,,,,,,,,,,,N/A,N/A
2004-03-31,16.74,105.91999816894531,,,,,,,,,,,,,,,,N/A,N/A
2004-04-01,16.65,112.4000015258789,,,,,,,,,,,,,,,,N/A,N/A
2004-04-02,15.64,112.16000366210938,,,,,,,,,,,,,,,,N/A,N/A
2004-04-05,14.97,115.95999908447266,,,,,,,,,,,,,,,,N/A,N/A
2004-04-06,15.32,103.08000183105469,,,,,,,,,,,,,,,,N/A,N/A
2004-04-07,15.76,117.33999633789062,,,,,,,,,,,,,,,,N/A,N/A
2004-04-08,16.26,115.5,,,,,,,,,,,,,,,,N/A,N/A
2004-04-09,16.26,115.5,,,,,,,,,,,,,,,,N/A,N/A
2004-04-12,15.28,112.13999938964844,,,,,,,,,,,,,,,,N/A,N/A
2004-04-13,17.26,113.12000274658203,,,,,,,,,,,,,,,,N/A,N/A
2004-04-14,15.62,115.30000305175781,,,,,,,,,,,,,,,,N/A,N/A
2004-04-15,15.74,117.56999969482422,,,,,,,,,,,,,,,,N/A,N/A
2004-04-16,14.94,117.45999908447266,,,,,,,,,,,,,,,,N/A,N/A
2004-04-19,15.42,115.08999633789062,,,,,,,,,,,,,,,,N/A,N/A
2004-04-20,16.67,118.3499984741211,,,,,,,,,,,,,,,,N/A,N/A
2004-04-21,15.6,117.79000091552734,,,,,,,,,,,,,,,,N/A,N/A
2004-04-22,14.61,113.13999938964844,,,,,,,,,,,,,,,,N/A,N/A
2004-04-23,14.01,114.68000030517578,,,,,,,,,,,,,,,,N/A,N/A
2004-04-26,14.77,114.20999908447266,,,,,,,,,,,,,,,,N/A,N/A
2004-04-27,15.07,119.97000122070312,,,,,,,,,,,,,,,,N/A,N/A
2004-04-28,16.29,120.23999786376953,,,,,,,,,,,,,,,,N/A,N/A
2004-04-29,16.6,121.55000305175781,,,,,,,,,,,,,,,,N/A,N/A
2004-04-30,17.19,122.93000030517578,,,,,,,,,,,,,,,,N/A,N/A
2004-05-03,16.62,123.05999755859375,,,,,,,,,,,,,,,,N/A,N/A
2004-05-04,16.55,119.9800033569336,,,,,,,,,,,,,,,,N/A,N/A
2004-05-05,15.77,132.99000549316406,,,,,,,,,,,,,,,,N/A,N/A
2004-05-06,17.05,137.80999755859375,,,,,,,,,,,,,,,,N/A,N/A
2004-05-07,18.13,122.88999938964844,,,,,,,,,,,,,,,,N/A,N/A
2004-05-10,19.77,109.75,,,,,,,,,,,,,,,,N/A,N/A
2004-05-11,18.57,106.33000183105469,,,,,,,,,,,,,,,,N/A,N/A
2004-05-12,18.14,108.80000305175781,,,,,,,,,,,,,,,,N/A,N/A
2004-05-13,18.86,114.52999877929688,,,,,,,,,,,,,,,,N/A,N/A
2004-05-14,18.47,114.52999877929688,,,,,,,,,,,,,,,,N/A,N/A
2004-05-17,19.96,112.43000030517578,,,,,,,,,,,,,,,,N/A,N/A
2004-05-18,19.33,109.95999908447266,,,,,,,,,,,,,,,,N/A,N/A
2004-05-19,18.93,109.48999786376953,,,,,,,,,,,,,,,,N/A,N/A
2004-05-20,18.67,108.29000091552734,,,,,,,,,,,,,,,,N/A,N/A
2004-05-21,18.49,107.7699966430664,,,,,,,,,,,,,,,,N/A,N/A
2004-05-24,18.08,103.0999984741211,,,,,,,,,,,,,,,,N/A,N/A
2004-05-25,15.96,103.58999633789062,,,,,,,,,,,,,,,,N/A,N/A
2004-05-26,15.97,107.18000030517578,,,,,,,,,,,,,,,,N/A,N/A
2004-05-27,15.28,104.77999877929688,,,,,,,,,,,,,,,,N/A,N/A
2004-05-28,15.5,106.12000274658203,,,,,,,,,,,,,,,,N/A,N/A
2004-05-31,15.5,106.12000274658203,,,,,,,,,,,,,,,,N/A,N/A
2004-06-01,16.3,108.70999908447266,,,,,,,,,,,,,,,,N/A,N/A
2004-06-02,16.08,121.5,,,,,,,,,,,,,,,,N/A,N/A
2004-06-03,17.03,116.66000366210938,,,,,,,,,,,,,,,,N/A,N/A
2004-06-04,16.78,102.33000183105469,,,,,,,,,,,,,,,,N/A,N/A
2004-06-07,15.39,96.0199966430664,,,,,,,,,,,,,,,,N/A,N/A
2004-06-08,15.01,97.12000274658203,,,,,,,,,,,,,,,,N/A,N/A
2004-06-09,15.39,97.68000030517578,,,,,,,,,,,,,,,,N/A,N/A
2004-06-10,15.04,98.70999908447266,,,,,,,,,,,,,,,,N/A,N/A
2004-06-11,15.04,98.70999908447266,,,,,,,,,,,,,,,,N/A,N/A
2004-06-14,16.07,103.86000061035156,,,,,,,,,,,,,,,,N/A,N/A
2004-06-15,15.05,101.0999984741211,,,,,,,,,,,,,,,,N/A,N/A
2004-06-16,14.79,101.79000091552734,,,,,,,,,,,,,,,,N/A,N/A
2004-06-17,15.15,101.33000183105469,,,,,,,,,,,,,,,,N/A,N/A
2004-06-18,14.99,99.12000274658203,,,,,,,,,,,,,,,,N/A,N/A
2004-06-21,15.26,97.36000061035156,,,,,,,,,,,,,,,,N/A,N/A
2004-06-22,14.31,100.36000061035156,,,,,,,,,,,,,,,,N/A,N/A
2004-06-23,13.98,101.36000061035156,,,,,,,,,,,,,,,,N/A,N/A
2004-06-24,14.81,103.7699966430664,,,,,,,,,,,,,,,,N/A,N/A
2004-06-25,15.19,100.94999694824219,,,,,,,,,,,,,,,,N/A,N/A
2004-06-28,16.07,102.02999877929688,,,,,,,,,,,,,,,,N/A,N/A
2004-06-29,15.47,99.95999908447266,,,,,,,,,,,,,,,,N/A,N/A
2004-06-30,14.34,93.91000366210938,,,,,,,,,,,,,,,,N/A,N/A
2004-07-01,15.2,99.72000122070312,,,,,,,,,,,,,,,,N/A,N/A
2004-07-02,15.08,94.70999908447266,,,,,,,,,,,,,,,,N/A,N/A
2004-07-05,15.08,94.70999908447266,,,,,,,,,,,,,,,,N/A,N/A
2004-07-06,16.25,91.12999725341797,,,,,,,,,,,,,,,,N/A,N/A
2004-07-07,15.81,95.04000091552734,,,,,,,,,,,,,,,,N/A,N/A
2004-07-08,16.2,94.43000030517578,,,,,,,,,,,,,,,,N/A,N/A
2004-07-09,15.78,97.06999969482422,,,,,,,,,,,,,,,,N/A,N/A
2004-07-12,14.96,97.52999877929688,,,,,,,,,,,,,,,,N/A,N/A
2004-07-13,14.46,103.83999633789062,,,,,,,,,,,,,,,,N/A,N/A
2004-07-14,13.76,102.19000244140625,,,,,,,,,,,,,,,,N/A,N/A
2004-07-15,14.71,99.62999725341797,,,,,,,,,,,,,,,,N/A,N/A
2004-07-16,14.34,99.70999908447266,,,,,,,,,,,,,,,,N/A,N/A
2004-07-19,15.17,95.31999969482422,,,,,,,,,,,,,,,,N/A,N/A
2004-07-20,14.17,97.18000030517578,,,,,,,,,,,,,,,,N/A,N/A
2004-07-21,16.41,93.70999908447266,,,,,,,,,,,,,,,,N/A,N/A
2004-07-22,15.75,91.86000061035156,,,,,,,,,,,,,,,,N/A,N/A
2004-07-23,16.5,90.52999877929688,,,,,,,,,,,,,,,,N/A,N/A
2004-07-26,17.3,90.2300033569336,,,,,,,,,,,,,,,,N/A,N/A
2004-07-27,16.55,94.79000091552734,,,,,,,,,,,,,,,,N/A,N/A
2004-07-28,16.15,98.08999633789062,,,,,,,,,,,,,,,,N/A,N/A
2004-07-29,15.68,97.12999725341797,,,,,,,,,,,,,,,,N/A,N/A
2004-07-30,15.32,97.20999908447266,,,,,,,,,,,,,,,,N/A,N/A
2004-08-02,15.37,99.30999755859375,,,,,,,,,,,,,,,,N/A,N/A
2004-08-03,16.03,98.9000015258789,,,,,,,,,,,,,,,,N/A,N/A
2004-08-04,16.21,106.45999908447266,,,,,,,,,,,,,,,,N/A,N/A
2004-08-05,18.32,106.83000183105469,,,,,,,,,,,,,,,,N/A,N/A
2004-08-06,19.34,103.11000061035156,,,,,,,,,,,,,,,,N/A,N/A
2004-08-09,18.89,98.8499984741211,,,,,,,,,,,,,,,,N/A,N/A
2004-08-10,17.47,96.52999877929688,,,,,,,,,,,,,,,,N/A,N/A
2004-08-11,18.04,89.72000122070312,,,,,,,,,,,,,,,,N/A,N/A
2004-08-12,19.08,93.33999633789062,,,,,,,,,,,,,,,,N/A,N/A
2004-08-13,17.98,96.12999725341797,,,,,,,,,,,,,,,,N/A,N/A
2004-08-16,17.57,94.45999908447266,,,,,,,,,,,,,,,,N/A,N/A
2004-08-17,17.02,102.41999816894531,,,,,,,,,,,,,,,,N/A,N/A
2004-08-18,16.23,106.70999908447266,,,,,,,,,,,,,,,,N/A,N/A
2004-08-19,16.96,100.68000030517578,,,,,,,,,,,,,,,,N/A,N/A
2004-08-20,16.0,100.87999725341797,,,,,,,,,,,,,,,,N/A,N/A
2004-08-23,15.88,104.41999816894531,,,,,,,,,,,,,,,,N/A,N/A
2004-08-24,15.33,103.44999694824219,,,,,,,,,,,,,,,,N/A,N/A
2004-08-25,14.98,102.94000244140625,,,,,,,,,,,,,,,,N/A,N/A
2004-08-26,14.91,102.52999877929688,,,,,,,,,,,,,,,,N/A,N/A
2004-08-27,14.71,102.0,,,,,,,,,,,,,,,,N/A,N/A
2004-08-30,15.44,100.02999877929688,,,,,,,,,,,,,,,,N/A,N/A
2004-08-31,15.29,102.66000366210938,,,,,,,,,,,,,,,,N/A,N/A
2004-09-01,14.91,105.44000244140625,,,,,,,,,,,,,,,,N/A,N/A
2004-09-02,14.28,106.86000061035156,,,,,,,,,,,,,,,,N/A,N/A
2004-09-03,13.91,89.29000091552734,,,,,,,,,,,,,,,,N/A,N/A
2004-09-06,13.91,89.29000091552734,,,,,,,,,,,,,,,,N/A,N/A
2004-09-07,14.07,84.94999694824219,,,,,,,,,,,,,,,,N/A,N/A
2004-09-08,14.06,100.51000213623047,,,,,,,,,,,,,,,,N/A,N/A
2004-09-09,14.01,98.7300033569336,,,,,,,,,,,,,,,,N/A,N/A
2004-09-10,13.76,96.58000183105469,,,,,,,,,,,,,,,,N/A,N/A
2004-09-13,13.17,91.7300033569336,,,,,,,,,,,,,,,,N/A,N/A
2004-09-14,13.56,92.22000122070312,,,,,,,,,,,,,,,,N/A,N/A
2004-09-15,14.64,91.9800033569336,,,,,,,,,,,,,,,,N/A,N/A
2004-09-16,14.39,91.08000183105469,,,,,,,,,,,,,,,,N/A,N/A
2004-09-17,14.03,93.66000366210938,,,,,,,,,,,,,,,,N/A,N/A
2004-09-20,14.43,92.2300033569336,,,,,,,,,,,,,,,,N/A,N/A
2004-09-21,13.66,88.23999786376953,,,,,,,,,,,,,,,,N/A,N/A
2004-09-22,14.74,91.5999984741211,,,,,,,,,,,,,,,,N/A,N/A
2004-09-23,14.8,98.19000244140625,,,,,,,,,,,,,,,,N/A,N/A
2004-09-24,14.28,95.62999725341797,,,,,,,,,,,,,,,,N/A,N/A
2004-09-27,14.62,93.38999938964844,,,,,,,,,,,,,,,,N/A,N/A
2004-09-28,13.83,92.33999633789062,,,,,,,,,,,,,,,,N/A,N/A
2004-09-29,13.21,92.55999755859375,,,,,,,,,,,,,,,,N/A,N/A
2004-09-30,13.34,92.88999938964844,,,,,,,,,,,,,,,,N/A,N/A
2004-10-01,12.75,93.08000183105469,,,,,,,,,,,,,,,,N/A,N/A
2004-10-04,13.41,90.76000213623047,,,,,,,,,,,,,,,,N/A,N/A
2004-10-05,13.95,87.41999816894531,,,,,,,,,,,,,,,,N/A,N/A
2004-10-06,13.28,96.29000091552734,,,,,,,,,,,,,,,,N/A,N/A
2004-10-07,14.5,100.5999984741211,,,,,,,,,,,,,,,,N/A,N/A
2004-10-08,15.05,91.37999725341797,,,,,,,,,,,,,,,,N/A,N/A
2004-10-11,14.71,91.37999725341797,,,,,,,,,,,,,,,,N/A,N/A
2004-10-12,15.05,92.54000091552734,,,,,,,,,,,,,,,,N/A,N/A
2004-10-13,15.42,91.83000183105469,,,,,,,,,,,,,,,,N/A,N/A
2004-10-14,16.43,91.22000122070312,,,,,,,,,,,,,,,,N/A,N/A
2004-10-15,15.04,90.58999633789062,,,,,,,,,,,,,,,,N/A,N/A
2004-10-18,14.71,86.87999725341797,,,,,,,,,,,,,,,,N/A,N/A
2004-10-19,15.13,85.8499984741211,,,,,,,,,,,,,,,,N/A,N/A
2004-10-20,14.85,92.0999984741211,,,,,,,,,,,,,,,,N/A,N/A
2004-10-21,14.54,86.54000091552734,,,,,,,,,,,,,,,,N/A,N/A
2004-10-22,15.28,85.83999633789062,,,,,,,,,,,,,,,,N/A,N/A
2004-10-25,16.58,88.41999816894531,,,,,,,,,,,,,,,,N/A,N/A
2004-10-26,16.39,91.91000366210938,,,,,,,,,,,,,,,,N/A,N/A
2004-10-27,15.72,95.41999816894531,,,,,,,,,,,,,,,,N/A,N/A
2004-10-28,15.39,97.2699966430664,,,,,,,,,,,,,,,,N/A,N/A
2004-10-29,16.27,96.44999694824219,,,,,,,,,,,,,,,,N/A,N/A
2004-11-01,16.27,96.79000091552734,,,,,,,,,,,,,,,,N/A,N/A
2004-11-02,16.18,98.5199966430664,,,,,,,,,,,,,,,,N/A,N/A
2004-11-03,14.04,105.37999725341797,,,,,,,,,,,,,,,,N/A,N/A
2004-11-04,13.97,102.80999755859375,,,,,,,,,,,,,,,,N/A,N/A
2004-11-05,13.84,92.68000030517578,,,,,,,,,,,,,,,,N/A,N/A
2004-11-08,13.8,91.19999694824219,,,,,,,,,,,,,,,,N/A,N/A
2004-11-09,13.61,89.04000091552734,,,,,,,,,,,,,,,,N/A,N/A
2004-11-10,13.08,86.7699966430664,,,,,,,,,,,,,,,,N/A,N/A
2004-11-11,13.04,86.7699966430664,,,,,,,,,,,,,,,,N/A,N/A
2004-11-12,13.33,85.93000030517578,,,,,,,,,,,,,,,,N/A,N/A
2004-11-15,13.38,86.72000122070312,,,,,,,,,,,,,,,,N/A,N/A
2004-11-16,13.21,86.83000183105469,,,,,,,,,,,,,,,,N/A,N/A
2004-11-17,13.21,86.20999908447266,,,,,,,,,,,,,,,,N/A,N/A
2004-11-18,12.98,86.0,,,,,,,,,,,,,,,,N/A,N/A
2004-11-19,13.5,87.5999984741211,,,,,,,,,,,,,,,,N/A,N/A
2004-11-22,12.97,86.04000091552734,,,,,,,,,,,,,,,,N/A,N/A
2004-11-23,12.67,85.68000030517578,,,,,,,,,,,,,,,,N/A,N/A
2004-11-24,12.72,83.19999694824219,,,,,,,,,,,,,,,,N/A,N/A
2004-11-25,12.72,83.19999694824219,,,,,,,,,,,,,,,,N/A,N/A
2004-11-26,12.79,84.9000015258789,,,,,,,,,,,,,,,,N/A,N/A
2004-11-29,13.3,90.6500015258789,,,,,,,,,,,,,,,,N/A,N/A
2004-11-30,13.24,89.55999755859375,,,,,,,,,,,,,,,,N/A,N/A
2004-12-01,12.97,88.2300033569336,,,,,,,,,,,,,,,,N/A,N/A
2004-12-02,12.98,91.2300033569336,,,,,,,,,,,,,,,,N/A,N/A
2004-12-03,12.96,78.12000274658203,,,,,,,,,,,,,,,,N/A,N/A
2004-12-06,13.19,72.33000183105469,,,,,,,,,,,,,,,,N/A,N/A
2004-12-07,13.67,66.76000213623047,,,,,,,,,,,,,,,,N/A,N/A
2004-12-08,13.19,82.0199966430664,,,,,,,,,,,,,,,,N/A,N/A
2004-12-09,12.88,83.0199966430664,,,,,,,,,,,,,,,,N/A,N/A
2004-12-10,12.76,82.9800033569336,,,,,,,,,,,,,,,,N/A,N/A
2004-12-13,12.54,82.22000122070312,,,,,,,,,,,,,,,,N/A,N/A
2004-12-14,12.73,80.2300033569336,,,,,,,,,,,,,,,,N/A,N/A
2004-12-15,12.35,82.30000305175781,,,,,,,,,,,,,,,,N/A,N/A
2004-12-16,12.27,86.30000305175781,,,,,,,,,,,,,,,,N/A,N/A
2004-12-17,11.95,86.43000030517578,,,,,,,,,,,,,,,,N/A,N/A
2004-12-20,11.83,81.63999938964844,,,,,,,,,,,,,,,,N/A,N/A
2004-12-21,11.55,80.55000305175781,,,,,,,,,,,,,,,,N/A,N/A
2004-12-22,11.45,81.08000183105469,,,,,,,,,,,,,,,,N/A,N/A
2004-12-23,11.23,80.66999816894531,,,,,,,,,,,,,,,,N/A,N/A
2004-12-24,11.23,80.66999816894531,,,,,,,,,,,,,,,,N/A,N/A
2004-12-27,12.14,82.62999725341797,,,,,,,,,,,,,,,,N/A,N/A
2004-12-28,12.0,85.80000305175781,,,,,,,,,,,,,,,,N/A,N/A
2004-12-29,11.62,85.0999984741211,,,,,,,,,,,,,,,,N/A,N/A
2004-12-30,12.56,86.5999984741211,,,,,,,,,,,,,,,,N/A,N/A
2004-12-31,13.29,86.5999984741211,,,,,,,,,,,,,,,,N/A,N/A
2005-01-03,14.08,83.9000015258789,,,,,,,,,,,,,,,,N/A,N/A
2005-01-04,13.98,83.30000305175781,,,,,,,,,,,,,,,,N/A,N/A
2005-01-05,14.09,93.19999694824219,,,,,,,,,,,,,,,,N/A,N/A
2005-01-06,13.58,92.4000015258789,,,,,,,,,,,,,,,,N/A,N/A
2005-01-07,13.49,92.37999725341797,,,,,,,,,,,,,,,,N/A,N/A
2005-01-10,13.23,79.01000213623047,,,,,,,,,,,,,,,,N/A,N/A
2005-01-11,13.19,77.8499984741211,,,,,,,,,,,,,,,,N/A,N/A
2005-01-12,12.56,76.94999694824219,,,,,,,,,,,,,,,,N/A,N/A
2005-01-13,12.84,75.7699966430664,,,,,,,,,,,,,,,,N/A,N/A
2005-01-14,12.43,76.61000061035156,,,,,,,,,,,,,,,,N/A,N/A
2005-01-17,12.43,76.61000061035156,,,,,,,,,,,,,,,,N/A,N/A
2005-01-18,12.47,76.52999877929688,,,,,,,,,,,,,,,,N/A,N/A
2005-01-19,13.18,75.95999908447266,,,,,,,,,,,,,,,,N/A,N/A
2005-01-20,13.83,74.45999908447266,,,,,,,,,,,,,,,,N/A,N/A
2005-01-21,14.36,76.30000305175781,,,,,,,,,,,,,,,,N/A,N/A
2005-01-24,14.65,76.94999694824219,,,,,,,,,,,,,,,,N/A,N/A
2005-01-25,14.06,77.31999969482422,,,,,,,,,,,,,,,,N/A,N/A
2005-01-26,13.44,78.19000244140625,,,,,,,,,,,,,,,,N/A,N/A
2005-01-27,13.24,80.20999908447266,,,,,,,,,,,,,,,,N/A,N/A
2005-01-28,13.24,78.62000274658203,,,,,,,,,,,,,,,,N/A,N/A
2005-01-31,12.82,79.29000091552734,,,,,,,,,,,,,,,,N/A,N/A
2005-02-01,12.03,75.95999908447266,,,,,,,,,,,,,,,,N/A,N/A
2005-02-02,11.66,83.9000015258789,,,,,,,,,,,,,,,,N/A,N/A
2005-02-03,11.79,83.77999877929688,,,,,,,,,,,,,,,,N/A,N/A
2005-02-04,11.21,75.51000213623047,,,,,,,,,,,,,,,,N/A,N/A
2005-02-07,11.73,72.23999786376953,,,,,,,,,,,,,,,,N/A,N/A
2005-02-08,11.6,72.83999633789062,,,,,,,,,,,,,,,,N/A,N/A
2005-02-09,12.0,77.0999984741211,,,,,,,,,,,,,,,,N/A,N/A
2005-02-10,11.51,80.4000015258789,,,,,,,,,,,,,,,,N/A,N/A
2005-02-11,11.43,81.94999694824219,,,,,,,,,,,,,,,,N/A,N/A
2005-02-14,11.52,84.66000366210938,,,,,,,,,,,,,,,,N/A,N/A
2005-02-15,11.27,84.12000274658203,,,,,,,,,,,,,,,,N/A,N/A
2005-02-16,11.1,84.0999984741211,,,,,,,,,,,,,,,,N/A,N/A
2005-02-17,11.77,74.23999786376953,,,,,,,,,,,,,,,,N/A,N/A
2005-02-18,11.18,78.45999908447266,,,,,,,,,,,,,,,,N/A,N/A
2005-02-21,11.18,78.45999908447266,,,,,,,,,,,,,,,,N/A,N/A
2005-02-22,13.14,83.98999786376953,,,,,,,,,,,,,,,,N/A,N/A
2005-02-23,12.39,81.69000244140625,,,,,,,,,,,,,,,,N/A,N/A
2005-02-24,11.57,82.94000244140625,,,,,,,,,,,,,,,,N/A,N/A
2005-02-25,11.49,80.69999694824219,,,,,,,,,,,,,,,,N/A,N/A
2005-02-28,12.08,90.05000305175781,,,,,,,,,,,,,,,,N/A,N/A
2005-03-01,12.04,89.2300033569336,,,,,,,,,,,,,,,,N/A,N/A
2005-03-02,12.5,101.41000366210938,,,,,,,,,,,,,,,,N/A,N/A
2005-03-03,12.93,99.44000244140625,,,,,,,,,,,,,,,,N/A,N/A
2005-03-04,11.94,83.0,,,,,,,,,,,,,,,,N/A,N/A
2005-03-07,12.26,76.30000305175781,,,,,,,,,,,,,,,,N/A,N/A
2005-03-08,12.4,81.93000030517578,,,,,,,,,,,,,,,,N/A,N/A
2005-03-09,12.7,92.0999984741211,,,,,,,,,,,,,,,,N/A,N/A
2005-03-10,12.49,91.13999938964844,,,,,,,,,,,,,,,,N/A,N/A
2005-03-11,12.8,93.69999694824219,,,,,,,,,,,,,,,,N/A,N/A
2005-03-14,12.39,93.19999694824219,,,,,,,,,,,,,,,,N/A,N/A
2005-03-15,13.15,92.0,,,,,,,,,,,,,,,,N/A,N/A
2005-03-16,13.49,90.7699966430664,,,,,,,,,,,,,,,,N/A,N/A
2005-03-17,13.29,92.12000274658203,,,,,,,,,,,,,,,,N/A,N/A
2005-03-18,13.14,90.0999984741211,,,,,,,,,,,,,,,,N/A,N/A
2005-03-21,13.61,91.30000305175781,,,,,,,,,,,,,,,,N/A,N/A
2005-03-22,14.27,90.69999694824219,,,,,,,,,,,,,,,,N/A,N/A
2005-03-23,14.06,89.0,,,,,,,,,,,,,,,,N/A,N/A
2005-03-24,13.42,88.37000274658203,,,,,,,,,,,,,,,,N/A,N/A
2005-03-25,13.42,88.37000274658203,,,,,,,,,,,,,,,,N/A,N/A
2005-03-28,13.75,88.91000366210938,,,,,,,,,,,,,,,,N/A,N/A
2005-03-29,14.49,89.58999633789062,,,,,,,,,,,,,,,,N/A,N/A
2005-03-30,13.64,91.0,,,,,,,,,,,,,,,,N/A,N/A
2005-03-31,14.02,87.69999694824219,,,,,,,,,,,,,,,,N/A,N/A
2005-04-01,14.09,75.16000366210938,,,,,,,,,,,,,,,,N/A,N/A
2005-04-04,14.11,75.11000061035156,,,,,,,,,,,,,,,,N/A,N/A
2005-04-05,13.68,73.63999938964844,,,,,,,,,,,,,,,,N/A,N/A
2005-04-06,13.15,81.1500015258789,,,,,,,,,,,,,,,,N/A,N/A
2005-04-07,12.33,79.27999877929688,,,,,,,,,,,,,,,,N/A,N/A
2005-04-08,12.62,81.4000015258789,,,,,,,,,,,,,,,,N/A,N/A
2005-04-11,11.98,78.19999694824219,,,,,,,,,,,,,,,,N/A,N/A
2005-04-12,11.3,75.94000244140625,,,,,,,,,,,,,,,,N/A,N/A
2005-04-13,13.31,75.58999633789062,,,,,,,,,,,,,,,,N/A,N/A
2005-04-14,14.53,74.41999816894531,,,,,,,,,,,,,,,,N/A,N/A
2005-04-15,17.74,83.83999633789062,,,,,,,,,,,,,,,,N/A,N/A
2005-04-18,16.56,83.83999633789062,,,,,,,,,,,,,,,,N/A,N/A
2005-04-19,14.96,84.11000061035156,,,,,,,,,,,,,,,,N/A,N/A
2005-04-20,16.92,84.0,,,,,,,,,,,,,,,,N/A,N/A
2005-04-21,14.41,85.80999755859375,,,,,,,,,,,,,,,,N/A,N/A
2005-04-22,15.38,84.18000030517578,,,,,,,,,,,,,,,,N/A,N/A
2005-04-25,14.62,78.55000305175781,,,,,,,,,,,,,,,,N/A,N/A
2005-04-26,14.91,79.19999694824219,,,,,,,,,,,,,,,,N/A,N/A
2005-04-27,14.87,79.12000274658203,,,,,,,,,,,,,,,,N/A,N/A
2005-04-28,16.86,78.25,,,,,,,,,,,,,,,,N/A,N/A
2005-04-29,15.31,82.52999877929688,,,,,,,,,,,,,,,,N/A,N/A
2005-05-02,15.12,82.30000305175781,,,,,,,,,,,,,,,,N/A,N/A
2005-05-03,14.53,81.5,,,,,,,,,,,,,,,,N/A,N/A
2005-05-04,13.85,86.9000015258789,,,,,,,,,,,,,,,,N/A,N/A
2005-05-05,13.98,82.9800033569336,,,,,,,,,,,,,,,,N/A,N/A
2005-05-06,14.05,78.4000015258789,,,,,,,,,,,,,,,,N/A,N/A
2005-05-09,13.75,78.69999694824219,,,,,,,,,,,,,,,,N/A,N/A
2005-05-10,14.91,78.9000015258789,,,,,,,,,,,,,,,,N/A,N/A
2005-05-11,14.45,83.0,,,,,,,,,,,,,,,,N/A,N/A
2005-05-12,16.12,82.16999816894531,,,,,,,,,,,,,,,,N/A,N/A
2005-05-13,16.32,87.0999984741211,,,,,,,,,,,,,,,,N/A,N/A
2005-05-16,15.68,88.5,,,,,,,,,,,,,,,,N/A,N/A
2005-05-17,14.57,84.69999694824219,,,,,,,,,,,,,,,,N/A,N/A
2005-05-18,13.63,81.22000122070312,,,,,,,,,,,,,,,,N/A,N/A
2005-05-19,13.32,77.19000244140625,,,,,,,,,,,,,,,,N/A,N/A
2005-05-20,13.14,76.5999984741211,,,,,,,,,,,,,,,,N/A,N/A
2005-05-23,12.95,73.86000061035156,,,,,,,,,,,,,,,,N/A,N/A
2005-05-24,12.69,73.81999969482422,,,,,,,,,,,,,,,,N/A,N/A
2005-05-25,12.58,74.05999755859375,,,,,,,,,,,,,,,,N/A,N/A
2005-05-26,12.24,72.5999984741211,,,,,,,,,,,,,,,,N/A,N/A
2005-05-27,12.15,73.75,,,,,,,,,,,,,,,,N/A,N/A
2005-05-30,12.15,73.75,,,,,,,,,,,,,,,,N/A,N/A
2005-05-31,13.29,75.0,,,,,,,,,,,,,,,,N/A,N/A
2005-06-01,12.36,79.12999725341797,,,,,,,,,,,,,,,,N/A,N/A
2005-06-02,11.84,80.76000213623047,,,,,,,,,,,,,,,,N/A,N/A
2005-06-03,12.15,78.9000015258789,,,,,,,,,,,,,,,,N/A,N/A
2005-06-06,12.28,78.44000244140625,,,,,,,,,,,,,,,,N/A,N/A
2005-06-07,12.39,77.86000061035156,,,,,,,,,,,,,,,,N/A,N/A
2005-06-08,12.7,82.95999908447266,,,,,,,,,,,,,,,,N/A,N/A
2005-06-09,12.08,80.86000061035156,,,,,,,,,,,,,,,,N/A,N/A
2005-06-10,11.96,82.52999877929688,,,,,,,,,,,,,,,,N/A,N/A
2005-06-13,11.65,80.52999877929688,,,,,,,,,,,,,,,,N/A,N/A
2005-06-14,11.79,80.16999816894531,,,,,,,,,,,,,,,,N/A,N/A
2005-06-15,11.46,75.23999786376953,,,,,,,,,,,,,,,,N/A,N/A
2005-06-16,11.15,73.4000015258789,,,,,,,,,,,,,,,,N/A,N/A
2005-06-17,11.48,72.4000015258789,,,,,,,,,,,,,,,,N/A,N/A
2005-06-20,11.47,72.19999694824219,,,,,,,,,,,,,,,,N/A,N/A
2005-06-21,11.08,73.5,,,,,,,,,,,,,,,,N/A,N/A
2005-06-22,11.05,77.18000030517578,,,,,,,,,,,,,,,,N/A,N/A
2005-06-23,12.13,76.51000213623047,,,,,,,,,,,,,,,,N/A,N/A
2005-06-24,12.18,76.0,,,,,,,,,,,,,,,,N/A,N/A
2005-06-27,12.52,74.5,,,,,,,,,,,,,,,,N/A,N/A
2005-06-28,11.58,75.69999694824219,,,,,,,,,,,,,,,,N/A,N/A
2005-06-29,11.77,76.79000091552734,,,,,,,,,,,,,,,,N/A,N/A
2005-06-30,12.04,75.5999984741211,,,,,,,,,,,,,,,,N/A,N/A
2005-07-01,11.4,78.8499984741211,,,,,,,,,,,,,,,,N/A,N/A
2005-07-04,11.4,78.8499984741211,,,,,,,,,,,,,,,,N/A,N/A
2005-07-05,11.68,78.3499984741211,,,,,,,,,,,,,,,,N/A,N/A
2005-07-06,12.27,86.29000091552734,,,,,,,,,,,,,,,,N/A,N/A
2005-07-07,12.49,87.8499984741211,,,,,,,,,,,,,,,,N/A,N/A
2005-07-08,11.45,80.12000274658203,,,,,,,,,,,,,,,,N/A,N/A
2005-07-11,11.28,82.93000030517578,,,,,,,,,,,,,,,,N/A,N/A
2005-07-12,10.95,81.08000183105469,,,,,,,,,,,,,,,,N/A,N/A
2005-07-13,10.84,81.48999786376953,,,,,,,,,,,,,,,,N/A,N/A
2005-07-14,10.81,76.47000122070312,,,,,,,,,,,,,,,,N/A,N/A
2005-07-15,10.33,77.5,,,,,,,,,,,,,,,,N/A,N/A
2005-07-18,10.77,76.62000274658203,,,,,,,,,,,,,,,,N/A,N/A
2005-07-19,10.45,77.41999816894531,,,,,,,,,,,,,,,,N/A,N/A
2005-07-20,10.23,74.16000366210938,,,,,,,,,,,,,,,,N/A,N/A
2005-07-21,10.97,78.5,,,,,,,,,,,,,,,,N/A,N/A
2005-07-22,10.52,75.54000091552734,,,,,,,,,,,,,,,,N/A,N/A
2005-07-25,11.1,75.7699966430664,,,,,,,,,,,,,,,,N/A,N/A
2005-07-26,10.99,74.06999969482422,,,,,,,,,,,,,,,,N/A,N/A
2005-07-27,10.36,73.77999877929688,,,,,,,,,,,,,,,,N/A,N/A
2005-07-28,10.52,72.51000213623047,,,,,,,,,,,,,,,,N/A,N/A
2005-07-29,11.57,74.80000305175781,,,,,,,,,,,,,,,,N/A,N/A
2005-08-01,12.08,76.5199966430664,,,,,,,,,,,,,,,,N/A,N/A
2005-08-02,11.75,76.80000305175781,,,,,,,,,,,,,,,,N/A,N/A
2005-08-03,11.83,78.19000244140625,,,,,,,,,,,,,,,,N/A,N/A
2005-08-04,12.52,77.5999984741211,,,,,,,,,,,,,,,,N/A,N/A
2005-08-05,12.48,75.97000122070312,,,,,,,,,,,,,,,,N/A,N/A
2005-08-08,13.21,75.19000244140625,,,,,,,,,,,,,,,,N/A,N/A
2005-08-09,12.4,72.62999725341797,,,,,,,,,,,,,,,,N/A,N/A
2005-08-10,12.38,72.97000122070312,,,,,,,,,,,,,,,,N/A,N/A
2005-08-11,12.42,72.25,,,,,,,,,,,,,,,,N/A,N/A
2005-08-12,12.74,74.01000213623047,,,,,,,,,,,,,,,,N/A,N/A
2005-08-15,12.26,73.52999877929688,,,,,,,,,,,,,,,,N/A,N/A
2005-08-16,13.52,73.8499984741211,,,,,,,,,,,,,,,,N/A,N/A
2005-08-17,13.3,73.30000305175781,,,,,,,,,,,,,,,,N/A,N/A
2005-08-18,13.42,72.41999816894531,,,,,,,,,,,,,,,,N/A,N/A
2005-08-19,13.42,73.30000305175781,,,,,,,,,,,,,,,,N/A,N/A
2005-08-22,13.42,71.69999694824219,,,,,,,,,,,,,,,,N/A,N/A
2005-08-23,13.34,71.36000061035156,,,,,,,,,,,,,,,,N/A,N/A
2005-08-24,14.17,71.5,,,,,,,,,,,,,,,,N/A,N/A
2005-08-25,13.73,72.16000366210938,,,,,,,,,,,,,,,,N/A,N/A
2005-08-26,13.72,73.62999725341797,,,,,,,,,,,,,,,,N/A,N/A
2005-08-29,13.52,72.22000122070312,,,,,,,,,,,,,,,,N/A,N/A
2005-08-30,13.65,75.0,,,,,,,,,,,,,,,,N/A,N/A
2005-08-31,12.6,78.19999694824219,,,,,,,,,,,,,,,,N/A,N/A
2005-09-01,13.15,85.06999969482422,,,,,,,,,,,,,,,,N/A,N/A
2005-09-02,13.57,80.66000366210938,,,,,,,,,,,,,,,,N/A,N/A
2005-09-05,13.57,80.66000366210938,,,,,,,,,,,,,,,,N/A,N/A
2005-09-06,12.93,76.58000183105469,,,,,,,,,,,,,,,,N/A,N/A
2005-09-07,12.52,80.30000305175781,,,,,,,,,,,,,,,,N/A,N/A
2005-09-08,12.93,80.33000183105469,,,,,,,,,,,,,,,,N/A,N/A
2005-09-09,11.98,79.91000366210938,,,,,,,,,,,,,,,,N/A,N/A
2005-09-12,11.65,78.20999908447266,,,,,,,,,,,,,,,,N/A,N/A
2005-09-13,12.39,78.88999938964844,,,,,,,,,,,,,,,,N/A,N/A
2005-09-14,12.91,77.94000244140625,,,,,,,,,,,,,,,,N/A,N/A
2005-09-15,12.49,79.5,,,,,,,,,,,,,,,,N/A,N/A
2005-09-16,11.22,82.5,,,,,,,,,,,,,,,,N/A,N/A
2005-09-19,12.14,82.4000015258789,,,,,,,,,,,,,,,,N/A,N/A
2005-09-20,12.64,77.52999877929688,,,,,,,,,,,,,,,,N/A,N/A
2005-09-21,13.79,77.30000305175781,,,,,,,,,,,,,,,,N/A,N/A
2005-09-22,13.33,77.91999816894531,,,,,,,,,,,,,,,,N/A,N/A
2005-09-23,12.96,78.16999816894531,,,,,,,,,,,,,,,,N/A,N/A
2005-09-26,13.04,78.13999938964844,,,,,,,,,,,,,,,,N/A,N/A
2005-09-27,12.76,75.9000015258789,,,,,,,,,,,,,,,,N/A,N/A
2005-09-28,12.63,75.45999908447266,,,,,,,,,,,,,,,,N/A,N/A
2005-09-29,12.24,75.95999908447266,,,,,,,,,,,,,,,,N/A,N/A
2005-09-30,11.92,76.70999908447266,,,,,,,,,,,,,,,,N/A,N/A
2005-10-03,12.46,80.30000305175781,,,,,,,,,,,,,,,,N/A,N/A
2005-10-04,13.2,77.87000274658203,,,,,,,,,,,,,,,,N/A,N/A
2005-10-05,14.55,81.6500015258789,,,,,,,,,,,,,,,,N/A,N/A
2005-10-06,14.96,80.27999877929688,,,,,,,,,,,,,,,,N/A,N/A
2005-10-07,14.59,77.4800033569336,,,,,,,,,,,,,,,,N/A,N/A
2005-10-10,15.55,77.4800033569336,,,,,,,,,,,,,,,,N/A,N/A
2005-10-11,15.63,77.54000091552734,,,,,,,,,,,,,,,,N/A,N/A
2005-10-12,16.22,77.5999984741211,,,,,,,,,,,,,,,,N/A,N/A
2005-10-13,16.47,80.0,,,,,,,,,,,,,,,,N/A,N/A
2005-10-14,14.87,80.69999694824219,,,,,,,,,,,,,,,,N/A,N/A
2005-10-17,14.67,81.0999984741211,,,,,,,,,,,,,,,,N/A,N/A
2005-10-18,15.33,80.0999984741211,,,,,,,,,,,,,,,,N/A,N/A
2005-10-19,13.5,80.08999633789062,,,,,,,,,,,,,,,,N/A,N/A
2005-10-20,16.11,79.0999984741211,,,,,,,,,,,,,,,,N/A,N/A
2005-10-21,16.13,78.4000015258789,,,,,,,,,,,,,,,,N/A,N/A
2005-10-24,14.74,78.0,,,,,,,,,,,,,,,,N/A,N/A
2005-10-25,14.53,77.0199966430664,,,,,,,,,,,,,,,,N/A,N/A
2005-10-26,14.59,82.0999984741211,,,,,,,,,,,,,,,,N/A,N/A
2005-10-27,16.02,80.69999694824219,,,,,,,,,,,,,,,,N/A,N/A
2005-10-28,14.25,80.19999694824219,,,,,,,,,,,,,,,,N/A,N/A
2005-10-31,15.32,80.08000183105469,,,,,,,,,,,,,,,,N/A,N/A
2005-11-01,14.85,77.95999908447266,,,,,,,,,,,,,,,,N/A,N/A
2005-11-02,13.48,82.5,,,,,,,,,,,,,,,,N/A,N/A
2005-11-03,13.0,83.4000015258789,,,,,,,,,,,,,,,,N/A,N/A
2005-11-04,13.17,76.5,,,,,,,,,,,,,,,,N/A,N/A
2005-11-07,13.1,76.5,,,,,,,,,,,,,,,,N/A,N/A
2005-11-08,13.08,78.19999694824219,,,,,,,,,,,,,,,,N/A,N/A
2005-11-09,12.8,80.5,,,,,,,,,,,,,,,,N/A,N/A
2005-11-10,11.9,79.87999725341797,,,,,,,,,,,,,,,,N/A,N/A
2005-11-11,11.63,79.87999725341797,,,,,,,,,,,,,,,,N/A,N/A
2005-11-14,12.18,80.9000015258789,,,,,,,,,,,,,,,,N/A,N/A
2005-11-15,12.23,80.30000305175781,,,,,,,,,,,,,,,,N/A,N/A
2005-11-16,12.26,79.08999633789062,,,,,,,,,,,,,,,,N/A,N/A
2005-11-17,11.25,78.83000183105469,,,,,,,,,,,,,,,,N/A,N/A
2005-11-18,11.12,76.51000213623047,,,,,,,,,,,,,,,,N/A,N/A
2005-11-21,10.82,73.0999984741211,,,,,,,,,,,,,,,,N/A,N/A
2005-11-22,10.6,73.0999984741211,,,,,,,,,,,,,,,,N/A,N/A
2005-11-23,10.96,73.30999755859375,,,,,,,,,,,,,,,,N/A,N/A
2005-11-24,10.96,73.30999755859375,,,,-1.1743864524672984,-1.4445037873040212,,,0.017857142857142856,0.02976190476190476,,,,,,,N/A,NO_STRESS
2005-11-25,10.88,72.05999755859375,,,,-1.1874661878015638,-1.5142951572141339,,,0.015873015873015872,0.006613756613756613,,,,,,,N/A,NO_STRESS
2005-11-28,11.84,72.12999725341797,,,,-0.9955608657582551,-1.5070904802168306,,,0.08531746031746032,0.007936507936507936,,,,,,,N/A,NO_STRESS
2005-11-29,11.89,73.98999786376953,,,,-0.983294243003786,-1.3949037249937823,,,0.0873015873015873,0.04894179894179894,,,,,,,N/A,NO_STRESS
2005-11-30,12.06,73.5,,,,-0.9473776745619935,-1.4195062797112468,,,0.10449735449735449,0.036375661375661374,,,,,,,N/A,NO_STRESS
2005-12-01,11.24,73.5,,,,-1.107243026615946,-1.4155755124325982,,,0.03968253968253968,0.037037037037037035,,,,,,,N/A,NO_STRESS
2005-12-02,11.01,69.38999938964844,,,,-1.1500007746108087,-1.6512931095312742,,,0.023809523809523808,0.0026455026455026454,,,,,,,N/A,NO_STRESS
2005-12-05,11.6,67.69999694824219,,,,-1.0304544713591244,-1.7444616524219168,,,0.06812169312169312,0.0026455026455026454,,,,,,,N/A,NO_STRESS
2005-12-06,11.52,67.30000305175781,,,,-1.0438588132587459,-1.762093249622062,,,0.061507936507936505,0.0026455026455026454,,,,,,,N/A,NO_STRESS
2005-12-07,12.18,71.44000244140625,,,,-0.9104377179001641,-1.5159395160633777,,,0.12433862433862433,0.007936507936507936,,,,,,,N/A,NO_STRESS
2005-12-08,12.21,70.5999984741211,,,,-0.9023009217401798,-1.5600483371438758,,,0.12698412698412698,0.006613756613756613,,,,,,,N/A,NO_STRESS
2005-12-09,11.69,71.88999938964844,,,,-1.0034913107508479,-1.4804986125347583,,,0.07936507936507936,0.013227513227513227,,,,,,,N/A,NO_STRESS
2005-12-12,11.47,72.19999694824219,,,,-1.0450693638166653,-1.458173907079517,,,0.056216931216931214,0.01917989417989418,,,,,,,N/A,NO_STRESS
2005-12-13,11.11,68.36000061035156,,,,-1.1145649780425113,-1.6759846639155702,,,0.03042328042328042,0.005291005291005291,,,,,,,N/A,NO_STRESS
2005-12-14,10.48,70.91999816894531,,,,-1.2386473395242312,-1.5226268406069878,,,0.006613756613756613,0.009259259259259259,,,,,,,N/A,NO_STRESS
2005-12-15,10.73,71.19999694824219,,,,-1.1874353889988356,-1.5017014766747192,,,0.011904761904761904,0.010582010582010581,,,,,,,N/A,NO_STRESS
2005-12-16,10.68,70.2699966430664,,,,-1.195679397695003,-1.5506529428319307,,,0.011904761904761904,0.007936507936507936,,,,,,,N/A,NO_STRESS
2005-12-19,11.38,67.69999694824219,,,,-1.0548503245209777,-1.693585258922979,,,0.05291005291005291,0.004629629629629629,,,,,,,N/A,NO_STRESS
2005-12-20,11.19,66.30999755859375,,,,-1.0959732088254395,-1.7680083055484295,,,0.041005291005291,0.0013227513227513227,,,,,,,N/A,NO_STRESS
2005-12-21,10.81,66.4000015258789,,,,-1.1744809468117932,-1.7568994132137854,,,0.016534391534391533,0.0026455026455026454,,,,,,,N/A,NO_STRESS
2005-12-22,10.29,66.5,,,,-1.2819640799764276,-1.7451351149408436,,,0.0026455026455026454,0.003968253968253968,,,,,,,N/A,NO_STRESS
2005-12-23,10.27,67.88999938964844,,,,-1.2869425203177405,-1.6597027133446989,,,0.0026455026455026454,0.010582010582010581,,,,,,,N/A,NO_STRESS
2005-12-26,10.27,67.88999938964844,,,,-1.287757416699163,-1.6541493892637804,,,0.0033068783068783067,0.011243386243386243,,,,,,,N/A,NO_STRESS
2005-12-27,11.57,68.43000030517578,,,,-1.0169183343615171,-1.6177671083964775,,,0.08068783068783068,0.01455026455026455,,,,,,,N/A,NO_STRESS
2005-12-28,11.35,70.26000213623047,,,,-1.0646187190503404,-1.5081110814439223,,,0.05952380952380952,0.017195767195767195,,,,,,,N/A,NO_STRESS
2005-12-29,11.61,71.2300033569336,,,,-1.0113811329979976,-1.448702287409486,,,0.08862433862433862,0.023809523809523808,,,,,,,N/A,NO_STRESS
2005-12-30,12.07,72.08999633789062,,,,-0.914992940678571,-1.3954903422460132,,,0.13095238095238096,0.03306878306878307,,,,,,,N/A,NO_STRESS
2006-01-02,12.07,72.08999633789062,,,,-0.9170410727731145,-1.3915114395581762,,,0.13161375661375663,0.03373015873015873,,,,,,,N/A,NO_STRESS
2006-01-03,11.14,73.29000091552734,,,,-1.1217917426897992,-1.3190748240265733,,,0.042328042328042326,0.0582010582010582,,,,,,,N/A,NO_STRESS
2006-01-04,11.37,74.69000244140625,,,,-1.0746476961784166,-1.2355236042614217,,,0.062169312169312166,0.09391534391534391,,,,,,,N/A,NO_STRESS
2006-01-05,11.31,72.86000061035156,,,,-1.0918567216170598,-1.3364166896517917,,,0.06084656084656084,0.05423280423280423,,,,,,,N/A,NO_STRESS
2006-01-06,11.0,69.12000274658203,,,,-1.1648616730711183,-1.5456071467614945,,,0.03306878306878307,0.015873015873015872,,,,,,,N/A,NO_STRESS
2006-01-09,11.13,64.9000015258789,,,,-1.1386424665913826,-1.7806705733117583,,,0.04365079365079365,0.0013227513227513227,,,,,,,N/A,NO_STRESS
2006-01-10,10.86,65.51000213623047,,,,-1.2032523643566655,-1.7400590320658473,,,0.02513227513227513,0.0026455026455026454,,,,,,,N/A,NO_STRESS
2006-01-11,10.94,64.5,,,,-1.1870373173207414,-1.7914535045201727,,,0.027777777777777776,0.0013227513227513227,,,,,,,N/A,NO_STRESS
2006-01-12,11.2,64.9000015258789,,,,-1.1293894162844522,-1.7623322006449509,,,0.05423280423280423,0.0033068783068783067,,,,,,,N/A,NO_STRESS
2006-01-13,11.23,64.9000015258789,,,,-1.1245364687980444,-1.756064963268248,,,0.05952380952380952,0.003968253968253968,,,,,,,N/A,NO_STRESS
2006-01-16,11.23,64.9000015258789,,,,-1.1259501718381082,-1.7498062639999183,,,0.06018518518518518,0.004629629629629629,,,,,,,N/A,NO_STRESS
2006-01-17,11.91,63.5,,,,-0.9685020949266296,-1.822289802986596,,,0.1283068783068783,0.0013227513227513227,,,,,,,N/A,NO_STRESS
2006-01-18,12.25,66.55000305175781,,,,-0.889632948157642,-1.6444223293700022,,,0.1693121693121693,0.01455026455026455,,,,,,,N/A,NO_STRESS
2006-01-19,11.98,66.23999786376953,,,,-0.9565515119744796,-1.6565083410712138,,,0.13624338624338625,0.010582010582010581,,,,,,,N/A,NO_STRESS
2006-01-20,14.56,66.19999694824219,,,,-0.33195494390492913,-1.6531880675901356,,,0.42724867724867727,0.010582010582010581,,,,,,,N/A,NO_STRESS
2006-01-23,13.93,67.72000122070312,,,,-0.4835913781691113,-1.5626454400143,,,0.3637566137566138,0.023809523809523808,,,,,,,N/A,NO_STRESS
2006-01-24,13.31,67.5,,,,-0.6350830831985627,-1.5700145854912875,,,0.30224867724867727,0.021164021164021163,,,,,,,N/A,NO_STRESS
2006-01-25,12.87,72.19999694824219,,,,-0.7449745388264605,-1.3028474023877246,,,0.24206349206349206,0.056878306878306875,,,,,,,N/A,NO_STRESS
2006-01-26,12.42,74.91000366210938,,,,-0.8583783979965551,-1.148035190956886,,,0.19378306878306878,0.1164021164021164,,,,,,,N/A,NO_STRESS
2006-01-27,11.97,73.69999694824219,,,,-0.974411126156575,-1.2125843208885057,,,0.1349206349206349,0.09391534391534391,,,,,,,N/A,NO_STRESS
2006-01-30,12.39,75.6500015258789,,,,-0.8697685654157395,-1.1006581654584173,,,0.18915343915343916,0.1335978835978836,,,,,,,N/A,NO_STRESS
2006-01-31,12.95,73.69999694824219,,,,-0.7288670964517902,-1.2064131899363266,,,0.25462962962962965,0.09457671957671958,,,,,,,N/A,NO_STRESS
2006-02-01,12.36,72.80000305175781,,,,-0.8871295595609678,-1.2532709671278122,,,0.18452380952380953,0.07142857142857142,,,,,,,N/A,NO_STRESS
2006-02-02,13.23,72.13999938964844,,,,-0.6603664284279519,-1.2865406266195105,,,0.296957671957672,0.05423280423280423,,,,,,,N/A,NO_STRESS
2006-02-03,12.96,68.73999786376953,,,,-0.7346559572743004,-1.4716755713888223,,,0.25925925925925924,0.031746031746031744,,,,,,,N/A,NO_STRESS
2006-02-06,13.04,67.30000305175781,,,,-0.7145242754199189,-1.5470106277316977,,,0.2698412698412698,0.0205026455026455,,,,,,,N/A,NO_STRESS
2006-02-07,13.59,68.04000091552734,,,,-0.5646956479473784,-1.5015449573460458,,,0.3478835978835979,0.03042328042328042,,,,,,,N/A,NO_STRESS
2006-02-08,12.83,70.0,,,,-0.7772284647460402,-1.3892295404127295,,,0.24603174603174602,0.03835978835978836,,,,,,,N/A,NO_STRESS
2006-02-09,13.12,71.4000015258789,,,,-0.6982379362391185,-1.308838468140746,,,0.2777777777777778,0.04894179894179894,,,,,,,N/A,NO_STRESS
2006-02-10,12.87,72.4000015258789,,,,-0.7714388079742345,-1.2503296427797952,,,0.24933862433862433,0.07341269841269842,,,,,,,N/A,NO_STRESS
2006-02-13,13.35,71.13999938964844,,,,-0.6336391784792759,-1.3175506205711562,,,0.32671957671957674,0.04497354497354497,,,,,,,N/A,NO_STRESS
2006-02-14,12.25,71.4000015258789,,,,-0.9566457607739591,-1.2997023567473436,,,0.17261904761904762,0.05092592592592592,,,,,,,N/A,NO_STRESS
2006-02-15,12.31,67.0,,,,-0.9415822071526861,-1.5408397056586176,,,0.18253968253968253,0.01984126984126984,,,,,,,N/A,NO_STRESS
2006-02-16,11.48,62.5,,,,-1.1908594460864055,-1.7859608464469614,,,0.08664021164021164,0.0013227513227513227,,,,,,,N/A,NO_STRESS
2006-02-17,12.01,62.529998779296875,,,,-1.0351991818933508,-1.7782218916587702,,,0.14417989417989419,0.0026455026455026454,,,,,,,N/A,NO_STRESS
2006-02-20,12.01,62.529998779296875,,,,-1.037680468578716,-1.7721576868146787,,,0.14484126984126985,0.0033068783068783067,,,,,,,N/A,NO_STRESS
2006-02-21,12.41,60.400001525878906,,,,-0.9196299736260888,-1.8835623646283477,,,0.2037037037037037,0.0013227513227513227,,,,,,,N/A,NO_STRESS
2006-02-22,11.88,57.5,,,,-1.0862935098901954,-2.036075058195446,,,0.12698412698412698,0.0013227513227513227,,,,,,,N/A,NO_STRESS
2006-02-23,11.87,57.79999923706055,,,,-1.0930992669435255,-2.0118001551794755,,,0.12698412698412698,0.0026455026455026454,,,,,,,N/A,NO_STRESS
2006-02-24,11.46,55.2400016784668,,,,-1.226528575997656,-2.144407122702533,,,0.08267195767195767,0.0013227513227513227,,,,,,,N/A,NO_STRESS
2006-02-27,11.59,56.220001220703125,,,,-1.1921058327188858,-2.0818121724310954,,,0.10185185185185185,0.0026455026455026454,,,,,,,N/A,NO_STRESS
2006-02-28,12.34,56.86000061035156,,,,-0.9560463824167786,-2.038363396181289,,,0.19444444444444445,0.003968253968253968,,,,,,,N/A,NO_STRESS
2006-03-01,11.54,58.310001373291016,,,,-1.2189055508745315,-1.9509925082720503,,,0.09523809523809523,0.007936507936507936,,,,,,,N/A,NO_STRESS
2006-03-02,11.72,62.65999984741211,,,,-1.1640509212011831,-1.7064724965740887,,,0.11772486772486772,0.01455026455026455,,,,,,,N/A,NO_STRESS
2006-03-03,11.96,63.11000061035156,,,,-1.0866139118446017,-1.6760888368297784,,,0.14351851851851852,0.015873015873015872,,,,,,,N/A,NO_STRESS
2006-03-06,12.74,66.30999755859375,,,,-0.8275301407001877,-1.4965335715101473,,,0.25462962962962965,0.02976190476190476,,,,,,,N/A,NO_STRESS
2006-03-07,12.66,68.5,,,,-0.8532973202193792,-1.3730081721534475,,,0.2447089947089947,0.05291005291005291,,,,,,,N/A,NO_STRESS
2006-03-08,12.32,69.5,,,,-0.9659919604705796,-1.3149316162241012,,,0.1970899470899471,0.0582010582010582,,,,,,,N/A,NO_STRESS
2006-03-09,12.68,66.5999984741211,,,,-0.8435734378811354,-1.4686898845016494,,,0.24867724867724866,0.03571428571428571,,,,,,,N/A,NO_STRESS
2006-03-10,11.85,62.5,,,,-1.1217999832059842,-1.6861158477503537,,,0.13227513227513227,0.011243386243386243,,,,,,,N/A,NO_STRESS
2006-03-13,11.37,63.20000076293945,,,,-1.2821075137403197,-1.6428157744734357,,,0.07341269841269842,0.018518518518518517,,,,,,,N/A,NO_STRESS
2006-03-14,10.74,64.4000015258789,,,,-1.4936130829253782,-1.5729587599408106,,,0.018518518518518517,0.021164021164021163,,,,,,,N/A,NO_STRESS
2006-03-15,11.35,63.36000061035156,,,,-1.283929061350552,-1.6239450942816673,,,0.07341269841269842,0.01984126984126984,,,,,,,N/A,NO_STRESS
2006-03-16,11.98,65.43000030517578,,,,-1.067608726733779,-1.5077026740822854,,,0.1541005291005291,0.03042328042328042,,,,,,,N/A,NO_STRESS
2006-03-17,12.12,64.51000213623047,,,,-1.0176646197321768,-1.5528441190613274,,,0.1746031746031746,0.02513227513227513,,,,,,,N/A,NO_STRESS
2006-03-20,11.79,63.20000076293945,,,,-1.1280192775791693,-1.6185479991483087,,,0.12962962962962962,0.01917989417989418,,,,,,,N/A,NO_STRESS
2006-03-21,11.62,64.5999984741211,,,,-1.1838582920633656,-1.5390018951542896,,,0.1130952380952381,0.027777777777777776,,,,,,,N/A,NO_STRESS
2006-03-22,11.21,63.20000076293945,,,,-1.3216096256954901,-1.609442668928874,,,0.057539682539682536,0.01984126984126984,,,,,,,N/A,NO_STRESS
2006-03-23,11.17,64.20999908447266,,,,-1.3331170817703206,-1.5511174522482778,,,0.051587301587301584,0.02513227513227513,,,,,,,N/A,NO_STRESS
2006-03-24,11.19,65.69999694824219,,,,-1.3244200731474962,-1.4676472955770687,,,0.056216931216931214,0.03968253968253968,,,,,,,N/A,NO_STRESS
2006-03-27,11.46,64.0,,,,-1.2291583109334976,-1.5541003320972666,,,0.09126984126984126,0.02513227513227513,,,,,,,N/A,NO_STRESS
2006-03-28,11.58,62.5,,,,-1.1858437901762269,-1.6295014866656126,,,0.11177248677248677,0.011904761904761904,,,,,,,N/A,NO_STRESS
2006-03-29,10.95,65.97000122070312,,,,-1.400695917699156,-1.4416236706583279,,,0.031084656084656083,0.04365079365079365,,,,,,,N/A,NO_STRESS
2006-03-30,11.57,69.9000015258789,,,,-1.184364981868044,-1.2303451639957752,,,0.11044973544973545,0.07936507936507936,,,,,,,N/A,NO_STRESS
2006-03-31,11.39,68.5999984741211,,,,-1.2447849905017023,-1.296937015727149,,,0.08465608465608465,0.07407407407407407,,,,,,,N/A,NO_STRESS
2006-04-03,11.57,68.5999984741211,,,,-1.1795978003277636,-1.294780885321908,,,0.11243386243386243,0.07473544973544974,,,,,,,N/A,NO_STRESS
2006-04-04,11.14,67.0,,,,-1.3257559654189048,-1.3769996039637808,,,0.05092592592592592,0.057539682539682536,,,,,,,N/A,NO_STRESS
2006-04-05,11.13,68.30000305175781,,,,-1.3262585532965876,-1.3056489403624474,,,0.0496031746031746,0.07142857142857142,,,,,,,N/A,NO_STRESS
2006-04-06,11.45,68.5999984741211,,,,-1.2123429988558618,-1.286975466837091,,,0.09391534391534391,0.07804232804232804,,,,,,,N/A,NO_STRESS
2006-04-07,12.26,70.80000305175781,,,,-0.9279767068231264,-1.1679810444816308,,,0.21626984126984128,0.09259259259259259,,,,,,,N/A,NO_STRESS
2006-04-10,12.19,67.7699966430664,,,,-0.9498646782966992,-1.3245882130700561,,,0.20634920634920634,0.06746031746031746,,,,,,,N/A,NO_STRESS
2006-04-11,13.0,69.80000305175781,,,,-0.6655139252056508,-1.2144110298603357,,,0.32341269841269843,0.0873015873015873,,,,,,,N/A,NO_STRESS
2006-04-12,12.76,69.4000015258789,,,,-0.7476205311802195,-1.232113245460483,,,0.2923280423280423,0.08597883597883597,,,,,,,N/A,NO_STRESS
2006-04-13,12.38,71.69999694824219,,,,-0.8790981372377429,-1.1080281960106846,,,0.2347883597883598,0.11044973544973545,,,,,,,N/A,NO_STRESS
2006-04-14,12.38,71.69999694824219,,,,-0.8769363524062653,-1.1051723551865549,,,0.23544973544973544,0.1111111111111111,,,,,,,N/A,NO_STRESS
2006-04-17,12.58,69.69999694824219,,,,-0.8043660678568226,-1.2072506462312618,,,0.2718253968253968,0.08862433862433862,,,,,,,N/A,NO_STRESS
2006-04-18,11.4,68.83000183105469,,,,-1.2170984636220321,-1.2496577659297377,,,0.08994708994708994,0.08333333333333333,,,,,,,N/A,NO_STRESS
2006-04-19,11.32,67.94999694824219,,,,-1.2426867135985684,-1.292352280254311,,,0.08068783068783068,0.07142857142857142,,,,,,,N/A,NO_STRESS
2006-04-20,11.64,66.5,,,,-1.127409045961234,-1.3645324280860074,,,0.1349206349206349,0.052248677248677246,,,,,,,N/A,NO_STRESS
2006-04-21,11.59,66.0,,,,-1.1429279051188703,-1.3867638208089998,,,0.12632275132275134,0.04497354497354497,,,,,,,N/A,NO_STRESS
2006-04-24,11.75,64.4000015258789,,,,-1.0837825425160776,-1.4661022935233339,,,0.1474867724867725,0.02976190476190476,,,,,,,N/A,NO_STRESS
2006-04-25,11.75,67.0999984741211,,,,-1.0819720258530796,-1.3212583816445551,,,0.14814814814814814,0.06349206349206349,,,,,,,N/A,NO_STRESS
2006-04-26,11.76,66.80000305175781,,,,-1.0766230019044811,-1.3331483389184249,,,0.15079365079365079,0.06084656084656084,,,,,,,N/A,NO_STRESS
2006-04-27,11.84,65.0999984741211,,,,-1.046251585739427,-1.4175882792295433,,,0.1626984126984127,0.041005291005291,,,,,,,N/A,NO_STRESS
2006-04-28,11.59,63.0,,,,-1.1336244620837035,-1.5222537020125138,,,0.12698412698412698,0.018518518518518517,,,,,,,N/A,NO_STRESS
2006-05-01,12.54,63.900001525878906,,,,-0.7923538339663404,-1.4709013992494329,,,0.27976190476190477,0.027777777777777776,,,,,,,N/A,NO_STRESS
2006-05-02,11.99,66.0999984741211,,,,-0.9887923585018231,-1.3526251467294272,,,0.18783068783068782,0.051587301587301584,,,,,,,N/A,NO_STRESS
2006-05-03,11.99,70.5999984741211,,,,-0.9869990655934973,-1.1159912922140696,,,0.1884920634920635,0.11177248677248677,,,,,,,N/A,NO_STRESS
2006-05-04,11.86,69.0999984741211,,,,-1.0318975861811799,-1.1906228564943182,,,0.167989417989418,0.09788359788359788,,,,,,,N/A,NO_STRESS
2006-05-05,11.62,65.5999984741211,,,,-1.1167163027268758,-1.3682249358370109,,,0.1349206349206349,0.047619047619047616,,,,,,,N/A,NO_STRESS
2006-05-08,12.0,64.5,,,,-0.9772691090271806,-1.4209807449676042,,,0.19444444444444445,0.03505291005291005,,,,,,,N/A,NO_STRESS
2006-05-09,11.99,65.0999984741211,,,,-0.9789493484412709,-1.3858881821985487,,,0.1917989417989418,0.04563492063492063,,,,,,,N/A,NO_STRESS
2006-05-10,11.78,63.20000076293945,,,,-1.0532903325336778,-1.4795582496825508,,,0.1574074074074074,0.023148148148148147,,,,,,,N/A,NO_STRESS
2006-05-11,12.49,63.79999923706055,,,,-0.792356318411639,-1.4442995552114235,,,0.2810846560846561,0.0291005291005291,,,,,,,N/A,NO_STRESS
2006-05-12,14.19,65.80000305175781,,,,-0.16894567886165887,-1.337355215333844,,,0.49603174603174605,0.05555555555555555,,,,,,,N/A,NO_STRESS
2006-05-15,13.57,65.80000305175781,,,,-0.39395709149868985,-1.3336385969720685,,,0.43386243386243384,0.056216931216931214,,,,,,,N/A,NO_STRESS
2006-05-16,13.35,64.4000015258789,,,,-0.47256760803159914,-1.4016976784123722,,,0.4107142857142857,0.03571428571428571,,,,,,,N/A,NO_STRESS
2006-05-17,16.26,65.19999694824219,,,,0.6021557001337194,-1.356533013052986,,,0.716931216931217,0.051587301587301584,,,,,,,N/A,NO_STRESS
2006-05-18,16.99,65.19999694824219,,,,0.876030597839932,-1.3526077922451392,,,0.798941798941799,0.052248677248677246,,,,,,,N/A,NO_STRESS
2006-05-19,17.18,68.80000305175781,,,,0.9488528954709524,-1.1642757819510319,,,0.8108465608465608,0.10978835978835978,,,,,,,N/A,EQUITY_DRIVEN
2006-05-22,17.72,71.0999984741211,,,,1.1508990602072902,-1.0432637308992594,,,0.8465608465608465,0.13227513227513227,,,,,,,N/A,EQUITY_DRIVEN
2006-05-23,18.26,68.30000305175781,,,,1.3532345367249634,-1.1839930370459912,,,0.8776455026455027,0.09986772486772487,,,,,,,N/A,EQUITY_DRIVEN
2006-05-24,17.36,71.9000015258789,,,,1.0214470076391815,-0.9966173421341876,,,0.8214285714285714,0.15079365079365079,,,,,,,N/A,EQUITY_DRIVEN
2006-05-25,15.5,68.69999694824219,,,,0.3318427978793644,-1.1577791393014096,,,0.6474867724867724,0.10978835978835978,,,,,,,N/A,NO_STRESS
2006-05-26,14.26,67.0999984741211,,,,-0.12796486160644738,-1.236454193610498,,,0.5013227513227513,0.083994708994709,,,,,,,N/A,NO_STRESS
2006-05-29,14.26,67.0999984741211,,,,-0.12569629758480663,-1.2330399744557885,,,0.501984126984127,0.08465608465608465,,,,,,,N/A,NO_STRESS
2006-05-30,18.66,66.0,,,,1.5233983104396314,-1.285797943142553,,,0.9113756613756614,0.06415343915343916,,,,,,,N/A,EQUITY_DRIVEN
2006-05-31,16.44,67.0999984741211,,,,0.694456487891835,-1.2260793288993042,,,0.7473544973544973,0.08664021164021164,,,,,,,N/A,NO_STRESS
2006-06-01,14.52,66.5,,,,-0.02413979562791591,-1.253340266362291,,,0.5277777777777778,0.07539682539682539,,,,,,,N/A,NO_STRESS
2006-06-02,14.32,65.5,,,,-0.09712006024324721,-1.3008066427543978,,,0.5092592592592593,0.05555555555555555,,,,,,,N/A,NO_STRESS
2006-06-05,16.65,64.30000305175781,,,,0.7825247044460891,-1.3582690632229417,,,0.7757936507936508,0.03439153439153439,,,,,,,N/A,NO_STRESS
2006-06-06,17.34,64.0,,,,1.0456298899605683,-1.3696576638086126,,,0.830026455026455,0.032407407407407406,,,,,,,N/A,EQUITY_DRIVEN
2006-06-07,17.8,66.4000015258789,,,,1.2219557247008035,-1.2438415376769711,,,0.8624338624338624,0.07738095238095238,,,,,,,N/A,EQUITY_DRIVEN
2006-06-08,18.35,67.0999984741211,,,,1.432456315486996,-1.2048859625378807,,,0.8994708994708994,0.09391534391534391,,,,,,,N/A,EQUITY_DRIVEN
2006-06-09,18.12,66.0999984741211,,,,1.3488702683122022,-1.2523581302137123,,,0.8822751322751323,0.07076719576719577,,,,,,,N/A,EQUITY_DRIVEN
2006-06-12,20.96,64.30000305175781,,,,2.4209777034678703,-1.3401354203847706,,,0.9854497354497355,0.036375661375661374,,,,,,,N/A,EQUITY_DRIVEN
2006-06-13,23.81,64.5999984741211,,,,3.4791829369344387,-1.3212868306772334,,,1.0,0.046957671957671955,,,,,,,N/A,EQUITY_DRIVEN
2006-06-14,21.46,64.30000305175781,,,,2.586498152384255,-1.3332419634234953,,,0.9894179894179894,0.037037037037037035,,,,,,,N/A,EQUITY_DRIVEN
2006-06-15,15.9,64.19999694824219,,,,0.49944753262165187,-1.3348196005269726,,,0.6871693121693122,0.03439153439153439,,,,,,,N/A,NO_STRESS
2006-06-16,17.25,65.4000015258789,,,,1.0089243843881341,-1.2703826279812895,,,0.8267195767195767,0.062169312169312166,,,,,,,N/A,EQUITY_DRIVEN
2006-06-19,17.83,66.30000305175781,,,,1.2272402386947077,-1.2214106490566092,,,0.8664021164021164,0.082010582010582,,,,,,,N/A,EQUITY_DRIVEN
2006-06-20,16.69,66.80000305175781,,,,0.7995356581492886,-1.1934984842681493,,,0.783068783068783,0.09722222222222222,,,,,,,N/A,NO_STRESS
2006-06-21,15.52,67.0,,,,0.3606634738472095,-1.1825503042344867,,,0.656084656084656,0.10052910052910052,,,,,,,N/A,NO_STRESS
2006-06-22,15.88,69.30000305175781,,,,0.4988216109134972,-1.0648668986325283,,,0.6871693121693122,0.14285714285714285,,,,,,,N/A,NO_STRESS
2006-06-23,15.89,70.69999694824219,,,,0.5054827246453848,-0.9949274829557642,,,0.6891534391534392,0.15873015873015872,,,,,,,N/A,NO_STRESS
2006-06-26,15.62,69.0,,,,0.40720167727369594,-1.0849102765598888,,,0.6686507936507936,0.1402116402116402,,,,,,,N/A,NO_STRESS
2006-06-27,16.4,67.5,,,,0.7090712023727643,-1.1633558441483525,,,0.75,0.1130952380952381,,,,,,,N/A,NO_STRESS
2006-06-28,15.79,67.19999694824219,,,,0.48270256920802385,-1.1791251648354288,,,0.6845238095238095,0.10978835978835978,,,,,,,N/A,NO_STRESS
2006-06-29,13.03,65.0999984741211,,,,-0.5759073585696854,-1.2899751294797817,,,0.3544973544973545,0.0582010582010582,,,,,,,N/A,NO_STRESS
2006-06-30,13.08,65.5,,,,-0.5546396720882618,-1.2667132184860332,,,0.3611111111111111,0.0667989417989418,,,,,,,N/A,NO_STRESS
2006-07-03,13.05,65.5,,,,-0.5642322535721368,-1.2648636789706984,,,0.35978835978835977,0.06746031746031746,,,,,,,N/A,NO_STRESS
2006-07-04,13.05,65.5,,,,-0.5622227294203519,-1.264361111284575,,,0.36044973544973546,0.06812169312169312,,,,,,,N/A,NO_STRESS
2006-07-05,14.15,67.5999984741211,,,,-0.13252547467879494,-1.150749603969772,,,0.5013227513227513,0.12169312169312169,,,,,,,N/A,NO_STRESS
2006-07-06,13.65,66.9000015258789,,,,-0.3251960503844164,-1.1885582743938765,,,0.45171957671957674,0.10449735449735449,,,,,,,N/A,NO_STRESS
2006-07-07,13.97,64.0,,,,-0.19833743948342006,-1.3456678021611337,,,0.4794973544973545,0.03306878306878307,,,,,,,N/A,NO_STRESS
2006-07-10,14.02,65.0,,,,-0.17685614202043717,-1.291510970102308,,,0.4887566137566138,0.0582010582010582,,,,,,,N/A,NO_STRESS
2006-07-11,13.14,64.30000305175781,,,,-0.5192541679067361,-1.3279207774626922,,,0.37103174603174605,0.04034391534391534,,,,,,,N/A,NO_STRESS
2006-07-12,14.49,64.9000015258789,,,,0.011451648631106256,-1.2927814310861898,,,0.5390211640211641,0.056878306878306875,,,,,,,N/A,NO_STRESS
2006-07-13,17.79,68.0,,,,1.3059920168989516,-1.1221680116754982,,,0.8862433862433863,0.1388888888888889,,,,,,,N/A,EQUITY_DRIVEN
2006-07-14,18.05,68.9000015258789,,,,1.4076659901975586,-1.071293457969648,,,0.9001322751322751,0.1574074074074074,,,,,,,N/A,EQUITY_DRIVEN
2006-07-17,18.64,69.5,,,,1.6389058532869758,-1.037466343643317,,,0.9338624338624338,0.16732804232804233,,,,,,,N/A,EQUITY_DRIVEN
2006-07-18,17.74,69.80000305175781,,,,1.2888254501652314,-1.0197439979168839,,,0.8855820105820106,0.1712962962962963,,,,,,,N/A,EQUITY_DRIVEN
2006-07-19,15.55,66.0999984741211,,,,0.4317277667683291,-1.22209148524376,,,0.6712962962962963,0.08862433862433862,,,,,,,N/A,NO_STRESS
2006-07-20,16.21,66.4000015258789,,,,0.694473785231117,-1.2036909830068656,,,0.7374338624338624,0.0992063492063492,,,,,,,N/A,NO_STRESS
2006-07-21,17.4,66.0999984741211,,,,1.165428485633867,-1.2185995818247493,,,0.8624338624338624,0.08928571428571429,,,,,,,N/A,EQUITY_DRIVEN
2006-07-24,14.98,64.9000015258789,,,,0.2122186645480659,-1.2831461958880788,,,0.6051587301587301,0.057539682539682536,,,,,,,N/A,NO_STRESS
2006-07-25,14.85,63.70000076293945,,,,0.1630705854087727,-1.3477319519831763,,,0.5859788359788359,0.0291005291005291,,,,,,,N/A,NO_STRESS
2006-07-26,14.62,63.70000076293945,,,,0.07440177087543544,-1.3471393264326403,,,0.5621693121693122,0.02976190476190476,,,,,,,N/A,NO_STRESS
2006-07-27,14.94,63.599998474121094,,,,0.20437415476081594,-1.3518969845577393,,,0.6011904761904762,0.0291005291005291,,,,,,,N/A,NO_STRESS
2006-07-28,14.33,63.70000076293945,,,,-0.036261777566168635,-1.3444362584296612,,,0.5224867724867724,0.031746031746031744,,,,,,,N/A,NO_STRESS
2006-07-31,14.95,63.400001525878906,,,,0.21307871657755126,-1.3589974762164856,,,0.6044973544973545,0.027777777777777776,,,,,,,N/A,NO_STRESS
2006-08-01,15.05,61.79999923706055,,,,0.25511344894679555,-1.4459378691699025,,,0.625,0.010582010582010581,,,,,,,N/A,NO_STRESS
2006-08-02,14.34,66.19999694824219,,,,-0.026634564576288693,-1.1961586459091675,,,0.5257936507936508,0.10251322751322751,,,,,,,N/A,NO_STRESS
2006-08-03,14.46,66.0999984741211,,,,0.02450512967382423,-1.1992260283338703,,,0.5390211640211641,0.0992063492063492,,,,,,,N/A,NO_STRESS
2006-08-04,14.34,62.5,,,,-0.021211588629724172,-1.3998006197481845,,,0.5264550264550265,0.013888888888888888,,,,,,,N/A,NO_STRESS
2006-08-07,15.23,61.599998474121094,,,,0.3402320325683989,-1.4477529651638081,,,0.6455026455026455,0.010582010582010581,,,,,,,N/A,NO_STRESS
2006-08-08,15.23,59.20000076293945,,,,0.3432607017338764,-1.5800302889333508,,,0.6461640211640212,0.009259259259259259,,,,,,,N/A,NO_STRESS
2006-08-09,15.2,58.400001525878906,,,,0.3330819920281704,-1.6214696819813987,,,0.6435185185185185,0.009259259259259259,,,,,,,N/A,NO_STRESS
2006-08-10,14.46,60.70000076293945,,,,0.03492229766669171,-1.4876350016756381,,,0.541005291005291,0.013227513227513227,,,,,,,N/A,NO_STRESS
2006-08-11,14.3,58.79999923706055,,,,-0.02835972559530936,-1.5914199399631879,,,0.5198412698412699,0.010582010582010581,,,,,,,N/A,NO_STRESS
2006-08-14,14.26,58.0,,,,-0.04291239134385523,-1.6321124833746987,,,0.5145502645502645,0.007936507936507936,,,,,,,N/A,NO_STRESS
2006-08-15,13.42,59.400001525878906,,,,-0.382746318411829,-1.5487699810113265,,,0.4252645502645503,0.01455026455026455,,,,,,,N/A,NO_STRESS
2006-08-16,12.41,59.900001525878906,,,,-0.7934018396323866,-1.5165754800334432,,,0.2691798941798942,0.015873015873015872,,,,,,,N/A,NO_STRESS
2006-08-17,12.24,59.900001525878906,,,,-0.8622577137874657,-1.5127442770821165,,,0.2328042328042328,0.016534391534391533,,,,,,,N/A,NO_STRESS
2006-08-18,11.64,59.29999923706055,,,,-1.1102665779846814,-1.5425988821036576,,,0.13955026455026456,0.01455026455026455,,,,,,,N/A,NO_STRESS
2006-08-21,12.22,58.0,,,,-0.8704461238373854,-1.6119247224968285,,,0.23148148148148148,0.008597883597883597,,,,,,,N/A,NO_STRESS
2006-08-22,12.19,59.599998474121094,,,,-0.8827961018972712,-1.5173811601418432,,,0.2294973544973545,0.018518518518518517,,,,,,,N/A,NO_STRESS
2006-08-23,12.4,59.400001525878906,,,,-0.7953221064977617,-1.525078787194226,,,0.2724867724867725,0.017857142857142856,,,,,,,N/A,NO_STRESS
2006-08-24,12.4,58.70000076293945,,,,-0.7944904246946208,-1.561235947415557,,,0.27314814814814814,0.013227513227513227,,,,,,,N/A,NO_STRESS
2006-08-25,12.31,58.29999923706055,,,,-0.8318099814487029,-1.5810069922538663,,,0.251984126984127,0.010582010582010581,,,,,,,N/A,NO_STRESS
2006-08-28,12.18,57.099998474121094,,,,-0.8856209770980883,-1.6464939701610228,,,0.22685185185185186,0.005291005291005291,,,,,,,N/A,NO_STRESS
2006-08-29,12.28,57.70000076293945,,,,-0.8411830776211853,-1.6091374879888851,,,0.251984126984127,0.007936507936507936,,,,,,,N/A,NO_STRESS
2006-08-30,12.22,58.099998474121094,,,,-0.8652452714033652,-1.5828723787481147,,,0.2347883597883598,0.013227513227513227,,,,,,,N/A,NO_STRESS
2006-08-31,12.31,59.79999923706055,,,,-0.8247245083360156,-1.4831786335012995,,,0.2566137566137566,0.027777777777777776,,,,,,,N/A,NO_STRESS
2006-09-01,11.96,56.70000076293945,,,,-0.9737196214307011,-1.6566951031077184,,,0.18518518518518517,0.003968253968253968,,,,,,,N/A,NO_STRESS
2006-09-04,11.96,56.70000076293945,,,,-0.9715650827376668,-1.6528523165237516,,,0.18584656084656084,0.004629629629629629,,,,,,,N/A,NO_STRESS
2006-09-05,12.63,55.099998474121094,,,,-0.6794335501808342,-1.7401200773550634,,,0.3194444444444444,0.0013227513227513227,,,,,,,N/A,NO_STRESS
2006-09-06,13.74,57.400001525878906,,,,-0.19653717047017807,-1.604909168900716,,,0.4828042328042328,0.010582010582010581,,,,,,,N/A,NO_STRESS
2006-09-07,13.88,55.79999923706055,,,,-0.13380476494548735,-1.6932542061636642,,,0.4973544973544973,0.003968253968253968,,,,,,,N/A,NO_STRESS
2006-09-08,13.16,56.400001525878906,,,,-0.44482739756762446,-1.65686411938039,,,0.39814814814814814,0.006613756613756613,,,,,,,N/A,NO_STRESS
2006-09-11,12.99,56.29999923706055,,,,-0.5167905178881586,-1.6602198433671114,,,0.3716931216931217,0.006613756613756613,,,,,,,N/A,NO_STRESS
2006-09-12,11.92,56.900001525878906,,,,-0.9802985612977106,-1.6232310702181703,,,0.18055555555555555,0.013227513227513227,,,,,,,N/A,NO_STRESS
2006-09-13,11.18,57.5,,,,-1.2991318218785548,-1.585144211815152,,,0.0582010582010582,0.017857142857142856,,,,,,,N/A,NO_STRESS
2006-09-14,11.55,57.5,,,,-1.1352314231717433,-1.5817354345970935,,,0.11706349206349206,0.018518518518518517,,,,,,,N/A,NO_STRESS
2006-09-15,11.76,55.900001525878906,,,,-1.041167441007717,-1.6706371263102482,,,0.15806878306878308,0.005291005291005291,,,,,,,N/A,NO_STRESS
2006-09-18,11.78,56.20000076293945,,,,-1.0299482370492459,-1.6499009350174443,,,0.16335978835978837,0.006613756613756613,,,,,,,N/A,NO_STRESS
2006-09-19,11.98,56.20000076293945,,,,-0.9403837482726803,-1.6462887698919098,,,0.19973544973544974,0.007275132275132275,,,,,,,N/A,NO_STRESS
2006-09-20,11.39,55.0,,,,-1.1951736178035077,-1.711523012430772,,,0.09060846560846561,0.0013227513227513227,,,,,,,N/A,NO_STRESS
2006-09-21,12.25,59.5,,,,-0.8169378600038204,-1.4475274589379135,,,0.2552910052910053,0.04497354497354497,,,,,,,N/A,NO_STRESS
2006-09-22,12.59,69.5,,,,-0.6663030808471203,-0.8668560746209758,,,0.32671957671957674,0.23015873015873015,,,,,,,N/A,NO_STRESS
2006-09-25,12.12,70.19999694824219,,,,-0.8696070691337132,-0.8243285681661753,,,0.22817460317460317,0.23941798941798942,,,,,,,N/A,NO_STRESS
2006-09-26,11.53,66.69999694824219,,,,-1.124712732945437,-1.0257721203464836,,,0.1164021164021164,0.167989417989418,,,,,,,N/A,NO_STRESS
2006-09-27,11.58,65.80000305175781,,,,-1.0999201292204208,-1.075945807468233,,,0.12962962962962962,0.13756613756613756,,,,,,,N/A,NO_STRESS
2006-09-28,11.72,63.5,,,,-1.0359772933150406,-1.2080018906341161,,,0.15542328042328044,0.07738095238095238,,,,,,,N/A,NO_STRESS
2006-09-29,11.98,63.099998474121094,,,,-0.9197725515788233,-1.229846279520202,,,0.2056878306878307,0.06746031746031746,,,,,,,N/A,NO_STRESS
2006-10-02,12.57,62.599998474121094,,,,-0.6595147868500679,-1.2571452080253307,,,0.3306878306878307,0.06481481481481481,,,,,,,N/A,NO_STRESS
2006-10-03,12.24,61.0,,,,-0.8018762241827906,-1.3485603445728485,,,0.2585978835978836,0.05423280423280423,,,,,,,N/A,NO_STRESS
2006-10-04,11.86,66.30000305175781,,,,-0.9661023128831102,-1.0349770040372703,,,0.1832010582010582,0.16071428571428573,,,,,,,N/A,NO_STRESS
2006-10-05,11.98,66.0,,,,-0.9110042178635478,-1.0504667515697785,,,0.20767195767195767,0.14814814814814814,,,,,,,N/A,NO_STRESS
2006-10-06,11.56,63.70000076293945,,,,-1.0925137683158697,-1.183597737266262,,,0.12169312169312169,0.08664021164021164,,,,,,,N/A,NO_STRESS
2006-10-09,11.68,63.70000076293945,,,,-1.0371418218876478,-1.1811028164915631,,,0.1541005291005291,0.0873015873015873,,,,,,,N/A,NO_STRESS
2006-10-10,11.52,63.099998474121094,,,,-1.1053503653179118,-1.214007101644477,,,0.11507936507936507,0.07076719576719577,,,,,,,N/A,NO_STRESS
2006-10-11,11.62,62.0,,,,-1.059715185062761,-1.2764345224432179,,,0.14484126984126985,0.0582010582010582,,,,,,,N/A,NO_STRESS
2006-10-12,11.09,60.70000076293945,,,,-1.291415629464404,-1.3506927807303704,,,0.04365079365079365,0.05357142857142857,,,,,,,N/A,NO_STRESS
2006-10-13,10.75,60.29999923706055,,,,-1.4401958509942316,-1.3715915777767191,,,0.01984126984126984,0.051587301587301584,,,,,,,N/A,NO_STRESS
2006-10-16,11.09,59.099998474121094,,,,-1.2876716107430293,-1.4397887170993113,,,0.04563492063492063,0.03968253968253968,,,,,,,N/A,NO_STRESS
2006-10-17,11.73,61.099998474121094,,,,-1.0010285731764108,-1.3177295923399484,,,0.16732804232804233,0.05952380952380952,,,,,,,N/A,NO_STRESS
2006-10-18,11.34,59.099998474121094,,,,-1.1712769013548754,-1.4328388220333403,,,0.0873015873015873,0.04034391534391534,,,,,,,N/A,NO_STRESS
2006-10-19,10.9,58.400001525878906,,,,-1.3629340345954348,-1.4703244266042441,,,0.03042328042328042,0.036375661375661374,,,,,,,N/A,NO_STRESS
2006-10-20,10.63,56.599998474121094,,,,-1.4784243842130942,-1.5727035246518464,,,0.015873015873015872,0.01455026455026455,,,,,,,N/A,NO_STRESS
2006-10-23,11.08,58.599998474121094,,,,-1.27516056421167,-1.4498178212404835,,,0.046957671957671955,0.03968253968253968,,,,,,,N/A,NO_STRESS
2006-10-24,10.78,57.70000076293945,,,,-1.404373595788028,-1.4998790227559644,,,0.023809523809523808,0.028439153439153438,,,,,,,N/A,NO_STRESS
2006-10-25,10.66,57.099998474121094,,,,-1.4532985653432606,-1.5325448390691696,,,0.017195767195767195,0.021825396825396824,,,,,,,N/A,NO_STRESS
2006-10-26,10.56,58.29999923706055,,,,-1.4932664634504829,-1.458597446335312,,,0.01455026455026455,0.037698412698412696,,,,,,,N/A,NO_STRESS
2006-10-27,10.8,59.5,,,,-1.3829687196563745,-1.3851110392244999,,,0.027777777777777776,0.056216931216931214,,,,,,,N/A,NO_STRESS
2006-10-30,11.2,58.5,,,,-1.2028136641095586,-1.4421495687686308,,,0.07738095238095238,0.04365079365079365,,,,,,,N/A,NO_STRESS
2006-10-31,11.1,60.900001525878906,,,,-1.2437602029065888,-1.295999634569454,,,0.0582010582010582,0.0701058201058201,,,,,,,N/A,NO_STRESS
2006-11-01,11.51,63.79999923706055,,,,-1.0597097234240442,-1.120234006502379,,,0.1302910052910053,0.1130952380952381,,,,,,,N/A,NO_STRESS
2006-11-02,11.42,63.5,,,,-1.0972111826652229,-1.1358458041309025,,,0.11375661375661375,0.10317460317460317,,,,,,,N/A,NO_STRESS
2006-11-03,11.16,60.900001525878906,,,,-1.2094613267336904,-1.2889363376011616,,,0.0701058201058201,0.07076719576719577,,,,,,,N/A,NO_STRESS
2006-11-06,11.16,58.900001525878906,,,,-1.2062199336713912,-1.4059008375731445,,,0.07076719576719577,0.04894179894179894,,,,,,,N/A,NO_STRESS
2006-11-07,11.09,60.900001525878906,,,,-1.2342552470472357,-1.2828000860006084,,,0.05555555555555555,0.07275132275132275,,,,,,,N/A,NO_STRESS
2006-11-08,10.75,63.5,,,,-1.381226592649699,-1.1237741494949967,,,0.02447089947089947,0.1078042328042328,,,,,,,N/A,NO_STRESS
2006-11-09,11.01,62.0,,,,-1.2623090241503931,-1.2113647359733366,,,0.05092592592592592,0.08134920634920635,,,,,,,N/A,NO_STRESS
2006-11-10,10.79,63.5,,,,-1.3560110911617858,-1.118206964115817,,,0.0291005291005291,0.10978835978835978,,,,,,,N/A,NO_STRESS
2006-11-13,10.86,65.0999984741211,,,,-1.3213301281874803,-1.0192684200791569,,,0.037698412698412696,0.1593915343915344,,,,,,,N/A,NO_STRESS
2006-11-14,10.5,66.30000305175781,,,,-1.4767906169644094,-0.9447698872294675,,,0.011904761904761904,0.1984126984126984,,,,,,,N/A,NO_STRESS
2006-11-15,10.31,66.19999694824219,,,,-1.5562738043829707,-0.9488970267435094,,,0.006613756613756613,0.19444444444444445,,,,,,,N/A,NO_STRESS
2006-11-16,10.16,64.5,,,,-1.6177563386657583,-1.0501096837909423,,,0.0013227513227513227,0.14285714285714285,,,,,,,N/A,NO_STRESS
2006-11-17,10.05,65.0,,,,-1.661254183886666,-1.0178685774575758,,,0.0013227513227513227,0.15806878306878308,,,,,,,N/A,NO_STRESS
2006-11-20,9.97,63.599998474121094,,,,-1.691942618558266,-1.1012542112870496,,,0.0013227513227513227,0.11441798941798942,,,,,,,N/A,NO_STRESS
2006-11-21,9.9,62.70000076293945,,,,-1.7177265820533836,-1.1542973507806904,,,0.0013227513227513227,0.09391534391534391,,,,,,,N/A,NO_STRESS
2006-11-22,10.14,62.900001525878906,,,,-1.6076954362536668,-1.140206690272272,,,0.005291005291005291,0.09523809523809523,,,,,,,N/A,NO_STRESS
2006-11-23,10.14,62.900001525878906,,,,-1.60445316242462,-1.1385373161822532,,,0.005952380952380952,0.0958994708994709,,,,,,,N/A,NO_STRESS
2006-11-24,10.73,63.0,,,,-1.3410639221136642,-1.1307472877211173,,,0.032407407407407406,0.09854497354497355,,,,,,,N/A,NO_STRESS
2006-11-27,12.3,65.0999984741211,,,,-0.643658405977122,-0.9997812653582732,,,0.32671957671957674,0.1693121693121693,,,,,,,N/A,NO_STRESS
2006-11-28,11.62,67.0999984741211,,,,-0.9432874752301724,-0.8743117049892739,,,0.1865079365079365,0.2400793650793651,,,,,,,N/A,NO_STRESS
2006-11-29,10.83,66.9000015258789,,,,-1.291081224515746,-0.8845147775485181,,,0.047619047619047616,0.23214285714285715,,,,,,,N/A,NO_STRESS
2006-11-30,10.91,68.5,,,,-1.2520261021944226,-0.7832859156678986,,,0.05555555555555555,0.2718253968253968,,,,,,,N/A,NO_STRESS
2006-12-01,11.66,72.25,,,,-0.9164099991147437,-0.5483136806200459,,,0.2003968253968254,0.3472222222222222,,,,,,,N/A,NO_STRESS
2006-12-04,11.23,70.0999984741211,,,,-1.104620067847863,-0.680041846718989,,,0.1111111111111111,0.3029100529100529,,,,,,,N/A,NO_STRESS
2006-12-05,11.27,71.5999984741211,,,,-1.0841054724327943,-0.5846708444629446,,,0.11838624338624339,0.32671957671957674,,,,,,,N/A,NO_STRESS
2006-12-06,11.33,75.0,,,,-1.0553024028340732,-0.3711002827550495,,,0.12566137566137567,0.4126984126984127,,,,,,,N/A,NO_STRESS
2006-12-07,12.67,75.5999984741211,,,,-0.4565661709903965,-0.3319088647360033,,,0.40674603174603174,0.42658730158730157,,,,,,,N/A,NO_STRESS
2006-12-08,12.07,71.0999984741211,,,,-0.7221172036103571,-0.6108347315087523,,,0.28703703703703703,0.31547619047619047,,,,,,,N/A,NO_STRESS
2006-12-11,10.71,68.30000305175781,,,,-1.3248071013545664,-0.7836599751495958,,,0.031746031746031744,0.2671957671957672,,,,,,,N/A,NO_STRESS
2006-12-12,10.65,64.69999694824219,,,,-1.3476560727485765,-1.0063961000648096,,,0.0291005291005291,0.15608465608465608,,,,,,,N/A,NO_STRESS
2006-12-13,10.18,65.19999694824219,,,,-1.5518755263561446,-0.9725898740543382,,,0.009259259259259259,0.17592592592592593,,,,,,,N/A,NO_STRESS
2006-12-14,9.97,64.5,,,,-1.6398158573144195,-1.0138926224755276,,,0.0033068783068783067,0.15013227513227514,,,,,,,N/A,NO_STRESS
2006-12-15,10.05,64.25,,,,-1.5990916446652763,-1.0270911675872278,,,0.005952380952380952,0.1388888888888889,,,,,,,N/A,NO_STRESS
2006-12-18,10.6,62.70000076293945,,,,-1.3515378344485465,-1.1222463546650028,,,0.031084656084656083,0.09457671957671958,,,,,,,N/A,NO_STRESS
2006-12-19,10.3,63.400001525878906,,,,-1.4798270656325658,-1.076414291448853,,,0.018518518518518517,0.1130952380952381,,,,,,,N/A,NO_STRESS
2006-12-20,10.26,61.5,,,,-1.4928807156263415,-1.1938754154320148,,,0.01455026455026455,0.07804232804232804,,,,,,,N/A,NO_STRESS
2006-12-21,10.53,61.79999923706055,,,,-1.3700642797658256,-1.1733530941060328,,,0.031746031746031744,0.08134920634920635,,,,,,,N/A,NO_STRESS
2006-12-22,11.36,65.30000305175781,,,,-1.0011587556604267,-0.9513793603133548,,,0.14285714285714285,0.1865079365079365,,,,,,,N/A,NO_STRESS
2006-12-25,11.36,65.30000305175781,,,,-0.9985860750460017,-0.9498805412276622,,,0.14351851851851852,0.18716931216931218,,,,,,,N/A,NO_STRESS
2006-12-26,11.26,64.5999984741211,,,,-1.0402788646470087,-0.9929894941768626,,,0.12962962962962962,0.1626984126984127,,,,,,,N/A,NO_STRESS
2006-12-27,10.64,65.0999984741211,,,,-1.3116018931615114,-0.9595241485021896,,,0.03835978835978836,0.18055555555555555,,,,,,,N/A,NO_STRESS
2006-12-28,10.99,65.9000015258789,,,,-1.1543010244359468,-0.9071733436990265,,,0.0787037037037037,0.20767195767195767,,,,,,,N/A,NO_STRESS
2006-12-29,11.56,66.80000305175781,,,,-0.8994139819827333,-0.8486981398444939,,,0.18981481481481483,0.24735449735449735,,,,,,,N/A,NO_STRESS
2007-01-01,11.56,66.80000305175781,,,,-0.8970114423206668,-0.8470808083721388,,,0.19047619047619047,0.24801587301587302,,,,,,,N/A,NO_STRESS
2007-01-02,11.56,66.80000305175781,,,,-0.8946240788935744,-0.844990882845832,,,0.19113756613756613,0.24867724867724866,,,,,,,N/A,NO_STRESS
2007-01-03,12.04,70.9000015258789,,,,-0.6792333503825891,-0.5763324589179453,,,0.3055555555555556,0.335978835978836,,,,,,,N/A,NO_STRESS
2007-01-04,11.51,72.0,,,,-0.9125623527573186,-0.5028980575554454,,,0.17857142857142858,0.35978835978835977,,,,,,,N/A,NO_STRESS
2007-01-05,12.14,67.4000015258789,,,,-0.6306237104941413,-0.800565441853076,,,0.32407407407407407,0.27116402116402116,,,,,,,N/A,NO_STRESS
2007-01-08,12.0,64.30000305175781,,,,-0.6909359355008415,-1.0000857423884981,,,0.2996031746031746,0.14814814814814814,,,,,,,N/A,NO_STRESS
2007-01-09,11.91,61.79999923706055,,,,-0.7289498129153039,-1.1600389429261915,,,0.2718253968253968,0.082010582010582,,,,,,,N/A,NO_STRESS
2007-01-10,11.47,62.20000076293945,,,,-0.922305627542747,-1.1309107259793687,,,0.17195767195767195,0.0873015873015873,,,,,,,N/A,NO_STRESS
2007-01-11,10.87,63.0,,,,-1.1860072938399349,-1.0758916227793194,,,0.06613756613756613,0.10582010582010581,,,,,,,N/A,NO_STRESS
2007-01-12,10.15,61.20000076293945,,,,-1.5016418820124542,-1.1899614767292468,,,0.010582010582010581,0.07804232804232804,,,,,,,N/A,NO_STRESS
2007-01-15,10.15,61.20000076293945,,,,-1.497187439010844,-1.1867232081933414,,,0.011243386243386243,0.0787037037037037,,,,,,,N/A,NO_STRESS
2007-01-16,10.74,60.900001525878906,,,,-1.231927815787877,-1.2029624463313204,,,0.05092592592592592,0.07341269841269842,,,,,,,N/A,NO_STRESS
2007-01-17,10.59,60.099998474121094,,,,-1.2949401619217917,-1.2515375393656483,,,0.037037037037037035,0.06613756613756613,,,,,,,N/A,NO_STRESS
2007-01-18,10.85,58.0,,,,-1.1763628753194793,-1.3840500939007736,,,0.06878306878306878,0.03439153439153439,,,,,,,N/A,NO_STRESS
2007-01-19,10.4,57.20000076293945,,,,-1.3719851645922587,-1.4317671085394603,,,0.027777777777777776,0.023809523809523808,,,,,,,N/A,NO_STRESS
2007-01-22,10.77,57.20000076293945,,,,-1.204816727045268,-1.4274791216485971,,,0.05886243386243386,0.02447089947089947,,,,,,,N/A,NO_STRESS
2007-01-23,10.34,57.20000076293945,,,,-1.3911883894316779,-1.4232127217911872,,,0.026455026455026454,0.02513227513227513,,,,,,,N/A,NO_STRESS
2007-01-24,9.89,57.5,,,,-1.5850446230618824,-1.3997617844248047,,,0.0013227513227513227,0.031084656084656083,,,,,,,N/A,NO_STRESS
2007-01-25,11.22,60.75,,,,-0.9952090348357221,-1.1865403628880828,,,0.13558201058201058,0.07936507936507936,,,,,,,N/A,NO_STRESS
2007-01-26,11.13,60.29999923706055,,,,-1.0324111180327376,-1.2126184969773621,,,0.11375661375661375,0.07473544973544974,,,,,,,N/A,NO_STRESS
2007-01-29,11.45,60.0,,,,-0.8891243271088249,-1.2286738972603313,,,0.18055555555555555,0.07275132275132275,,,,,,,N/A,NO_STRESS
2007-01-30,10.96,61.900001525878906,,,,-1.1022667380839146,-1.1026018350704394,,,0.08862433862433862,0.10052910052910052,,,,,,,N/A,NO_STRESS
2007-01-31,10.42,61.599998474121094,,,,-1.3368811519120938,-1.1190340270493377,,,0.031746031746031744,0.0958994708994709,,,,,,,N/A,NO_STRESS
2007-02-01,10.31,61.29999923706055,,,,-1.383624874720642,-1.1354347533173967,,,0.025793650793650792,0.09391534391534391,,,,,,,N/A,NO_STRESS
2007-02-02,10.08,56.099998474121094,,,,-1.4870164747991421,-1.4681336580803839,,,0.009259259259259259,0.007936507936507936,,,,,,,N/A,NO_STRESS
2007-02-05,10.55,54.900001525878906,,,,-1.276222330556941,-1.5412698741609476,,,0.04365079365079365,0.0013227513227513227,,,,,,,N/A,NO_STRESS
2007-02-06,10.65,56.29999923706055,,,,-1.2339779769703692,-1.4464940827501729,,,0.05357142857142857,0.01521164021164021,,,,,,,N/A,NO_STRESS
2007-02-07,10.32,60.5,,,,-1.3831330230386918,-1.1717114363610734,,,0.0291005291005291,0.08333333333333333,,,,,,,N/A,NO_STRESS
2007-02-08,10.44,58.900001525878906,,,,-1.3269248267083198,-1.271712235010889,,,0.037037037037037035,0.06018518518518518,,,,,,,N/A,NO_STRESS
2007-02-09,11.1,60.099998474121094,,,,-1.0274893381258534,-1.1910006815032856,,,0.11838624338624339,0.08002645502645503,,,,,,,N/A,NO_STRESS
2007-02-12,11.61,60.0,,,,-0.7953430348085156,-1.1943259242363005,,,0.24404761904761904,0.0787037037037037,,,,,,,N/A,NO_STRESS
2007-02-13,10.34,59.79999923706055,,,,-1.377104492093173,-1.204088636313484,,,0.032407407407407406,0.07473544973544974,,,,,,,N/A,NO_STRESS
2007-02-14,10.23,59.79999923706055,,,,-1.4299970935077544,-1.2008964669785365,,,0.01917989417989418,0.07539682539682539,,,,,,,N/A,NO_STRESS
2007-02-15,10.22,61.099998474121094,,,,-1.435330178547011,-1.1139150336653751,,,0.018518518518518517,0.10251322751322751,,,,,,,N/A,NO_STRESS
2007-02-16,10.02,60.70000076293945,,,,-1.5253506278654254,-1.1368153965308816,,,0.006613756613756613,0.09259259259259259,,,,,,,N/A,NO_STRESS
2007-02-19,10.02,60.70000076293945,,,,-1.522045814165575,-1.1343327496462192,,,0.007275132275132275,0.09325396825396826,,,,,,,N/A,NO_STRESS
2007-02-20,10.24,60.900001525878906,,,,-1.4162392342335273,-1.1186783478051043,,,0.02513227513227513,0.10052910052910052,,,,,,,N/A,NO_STRESS
2007-02-21,10.2,57.79999923706055,,,,-1.4309672312970572,-1.316337317704065,,,0.021164021164021163,0.041666666666666664,,,,,,,N/A,NO_STRESS
2007-02-22,10.18,57.5,,,,-1.4367172658449205,-1.3329404044523805,,,0.0205026455026455,0.03571428571428571,,,,,,,N/A,NO_STRESS
2007-02-23,10.58,57.79999923706055,,,,-1.2479269431219686,-1.3116235350041552,,,0.05952380952380952,0.04365079365079365,,,,,,,N/A,NO_STRESS
2007-02-26,11.15,61.599998474121094,,,,-0.9803954020490463,-1.0628518587619649,,,0.14351851851851852,0.11904761904761904,,,,,,,N/A,NO_STRESS
2007-02-27,18.31,70.30000305175781,,,,2.3385795508292992,-0.49364454980281647,,,0.9748677248677249,0.37962962962962965,,,,,,,N/A,EQUITY_DRIVEN
2007-02-28,15.42,69.80000305175781,,,,0.9992621152383891,-0.5243443119224928,,,0.8386243386243386,0.37037037037037035,,,,,,,N/A,EQUITY_DRIVEN
2007-03-01,15.82,72.9000015258789,,,,1.1845190593785289,-0.3186548921318291,,,0.8690476190476191,0.44312169312169314,,,,,,,N/A,EQUITY_DRIVEN
2007-03-02,18.61,76.69999694824219,,,,2.4689328966808253,-0.06531287668030335,,,0.9814814814814815,0.541005291005291,,,,,,,N/A,EQUITY_DRIVEN
2007-03-05,19.63,74.5,,,,2.9251645531097497,-0.20805273984982656,,,0.9933862433862434,0.4861111111111111,,,,,,,N/A,EQUITY_DRIVEN
2007-03-06,15.96,67.0999984741211,,,,1.2359575511794072,-0.6976327750581891,,,0.875,0.31084656084656087,,,,,,,N/A,EQUITY_DRIVEN
2007-03-07,15.24,71.30000305175781,,,,0.9076573463468129,-0.4157016467847666,,,0.8174603174603174,0.39814814814814814,,,,,,,N/A,EQUITY_DRIVEN
2007-03-08,14.29,69.80000305175781,,,,0.4712117622472731,-0.5140392319498993,,,0.7063492063492064,0.3723544973544973,,,,,,,N/A,NO_STRESS
2007-03-09,14.09,63.599998474121094,,,,0.38033426932846104,-0.9293429227200224,,,0.6891534391534392,0.17195767195767195,,,,,,,N/A,NO_STRESS
2007-03-12,13.99,65.30000305175781,,,,0.3348988939064592,-0.8136910551145694,,,0.671957671957672,0.23941798941798942,,,,,,,N/A,NO_STRESS
2007-03-13,18.13,72.19999694824219,,,,2.237342501814229,-0.3441501947122516,,,0.9675925925925926,0.42923280423280424,,,,,,,N/A,EQUITY_DRIVEN
2007-03-14,17.27,69.69999694824219,,,,1.840109464523571,-0.5123343127820942,,,0.9431216931216931,0.3723544973544973,,,,,,,N/A,EQUITY_DRIVEN
2007-03-15,16.43,67.9000015258789,,,,1.4523990943834153,-0.6339089119383029,,,0.9120370370370371,0.335978835978836,,,,,,,N/A,EQUITY_DRIVEN
2007-03-16,16.79,67.0,,,,1.6141272144607592,-0.6941218228951703,,,0.9285714285714286,0.30753968253968256,,,,,,,N/A,EQUITY_DRIVEN
2007-03-19,14.59,66.0,,,,0.6041320706729868,-0.7617237574932892,,,0.746031746031746,0.26256613756613756,,,,,,,N/A,NO_STRESS
2007-03-20,13.27,66.0,,,,-0.0005827941246296986,-0.7603704143012626,,,0.5806878306878307,0.26322751322751325,,,,,,,N/A,NO_STRESS
2007-03-21,12.19,66.19999694824219,,,,-0.49464416570431124,-0.7456904428968393,,,0.38492063492063494,0.2757936507936508,,,,,,,N/A,NO_STRESS
2007-03-22,12.93,67.19999694824219,,,,-0.15307526223290557,-0.6748257954569405,,,0.5178571428571429,0.3247354497354497,,,,,,,N/A,NO_STRESS
2007-03-23,12.95,68.69999694824219,,,,-0.14188236569387888,-0.5680948755826002,,,0.5224867724867724,0.36177248677248675,,,,,,,N/A,NO_STRESS
2007-03-26,13.16,68.19999694824219,,,,-0.042842360549122036,-0.6024827534908472,,,0.5628306878306878,0.3478835978835979,,,,,,,N/A,NO_STRESS
2007-03-27,13.48,69.69999694824219,,,,0.10688570765320884,-0.49412267931970993,,,0.6197089947089947,0.3835978835978836,,,,,,,N/A,NO_STRESS
2007-03-28,14.98,69.9000015258789,,,,0.8019162661993167,-0.47803177874640196,,,0.7962962962962963,0.3921957671957672,,,,,,,N/A,NO_STRESS
2007-03-29,15.14,65.9000015258789,,,,0.8766690335822854,-0.7686257746576746,,,0.8161375661375662,0.2585978835978836,,,,,,,N/A,EQUITY_DRIVEN
2007-03-30,14.64,67.9000015258789,,,,0.647889543836765,-0.6241262947034116,,,0.7612433862433863,0.3445767195767196,,,,,,,N/A,NO_STRESS
2007-04-02,14.53,65.9000015258789,,,,0.6010032187818262,-0.7722347335908578,,,0.7453703703703703,0.25925925925925924,,,,,,,N/A,NO_STRESS
2007-04-03,13.46,63.79999923706055,,,,0.10787211207641823,-0.9274769194177592,,,0.6190476190476191,0.18253968253968253,,,,,,,N/A,NO_STRESS
2007-04-04,13.24,66.0999984741211,,,,0.008248762382880203,-0.7537790130328258,,,0.583994708994709,0.2744708994708995,,,,,,,N/A,NO_STRESS
2007-04-05,13.23,64.0,,,,0.006624999636520927,-0.9099552460716965,,,0.5806878306878307,0.1884920634920635,,,,,,,N/A,NO_STRESS
2007-04-06,13.23,64.0,,,,0.01018508817023001,-0.9094895107976075,,,0.5813492063492064,0.18915343915343916,,,,,,,N/A,NO_STRESS
2007-04-09,13.14,58.29999923706055,,,,-0.02924070660138993,-1.340955007844367,,,0.5555555555555556,0.05291005291005291,,,,,,,N/A,NO_STRESS
2007-04-10,12.68,60.20000076293945,,,,-0.24520750025456592,-1.1963345953158537,,,0.4861111111111111,0.09126984126984126,,,,,,,N/A,NO_STRESS
2007-04-11,13.49,58.70000076293945,,,,0.14739721144598053,-1.3099966012033537,,,0.6309523809523809,0.06283068783068783,,,,,,,N/A,NO_STRESS
2007-04-12,12.71,57.900001525878906,,,,-0.22562245976029124,-1.370361268336429,,,0.49206349206349204,0.046296296296296294,,,,,,,N/A,NO_STRESS
2007-04-13,12.2,57.79999923706055,,,,-0.47061678610025026,-1.3768996291958477,,,0.38756613756613756,0.04431216931216931,,,,,,,N/A,NO_STRESS
2007-04-16,11.98,58.70000076293945,,,,-0.5759020095862244,-1.3064150151420795,,,0.3353174603174603,0.06613756613756613,,,,,,,N/A,NO_STRESS
2007-04-17,12.14,59.29999923706055,,,,-0.495712507562366,-1.2580429854688062,,,0.37367724867724866,0.07738095238095238,,,,,,,N/A,NO_STRESS
2007-04-18,12.42,59.20000076293945,,,,-0.35652499795472214,-1.263852522415066,,,0.4497354497354497,0.07605820105820106,,,,,,,N/A,NO_STRESS
2007-04-19,12.54,59.400001525878906,,,,-0.29574107772983027,-1.247160555922237,,,0.4708994708994709,0.082010582010582,,,,,,,N/A,NO_STRESS
2007-04-20,12.07,59.099998474121094,,,,-0.5249801134485783,-1.2688357680949478,,,0.36177248677248675,0.07407407407407407,,,,,,,N/A,NO_STRESS
2007-04-23,13.04,57.79999923706055,,,,-0.046336812861450756,-1.3687436362530376,,,0.5522486772486772,0.04497354497354497,,,,,,,N/A,NO_STRESS
2007-04-24,13.12,58.79999923706055,,,,-0.005409527168799628,-1.28922947152438,,,0.5641534391534392,0.07076719576719577,,,,,,,N/A,NO_STRESS
2007-04-25,13.21,57.79999923706055,,,,0.04101579093925758,-1.3669013019218055,,,0.5912698412698413,0.04563492063492063,,,,,,,N/A,NO_STRESS
2007-04-26,12.79,58.70000076293945,,,,-0.16434409686524076,-1.2996261807539984,,,0.5138888888888888,0.06944444444444445,,,,,,,N/A,NO_STRESS
2007-04-27,12.45,57.79999923706055,,,,-0.3301748246947346,-1.3730027482572158,,,0.45634920634920634,0.046296296296296294,,,,,,,N/A,NO_STRESS
2007-04-30,14.22,59.79999923706055,,,,0.5494521254598921,-1.2116756174702625,,,0.7314814814814815,0.09854497354497355,,,,,,,N/A,NO_STRESS
2007-05-01,13.51,58.900001525878906,,,,0.1984153717929596,-1.2806891827833795,,,0.6521164021164021,0.07804232804232804,,,,,,,N/A,NO_STRESS
2007-05-02,13.08,61.099998474121094,,,,-0.013946070479124044,-1.102348696148457,,,0.5628306878306878,0.1335978835978836,,,,,,,N/A,NO_STRESS
2007-05-03,13.09,60.79999923706055,,,,-0.0074692657055756215,-1.1240162843738002,,,0.5661375661375662,0.12433862433862433,,,,,,,N/A,NO_STRESS
2007-05-04,12.91,57.099998474121094,,,,-0.09567799985881013,-1.4178777429172629,,,0.5284391534391535,0.026455026455026454,,,,,,,N/A,NO_STRESS
2007-05-07,13.15,54.5,,,,0.025057675799914216,-1.623058847758194,,,0.5813492063492064,0.0013227513227513227,,,,,,,N/A,NO_STRESS
2007-05-08,13.21,54.29999923706055,,,,0.05691202087268222,-1.636920694374624,,,0.5998677248677249,0.0013227513227513227,,,,,,,N/A,NO_STRESS
2007-05-09,12.88,53.29999923706055,,,,-0.10634159476920821,-1.7141438579243475,,,0.5271164021164021,0.0013227513227513227,,,,,,,N/A,NO_STRESS
2007-05-10,13.6,52.79999923706055,,,,0.2539472400415504,-1.751241354263799,,,0.671957671957672,0.0013227513227513227,,,,,,,N/A,NO_STRESS
2007-05-11,12.95,52.400001525878906,,,,-0.06924060098081174,-1.7800803762867308,,,0.5390211640211641,0.0013227513227513227,,,,,,,N/A,NO_STRESS
2007-05-14,13.96,52.5,,,,0.4363658608882961,-1.7680202082979044,,,0.7103174603174603,0.0026455026455026454,,,,,,,N/A,NO_STRESS
2007-05-15,14.01,51.20000076293945,,,,0.4624869299391676,-1.8680646133757108,,,0.7202380952380952,0.0013227513227513227,,,,,,,N/A,NO_STRESS
2007-05-16,13.5,51.599998474121094,,,,0.2079263451976563,-1.8318430633317773,,,0.66005291005291,0.0026455026455026454,,,,,,,N/A,NO_STRESS
2007-05-17,13.51,52.70000076293945,,,,0.21326329610877254,-1.739761999098326,,,0.6633597883597884,0.006613756613756613,,,,,,,N/A,NO_STRESS
2007-05-18,12.76,56.70000076293945,,,,-0.16078720747294029,-1.4144569389775794,,,0.5125661375661376,0.03306878306878307,,,,,,,N/A,NO_STRESS
2007-05-21,13.3,55.400001525878906,,,,0.11091290151266918,-1.5175158197978036,,,0.626984126984127,0.018518518518518517,,,,,,,N/A,NO_STRESS
2007-05-22,13.06,54.599998474121094,,,,-0.007354345338808415,-1.5802455838325502,,,0.5661375661375662,0.013227513227513227,,,,,,,N/A,NO_STRESS
2007-05-23,13.24,56.0,,,,0.08452948068713155,-1.4637820089708615,,,0.6177248677248677,0.023809523809523808,,,,,,,N/A,NO_STRESS
2007-05-24,14.08,56.5,,,,0.5066622733111644,-1.4195712436979724,,,0.7414021164021164,0.03439153439153439,,,,,,,N/A,NO_STRESS
2007-05-25,13.34,56.900001525878906,,,,0.13628050265622646,-1.3846386683163963,,,0.6402116402116402,0.04298941798941799,,,,,,,N/A,NO_STRESS
2007-05-28,13.34,56.900001525878906,,,,0.13752902738830233,-1.3814695948037268,,,0.6408730158730159,0.04365079365079365,,,,,,,N/A,NO_STRESS
2007-05-29,13.53,56.5,,,,0.23428759760735754,-1.4109235737336803,,,0.6759259259259259,0.03505291005291005,,,,,,,N/A,NO_STRESS
2007-05-30,12.83,57.599998474121094,,,,-0.11598240407940852,-1.3175393068589856,,,0.5231481481481481,0.06349206349206349,,,,,,,N/A,NO_STRESS
2007-05-31,13.05,58.900001525878906,,,,-0.0032187997464479356,-1.2085111081371984,,,0.5661375661375662,0.10383597883597884,,,,,,,N/A,NO_STRESS
2007-06-01,12.78,58.0,,,,-0.13747451257397036,-1.2793707966980552,,,0.5158730158730159,0.08002645502645503,,,,,,,N/A,NO_STRESS
2007-06-04,13.29,54.70000076293945,,,,0.12224944273095249,-1.5467113238503778,,,0.6302910052910053,0.01455026455026455,,,,,,,N/A,NO_STRESS
2007-06-05,13.63,55.29999923706055,,,,0.29545919891012373,-1.4945180102613824,,,0.6951058201058201,0.021164021164021163,,,,,,,N/A,NO_STRESS
2007-06-06,14.87,58.900001525878906,,,,0.9231805787516271,-1.1976791435635592,,,0.8373015873015873,0.10846560846560846,,,,,,,N/A,EQUITY_DRIVEN
2007-06-07,17.06,70.80000305175781,,,,2.0248569639907057,-0.2142556309504641,,,0.955026455026455,0.4728835978835979,,,,,,,N/A,EQUITY_DRIVEN
2007-06-08,14.84,79.0999984741211,,,,0.9032313635218967,0.4760345374383994,,,0.8293650793650794,0.7056878306878307,,,,,,,N/A,EQUITY_DRIVEN
2007-06-11,14.71,69.5,,,,0.8371632613297862,-0.31818121212606953,,,0.8220899470899471,0.44642857142857145,,,,,,,N/A,EQUITY_DRIVEN
2007-06-12,16.67,85.19999694824219,,,,1.8233841037564127,0.9912332974290918,,,0.9444444444444444,0.8293650793650794,,,,,,,N/A,EQUITY_DRIVEN
2007-06-13,14.73,84.5999984741211,,,,0.8444394812735035,0.9445283960710683,,,0.8240740740740741,0.8214285714285714,,,,,,,N/A,EQUITY_DRIVEN
2007-06-14,13.64,78.30000305175781,,,,0.2972877142408505,0.4207341000337588,,,0.6977513227513228,0.6825396825396826,,,,,,,N/A,NO_STRESS
2007-06-15,13.94,70.5999984741211,,,,0.45052198463364146,-0.22163743038065653,,,0.7275132275132276,0.4708994708994709,,,,,,,N/A,NO_STRESS
2007-06-18,13.42,68.0999984741211,,,,0.1900205603558522,-0.4292387647001933,,,0.6587301587301587,0.414021164021164,,,,,,,N/A,NO_STRESS
2007-06-19,12.85,68.4000015258789,,,,-0.09609380547446383,-0.4021391250606973,,,0.5277777777777778,0.421957671957672,,,,,,,N/A,NO_STRESS
2007-06-20,14.67,71.4000015258789,,,,0.8315321025819938,-0.14777531717832065,,,0.8234126984126984,0.4933862433862434,,,,,,,N/A,EQUITY_DRIVEN
2007-06-21,14.21,76.30000305175781,,,,0.5995200918916734,0.2680601760398508,,,0.7671957671957672,0.6216931216931217,,,,,,,N/A,NO_STRESS
2007-06-22,15.75,76.30000305175781,,,,1.3844834140698643,0.2711138428960954,,,0.9034391534391535,0.6223544973544973,,,,,,,N/A,EQUITY_DRIVEN
2007-06-25,16.65,79.0,,,,1.8398985842574769,0.5031024588817845,,,0.9437830687830688,0.7129629629629629,,,,,,,N/A,EQUITY_DRIVEN
2007-06-26,18.89,77.19999694824219,,,,2.9632643439500272,0.3538977446733845,,,0.9914021164021164,0.6547619047619048,,,,,,,N/A,EQUITY_DRIVEN
2007-06-27,15.53,79.4000015258789,,,,1.262055770118511,0.545131605587634,,,0.8928571428571429,0.7275132275132276,,,,,,,N/A,EQUITY_DRIVEN
2007-06-28,15.54,75.5,,,,1.2683932830143019,0.2166042152149223,,,0.8941798941798942,0.5992063492063492,,,,,,,N/A,EQUITY_DRIVEN
2007-06-29,16.23,77.5,,,,1.6246382299749118,0.39390756188944265,,,0.9252645502645502,0.6646825396825397,,,,,,,N/A,EQUITY_DRIVEN
2007-07-02,15.4,76.0,,,,1.2121977099292083,0.26864222765872836,,,0.8862433862433863,0.621031746031746,,,,,,,N/A,EQUITY_DRIVEN
2007-07-03,14.92,73.5,,,,0.9744872074003585,0.05482988147476244,,,0.8518518518518519,0.5548941798941799,,,,,,,N/A,EQUITY_DRIVEN
2007-07-04,14.92,73.5,,,,0.979001257740664,0.05764411484611314,,,0.8525132275132276,0.5555555555555556,,,,,,,N/A,EQUITY_DRIVEN
2007-07-05,15.48,76.5,,,,1.273964544348595,0.32151528966063125,,,0.8941798941798942,0.6335978835978836,,,,,,,N/A,EQUITY_DRIVEN
2007-07-06,14.72,74.4000015258789,,,,0.8888868497435438,0.14041938837043558,,,0.832010582010582,0.582010582010582,,,,,,,N/A,EQUITY_DRIVEN
2007-07-09,15.16,74.4000015258789,,,,1.1240411565379174,0.1433332681458589,,,0.8743386243386243,0.5826719576719577,,,,,,,N/A,EQUITY_DRIVEN
2007-07-10,17.57,78.0999984741211,,,,2.3837183733605,0.4713446994514303,,,0.9735449735449735,0.6891534391534392,,,,,,,N/A,EQUITY_DRIVEN
2007-07-11,16.64,77.0,,,,1.8988794808445166,0.3791357186133097,,,0.951058201058201,0.6587301587301587,,,,,,,N/A,EQUITY_DRIVEN
2007-07-12,15.54,75.5,,,,1.3250510702382494,0.25162672181454426,,,0.9027777777777778,0.6051587301587301,,,,,,,N/A,EQUITY_DRIVEN
2007-07-13,15.15,73.0999984741211,,,,1.1244545971407967,0.04150828038987448,,,0.8743386243386243,0.5436507936507936,,,,,,,N/A,EQUITY_DRIVEN
2007-07-16,15.59,71.0999984741211,,,,1.356035325651524,-0.13422208906752855,,,0.9087301587301587,0.48412698412698413,,,,,,,N/A,EQUITY_DRIVEN
2007-07-17,15.63,69.80000305175781,,,,1.377538395180265,-0.24808412713808817,,,0.9120370370370371,0.458994708994709,,,,,,,N/A,EQUITY_DRIVEN
2007-07-18,16.0,71.4000015258789,,,,1.5702068023373223,-0.10044935183939692,,,0.9246031746031746,0.4966931216931217,,,,,,,N/A,EQUITY_DRIVEN
2007-07-19,15.23,68.9000015258789,,,,1.1660234512440388,-0.32467086742332024,,,0.8783068783068783,0.4384920634920635,,,,,,,N/A,EQUITY_DRIVEN
2007-07-20,16.95,72.19999694824219,,,,2.061931155826419,-0.020393766953286905,,,0.9616402116402116,0.5238095238095238,,,,,,,N/A,EQUITY_DRIVEN
2007-07-23,16.81,75.30000305175781,,,,1.9830877834217218,0.26805071301964306,,,0.9576719576719577,0.6111111111111112,,,,,,,N/A,EQUITY_DRIVEN
2007-07-24,18.55,76.69999694824219,,,,2.876516417350191,0.4014157101193152,,,0.9894179894179894,0.6620370370370371,,,,,,,N/A,EQUITY_DRIVEN
2007-07-25,18.1,78.4000015258789,,,,2.6309849346018543,0.5643157234342288,,,0.9814814814814815,0.7208994708994709,,,,,,,N/A,EQUITY_DRIVEN
2007-07-26,20.74,93.5,,,,3.954965948359422,1.9756387626288574,,,0.996031746031746,0.9748677248677249,,,,,,,N/A,EQUITY_DRIVEN
2007-07-27,24.17,92.5999984741211,,,,5.589115620429688,1.9020761301785998,,,1.0,0.966931216931217,,,,,,,N/A,EQUITY_DRIVEN
2007-07-30,20.87,97.9000015258789,,,,3.8882419931049554,2.392269408852728,,,0.9947089947089947,0.9880952380952381,,,,,,,N/A,EQUITY_DRIVEN
2007-07-31,23.52,96.4000015258789,,,,5.109259262987575,2.247419090623811,,,0.9973544973544973,0.9814814814814815,,,,,,,N/A,EQUITY_DRIVEN
2007-08-01,23.67,94.30000305175781,,,,5.087535156432095,2.04653191993066,,,0.9973544973544973,0.9761904761904762,,,,,,,N/A,EQUITY_DRIVEN
2007-08-02,21.22,92.0,,,,3.868185677660747,1.8377059872285857,,,0.9933862433862434,0.9490740740740741,,,,,,,N/A,EQUITY_DRIVEN
2007-08-03,25.16,95.4000015258789,,,,5.614050930321595,2.1575258964372406,,,1.0,0.9788359788359788,,,,,,,N/A,EQUITY_DRIVEN
2007-08-06,22.94,97.5,,,,4.51312096333652,2.3529934216032204,,,0.9933862433862434,0.9894179894179894,,,,,,,N/A,EQUITY_DRIVEN
2007-08-07,21.56,86.9000015258789,,,,3.8363744646866937,1.3648028083412753,,,0.9920634920634921,0.8974867724867724,,,,,,,N/A,EQUITY_DRIVEN
2007-08-08,21.45,92.9000015258789,,,,3.7463532550987417,1.9253692803347422,,,0.9894179894179894,0.966931216931217,,,,,,,N/A,EQUITY_DRIVEN
2007-08-09,26.48,118.5,,,,5.868017427907993,4.272176770755952,,,1.0,1.0,,,,,,,N/A,EQUITY_DRIVEN
2007-08-10,28.3,116.4000015258789,,,,6.474476843469078,4.038482569837452,,,1.0,0.9986772486772487,,,,,,,N/A,EQUITY_DRIVEN
2007-08-13,26.57,111.69999694824219,,,,5.607067564318198,3.58343004511137,,,0.9986772486772487,0.9973544973544973,,,,,,,N/A,EQUITY_DRIVEN
2007-08-14,27.68,106.80000305175781,,,,5.922959346628027,3.121392262219408,,,0.9986772486772487,0.996031746031746,,,,,,,N/A,EQUITY_DRIVEN
2007-08-15,30.67,102.69999694824219,,,,6.907524380952964,2.7375313894357687,,,1.0,0.9920634920634921,,,,,,,N/A,EQUITY_DRIVEN
2007-08-16,30.83,109.80000305175781,,,,6.750394690713174,3.3588751225511815,,,1.0,0.996031746031746,,,,,,,N/A,EQUITY_DRIVEN
2007-08-17,29.99,106.9000015258789,,,,6.253031033638527,3.0883283265757555,,,0.9973544973544973,0.9947089947089947,,,,,,,N/A,EQUITY_DRIVEN
2007-08-20,26.33,109.5,,,,4.803937517811219,3.305229779150383,,,0.9907407407407407,0.9947089947089947,,,,,,,N/A,RATES_DRIVEN
2007-08-21,25.25,114.4000015258789,,,,4.346391080439907,3.7145342620382973,,,0.9894179894179894,0.9973544973544973,,,,,,,N/A,RATES_DRIVEN
2007-08-22,22.89,112.5999984741211,,,,3.4564231673687438,3.5302852895939707,,,0.9801587301587301,0.996031746031746,,,,,,,N/A,RATES_DRIVEN
2007-08-23,22.62,111.4000015258789,,,,3.3297998073031856,3.402981070015436,,,0.9788359788359788,0.9933862433862434,,,,,,,N/A,RATES_DRIVEN
2007-08-24,20.72,104.4000015258789,,,,2.633886139213394,2.7797535160234736,,,0.9682539682539683,0.9854497354497355,,,,,,,N/A,RATES_DRIVEN
2007-08-27,22.72,103.9000015258789,,,,3.3175173780667127,2.727105046306148,,,0.9788359788359788,0.9841269841269841,,,,,,,N/A,RATES_DRIVEN
2007-08-28,26.3,106.5999984741211,,,,4.515615954555074,2.9482858973882653,,,0.9894179894179894,0.9867724867724867,,,,,,,N/A,EQUITY_DRIVEN
2007-08-29,23.81,107.5,,,,3.610675960353647,3.009144931760137,,,0.9834656084656085,0.9894179894179894,,,,,,,N/A,RATES_DRIVEN
2007-08-30,25.06,110.30000305175781,,,,3.994735155677082,3.235590798452999,,,0.9854497354497355,0.9920634920634921,,,,,,,N/A,RATES_DRIVEN
2007-08-31,23.38,111.0,,,,3.389944522150564,3.283529564636458,,,0.9775132275132276,0.9920634920634921,,,,,,,N/A,RATES_DRIVEN
2007-09-03,23.38,111.0,,,,3.3614345371378844,3.2636097944077482,,,0.9768518518518519,0.9914021164021164,,,,,,,N/A,RATES_DRIVEN
2007-09-04,22.78,110.23999786376953,,,,3.135293961295722,3.1805495679119886,,,0.9722222222222222,0.9880952380952381,,,,,,,N/A,RATES_DRIVEN
2007-09-05,24.58,113.5,,,,3.70075139953074,3.433914820752381,,,0.9841269841269841,0.996031746031746,,,,,,,N/A,RATES_DRIVEN
2007-09-06,23.99,110.5,,,,3.4739663515903043,3.1632588920989018,,,0.9814814814814815,0.9880952380952381,,,,,,,N/A,RATES_DRIVEN
2007-09-07,26.23,116.9000015258789,,,,4.1617176577622175,3.669781431052541,,,0.9880952380952381,0.9986772486772487,,,,,,,N/A,RATES_DRIVEN
2007-09-10,27.38,120.4000015258789,,,,4.471434462772876,3.922944504493585,,,0.9933862433862434,1.0,,,,,,,N/A,RATES_DRIVEN
2007-09-11,25.27,123.5,,,,3.7532936706338504,4.130880284409238,,,0.9854497354497355,1.0,,,,,,,N/A,RATES_DRIVEN
2007-09-12,24.96,124.5,,,,3.6192039474755293,4.162792836827657,,,0.9801587301587301,1.0,,,,,,,N/A,RATES_DRIVEN
2007-09-13,24.76,122.0999984741211,,,,3.5229631695151444,3.9311573504949298,,,0.9788359788359788,0.9973544973544973,,,,,,,N/A,RATES_DRIVEN
2007-09-14,24.92,123.4000015258789,,,,3.539259867608649,3.9916158984845302,,,0.9788359788359788,0.9973544973544973,,,,,,,N/A,RATES_DRIVEN
2007-09-17,26.48,121.5999984741211,,,,3.97771308221598,3.8105877289714654,,,0.9900793650793651,0.9947089947089947,,,,,,,N/A,RATES_DRIVEN
2007-09-18,20.35,114.4000015258789,,,,2.0865550490200877,3.223014793043847,,,0.9457671957671958,0.9874338624338624,,,,,,,N/A,RATES_DRIVEN
2007-09-19,20.03,106.25,,,,1.9827287726708562,2.5774278290458286,,,0.9444444444444444,0.9656084656084656,,,,,,,N/A,RATES_DRIVEN
2007-09-20,20.45,118.80000305175781,,,,2.103794136400584,3.5296059226276344,,,0.9457671957671958,0.9920634920634921,,,,,,,N/A,RATES_DRIVEN
2007-09-21,19.0,103.19999694824219,,,,1.6569697052438437,2.3192718653036155,,,0.9404761904761905,0.958994708994709,,,,,,,N/A,RATES_DRIVEN
2007-09-24,19.37,102.80000305175781,,,,1.7656355032881577,2.28468899886584,,,0.9404761904761905,0.9563492063492064,,,,,,,N/A,RATES_DRIVEN
2007-09-25,18.6,106.5,,,,1.5286881789773028,2.563601025821511,,,0.9325396825396826,0.9642857142857143,,,,,,,N/A,RATES_DRIVEN
2007-09-26,17.63,104.9000015258789,,,,1.232517602267961,2.4362922543676135,,,0.9126984126984127,0.9603174603174603,,,,,,,N/A,RATES_DRIVEN
2007-09-27,17.0,103.30000305175781,,,,1.0392039581356918,2.3146697041885025,,,0.9007936507936508,0.9576719576719577,,,,,,,N/A,RATES_DRIVEN
2007-09-28,18.0,103.69999694824219,,,,1.3395862542253731,2.344854903997805,,,0.9206349206349206,0.9576719576719577,,,,,,,N/A,RATES_DRIVEN
2007-10-01,17.84,104.9000015258789,,,,1.2880514712056503,2.429954536251531,,,0.9193121693121693,0.9609788359788359,,,,,,,N/A,RATES_DRIVEN
2007-10-02,18.49,103.5999984741211,,,,1.4808990349718627,2.3235449539429225,,,0.9298941798941799,0.955026455026455,,,,,,,N/A,RATES_DRIVEN
2007-10-03,18.8,101.80000305175781,,,,1.5700107454946035,2.1797085764346895,,,0.9365079365079365,0.9484126984126984,,,,,,,N/A,RATES_DRIVEN
2007-10-04,18.44,102.0,,,,1.4571326098855362,2.188014607726094,,,0.9272486772486772,0.9484126984126984,,,,,,,N/A,RATES_DRIVEN
2007-10-05,16.91,98.0999984741211,,,,0.9936034173486082,1.88662641841731,,,0.8888888888888888,0.9431216931216931,,,,,,,N/A,RATES_DRIVEN
2007-10-08,17.46,98.0999984741211,,,,1.1566759224079235,1.8821211171039152,,,0.9034391534391535,0.9424603174603174,,,,,,,N/A,RATES_DRIVEN
2007-10-09,16.12,91.4000015258789,,,,0.7518570150673293,1.3722081422233203,,,0.8604497354497355,0.917989417989418,,,,,,,N/A,RATES_DRIVEN
2007-10-10,16.67,86.5999984741211,,,,0.9155125352365644,1.0080382711310714,,,0.8802910052910053,0.8835978835978836,,,,,,,N/A,RATES_DRIVEN
2007-10-11,18.88,82.4000015258789,,,,1.5754517549926508,0.6899444543267769,,,0.9365079365079365,0.8234126984126984,,,,,,,N/A,EQUITY_DRIVEN
2007-10-12,17.73,79.5999984741211,,,,1.2270103026717913,0.4782761546848385,,,0.906084656084656,0.7566137566137566,,,,,,,N/A,EQUITY_DRIVEN
2007-10-15,19.25,79.30000305175781,,,,1.6776209875502341,0.45662235591726774,,,0.9391534391534392,0.753968253968254,,,,,,,N/A,EQUITY_DRIVEN
2007-10-16,20.02,82.80000305175781,,,,1.9008933214688395,0.7231076001983041,,,0.9417989417989417,0.8346560846560847,,,,,,,N/A,EQUITY_DRIVEN
2007-10-17,18.54,93.5,,,,1.4544635571767301,1.534128010826087,,,0.9246031746031746,0.9318783068783069,,,,,,,N/A,RATES_DRIVEN
2007-10-18,18.5,92.30000305175781,,,,1.438347204284644,1.4406457693252455,,,0.9232804232804233,0.921957671957672,,,,,,,N/A,EQUITY_DRIVEN
2007-10-19,22.96,95.80000305175781,,,,2.7494447993503095,1.7022459055450834,,,0.9629629629629629,0.9365079365079365,,,,,,,N/A,EQUITY_DRIVEN
2007-10-22,21.64,97.4000015258789,,,,2.346130589776819,1.8191046651912726,,,0.955026455026455,0.9378306878306878,,,,,,,N/A,EQUITY_DRIVEN
2007-10-23,20.41,96.30000305175781,,,,1.974898723525465,1.7338716802845495,,,0.9417989417989417,0.9351851851851852,,,,,,,N/A,EQUITY_DRIVEN
2007-10-24,20.8,104.9000015258789,,,,2.08088699955992,2.3754925664310282,,,0.9457671957671958,0.9603174603174603,,,,,,,N/A,RATES_DRIVEN
2007-10-25,21.17,103.80000305175781,,,,2.17957590269209,2.28501999152717,,,0.9484126984126984,0.955026455026455,,,,,,,N/A,RATES_DRIVEN
2007-10-26,19.56,102.04000091552734,,,,1.7022666313014416,2.1476650372383537,,,0.9325396825396826,0.9457671957671958,,,,,,,N/A,RATES_DRIVEN
2007-10-29,19.87,99.0999984741211,,,,1.7864835091537539,1.9205253508180968,,,0.9338624338624338,0.9391534391534392,,,,,,,N/A,RATES_DRIVEN
2007-10-30,21.07,96.33999633789062,,,,2.1271267631148456,1.7083277857139523,,,0.9470899470899471,0.9298941798941799,,,,,,,N/A,EQUITY_DRIVEN
2007-10-31,18.53,90.18000030517578,,,,1.3847513251890393,1.2449178636489333,,,0.9126984126984127,0.8968253968253969,,,,,,,N/A,EQUITY_DRIVEN
2007-11-01,23.21,100.25,,,,2.7268217968700004,1.9897780994007044,,,0.9629629629629629,0.9404761904761905,,,,,,,N/A,EQUITY_DRIVEN
2007-11-02,23.01,103.63999938964844,,,,2.6527917852759866,2.233412774318862,,,0.9616402116402116,0.9523809523809523,,,,,,,N/A,EQUITY_DRIVEN
2007-11-05,24.31,102.55999755859375,,,,3.0044397591219694,2.145457477668859,,,0.9735449735449735,0.9444444444444444,,,,,,,N/A,EQUITY_DRIVEN
2007-11-06,21.39,98.4000015258789,,,,2.1594711396960866,1.8323826359234712,,,0.9457671957671958,0.9338624338624338,,,,,,,N/A,EQUITY_DRIVEN
2007-11-07,26.49,107.9800033569336,,,,3.577918713674755,2.5269687199158564,,,0.9907407407407407,0.9695767195767195,,,,,,,N/A,EQUITY_DRIVEN
2007-11-08,26.16,112.08000183105469,,,,3.452251889955576,2.8116019500530567,,,0.9828042328042328,0.9814814814814815,,,,,,,N/A,EQUITY_DRIVEN
2007-11-09,28.5,112.08000183105469,,,,4.0581004276460515,2.7960894892687906,,,0.996031746031746,0.9808201058201058,,,,,,,N/A,EQUITY_DRIVEN
2007-11-12,31.09,112.08000183105469,,,,4.700203187845323,2.7808405832411696,,,1.0,0.9801587301587301,,,,,,,N/A,EQUITY_DRIVEN
2007-11-13,24.1,102.5,,,,2.7709249896678854,2.07849866235541,,,0.9656084656084656,0.9378306878306878,,,,,,,N/A,EQUITY_DRIVEN
2007-11-14,25.94,95.36000061035156,,,,3.2443912609735914,1.5583415061076191,,,0.9788359788359788,0.9126984126984127,,,,,,,N/A,EQUITY_DRIVEN
2007-11-15,28.06,102.22000122070312,,,,3.7763025014266196,2.046491565677943,,,0.9920634920634921,0.9365079365079365,,,,,,,N/A,EQUITY_DRIVEN
2007-11-16,25.49,99.13999938964844,,,,3.064916318240893,1.819129942568594,,,0.9761904761904762,0.9272486772486772,,,,,,,N/A,EQUITY_DRIVEN
2007-11-19,26.01,101.04000091552734,,,,3.177766263253622,1.9491784691169793,,,0.9775132275132276,0.9298941798941799,,,,,,,N/A,EQUITY_DRIVEN
2007-11-20,24.88,109.19999694824219,,,,2.8592659744865805,2.5219022994743288,,,0.9656084656084656,0.9656084656084656,,,,,,,N/A,EQUITY_DRIVEN
2007-11-21,26.84,112.19999694824219,,,,3.3452877556602547,2.721576667411404,,,0.9880952380952381,0.9814814814814815,,,,,,,N/A,EQUITY_DRIVEN
2007-11-22,26.84,112.19999694824219,,,,3.3164517951314325,2.7069153208289127,,,0.9874338624338624,0.9808201058201058,,,,,,,N/A,EQUITY_DRIVEN
2007-11-23,25.61,112.0999984741211,,,,2.9756570766728494,2.6859355511203438,,,0.9722222222222222,0.9788359788359788,,,,,,,N/A,RATES_DRIVEN
2007-11-26,28.91,126.9000015258789,,,,3.784823538368827,3.6937224541033076,,,0.9947089947089947,1.0,,,,,,,N/A,RATES_DRIVEN
2007-11-27,26.28,133.39999389648438,,,,3.089304083327367,4.098375078547516,,,0.9761904761904762,1.0,,,,,,,N/A,RATES_DRIVEN
2007-11-28,24.11,127.4000015258789,,,,2.5245041860194593,3.6478659927995105,,,0.9523809523809523,0.9986772486772487,,,,,,,N/A,RATES_DRIVEN
2007-11-29,23.97,133.60000610351562,,,,2.4757017122503333,4.029670556908856,,,0.9484126984126984,1.0,,,,,,,N/A,RATES_DRIVEN
2007-11-30,22.87,131.5,,,,2.1888256360462415,3.8491499675089584,,,0.9325396825396826,0.9973544973544973,,,,,,,N/A,RATES_DRIVEN
2007-12-03,23.61,136.11000061035156,,,,2.362355844945538,4.112578660420801,,,0.9431216931216931,1.0,,,,,,,N/A,RATES_DRIVEN
2007-12-04,23.79,141.6999969482422,,,,2.3947791600589965,4.421103240095961,,,0.9444444444444444,1.0,,,,,,,N/A,RATES_DRIVEN
2007-12-05,22.53,140.39999389648438,,,,2.0721302223468676,4.27751128512862,,,0.9246031746031746,0.9986772486772487,,,,,,,N/A,RATES_DRIVEN
2007-12-06,20.96,138.5,,,,1.6766003948094235,4.102384749528969,,,0.9120370370370371,0.9973544973544973,,,,,,,N/A,RATES_DRIVEN
2007-12-07,20.85,139.9600067138672,,,,1.643879729833927,4.142703524626169,,,0.9087301587301587,0.9973544973544973,,,,,,,N/A,RATES_DRIVEN
2007-12-10,20.74,126.88999938964844,,,,1.6113678251522734,3.2853611970980685,,,0.9054232804232805,0.9867724867724867,,,,,,,N/A,RATES_DRIVEN
2007-12-11,23.59,140.60000610351562,,,,2.3039158195525187,4.097428715414242,,,0.9404761904761905,0.9986772486772487,,,,,,,N/A,RATES_DRIVEN
2007-12-12,22.47,142.8000030517578,,,,2.019687726831975,4.179771248707927,,,0.921957671957672,1.0,,,,,,,N/A,RATES_DRIVEN
2007-12-13,22.56,139.1999969482422,,,,2.0332368283728597,3.9126384769652542,,,0.9232804232804233,0.9933862433862434,,,,,,,N/A,RATES_DRIVEN
2007-12-14,23.27,139.3800048828125,,,,2.1970049732761003,3.879082453592818,,,0.9351851851851852,0.9933862433862434,,,,,,,N/A,RATES_DRIVEN
2007-12-17,24.52,138.72999572753906,,,,2.4885825629566214,3.798036753248891,,,0.955026455026455,0.9907407407407407,,,,,,,N/A,RATES_DRIVEN
2007-12-18,22.64,141.5,,,,2.0234639888245756,3.9179776397003105,,,0.921957671957672,0.9973544973544973,,,,,,,N/A,RATES_DRIVEN
2007-12-19,21.68,147.8300018310547,,,,1.784493225836876,4.235565447022918,,,0.9153439153439153,1.0,,,,,,,N/A,RATES_DRIVEN
2007-12-20,20.58,154.6999969482422,,,,1.5138162833123716,4.566686064277224,,,0.8928571428571429,1.0,,,,,,,N/A,RATES_DRIVEN
2007-12-21,18.47,145.5,,,,1.001797871853585,3.989021056980236,,,0.8611111111111112,0.9973544973544973,,,,,,,N/A,RATES_DRIVEN
2007-12-24,18.6,144.0,,,,1.0307909879731956,3.859939448224054,,,0.8683862433862434,0.996031746031746,,,,,,,N/A,RATES_DRIVEN
2007-12-25,18.6,144.0,,,,1.028314840820503,3.8177735323406026,,,0.8677248677248677,0.9953703703703703,,,,,,,N/A,RATES_DRIVEN
2007-12-26,18.66,141.3000030517578,,,,1.0401336125128915,3.6298706741506037,,,0.8723544973544973,0.9894179894179894,,,,,,,N/A,RATES_DRIVEN
2007-12-27,20.26,140.89999389648438,,,,1.421469863519781,3.573363243087956,,,0.8875661375661376,0.9880952380952381,,,,,,,N/A,RATES_DRIVEN
2007-12-28,20.74,144.0,,,,1.5321716033721176,3.7055825169519196,,,0.8955026455026455,0.9947089947089947,,,,,,,N/A,RATES_DRIVEN
2007-12-31,22.5,145.39999389648438,,,,1.9475563410831054,3.741556572991823,,,0.9166666666666666,0.996031746031746,,,,,,,N/A,RATES_DRIVEN
2008-01-01,22.5,145.39999389648438,,,,1.9398022486490893,3.7023217641166495,,,0.916005291005291,0.9953703703703703,,,,,,,N/A,RATES_DRIVEN
2008-01-02,23.17,148.6999969482422,,,,2.091053717622738,3.835459679584217,,,0.9312169312169312,0.9986772486772487,,,,,,,N/A,RATES_DRIVEN
2008-01-03,22.49,145.60000610351562,,,,1.9210948004825856,3.63433039513151,,,0.9126984126984127,0.996031746031746,,,,,,,N/A,RATES_DRIVEN
2008-01-04,23.94,138.10000610351562,,,,2.255669236540679,3.214684416247104,,,0.9457671957671958,0.9708994708994709,,,,,,,N/A,RATES_DRIVEN
2008-01-07,23.79,130.89999389648438,,,,2.2097254669636026,2.8213010726830086,,,0.9411375661375662,0.9642857142857143,,,,,,,N/A,RATES_DRIVEN
2008-01-08,25.43,124.0,,,,2.583047310197402,2.4514295674873297,,,0.966931216931217,0.9576719576719577,,,,,,,N/A,EQUITY_DRIVEN
2008-01-09,24.12,128.0,,,,2.263242639805196,2.6429013963368506,,,0.9497354497354498,0.9629629629629629,,,,,,,N/A,RATES_DRIVEN
2008-01-10,23.45,125.30000305175781,,,,2.096626420626558,2.4912603774677287,,,0.9312169312169312,0.9576719576719577,,,,,,,N/A,RATES_DRIVEN
2008-01-11,23.68,130.89999389648438,,,,2.140923368108041,2.7600647465829957,,,0.9365079365079365,0.9636243386243386,,,,,,,N/A,RATES_DRIVEN
2008-01-14,22.9,130.55999755859375,,,,1.9507285700862596,2.725723820432268,,,0.917989417989418,0.9616402116402116,,,,,,,N/A,RATES_DRIVEN
2008-01-15,23.34,131.89999389648438,,,,2.0448048922173845,2.775773612036912,,,0.9259259259259259,0.9656084656084656,,,,,,,N/A,RATES_DRIVEN
2008-01-16,24.38,133.0,,,,2.275790029342181,2.813327897056367,,,0.9523809523809523,0.9656084656084656,,,,,,,N/A,RATES_DRIVEN
2008-01-17,28.46,135.10000610351562,,,,3.196257149909428,2.8989388269267873,,,0.9920634920634921,0.9682539682539683,,,,,,,N/A,EQUITY_DRIVEN
2008-01-18,27.18,137.10000610351562,,,,2.881391249539487,2.977639794576959,,,0.9854497354497355,0.9695767195767195,,,,,,,N/A,EQUITY_DRIVEN
2008-01-21,27.18,137.10000610351562,,,,2.8619393923204295,2.956713593578035,,,0.9847883597883598,0.968915343915344,,,,,,,N/A,EQUITY_DRIVEN
2008-01-22,31.01,147.3000030517578,,,,3.696851348557297,3.4297260140071475,,,0.9986772486772487,0.996031746031746,,,,,,,N/A,EQUITY_DRIVEN
2008-01-23,29.02,165.10000610351562,,,,3.2201998829919125,4.245092682043949,,,0.9933862433862434,1.0,,,,,,,N/A,RATES_DRIVEN
2008-01-24,27.78,171.6999969482422,,,,2.920957646632414,4.502076838006094,,,0.9854497354497355,1.0,,,,,,,N/A,RATES_DRIVEN
2008-01-25,29.08,178.8000030517578,,,,3.185239273570376,4.766124073107144,,,0.9933862433862434,1.0,,,,,,,N/A,RATES_DRIVEN
2008-01-28,27.78,170.1999969482422,,,,2.8769622986341505,4.302444326500885,,,0.9834656084656085,0.9973544973544973,,,,,,,N/A,RATES_DRIVEN
2008-01-29,27.32,161.8000030517578,,,,2.7575803344511147,3.8678807656479406,,,0.9788359788359788,0.9947089947089947,,,,,,,N/A,RATES_DRIVEN
2008-01-30,27.62,146.7100067138672,,,,2.8048069234540414,3.1488342825151636,,,0.9801587301587301,0.9880952380952381,,,,,,,N/A,RATES_DRIVEN
2008-01-31,26.2,153.6999969482422,,,,2.4807505731160298,3.438301322498092,,,0.9603174603174603,0.9920634920634921,,,,,,,N/A,RATES_DRIVEN
2008-02-01,24.02,144.6999969482422,,,,1.9979480750499143,3.0093399403919334,,,0.9298941798941799,0.9801587301587301,,,,,,,N/A,RATES_DRIVEN
2008-02-04,25.99,142.0,,,,2.412834467544808,2.86985640509844,,,0.9563492063492064,0.9735449735449735,,,,,,,N/A,RATES_DRIVEN
2008-02-05,28.24,145.89999389648438,,,,2.879573820251881,3.0241281807397318,,,0.9854497354497355,0.9854497354497355,,,,,,,N/A,EQUITY_DRIVEN
2008-02-06,28.97,146.1999969482422,,,,3.0140853517821333,3.0167137103434305,,,0.9907407407407407,0.9854497354497355,,,,,,,N/A,EQUITY_DRIVEN
2008-02-07,27.66,150.39999389648438,,,,2.7166612664019656,3.178622483251948,,,0.9775132275132276,0.9907407407407407,,,,,,,N/A,RATES_DRIVEN
2008-02-08,28.01,153.0,,,,2.7729789499817405,3.267067426762472,,,0.9814814814814815,0.9907407407407407,,,,,,,N/A,RATES_DRIVEN
2008-02-11,27.6,149.8000030517578,,,,2.669647037971723,3.104115955088257,,,0.9735449735449735,0.9880952380952381,,,,,,,N/A,RATES_DRIVEN
2008-02-12,26.33,148.5,,,,2.3894275002621392,3.026381636448424,,,0.9583333333333334,0.9854497354497355,,,,,,,N/A,RATES_DRIVEN
2008-02-13,24.88,146.10000610351562,,,,2.0760527328390856,2.903636942111547,,,0.9332010582010583,0.9788359788359788,,,,,,,N/A,RATES_DRIVEN
2008-02-14,25.54,144.1999969482422,,,,2.2039953933522045,2.8044456072277915,,,0.9444444444444444,0.9695767195767195,,,,,,,N/A,RATES_DRIVEN
2008-02-15,25.02,146.60000610351562,,,,2.0863524291376074,2.888034834920227,,,0.9351851851851852,0.9801587301587301,,,,,,,N/A,RATES_DRIVEN
2008-02-18,25.02,146.60000610351562,,,,2.077337255055254,2.869287014919665,,,0.9345238095238095,0.9794973544973545,,,,,,,N/A,RATES_DRIVEN
2008-02-19,25.59,147.5,,,,2.1855389375551098,2.8883302032763725,,,0.9444444444444444,0.9828042328042328,,,,,,,N/A,RATES_DRIVEN
2008-02-20,24.4,154.3000030517578,,,,1.9318216462317832,3.1503838630216783,,,0.921957671957672,0.9920634920634921,,,,,,,N/A,RATES_DRIVEN
2008-02-21,25.12,160.60000610351562,,,,2.0714896748669047,3.384514460216544,,,0.9351851851851852,0.9933862433862434,,,,,,,N/A,RATES_DRIVEN
2008-02-22,24.06,161.5,,,,1.8464521894407893,3.3919267447148047,,,0.9113756613756614,0.9933862433862434,,,,,,,N/A,RATES_DRIVEN
2008-02-25,23.03,158.10000610351562,,,,1.629666825900622,3.2249620818228766,,,0.8835978835978836,0.9907407407407407,,,,,,,N/A,RATES_DRIVEN
2008-02-26,21.9,149.1999969482422,,,,1.3941344281588777,2.8416497887447507,,,0.8611111111111112,0.9814814814814815,,,,,,,N/A,RATES_DRIVEN
2008-02-27,22.69,142.91000366210938,,,,1.5510496445224229,2.570783235085209,,,0.8716931216931217,0.9537037037037037,,,,,,,N/A,RATES_DRIVEN
2008-02-28,23.53,145.1999969482422,,,,1.7167813368385467,2.6477206207045714,,,0.8941798941798942,0.9603174603174603,,,,,,,N/A,RATES_DRIVEN
2008-02-29,26.54,155.1999969482422,,,,2.3193253805419793,3.028249892029085,,,0.9629629629629629,0.9894179894179894,,,,,,,N/A,RATES_DRIVEN
2008-03-03,26.28,152.1999969482422,,,,2.2555202089594943,2.8881859964409444,,,0.953042328042328,0.9828042328042328,,,,,,,N/A,RATES_DRIVEN
2008-03-04,25.52,155.6999969482422,,,,2.092301632317792,3.0054121730632697,,,0.9391534391534392,0.9894179894179894,,,,,,,N/A,RATES_DRIVEN
2008-03-05,24.6,164.89999389648438,,,,1.8989543568625527,3.340215414283622,,,0.9193121693121693,0.9947089947089947,,,,,,,N/A,RATES_DRIVEN
2008-03-06,27.55,171.39999389648438,,,,2.480456608444772,3.5605370545469723,,,0.9722222222222222,0.9973544973544973,,,,,,,N/A,RATES_DRIVEN
2008-03-07,27.49,172.60000610351562,,,,2.4551108433805453,3.57176595867785,,,0.9708994708994709,0.9986772486772487,,,,,,,N/A,RATES_DRIVEN
2008-03-10,29.38,169.60000610351562,,,,2.815903236537446,3.424517419232366,,,0.9933862433862434,0.9933862433862434,,,,,,,N/A,EQUITY_DRIVEN
2008-03-11,26.36,155.3000030517578,,,,2.2048507389887084,2.8568902854926614,,,0.9537037037037037,0.9828042328042328,,,,,,,N/A,RATES_DRIVEN
2008-03-12,27.22,154.3000030517578,,,,2.363554950968068,2.800560348180877,,,0.9656084656084656,0.9781746031746031,,,,,,,N/A,RATES_DRIVEN
2008-03-13,27.29,162.6999969482422,,,,2.366021921386046,3.0955404946087888,,,0.9656084656084656,0.9894179894179894,,,,,,,N/A,RATES_DRIVEN
2008-03-14,31.16,167.1999969482422,,,,3.104298324154169,3.2384785425105114,,,1.0,0.9920634920634921,,,,,,,N/A,EQUITY_DRIVEN
2008-03-17,32.24,168.8000030517578,,,,3.2875745329692405,3.2707804696230065,,,1.0,0.9920634920634921,,,,,,,N/A,EQUITY_DRIVEN
2008-03-18,25.79,159.1999969482422,,,,2.0253851253676762,2.8937246866747106,,,0.9325396825396826,0.9814814814814815,,,,,,,N/A,RATES_DRIVEN
2008-03-19,29.84,159.89999389648438,,,,2.7921633805028994,2.8993663424985807,,,0.9907407407407407,0.9814814814814815,,,,,,,N/A,EQUITY_DRIVEN
2008-03-20,26.62,158.60000610351562,,,,2.161447902334276,2.8325267572047226,,,0.9537037037037037,0.9788359788359788,,,,,,,N/A,RATES_DRIVEN
2008-03-21,26.62,158.60000610351562,,,,2.1524385799445396,2.813770971877446,,,0.953042328042328,0.9781746031746031,,,,,,,N/A,RATES_DRIVEN
2008-03-24,25.73,161.0,,,,1.9740807447527993,2.8813058646355354,,,0.9272486772486772,0.9828042328042328,,,,,,,N/A,RATES_DRIVEN
2008-03-25,25.72,160.6999969482422,,,,1.9644456664023642,2.851208343573229,,,0.9259259259259259,0.9814814814814815,,,,,,,N/A,RATES_DRIVEN
2008-03-26,26.08,157.6999969482422,,,,2.0246943305245653,2.7261095327971896,,,0.9325396825396826,0.9722222222222222,,,,,,,N/A,RATES_DRIVEN
2008-03-27,25.88,152.39999389648438,,,,1.9785950572517657,2.5226086666924976,,,0.9272486772486772,0.9603174603174603,,,,,,,N/A,RATES_DRIVEN
2008-03-28,25.71,145.89999389648438,,,,1.938653818147616,2.2800135486783613,,,0.921957671957672,0.9398148148148148,,,,,,,N/A,RATES_DRIVEN
2008-03-31,25.61,145.5,,,,1.9122741543302983,2.2550273574576174,,,0.919973544973545,0.9358465608465608,,,,,,,N/A,RATES_DRIVEN
2008-04-01,22.68,141.89999389648438,,,,1.3553556979880994,2.118283544026602,,,0.83994708994709,0.9193121693121693,,,,,,,N/A,RATES_DRIVEN
2008-04-02,23.43,146.1999969482422,,,,1.4924569227959015,2.2592740583557673,,,0.8611111111111112,0.9424603174603174,,,,,,,N/A,RATES_DRIVEN
2008-04-03,23.21,139.6999969482422,,,,1.4468768884448566,2.0224363385871063,,,0.8538359788359788,0.9074074074074074,,,,,,,N/A,RATES_DRIVEN
2008-04-04,22.45,140.1999969482422,,,,1.3009474971058717,2.031702745936616,,,0.8253968253968254,0.9087301587301587,,,,,,,N/A,RATES_DRIVEN
2008-04-07,22.42,132.89999389648438,,,,1.2923827443373546,1.7704864899604558,,,0.8240740740740741,0.8888888888888888,,,,,,,N/A,RATES_DRIVEN
2008-04-08,22.36,128.1999969482422,,,,1.2780819648099029,1.6018493613898654,,,0.8227513227513228,0.8809523809523809,,,,,,,N/A,RATES_DRIVEN
2008-04-09,22.81,128.6999969482422,,,,1.3587384347214353,1.6144611264300848,,,0.8412698412698413,0.8809523809523809,,,,,,,N/A,RATES_DRIVEN
2008-04-10,21.98,127.80000305175781,,,,1.2002601205427026,1.5783835050888182,,,0.8201058201058201,0.876984126984127,,,,,,,N/A,RATES_DRIVEN
2008-04-11,23.46,129.39999389648438,,,,1.4725978304468201,1.6287359387073637,,,0.8624338624338624,0.8809523809523809,,,,,,,N/A,RATES_DRIVEN
2008-04-14,23.82,127.4000015258789,,,,1.5350059951350328,1.5545841171123194,,,0.8756613756613757,0.8736772486772487,,,,,,,N/A,EQUITY_DRIVEN
2008-04-15,22.78,129.89999389648438,,,,1.337236355022907,1.635775541133253,,,0.8366402116402116,0.8809523809523809,,,,,,,N/A,RATES_DRIVEN
2008-04-16,20.53,144.0,,,,0.9157547065390459,2.1138288186633223,,,0.7883597883597884,0.923941798941799,,,,,,,N/A,RATES_DRIVEN
2008-04-17,20.37,149.6999969482422,,,,0.8837642523774379,2.2988868978739267,,,0.7843915343915344,0.955026455026455,,,,,,,N/A,RATES_DRIVEN
2008-04-18,20.13,144.10000610351562,,,,0.836965551804479,2.0973064481106314,,,0.7804232804232805,0.9246031746031746,,,,,,,N/A,RATES_DRIVEN
2008-04-21,20.5,135.1999969482422,,,,0.9035504057736847,1.786004573481107,,,0.7870370370370371,0.8902116402116402,,,,,,,N/A,RATES_DRIVEN
2008-04-22,20.87,129.10000610351562,,,,0.9699306592487104,1.5725120152469942,,,0.7982804232804233,0.873015873015873,,,,,,,N/A,RATES_DRIVEN
2008-04-23,20.26,125.5999984741211,,,,0.8544240518843231,1.4488311016788278,,,0.7784391534391535,0.8611111111111112,,,,,,,N/A,RATES_DRIVEN
2008-04-24,20.06,129.1999969482422,,,,0.8151790952324774,1.5667316045058903,,,0.7751322751322751,0.873015873015873,,,,,,,N/A,RATES_DRIVEN
2008-04-25,19.59,131.0,,,,0.7258708767166604,1.6228842443568188,,,0.7685185185185185,0.8796296296296297,,,,,,,N/A,RATES_DRIVEN
2008-04-28,19.64,130.10000610351562,,,,0.7332744739716077,1.5873768325301876,,,0.7698412698412699,0.8743386243386243,,,,,,,N/A,RATES_DRIVEN
2008-04-29,20.24,126.5,,,,0.8427020745706112,1.4610936934257441,,,0.7764550264550265,0.8571428571428571,,,,,,,N/A,RATES_DRIVEN
2008-04-30,20.79,119.0999984741211,,,,0.9425581907606105,1.2075124062185132,,,0.7936507936507936,0.843915343915344,,,,,,,N/A,RATES_DRIVEN
2008-05-01,18.88,115.19999694824219,,,,0.5860973818917004,1.0733046224474638,,,0.7559523809523809,0.8373015873015873,,,,,,,N/A,RATES_DRIVEN
2008-05-02,18.18,111.80000305175781,,,,0.45459739090716667,0.9564050515495688,,,0.7301587301587301,0.8227513227513228,,,,,,,N/A,RATES_DRIVEN
2008-05-05,18.9,108.9000015258789,,,,0.5867643586710368,0.8568312225176935,,,0.7579365079365079,0.8082010582010583,,,,,,,N/A,RATES_DRIVEN
2008-05-06,18.21,110.4000015258789,,,,0.45701114506966595,0.9056639945843804,,,0.7288359788359788,0.8148148148148148,,,,,,,N/A,RATES_DRIVEN
2008-05-07,19.73,116.0999984741211,,,,0.7376543794620829,1.0955775925741567,,,0.7671957671957672,0.8373015873015873,,,,,,,N/A,RATES_DRIVEN
2008-05-08,19.4,119.69999694824219,,,,0.6744313675420852,1.213878907874195,,,0.7605820105820106,0.843915343915344,,,,,,,N/A,RATES_DRIVEN
2008-05-09,19.41,121.0999984741211,,,,0.6743863349999809,1.2577024199305693,,,0.7605820105820106,0.8452380952380952,,,,,,,N/A,RATES_DRIVEN
2008-05-12,17.79,118.30000305175781,,,,0.37167598241009375,1.160483469118791,,,0.7109788359788359,0.8373015873015873,,,,,,,N/A,RATES_DRIVEN
2008-05-13,17.98,120.9000015258789,,,,0.40555100550103307,1.2446099556204897,,,0.7156084656084656,0.843915343915344,,,,,,,N/A,RATES_DRIVEN
2008-05-14,17.66,127.19999694824219,,,,0.3445291520197067,1.452002195185338,,,0.7037037037037037,0.8597883597883598,,,,,,,N/A,RATES_DRIVEN
2008-05-15,16.3,125.30000305175781,,,,0.09007960650870392,1.3843899581287422,,,0.667989417989418,0.8525132275132276,,,,,,,N/A,RATES_DRIVEN
2008-05-16,16.47,122.5,,,,0.12071354321715047,1.2871412630708454,,,0.6726190476190477,0.8452380952380952,,,,,,,N/A,RATES_DRIVEN
2008-05-19,17.01,117.5,,,,0.2202021333578679,1.117025140958256,,,0.6891534391534392,0.8306878306878307,,,,,,,N/A,RATES_DRIVEN
2008-05-20,17.58,116.5999984741211,,,,0.325251696125758,1.0842804071109555,,,0.701058201058201,0.828042328042328,,,,,,,N/A,RATES_DRIVEN
2008-05-21,18.59,115.9000015258789,,,,0.5119281107935787,1.0583700342187512,,,0.7380952380952381,0.8240740740740741,,,,,,,N/A,RATES_DRIVEN
2008-05-22,18.05,120.9000015258789,,,,0.40980123925423073,1.222299901884723,,,0.7162698412698413,0.8392857142857143,,,,,,,N/A,RATES_DRIVEN
2008-05-23,19.55,120.4000015258789,,,,0.6877316192047428,1.2025458306513253,,,0.7605820105820106,0.8366402116402116,,,,,,,N/A,RATES_DRIVEN
2008-05-26,19.55,120.4000015258789,,,,0.6858221552164213,1.1995934006947664,,,0.7599206349206349,0.8359788359788359,,,,,,,N/A,RATES_DRIVEN
2008-05-27,19.64,121.0999984741211,,,,0.7006733983310403,1.219874242833821,,,0.7652116402116402,0.8406084656084656,,,,,,,N/A,RATES_DRIVEN
2008-05-28,19.07,126.5999984741211,,,,0.5926090780505121,1.3990266636636686,,,0.7513227513227513,0.8558201058201058,,,,,,,N/A,RATES_DRIVEN
2008-05-29,18.14,131.60000610351562,,,,0.4176988282698169,1.5607157160943645,,,0.7156084656084656,0.8809523809523809,,,,,,,N/A,RATES_DRIVEN
2008-05-30,17.83,130.1999969482422,,,,0.35858894703647004,1.5101171856046545,,,0.703042328042328,0.873015873015873,,,,,,,N/A,RATES_DRIVEN
2008-06-02,19.83,130.5,,,,0.7299396745193445,1.5155589463584076,,,0.7671957671957672,0.873015873015873,,,,,,,N/A,RATES_DRIVEN
2008-06-03,20.24,132.6999969482422,,,,0.8043256029821697,1.583536388472821,,,0.7744708994708994,0.8822751322751323,,,,,,,N/A,RATES_DRIVEN
2008-06-04,20.8,131.89999389648438,,,,0.9064733453829303,1.5524182640411053,,,0.7943121693121693,0.8802910052910053,,,,,,,N/A,RATES_DRIVEN
2008-06-05,18.63,133.8000030517578,,,,0.4996088184159121,1.6100363363152257,,,0.7341269841269841,0.8875661375661376,,,,,,,N/A,RATES_DRIVEN
2008-06-06,23.56,139.60000610351562,,,,1.4163188918752778,1.7944897570222471,,,0.8637566137566137,0.9007936507936508,,,,,,,N/A,RATES_DRIVEN
2008-06-09,23.12,151.0,,,,1.3304477306583058,2.1592177115091955,,,0.8465608465608465,0.9576719576719577,,,,,,,N/A,RATES_DRIVEN
2008-06-10,23.18,149.60000610351562,,,,1.3378313232497303,2.10410294611947,,,0.8478835978835979,0.9523809523809523,,,,,,,N/A,RATES_DRIVEN
2008-06-11,24.12,144.60000610351562,,,,1.5085356314330067,1.9331768229254052,,,0.8855820105820106,0.9232804232804233,,,,,,,N/A,RATES_DRIVEN
2008-06-12,23.33,148.89999389648438,,,,1.3575018279327309,2.0643698382681386,,,0.8505291005291006,0.9497354497354498,,,,,,,N/A,RATES_DRIVEN
2008-06-13,21.22,153.6999969482422,,,,0.9619941020534991,2.209973098227036,,,0.7982804232804233,0.9623015873015873,,,,,,,N/A,RATES_DRIVEN
2008-06-16,20.95,143.5,,,,0.9092839483673847,1.8724826934152794,,,0.791005291005291,0.9113756613756614,,,,,,,N/A,RATES_DRIVEN
2008-06-17,21.13,142.1999969482422,,,,0.9403226453150204,1.8237218047786121,,,0.794973544973545,0.9074074074074074,,,,,,,N/A,RATES_DRIVEN
2008-06-18,22.24,140.39999389648438,,,,1.1439874951764926,1.7593939571892063,,,0.8095238095238095,0.8961640211640212,,,,,,,N/A,RATES_DRIVEN
2008-06-19,21.58,136.8000030517578,,,,1.0183965696072192,1.6381001238969417,,,0.8029100529100529,0.8796296296296297,,,,,,,N/A,RATES_DRIVEN
2008-06-20,22.87,137.8000030517578,,,,1.2551702108368061,1.664586851848553,,,0.8326719576719577,0.8822751322751323,,,,,,,N/A,RATES_DRIVEN
2008-06-23,22.64,136.6999969482422,,,,1.209031541835867,1.6239715680923967,,,0.8220899470899471,0.876984126984127,,,,,,,N/A,RATES_DRIVEN
2008-06-24,22.42,134.8000030517578,,,,1.164943532389106,1.558249744746862,,,0.8088624338624338,0.8716931216931217,,,,,,,N/A,RATES_DRIVEN
2008-06-25,21.14,129.8000030517578,,,,0.9244772713423199,1.394447996916391,,,0.7883597883597884,0.8465608465608465,,,,,,,N/A,RATES_DRIVEN
2008-06-26,23.93,133.6999969482422,,,,1.4389414329867392,1.5143813321239226,,,0.8743386243386243,0.8690476190476191,,,,,,,N/A,EQUITY_DRIVEN
2008-06-27,23.44,132.5,,,,1.3440295225419177,1.4717634270650006,,,0.8544973544973545,0.8611111111111112,,,,,,,N/A,RATES_DRIVEN
2008-06-30,23.95,126.0,,,,1.434366580227252,1.2614718453389642,,,0.8756613756613757,0.8240740740740741,,,,,,,N/A,EQUITY_DRIVEN
2008-07-01,23.65,128.5,,,,1.3747391311277368,1.3372665466305842,,,0.8624338624338624,0.8373015873015873,,,,,,,N/A,EQUITY_DRIVEN
2008-07-02,25.92,133.10000610351562,,,,1.7886645921220001,1.4789093810322127,,,0.9272486772486772,0.8650793650793651,,,,,,,N/A,EQUITY_DRIVEN
2008-07-03,24.79,125.0999984741211,,,,1.5746458417227445,1.221830042063028,,,0.8955026455026455,0.8161375661375662,,,,,,,N/A,EQUITY_DRIVEN
2008-07-04,24.79,125.0999984741211,,,,1.569578889297423,1.2185786077272696,,,0.8948412698412699,0.8154761904761905,,,,,,,N/A,EQUITY_DRIVEN
2008-07-07,25.78,123.0,,,,1.745913481801213,1.1491246288882921,,,0.9232804232804233,0.8082010582010583,,,,,,,N/A,EQUITY_DRIVEN
2008-07-08,23.15,118.9000015258789,,,,1.2582585908028683,1.016880309179216,,,0.832010582010582,0.791005291005291,,,,,,,N/A,EQUITY_DRIVEN
2008-07-09,25.23,116.0999984741211,,,,1.6354198701386695,0.9261188269093413,,,0.906084656084656,0.7797619047619048,,,,,,,N/A,EQUITY_DRIVEN
2008-07-10,25.59,118.69999694824219,,,,1.6956585986231758,1.0058710045912818,,,0.9146825396825397,0.7883597883597884,,,,,,,N/A,EQUITY_DRIVEN
2008-07-11,27.49,129.1999969482422,,,,2.0353861200026406,1.3339035728971638,,,0.96494708994709,0.8392857142857143,,,,,,,N/A,EQUITY_DRIVEN
2008-07-14,28.48,126.0,,,,2.2060654789373237,1.2296059578998615,,,0.9814814814814815,0.8194444444444444,,,,,,,N/A,EQUITY_DRIVEN
2008-07-15,28.54,126.0,,,,2.2066265008377415,1.2263057972107692,,,0.9828042328042328,0.8187830687830688,,,,,,,N/A,EQUITY_DRIVEN
2008-07-16,25.1,123.4000015258789,,,,1.5762298120435159,1.1414028662950038,,,0.8968253968253969,0.8048941798941799,,,,,,,N/A,EQUITY_DRIVEN
2008-07-17,25.01,129.39999389648438,,,,1.5549639516328189,1.3265962803699152,,,0.8915343915343915,0.8406084656084656,,,,,,,N/A,EQUITY_DRIVEN
2008-07-18,24.05,131.0,,,,1.3769872011577289,1.372967347386079,,,0.8650793650793651,0.8525132275132276,,,,,,,N/A,EQUITY_DRIVEN
2008-07-21,23.05,131.10000610351562,,,,1.1927813152316813,1.3721729846623012,,,0.8187830687830688,0.8531746031746031,,,,,,,N/A,RATES_DRIVEN
2008-07-22,21.18,124.9000015258789,,,,0.852422262935748,1.1744771507890042,,,0.7658730158730159,0.8055555555555556,,,,,,,N/A,RATES_DRIVEN
2008-07-23,21.31,123.69999694824219,,,,0.8738070427771606,1.1339657287294438,,,0.7685185185185185,0.8015873015873016,,,,,,,N/A,RATES_DRIVEN
2008-07-24,23.44,123.80000305175781,,,,1.2553752884248666,1.134304779515738,,,0.8353174603174603,0.8015873015873016,,,,,,,N/A,EQUITY_DRIVEN
2008-07-25,22.91,123.4000015258789,,,,1.1565501537414342,1.1192641809528947,,,0.8108465608465608,0.7962962962962963,,,,,,,N/A,EQUITY_DRIVEN
2008-07-28,24.23,122.69999694824219,,,,1.3907822273478352,1.0947843445293843,,,0.873015873015873,0.7923280423280423,,,,,,,N/A,EQUITY_DRIVEN
2008-07-29,22.03,121.30000305175781,,,,0.9915623255107486,1.0485992008193468,,,0.7764550264550265,0.7870370370370371,,,,,,,N/A,NO_STRESS
2008-07-30,21.21,133.8000030517578,,,,0.8416202241668609,1.4349421379766913,,,0.7592592592592593,0.8697089947089947,,,,,,,N/A,RATES_DRIVEN
2008-07-31,22.94,131.6999969482422,,,,1.1503043264172639,1.3656492470477442,,,0.8101851851851852,0.8544973544973545,,,,,,,N/A,RATES_DRIVEN
2008-08-01,22.57,118.30000305175781,,,,1.0808294157394336,0.9459224462969742,,,0.7896825396825397,0.7652116402116402,,,,,,,N/A,NO_STRESS
2008-08-04,23.49,117.19999694824219,,,,1.2430071305689354,0.9096595745957093,,,0.8373015873015873,0.7619047619047619,,,,,,,N/A,EQUITY_DRIVEN
2008-08-05,21.14,110.30000305175781,,,,0.8179747214437774,0.6933378106411898,,,0.7506613756613757,0.7281746031746031,,,,,,,N/A,NO_STRESS
2008-08-06,20.23,112.30000305175781,,,,0.6524219981874226,0.7539694993958058,,,0.7142857142857143,0.746031746031746,,,,,,,N/A,NO_STRESS
2008-08-07,21.15,118.80000305175781,,,,0.8159051259381838,0.9540252132748259,,,0.7513227513227513,0.7691798941798942,,,,,,,N/A,NO_STRESS
2008-08-08,20.66,109.0999984741211,,,,0.7258036232432673,0.6509972687639647,,,0.7275132275132276,0.7182539682539683,,,,,,,N/A,NO_STRESS
2008-08-11,20.12,107.4000015258789,,,,0.6267485103697414,0.5969888552244542,,,0.708994708994709,0.7129629629629629,,,,,,,N/A,NO_STRESS
2008-08-12,21.17,110.9000015258789,,,,0.8136003188606855,0.704397140594655,,,0.751984126984127,0.7288359788359788,,,,,,,N/A,NO_STRESS
2008-08-13,21.55,112.30000305175781,,,,0.8797328033118706,0.7462523513769048,,,0.7632275132275133,0.7440476190476191,,,,,,,N/A,NO_STRESS
2008-08-14,20.34,111.80000305175781,,,,0.6603308810763754,0.7291007367345455,,,0.7142857142857143,0.7334656084656085,,,,,,,N/A,NO_STRESS
2008-08-15,19.58,112.0999984741211,,,,0.5221089435740686,0.736799330953191,,,0.6904761904761905,0.7387566137566137,,,,,,,N/A,NO_STRESS
2008-08-18,20.98,112.80000305175781,,,,0.7720741812675638,0.7568738344369417,,,0.7420634920634921,0.746031746031746,,,,,,,N/A,NO_STRESS
2008-08-19,21.28,110.0999984741211,,,,0.8239614737203127,0.6716012951657011,,,0.7566137566137566,0.7156084656084656,,,,,,,N/A,NO_STRESS
2008-08-20,20.42,110.69999694824219,,,,0.6674349694794949,0.6886444400349347,,,0.7156084656084656,0.7222222222222222,,,,,,,N/A,NO_STRESS
2008-08-21,19.82,109.4000015258789,,,,0.5578536647664651,0.6468101133351905,,,0.6931216931216931,0.7103174603174603,,,,,,,N/A,NO_STRESS
2008-08-22,18.81,109.80000305175781,,,,0.37466567332874867,0.6577073049297083,,,0.6666666666666666,0.7123015873015873,,,,,,,N/A,NO_STRESS
2008-08-25,20.97,109.5999984741211,,,,0.7614225858097855,0.6500314656437861,,,0.7394179894179894,0.7103174603174603,,,,,,,N/A,NO_STRESS
2008-08-26,20.49,108.19999694824219,,,,0.6731576800780961,0.6053555440678721,,,0.7156084656084656,0.7023809523809523,,,,,,,N/A,NO_STRESS
2008-08-27,19.76,104.0999984741211,,,,0.540201382992099,0.4771358637038052,,,0.6891534391534392,0.6851851851851852,,,,,,,N/A,NO_STRESS
2008-08-28,19.43,103.0,,,,0.479595430000554,0.44211776947473225,,,0.6759259259259259,0.6746031746031746,,,,,,,N/A,NO_STRESS
2008-08-29,20.65,103.0,,,,0.6977304740121592,0.441149396289205,,,0.7195767195767195,0.673941798941799,,,,,,,N/A,NO_STRESS
2008-09-01,20.65,103.0,,,,0.6961350993490986,0.44008233590315937,,,0.718915343915344,0.6732804232804233,,,,,,,N/A,NO_STRESS
2008-09-02,21.99,102.4000015258789,,,,0.9352489515678245,0.42045038389050376,,,0.7711640211640212,0.6653439153439153,,,,,,,N/A,NO_STRESS
2008-09-03,21.43,105.9000015258789,,,,0.8327819719804648,0.5277026626236061,,,0.7579365079365079,0.6904761904761905,,,,,,,N/A,NO_STRESS
2008-09-04,24.03,115.19999694824219,,,,1.2969481025187815,0.8140582562223697,,,0.8624338624338624,0.7506613756613757,,,,,,,N/A,EQUITY_DRIVEN
2008-09-05,23.06,111.80000305175781,,,,1.1202455339937218,0.7072349335379786,,,0.8134920634920635,0.7288359788359788,,,,,,,N/A,EQUITY_DRIVEN
2008-09-08,22.64,116.30000305175781,,,,1.0423668913906168,0.8447703816313854,,,0.7883597883597884,0.7552910052910053,,,,,,,N/A,NO_STRESS
2008-09-09,25.47,123.80000305175781,,,,1.5450119411111916,1.0744033467934873,,,0.9047619047619048,0.7982804232804233,,,,,,,N/A,EQUITY_DRIVEN
2008-09-10,24.52,123.69999694824219,,,,1.37107877089354,1.0687700517090848,,,0.8763227513227513,0.7956349206349206,,,,,,,N/A,EQUITY_DRIVEN
2008-09-11,24.39,126.0999984741211,,,,1.3439605245994082,1.1401492041928698,,,0.873015873015873,0.8134920634920635,,,,,,,N/A,EQUITY_DRIVEN
2008-09-12,25.66,125.4000015258789,,,,1.5660897406574565,1.1157874164612764,,,0.9140211640211641,0.8068783068783069,,,,,,,N/A,EQUITY_DRIVEN
2008-09-15,31.7,160.3000030517578,,,,2.6278000914315394,2.182761733166622,,,0.9986772486772487,0.9788359788359788,,,,,,,N/A,EQUITY_DRIVEN
2008-09-16,30.3,168.39999389648438,,,,2.3669334783834395,2.4190466662619534,,,0.9907407407407407,0.9907407407407407,,,,,,,N/A,EQUITY_DRIVEN
2008-09-17,36.22,162.0,,,,3.3836933351322407,2.2124427016152386,,,1.0,0.9841269841269841,,,,,,,N/A,EQUITY_DRIVEN
2008-09-18,33.1,163.5,,,,2.8169010663776346,2.247494168964096,,,0.9986772486772487,0.9854497354497355,,,,,,,N/A,EQUITY_DRIVEN
2008-09-19,32.07,162.3000030517578,,,,2.6212795909721844,2.20067394474215,,,0.996031746031746,0.9828042328042328,,,,,,,N/A,EQUITY_DRIVEN
2008-09-22,33.85,158.10000610351562,,,,2.91027125127044,2.0643139621553166,,,0.9986772486772487,0.9662698412698413,,,,,,,N/A,EQUITY_DRIVEN
2008-09-23,35.72,159.5,,,,3.2070995951366257,2.097489975807481,,,0.9986772486772487,0.9708994708994709,,,,,,,N/A,EQUITY_DRIVEN
2008-09-24,35.19,163.8000030517578,,,,3.0919429754496757,2.2167898732492946,,,0.9973544973544973,0.9854497354497355,,,,,,,N/A,EQUITY_DRIVEN
2008-09-25,32.82,176.3000030517578,,,,2.6709697874407934,2.577813955417729,,,0.9933862433862434,0.9986772486772487,,,,,,,N/A,RATES_DRIVEN
2008-09-26,34.74,183.60000610351562,,,,2.97568454065222,2.7782718113404914,,,0.996031746031746,1.0,,,,,,,N/A,RATES_DRIVEN
2008-09-29,46.72,201.0,,,,4.913485981205106,3.2689039985301047,,,1.0,1.0,,,,,,,N/A,EQUITY_DRIVEN
2008-09-30,39.39,208.5,,,,3.65693996056757,3.4583382708079453,,,0.9986772486772487,1.0,,,,,,,N/A,RATES_DRIVEN
2008-10-01,39.81,200.5,,,,3.6877872426530254,3.197083445776826,,,0.9986772486772487,0.9973544973544973,,,,,,,N/A,EQUITY_DRIVEN
2008-10-02,45.26,206.6999969482422,,,,4.510938793621516,3.348076976983624,,,0.9986772486772487,0.9986772486772487,,,,,,,N/A,EQUITY_DRIVEN
2008-10-03,45.14,204.8000030517578,,,,4.428021273810017,3.2651850115980743,,,0.9973544973544973,0.9973544973544973,,,,,,,N/A,EQUITY_DRIVEN
2008-10-06,52.05,217.3000030517578,,,,5.414418367478778,3.588500419319466,,,1.0,1.0,,,,,,,N/A,EQUITY_DRIVEN
2008-10-07,53.68,221.10000610351562,,,,5.54620941942742,3.6588208931825266,,,1.0,1.0,,,,,,,N/A,EQUITY_DRIVEN
2008-10-08,57.53,239.8000030517578,,,,5.981653698053638,4.133749484769681,,,1.0,1.0,,,,,,,N/A,EQUITY_DRIVEN
2008-10-09,63.92,250.10000610351562,,,,6.718515003999676,4.359468371836766,,,1.0,1.0,,,,,,,N/A,EQUITY_DRIVEN
2008-10-10,69.95,264.6000061035156,,,,7.311657366541263,4.6833369029819245,,,1.0,1.0,,,,,,,N/A,EQUITY_DRIVEN
2008-10-13,54.99,264.6000061035156,,,,5.123542549163806,4.6107372642061355,,,0.996031746031746,0.9993386243386243,,,,,,,N/A,RATES_DRIVEN
2008-10-14,55.13,230.39999389648438,,,,5.050136985458102,3.656645205762473,,,0.996031746031746,0.9947089947089947,,,,,,,N/A,EQUITY_DRIVEN
2008-10-15,69.25,220.5,,,,6.7396236813927315,3.3636190166469886,,,0.9986772486772487,0.9920634920634921,,,,,,,N/A,EQUITY_DRIVEN
2008-10-16,67.61,218.89999389648438,,,,6.3420775415523645,3.2930090618803556,,,0.9973544973544973,0.9907407407407407,,,,,,,N/A,EQUITY_DRIVEN
2008-10-17,70.33,207.3000030517578,,,,6.493154649737447,2.967747886740988,,,1.0,0.9867724867724867,,,,,,,N/A,EQUITY_DRIVEN
2008-10-20,52.97,191.60000610351562,,,,4.281667596791811,2.5444913020852975,,,0.9880952380952381,0.9801587301587301,,,,,,,N/A,EQUITY_DRIVEN
2008-10-21,53.11,192.89999389648438,,,,4.24223906496077,2.5633281810256414,,,0.9880952380952381,0.9801587301587301,,,,,,,N/A,EQUITY_DRIVEN
2008-10-22,69.65,203.8000030517578,,,,6.084640973365385,2.825678593264289,,,0.9973544973544973,0.9828042328042328,,,,,,,N/A,EQUITY_DRIVEN
2008-10-23,67.8,229.6999969482422,,,,5.730252889524026,3.4584041705321305,,,0.9947089947089947,0.9933862433862434,,,,,,,N/A,EQUITY_DRIVEN
2008-10-24,79.13,239.39999389648438,,,,6.813370156521802,3.66750116095322,,,1.0,0.9947089947089947,,,,,,,N/A,EQUITY_DRIVEN
2008-10-27,80.06,237.0,,,,6.701510154327284,3.5716176640896933,,,1.0,0.9933862433862434,,,,,,,N/A,EQUITY_DRIVEN
2008-10-28,66.96,229.89999389648438,,,,5.176382214711619,3.3638636777483217,,,0.9894179894179894,0.9907407407407407,,,,,,,N/A,RATES_DRIVEN
2008-10-29,69.96,217.1999969482422,,,,5.384083207520879,3.025494950919772,,,0.996031746031746,0.9828042328042328,,,,,,,N/A,EQUITY_DRIVEN
2008-10-30,62.9,209.39999389648438,,,,4.573738769394645,2.813862160092112,,,0.9854497354497355,0.9814814814814815,,,,,,,N/A,EQUITY_DRIVEN
2008-10-31,59.89,207.1999969482422,,,,4.207067011219505,2.7421787808960496,,,0.9841269841269841,0.9775132275132276,,,,,,,N/A,EQUITY_DRIVEN
2008-11-03,53.68,204.60000610351562,,,,3.5383367560787407,2.662201263241686,,,0.9781746031746031,0.9735449735449735,,,,,,,N/A,EQUITY_DRIVEN
2008-11-04,47.73,203.0,,,,2.914877990323112,2.607701881336828,,,0.9722222222222222,0.9708994708994709,,,,,,,N/A,EQUITY_DRIVEN
2008-11-05,54.56,217.5,,,,3.568636323997854,2.9386832645754923,,,0.9788359788359788,0.9841269841269841,,,,,,,N/A,RATES_DRIVEN
2008-11-06,63.68,189.0,,,,4.417485801995686,2.240084028354422,,,0.9854497354497355,0.9629629629629629,,,,,,,N/A,EQUITY_DRIVEN
2008-11-07,56.1,178.10000610351562,,,,3.6324025995263867,1.96978975828237,,,0.9801587301587301,0.958994708994709,,,,,,,N/A,EQUITY_DRIVEN
2008-11-10,59.98,173.1999969482422,,,,3.96572979941928,1.8451869410312958,,,0.9828042328042328,0.9563492063492064,,,,,,,N/A,EQUITY_DRIVEN
2008-11-11,61.44,173.1999969482422,,,,4.05733269466707,1.8382792560097994,,,0.9828042328042328,0.9556878306878307,,,,,,,N/A,EQUITY_DRIVEN
2008-11-12,66.46,173.1999969482422,,,,4.473011200439823,1.8314381087968674,,,0.9867724867724867,0.955026455026455,,,,,,,N/A,EQUITY_DRIVEN
2008-11-13,59.83,181.39999389648438,,,,3.8037846006075924,2.01871552992837,,,0.9775132275132276,0.9603174603174603,,,,,,,N/A,EQUITY_DRIVEN
2008-11-14,66.31,189.5,,,,4.351046903641333,2.201337354781953,,,0.9854497354497355,0.9629629629629629,,,,,,,N/A,EQUITY_DRIVEN
2008-11-17,69.15,188.39999389648438,,,,4.545548146620398,2.1653519035223647,,,0.9907407407407407,0.9603174603174603,,,,,,,N/A,EQUITY_DRIVEN
2008-11-18,67.64,191.60000610351562,,,,4.347091695851089,2.230539837896632,,,0.9880952380952381,0.9636243386243386,,,,,,,N/A,EQUITY_DRIVEN
2008-11-19,74.26,192.0,,,,4.861125343222308,2.2294174719209514,,,0.9973544973544973,0.9642857142857143,,,,,,,N/A,EQUITY_DRIVEN
2008-11-20,80.86,211.60000610351562,,,,5.3379089464907485,2.67419268960975,,,1.0,0.9801587301587301,,,,,,,N/A,EQUITY_DRIVEN
2008-11-21,72.67,212.89999389648438,,,,4.553866433912477,2.687960654833716,,,0.9947089947089947,0.9801587301587301,,,,,,,N/A,EQUITY_DRIVEN
2008-11-24,64.7,189.0,,,,3.825357809959931,2.121155738589722,,,0.9775132275132276,0.9556878306878307,,,,,,,N/A,EQUITY_DRIVEN
2008-11-25,60.9,206.1999969482422,,,,3.4688836164104857,2.5071064121097355,,,0.9708994708994709,0.9708994708994709,,,,,,,N/A,EQUITY_DRIVEN
2008-11-26,54.92,213.89999389648438,,,,2.942142047037909,2.669042645548534,,,0.9603174603174603,0.9801587301587301,,,,,,,N/A,RATES_DRIVEN
2008-11-27,54.92,213.89999389648438,,,,2.9216319621221527,2.652846194525416,,,0.9596560846560847,0.9794973544973545,,,,,,,N/A,RATES_DRIVEN
2008-11-28,55.84,214.0,,,,2.977097749188351,2.6391825033477727,,,0.9629629629629629,0.9801587301587301,,,,,,,N/A,RATES_DRIVEN
2008-12-01,68.51,213.3000030517578,,,,3.98416011710338,2.607770043443766,,,0.9854497354497355,0.9761904761904762,,,,,,,N/A,EQUITY_DRIVEN
2008-12-02,62.98,216.60000610351562,,,,3.4955802627559276,2.6666930901743564,,,0.9722222222222222,0.9801587301587301,,,,,,,N/A,RATES_DRIVEN
2008-12-03,60.72,214.6999969482422,,,,3.2830264447869513,2.6083161769484717,,,0.966931216931217,0.9788359788359788,,,,,,,N/A,RATES_DRIVEN
2008-12-04,63.64,216.89999389648438,,,,3.487291701108681,2.642168594019302,,,0.9722222222222222,0.9801587301587301,,,,,,,N/A,RATES_DRIVEN
2008-12-05,59.93,216.39999389648438,,,,3.163186548645305,2.615526148899154,,,0.9629629629629629,0.9775132275132276,,,,,,,N/A,RATES_DRIVEN
2008-12-08,58.49,213.39999389648438,,,,3.02547113943396,2.534151824635682,,,0.958994708994709,0.9708994708994709,,,,,,,N/A,RATES_DRIVEN
2008-12-09,58.91,214.6999969482422,,,,3.0362431132087253,2.5486844816650884,,,0.958994708994709,0.9755291005291006,,,,,,,N/A,RATES_DRIVEN
2008-12-10,55.73,218.89999389648438,,,,2.7667323924430676,2.626418685266152,,,0.9523809523809523,0.9847883597883598,,,,,,,N/A,RATES_DRIVEN
2008-12-11,55.78,223.39999389648438,,,,2.7529873315177533,2.7090423528437135,,,0.9523809523809523,0.9880952380952381,,,,,,,N/A,RATES_DRIVEN
2008-12-12,54.28,222.6999969482422,,,,2.6198375555573192,2.6772667721619587,,,0.9431216931216931,0.9867724867724867,,,,,,,N/A,RATES_DRIVEN
2008-12-15,56.76,214.5,,,,2.7948672948108695,2.4839827518121633,,,0.955026455026455,0.9695767195767195,,,,,,,N/A,RATES_DRIVEN
2008-12-16,52.37,194.89999389648438,,,,2.4407942285810575,2.047386850040149,,,0.9351851851851852,0.9431216931216931,,,,,,,N/A,RATES_DRIVEN
2008-12-17,49.84,182.10000610351562,,,,2.234410320011146,1.7622917195880476,,,0.9325396825396826,0.9298941798941799,,,,,,,N/A,EQUITY_DRIVEN
2008-12-18,47.34,194.60000610351562,,,,2.033018940322054,2.025541126978869,,,0.9298941798941799,0.9417989417989417,,,,,,,N/A,RATES_DRIVEN
2008-12-19,44.93,195.8000030517578,,,,1.8406932104946134,2.042863736021867,,,0.9246031746031746,0.9431216931216931,,,,,,,N/A,RATES_DRIVEN
2008-12-22,44.56,194.60000610351562,,,,1.8056317290416848,2.0085284524864186,,,0.9232804232804233,0.9398148148148148,,,,,,,N/A,RATES_DRIVEN
2008-12-23,45.02,193.8000030517578,,,,1.834000944774235,1.9831108807662639,,,0.9246031746031746,0.9378306878306878,,,,,,,N/A,RATES_DRIVEN
2008-12-24,44.21,193.8000030517578,,,,1.7656748285981545,1.9750386848685977,,,0.9206349206349206,0.9371693121693122,,,,,,,N/A,RATES_DRIVEN
2008-12-25,44.21,193.8000030517578,,,,1.7593545195833487,1.9670434175716174,,,0.919973544973545,0.9365079365079365,,,,,,,N/A,RATES_DRIVEN
2008-12-26,43.38,193.5,,,,1.6902562785707334,1.9527501389558106,,,0.917989417989418,0.9338624338624338,,,,,,,N/A,RATES_DRIVEN
2008-12-29,43.9,192.10000610351562,,,,1.7237457356550479,1.915304389532831,,,0.917989417989418,0.9312169312169312,,,,,,,N/A,RATES_DRIVEN
2008-12-30,41.63,192.60000610351562,,,,1.5463970281119204,1.9184485167083967,,,0.9153439153439153,0.9312169312169312,,,,,,,N/A,RATES_DRIVEN
2008-12-31,40.0,190.0,,,,1.4185295513743854,1.8560679717354025,,,0.9140211640211641,0.9246031746031746,,,,,,,N/A,RATES_DRIVEN
2009-01-01,40.0,190.0,,,,1.4143115921575127,1.849080079103933,,,0.9133597883597884,0.923941798941799,,,,,,,N/A,RATES_DRIVEN
2009-01-02,39.19,183.10000610351562,,,,1.3491079954903338,1.696864265060866,,,0.9087301587301587,0.9153439153439153,,,,,,,N/A,RATES_DRIVEN
2009-01-05,39.08,171.0,,,,1.3369461342705447,1.43633401620152,,,0.9074074074074074,0.8994708994708994,,,,,,,N/A,EQUITY_DRIVEN
2009-01-06,38.56,160.39999389648438,,,,1.294019997255596,1.2088363296934752,,,0.906084656084656,0.8756613756613757,,,,,,,N/A,EQUITY_DRIVEN
2009-01-07,43.39,151.6999969482422,,,,1.6530054714405067,1.0223034480506705,,,0.9166666666666666,0.8478835978835979,,,,,,,N/A,EQUITY_DRIVEN
2009-01-08,42.56,149.89999389648438,,,,1.585286509682416,0.9817118287249362,,,0.9140211640211641,0.843915343915344,,,,,,,N/A,EQUITY_DRIVEN
2009-01-09,42.82,138.0,,,,1.5996184727896996,0.7283475070169301,,,0.9140211640211641,0.7711640211640212,,,,,,,N/A,EQUITY_DRIVEN
2009-01-12,45.84,134.8000030517578,,,,1.8198677838157178,0.6588639014297795,,,0.9272486772486772,0.7585978835978836,,,,,,,N/A,EQUITY_DRIVEN
2009-01-13,43.27,119.5,,,,1.6216675323664314,0.3341228170847828,,,0.9126984126984127,0.6534391534391535,,,,,,,N/A,EQUITY_DRIVEN
2009-01-14,49.14,119.4000015258789,,,,2.052706533092654,0.33051888661599915,,,0.9312169312169312,0.6521164021164021,,,,,,,N/A,EQUITY_DRIVEN
2009-01-15,51.0,129.5,,,,2.1817054874064143,0.5423519353204375,,,0.9325396825396826,0.7222222222222222,,,,,,,N/A,EQUITY_DRIVEN
2009-01-16,46.11,126.9000015258789,,,,1.8106007009184018,0.4856356107600579,,,0.9246031746031746,0.703042328042328,,,,,,,N/A,EQUITY_DRIVEN
2009-01-19,46.11,126.9000015258789,,,,1.8039908046756898,0.4838953790131335,,,0.923941798941799,0.7023809523809523,,,,,,,N/A,EQUITY_DRIVEN
2009-01-20,56.65,136.5,,,,2.571878387307052,0.6852309257787162,,,0.9537037037037037,0.7632275132275133,,,,,,,N/A,EQUITY_DRIVEN
2009-01-21,46.42,151.0,,,,1.8085951982433255,0.9898374719386412,,,0.9232804232804233,0.8458994708994709,,,,,,,N/A,EQUITY_DRIVEN
2009-01-22,47.29,153.10000610351562,,,,1.8657376701433763,1.0315978771235566,,,0.9246031746031746,0.8518518518518519,,,,,,,N/A,EQUITY_DRIVEN
2009-01-23,47.27,155.3000030517578,,,,1.8572404421791122,1.0753457593257012,,,0.9232804232804233,0.8604497354497355,,,,,,,N/A,EQUITY_DRIVEN
2009-01-26,45.69,145.3000030517578,,,,1.7349217882516283,0.8612424274668862,,,0.9153439153439153,0.8082010582010583,,,,,,,N/A,EQUITY_DRIVEN
2009-01-27,42.25,141.1999969482422,,,,1.4778035212716212,0.772329726082093,,,0.8968253968253969,0.783068783068783,,,,,,,N/A,EQUITY_DRIVEN
2009-01-28,39.66,136.6999969482422,,,,1.284243134718404,0.6751553741266996,,,0.8902116402116402,0.7572751322751323,,,,,,,N/A,EQUITY_DRIVEN
2009-01-29,42.63,147.8000030517578,,,,1.4972307844266184,0.9079535422885481,,,0.8981481481481481,0.828042328042328,,,,,,,N/A,EQUITY_DRIVEN
2009-01-30,44.84,162.89999389648438,,,,1.6534057238351791,1.2244067170395097,,,0.9087301587301587,0.8862433862433863,,,,,,,N/A,EQUITY_DRIVEN
2009-02-02,45.52,163.39999389648438,,,,1.6972457681450492,1.2315891634147096,,,0.9140211640211641,0.8862433862433863,,,,,,,N/A,EQUITY_DRIVEN
2009-02-03,43.06,161.1999969482422,,,,1.5130017053756344,1.1818191324773781,,,0.8968253968253969,0.876984126984127,,,,,,,N/A,EQUITY_DRIVEN
2009-02-04,43.85,172.5,,,,1.5655840637489236,1.4166153986994419,,,0.9007936507936508,0.9021164021164021,,,,,,,N/A,RATES_DRIVEN
2009-02-05,43.73,173.6999969482422,,,,1.5519049060484902,1.4376723058278362,,,0.8994708994708994,0.9074074074074074,,,,,,,N/A,RATES_DRIVEN
2009-02-06,43.37,182.10000610351562,,,,1.5209449805481234,1.6097788734192333,,,0.8955026455026455,0.9133597883597884,,,,,,,N/A,RATES_DRIVEN
2009-02-09,43.64,170.1999969482422,,,,1.5356944808277233,1.3548995884257313,,,0.8981481481481481,0.8935185185185185,,,,,,,N/A,EQUITY_DRIVEN
2009-02-10,46.67,172.3000030517578,,,,1.749323775450293,1.395060356115148,,,0.9206349206349206,0.8981481481481481,,,,,,,N/A,EQUITY_DRIVEN
2009-02-11,44.53,157.0,,,,1.5891485836579364,1.0700264371536248,,,0.9034391534391535,0.8518518518518519,,,,,,,N/A,EQUITY_DRIVEN
2009-02-12,41.25,151.0,,,,1.3479621802207495,0.9412232352918868,,,0.8809523809523809,0.8306878306878307,,,,,,,N/A,EQUITY_DRIVEN
2009-02-13,42.93,158.6999969482422,,,,1.4649465602279694,1.1003789984849248,,,0.8875661375661376,0.8584656084656085,,,,,,,N/A,EQUITY_DRIVEN
2009-02-16,42.93,158.6999969482422,,,,1.4605081467504204,1.0974473884119114,,,0.8869047619047619,0.8578042328042328,,,,,,,N/A,EQUITY_DRIVEN
2009-02-17,48.66,163.1999969482422,,,,1.866859380346523,1.1888794851252429,,,0.9272486772486772,0.8783068783068783,,,,,,,N/A,EQUITY_DRIVEN
2009-02-18,48.46,159.1999969482422,,,,1.8455528093209679,1.1018098942781398,,,0.9259259259259259,0.8578042328042328,,,,,,,N/A,EQUITY_DRIVEN
2009-02-19,47.08,161.89999389648438,,,,1.7402522090583763,1.1554523229003701,,,0.9193121693121693,0.8716931216931217,,,,,,,N/A,EQUITY_DRIVEN
2009-02-20,49.3,165.5,,,,1.8923162374325533,1.2277219272359798,,,0.9285714285714286,0.8849206349206349,,,,,,,N/A,EQUITY_DRIVEN
2009-02-23,52.62,157.39999389648438,,,,2.1208305524565825,1.054793108260698,,,0.9338624338624338,0.843915343915344,,,,,,,N/A,EQUITY_DRIVEN
2009-02-24,45.49,154.39999389648438,,,,1.6061331386660558,0.9892028450349389,,,0.9047619047619048,0.8346560846560847,,,,,,,N/A,EQUITY_DRIVEN
2009-02-25,44.67,164.3000030517578,,,,1.5427448772430066,1.193777783376415,,,0.8968253968253969,0.8809523809523809,,,,,,,N/A,EQUITY_DRIVEN
2009-02-26,44.66,163.0,,,,1.5371906363725514,1.1633446621847026,,,0.8955026455026455,0.8743386243386243,,,,,,,N/A,EQUITY_DRIVEN
2009-02-27,46.35,166.60000610351562,,,,1.6519895946950571,1.235428960570931,,,0.9113756613756614,0.8849206349206349,,,,,,,N/A,EQUITY_DRIVEN
2009-03-02,52.65,164.0,,,,2.0908978666822238,1.177724038155918,,,0.9338624338624338,0.8783068783068783,,,,,,,N/A,EQUITY_DRIVEN
2009-03-03,50.93,164.89999389648438,,,,1.9610389770020207,1.1933170051246265,,,0.9272486772486772,0.8802910052910053,,,,,,,N/A,EQUITY_DRIVEN
2009-03-04,47.56,166.3000030517578,,,,1.716525935992894,1.219274291519412,,,0.917989417989418,0.8835978835978836,,,,,,,N/A,EQUITY_DRIVEN
2009-03-05,50.17,162.1999969482422,,,,1.8936292551881706,1.1304248401662584,,,0.9259259259259259,0.8637566137566137,,,,,,,N/A,EQUITY_DRIVEN
2009-03-06,49.33,159.1999969482422,,,,1.8276082528172755,1.0648499915253935,,,0.9232804232804233,0.8452380952380952,,,,,,,N/A,EQUITY_DRIVEN
2009-03-09,49.68,160.5,,,,1.8453242082474783,1.0891464057134868,,,0.9232804232804233,0.8518518518518519,,,,,,,N/A,EQUITY_DRIVEN
2009-03-10,44.37,153.39999389648438,,,,1.4677605373132157,0.9382651055622835,,,0.8822751322751323,0.8161375661375662,,,,,,,N/A,EQUITY_DRIVEN
2009-03-11,43.61,147.0,,,,1.4102367976274754,0.8023550652470242,,,0.873015873015873,0.7870370370370371,,,,,,,N/A,EQUITY_DRIVEN
2009-03-12,41.18,146.3000030517578,,,,1.2364049848388947,0.7856119549725463,,,0.8544973544973545,0.7817460317460317,,,,,,,N/A,EQUITY_DRIVEN
2009-03-13,42.36,143.8000030517578,,,,1.3153572645253013,0.7313329380971673,,,0.8584656084656085,0.753968253968254,,,,,,,N/A,EQUITY_DRIVEN
2009-03-16,43.74,140.89999389648438,,,,1.4078398732707642,0.6687871071004634,,,0.8756613756613757,0.7387566137566137,,,,,,,N/A,EQUITY_DRIVEN
2009-03-17,40.8,142.6999969482422,,,,1.1988118359407791,0.7044366490432798,,,0.8505291005291006,0.7486772486772487,,,,,,,N/A,EQUITY_DRIVEN
2009-03-18,40.06,142.89999389648438,,,,1.1439653436324189,0.7066492465444772,,,0.8492063492063492,0.75,,,,,,,N/A,EQUITY_DRIVEN
2009-03-19,43.68,125.5999984741211,,,,1.3929644814791817,0.3432369981656563,,,0.873015873015873,0.6342592592592593,,,,,,,N/A,EQUITY_DRIVEN
2009-03-20,45.89,124.0,,,,1.5424776275034422,0.30827241732513894,,,0.8994708994708994,0.6223544973544973,,,,,,,N/A,EQUITY_DRIVEN
2009-03-23,43.23,119.0,,,,1.3529431736352084,0.20213684010768646,,,0.8624338624338624,0.5873015873015873,,,,,,,N/A,EQUITY_DRIVEN
2009-03-24,42.93,119.30000305175781,,,,1.3282108193305928,0.20700613561344677,,,0.8584656084656085,0.5886243386243386,,,,,,,N/A,EQUITY_DRIVEN
2009-03-25,42.25,118.30000305175781,,,,1.2772381148917387,0.18468994908502825,,,0.8498677248677249,0.5767195767195767,,,,,,,N/A,EQUITY_DRIVEN
2009-03-26,40.36,120.5,,,,1.1425492968714381,0.22954692173292635,,,0.8425925925925926,0.5965608465608465,,,,,,,N/A,EQUITY_DRIVEN
2009-03-27,41.04,117.9000015258789,,,,1.1866421005043823,0.1737109180585705,,,0.843915343915344,0.5727513227513228,,,,,,,N/A,EQUITY_DRIVEN
2009-03-30,45.54,116.9000015258789,,,,1.4951119902058498,0.15137513281468964,,,0.8955026455026455,0.5681216931216931,,,,,,,N/A,EQUITY_DRIVEN
2009-03-31,44.14,117.30000305175781,,,,1.3937002426572809,0.15840261623528137,,,0.8756613756613757,0.5701058201058201,,,,,,,N/A,EQUITY_DRIVEN
2009-04-01,42.28,112.5999984741211,,,,1.2610051607437556,0.05832923287518654,,,0.8478835978835979,0.5482804232804233,,,,,,,N/A,EQUITY_DRIVEN
2009-04-02,42.04,111.69999694824219,,,,1.2409042586462364,0.038076645951402,,,0.843915343915344,0.5297619047619048,,,,,,,N/A,EQUITY_DRIVEN
2009-04-03,39.7,119.69999694824219,,,,1.0757265672009062,0.20499550680735537,,,0.8293650793650794,0.5906084656084656,,,,,,,N/A,EQUITY_DRIVEN
2009-04-06,40.93,122.9000015258789,,,,1.1579068961585497,0.27092869678995907,,,0.8373015873015873,0.6084656084656085,,,,,,,N/A,EQUITY_DRIVEN
2009-04-07,40.39,118.5,,,,1.1175009605188846,0.17686042283604556,,,0.8346560846560847,0.5747354497354498,,,,,,,N/A,EQUITY_DRIVEN
2009-04-08,38.85,119.69999694824219,,,,1.0081855147324648,0.2007319878050821,,,0.8201058201058201,0.5886243386243386,,,,,,,N/A,EQUITY_DRIVEN
2009-04-09,36.53,119.69999694824219,,,,0.8454349985972448,0.19932524847316943,,,0.8174603174603174,0.5879629629629629,,,,,,,N/A,EQUITY_DRIVEN
2009-04-10,36.53,119.69999694824219,,,,0.8433915033836225,0.19791742529724302,,,0.8167989417989417,0.5873015873015873,,,,,,,N/A,EQUITY_DRIVEN
2009-04-13,37.81,116.4000015258789,,,,0.9297140568833142,0.1269686117319804,,,0.8174603174603174,0.5548941798941799,,,,,,,N/A,EQUITY_DRIVEN
2009-04-14,37.67,107.69999694824219,,,,0.9178183202912139,-0.05788154397956951,,,0.8161375661375662,0.49074074074074076,,,,,,,N/A,EQUITY_DRIVEN
2009-04-15,36.17,105.5999984741211,,,,0.8121877590707086,-0.10336392583791855,,,0.8108465608465608,0.47883597883597884,,,,,,,N/A,EQUITY_DRIVEN
2009-04-16,35.79,109.0,,,,0.7840357101208445,-0.032515750286730524,,,0.8095238095238095,0.4947089947089947,,,,,,,N/A,EQUITY_DRIVEN
2009-04-17,33.94,115.80000305175781,,,,0.6544641382458756,0.11008651076720988,,,0.8042328042328042,0.5476190476190477,,,,,,,N/A,EQUITY_DRIVEN
2009-04-20,39.18,115.0999984741211,,,,1.0139890589522378,0.09397765223888838,,,0.8214285714285714,0.5436507936507936,,,,,,,N/A,EQUITY_DRIVEN
2009-04-21,37.14,115.80000305175781,,,,0.8708053026571206,0.10749866501579347,,,0.8134920634920635,0.546957671957672,,,,,,,N/A,EQUITY_DRIVEN
2009-04-22,38.1,120.19999694824219,,,,0.9349040477406696,0.1993327105687544,,,0.8161375661375662,0.58994708994709,,,,,,,N/A,EQUITY_DRIVEN
2009-04-23,37.15,120.19999694824219,,,,0.8671671107365502,0.197951037047783,,,0.8121693121693122,0.5892857142857143,,,,,,,N/A,EQUITY_DRIVEN
2009-04-24,36.82,125.80000305175781,,,,0.8422259103229395,0.31525276166059546,,,0.8095238095238095,0.6349206349206349,,,,,,,N/A,EQUITY_DRIVEN
2009-04-27,38.32,125.80000305175781,,,,0.9433171248785198,0.3137329590271491,,,0.8161375661375662,0.6342592592592593,,,,,,,N/A,EQUITY_DRIVEN
2009-04-28,37.95,122.5999984741211,,,,0.9155196742111689,0.24428571484902373,,,0.8134920634920635,0.6031746031746031,,,,,,,N/A,EQUITY_DRIVEN
2009-04-29,36.08,120.69999694824219,,,,0.7846424426379337,0.202445339621345,,,0.8002645502645502,0.5912698412698413,,,,,,,N/A,EQUITY_DRIVEN
2009-04-30,36.5,124.19999694824219,,,,0.8116658107889501,0.2753949881322324,,,0.8029100529100529,0.6203703703703703,,,,,,,N/A,EQUITY_DRIVEN
2009-05-01,35.3,129.1999969482422,,,,0.727233625990452,0.38021155353780367,,,0.794973544973545,0.6613756613756614,,,,,,,N/A,NO_STRESS
2009-05-04,34.53,127.80000305175781,,,,0.6725590744193662,0.34886043882144285,,,0.791005291005291,0.6514550264550265,,,,,,,N/A,NO_STRESS
2009-05-05,33.36,125.4000015258789,,,,0.5906935924426934,0.29620600601488006,,,0.7870370370370371,0.6263227513227513,,,,,,,N/A,NO_STRESS
2009-05-06,32.45,125.19999694824219,,,,0.5271135539622916,0.29041181717410347,,,0.783068783068783,0.6216931216931217,,,,,,,N/A,NO_STRESS
2009-05-07,33.44,129.10000610351562,,,,0.5941002271055051,0.3719620438560473,,,0.7870370370370371,0.658068783068783,,,,,,,N/A,NO_STRESS
2009-05-08,32.05,130.5,,,,0.4969401596614496,0.40019068024136817,,,0.7777777777777778,0.6726190476190477,,,,,,,N/A,NO_STRESS
2009-05-11,32.87,124.69999694824219,,,,0.5519850781814672,0.27486226488756177,,,0.783068783068783,0.6137566137566137,,,,,,,N/A,NO_STRESS
2009-05-12,31.8,126.30000305175781,,,,0.47701692521504724,0.30751813033278863,,,0.7751322751322751,0.6349206349206349,,,,,,,N/A,NO_STRESS
2009-05-13,33.65,126.19999694824219,,,,0.6028749522571641,0.3038701934429734,,,0.7870370370370371,0.6335978835978836,,,,,,,N/A,NO_STRESS
2009-05-14,31.37,123.5,,,,0.444462095462084,0.24467364384523513,,,0.7711640211640212,0.5985449735449735,,,,,,,N/A,NO_STRESS
2009-05-15,33.12,122.30000305175781,,,,0.5634651606580107,0.2176111829858589,,,0.783068783068783,0.5859788359788359,,,,,,,N/A,NO_STRESS
2009-05-18,30.24,122.0999984741211,,,,0.363823100391493,0.211978212140164,,,0.7605820105820106,0.583994708994709,,,,,,,N/A,NO_STRESS
2009-05-19,28.8,122.69999694824219,,,,0.26346711064612877,0.2234275798632884,,,0.75,0.5892857142857143,,,,,,,N/A,NO_STRESS
2009-05-20,29.03,122.5999984741211,,,,0.27821644728540046,0.21984988900445263,,,0.753968253968254,0.5866402116402116,,,,,,,N/A,NO_STRESS
2009-05-21,31.35,129.8000030517578,,,,0.4367709519580421,0.3726593362447027,,,0.7685185185185185,0.666005291005291,,,,,,,N/A,NO_STRESS
2009-05-22,32.63,147.1999969482422,,,,0.5233651933743867,0.7438661144001663,,,0.7777777777777778,0.7870370370370371,,,,,,,N/A,NO_STRESS
2009-05-25,32.63,147.1999969482422,,,,0.521723224648147,0.7417776830114075,,,0.7771164021164021,0.7863756613756614,,,,,,,N/A,NO_STRESS
2009-05-26,30.62,146.10000610351562,,,,0.3816183616059664,0.7161179642174397,,,0.7579365079365079,0.7744708994708994,,,,,,,N/A,NO_STRESS
2009-05-27,32.36,163.8000030517578,,,,0.5000607820906358,1.0933102238543826,,,0.7738095238095238,0.8736772486772487,,,,,,,N/A,RATES_DRIVEN
2009-05-28,31.67,167.5,,,,0.4509483355611725,1.1695927011511846,,,0.7658730158730159,0.8862433862433863,,,,,,,N/A,RATES_DRIVEN
2009-05-29,28.92,165.39999389648438,,,,0.25980056514373934,1.1215091677230438,,,0.7420634920634921,0.8796296296296297,,,,,,,N/A,RATES_DRIVEN
2009-06-01,30.04,190.3000030517578,,,,0.33578998532664117,1.6505705088478444,,,0.7513227513227513,0.9246031746031746,,,,,,,N/A,RATES_DRIVEN
2009-06-02,29.63,183.89999389648438,,,,0.3061406146701996,1.5087781773146056,,,0.7473544973544973,0.9153439153439153,,,,,,,N/A,RATES_DRIVEN
2009-06-03,31.02,162.89999389648438,,,,0.4007072359506477,1.056110178541732,,,0.7592592592592593,0.8604497354497355,,,,,,,N/A,RATES_DRIVEN
2009-06-04,30.18,169.0,,,,0.34130008745471985,1.1835908098948327,,,0.75,0.8862433862433863,,,,,,,N/A,RATES_DRIVEN
2009-06-05,29.62,183.39999389648438,,,,0.3015280155803676,1.4874992568608987,,,0.7433862433862434,0.9126984126984127,,,,,,,N/A,RATES_DRIVEN
2009-06-08,29.77,183.0,,,,0.31086115342083115,1.4744871360198326,,,0.7447089947089947,0.91005291005291,,,,,,,N/A,RATES_DRIVEN
2009-06-09,28.27,175.3000030517578,,,,0.2062531011764173,1.3061577216592593,,,0.7235449735449735,0.9007936507936508,,,,,,,N/A,RATES_DRIVEN
2009-06-10,28.46,178.39999389648438,,,,0.21844793412351676,1.3684525960407345,,,0.7255291005291006,0.9034391534391535,,,,,,,N/A,RATES_DRIVEN
2009-06-11,28.11,171.6999969482422,,,,0.19313741209216406,1.22202545381396,,,0.7195767195767195,0.8882275132275133,,,,,,,N/A,RATES_DRIVEN
2009-06-12,28.15,171.8000030517578,,,,0.1948590363061807,1.2208293248657112,,,0.7195767195767195,0.8888888888888888,,,,,,,N/A,RATES_DRIVEN
2009-06-15,30.81,166.5,,,,0.37779724588176145,1.1047580827374364,,,0.7552910052910053,0.8703703703703703,,,,,,,N/A,RATES_DRIVEN
2009-06-16,32.68,167.1999969482422,,,,0.5057193919295424,1.1167240470794,,,0.7777777777777778,0.8723544973544973,,,,,,,N/A,RATES_DRIVEN
2009-06-17,31.54,170.10000610351562,,,,0.42535647408078125,1.1754621006491641,,,0.7632275132275133,0.8796296296296297,,,,,,,N/A,RATES_DRIVEN
2009-06-18,30.03,187.3000030517578,,,,0.3194651178343001,1.5378011897437134,,,0.7433862433862434,0.9153439153439153,,,,,,,N/A,RATES_DRIVEN
2009-06-19,27.99,182.3000030517578,,,,0.17700314599003344,1.4270595677633828,,,0.708994708994709,0.9074074074074074,,,,,,,N/A,RATES_DRIVEN
2009-06-22,31.17,173.1999969482422,,,,0.39594599956636334,1.2298041663396329,,,0.7592592592592593,0.8921957671957672,,,,,,,N/A,RATES_DRIVEN
2009-06-23,30.58,173.10000610351562,,,,0.35370951783951227,1.224364244661659,,,0.7473544973544973,0.8888888888888888,,,,,,,N/A,RATES_DRIVEN
2009-06-24,29.05,164.89999389648438,,,,0.24641375103139437,1.0469339033702028,,,0.7301587301587301,0.8544973544973545,,,,,,,N/A,RATES_DRIVEN
2009-06-25,26.36,161.0,,,,0.05875754123550023,0.9612941088658519,,,0.6712962962962963,0.8273809523809523,,,,,,,N/A,RATES_DRIVEN
2009-06-26,25.93,159.0,,,,0.027879369756776008,0.9162339003757264,,,0.6534391534391535,0.8121693121693122,,,,,,,N/A,RATES_DRIVEN
2009-06-29,25.35,158.39999389648438,,,,-0.013396894060193936,0.9010354569836274,,,0.6296296296296297,0.8055555555555556,,,,,,,N/A,RATES_DRIVEN
2009-06-30,26.35,162.5,,,,0.05504186510480312,0.9858460571305848,,,0.6693121693121693,0.8373015873015873,,,,,,,N/A,RATES_DRIVEN
2009-07-01,26.22,161.60000610351562,,,,0.04501689859940396,0.9641190997938792,,,0.66005291005291,0.8293650793650794,,,,,,,N/A,RATES_DRIVEN
2009-07-02,27.95,149.10000610351562,,,,0.16411399457065115,0.69539322721246,,,0.7037037037037037,0.7619047619047619,,,,,,,N/A,NO_STRESS
2009-07-03,27.95,149.10000610351562,,,,0.162935445419992,0.6933294143415688,,,0.703042328042328,0.7612433862433863,,,,,,,N/A,NO_STRESS
2009-07-06,29.0,148.10000610351562,,,,0.2346856346403259,0.6699253443147637,,,0.7261904761904762,0.7552910052910053,,,,,,,N/A,NO_STRESS
2009-07-07,30.85,138.60000610351562,,,,0.36197068549315,0.46499966040048984,,,0.7526455026455027,0.6785714285714286,,,,,,,N/A,NO_STRESS
2009-07-08,31.3,136.5,,,,0.3917871557227554,0.4182595354690383,,,0.7592592592592593,0.6646825396825397,,,,,,,N/A,NO_STRESS
2009-07-09,29.78,136.5,,,,0.2845216823755562,0.4164545940279658,,,0.7341269841269841,0.6640211640211641,,,,,,,N/A,NO_STRESS
2009-07-10,29.02,135.89999389648438,,,,0.23016887981520698,0.40179757188374005,,,0.7228835978835979,0.66005291005291,,,,,,,N/A,NO_STRESS
2009-07-13,26.31,137.8000030517578,,,,0.039991173479477705,0.44072229833201715,,,0.656084656084656,0.6726190476190477,,,,,,,N/A,NO_STRESS
2009-07-14,25.02,145.0,,,,-0.05117268571736175,0.5933404257758412,,,0.6044973544973545,0.7222222222222222,,,,,,,N/A,NO_STRESS
2009-07-15,25.89,151.8000030517578,,,,0.008269586632554705,0.7373329166621744,,,0.6375661375661376,0.7751322751322751,,,,,,,N/A,NO_STRESS
2009-07-16,25.42,148.89999389648438,,,,-0.025760027904899747,0.6729230873692034,,,0.6150793650793651,0.7572751322751323,,,,,,,N/A,NO_STRESS
2009-07-17,24.34,156.3000030517578,,,,-0.1023642185403219,0.8298921595839703,,,0.5793650793650794,0.794973544973545,,,,,,,N/A,NO_STRESS
2009-07-20,24.4,149.6999969482422,,,,-0.09934630144972965,0.6857088403219913,,,0.5826719576719577,0.7625661375661376,,,,,,,N/A,NO_STRESS
2009-07-21,23.87,143.89999389648438,,,,-0.13757447744334095,0.5587717411275587,,,0.5555555555555556,0.705026455026455,,,,,,,N/A,NO_STRESS
2009-07-22,23.47,144.39999389648438,,,,-0.16669713988752133,0.5675983792663837,,,0.5370370370370371,0.7129629629629629,,,,,,,N/A,NO_STRESS
2009-07-23,23.43,147.3000030517578,,,,-0.1706358221987618,0.628193386444276,,,0.5297619047619048,0.7440476190476191,,,,,,,N/A,NO_STRESS
2009-07-24,23.09,143.60000610351562,,,,-0.19556643833683596,0.5463222900287475,,,0.5132275132275133,0.6997354497354498,,,,,,,N/A,NO_STRESS
2009-07-27,24.28,143.10000610351562,,,,-0.11336299313872517,0.5335664031638497,,,0.5753968253968254,0.6970899470899471,,,,,,,N/A,NO_STRESS
2009-07-28,25.01,140.1999969482422,,,,-0.06341047861956287,0.46888668665568334,,,0.5985449735449735,0.673941798941799,,,,,,,N/A,NO_STRESS
2009-07-29,25.61,139.60000610351562,,,,-0.022517001103999346,0.4539708134698961,,,0.6256613756613757,0.6686507936507936,,,,,,,N/A,NO_STRESS
2009-07-30,25.4,139.10000610351562,,,,-0.038366255588763644,0.4412398978316232,,,0.6124338624338624,0.6640211640211641,,,,,,,N/A,NO_STRESS
2009-07-31,25.92,138.5,,,,-0.0029512274890257243,0.42631216393175986,,,0.6382275132275133,0.6593915343915344,,,,,,,N/A,NO_STRESS
2009-08-03,25.56,141.10000610351562,,,,-0.02942578491352957,0.4809179395767664,,,0.6190476190476191,0.6812169312169312,,,,,,,N/A,NO_STRESS
2009-08-04,24.89,141.0,,,,-0.07769774245434471,0.4768204168239526,,,0.5886243386243386,0.6798941798941799,,,,,,,N/A,NO_STRESS
2009-08-05,24.9,145.39999389648438,,,,-0.07825284831148402,0.5707085773152983,,,0.5886243386243386,0.7195767195767195,,,,,,,N/A,NO_STRESS
2009-08-06,25.67,147.6999969482422,,,,-0.025400664992169676,0.6188559885529393,,,0.626984126984127,0.746031746031746,,,,,,,N/A,NO_STRESS
2009-08-07,24.76,153.39999389648438,,,,-0.09081897213962178,0.7411466015077215,,,0.5787037037037037,0.7797619047619048,,,,,,,N/A,NO_STRESS
2009-08-10,24.99,149.10000610351562,,,,-0.07588532187330747,0.6451514402324231,,,0.58994708994709,0.7552910052910053,,,,,,,N/A,NO_STRESS
2009-08-11,25.99,149.89999389648438,,,,-0.006653772267647776,0.6605889518778462,,,0.6421957671957672,0.7638888888888888,,,,,,,N/A,NO_STRESS
2009-08-12,25.45,147.5,,,,-0.04607147380897957,0.6060337047006127,,,0.6097883597883598,0.7400793650793651,,,,,,,N/A,NO_STRESS
2009-08-13,24.71,145.8000030517578,,,,-0.09967283958406772,0.5667847175313888,,,0.5727513227513228,0.7182539682539683,,,,,,,N/A,NO_STRESS
2009-08-14,24.27,144.6999969482422,,,,-0.13199059347888856,0.5407047177026552,,,0.5568783068783069,0.7043650793650794,,,,,,,N/A,NO_STRESS
2009-08-17,27.89,144.1999969482422,,,,0.12276922215735289,0.5278886569222141,,,0.6944444444444444,0.6990740740740741,,,,,,,N/A,NO_STRESS
2009-08-18,26.18,136.6999969482422,,,,0.00039636486021531555,0.36139903096536885,,,0.6455026455026455,0.6322751322751323,,,,,,,N/A,NO_STRESS
2009-08-19,26.26,136.0,,,,0.004686635581430238,0.3442794856490138,,,0.6494708994708994,0.6243386243386243,,,,,,,N/A,NO_STRESS
2009-08-20,25.09,131.89999389648438,,,,-0.0795781576119073,0.25234678992624243,,,0.5912698412698413,0.6018518518518519,,,,,,,N/A,NO_STRESS
2009-08-21,25.01,132.3000030517578,,,,-0.08656074417896664,0.2594133291454377,,,0.5833333333333334,0.6031746031746031,,,,,,,N/A,NO_STRESS
2009-08-24,25.14,131.10000610351562,,,,-0.07862084979467987,0.23120578678984086,,,0.593915343915344,0.5932539682539683,,,,,,,N/A,NO_STRESS
2009-08-25,24.92,130.10000610351562,,,,-0.0954688489773068,0.20738030276901495,,,0.576058201058201,0.580026455026455,,,,,,,N/A,NO_STRESS
2009-08-26,24.95,125.5,,,,-0.0945932173988608,0.1039642287664485,,,0.5767195767195767,0.5304232804232805,,,,,,,N/A,NO_STRESS
2009-08-27,24.68,125.4000015258789,,,,-0.1150833518651319,0.10011836646879316,,,0.5608465608465608,0.5277777777777778,,,,,,,N/A,NO_STRESS
2009-08-28,24.76,129.10000610351562,,,,-0.11066773098004863,0.18037743167430575,,,0.5634920634920635,0.5648148148148148,,,,,,,N/A,NO_STRESS
2009-08-31,26.01,130.6999969482422,,,,-0.02301358697323115,0.21410023930290772,,,0.6395502645502645,0.5859788359788359,,,,,,,N/A,NO_STRESS
2009-09-01,29.15,135.0,,,,0.1992914903911083,0.30773046405472715,,,0.7275132275132276,0.6190476190476191,,,,,,,N/A,NO_STRESS
2009-09-02,28.9,137.60000610351562,,,,0.17994956209170115,0.3636600934239919,,,0.7142857142857143,0.6375661375661376,,,,,,,N/A,NO_STRESS
2009-09-03,27.1,134.10000610351562,,,,0.050041947063985,0.284033287116279,,,0.6706349206349206,0.6137566137566137,,,,,,,N/A,NO_STRESS
2009-09-04,25.26,127.5999984741211,,,,-0.0827967578438115,0.1375497015614569,,,0.5925925925925926,0.548941798941799,,,,,,,N/A,NO_STRESS
2009-09-07,25.26,127.5999984741211,,,,-0.0842385559597882,0.1357313462965412,,,0.591931216931217,0.5482804232804233,,,,,,,N/A,NO_STRESS
2009-09-08,25.62,123.19999694824219,,,,-0.05990437402620283,0.03571239125577971,,,0.6137566137566137,0.4894179894179894,,,,,,,N/A,NO_STRESS
2009-09-09,24.32,114.5999984741211,,,,-0.15429408247521995,-0.1581884936764806,,,0.5370370370370371,0.4087301587301587,,,,,,,N/A,NO_STRESS
2009-09-10,23.55,117.4000015258789,,,,-0.21078491581472963,-0.0974102397156911,,,0.4973544973544973,0.4298941798941799,,,,,,,N/A,NO_STRESS
2009-09-11,24.15,114.69999694824219,,,,-0.16915273272003842,-0.15975949095221723,,,0.5291005291005291,0.4074074074074074,,,,,,,N/A,NO_STRESS
2009-09-14,23.86,116.5,,,,-0.19138166014786595,-0.1213404545111465,,,0.5092592592592593,0.421957671957672,,,,,,,N/A,NO_STRESS
2009-09-15,23.42,119.5999984741211,,,,-0.22433423279923298,-0.05360533008879492,,,0.4801587301587302,0.45105820105820105,,,,,,,N/A,NO_STRESS
2009-09-16,23.69,123.69999694824219,,,,-0.20632281143915898,0.03668248548991144,,,0.5026455026455027,0.4973544973544973,,,,,,,N/A,NO_STRESS
2009-09-17,23.65,121.80000305175781,,,,-0.21061333687007355,-0.008042264227080398,,,0.498015873015873,0.47354497354497355,,,,,,,N/A,NO_STRESS
2009-09-18,23.92,121.4000015258789,,,,-0.1926098327591458,-0.018971083546615784,,,0.5105820105820106,0.4708994708994709,,,,,,,N/A,NO_STRESS
2009-09-21,24.06,118.4000015258789,,,,-0.18393854253259026,-0.08859453366565588,,,0.5218253968253969,0.4312169312169312,,,,,,,N/A,NO_STRESS
2009-09-22,23.08,118.0,,,,-0.25595449052223823,-0.09955602151142708,,,0.4576719576719577,0.42592592592592593,,,,,,,N/A,NO_STRESS
2009-09-23,23.49,111.9000015258789,,,,-0.22772460432709435,-0.23950681583078942,,,0.48478835978835977,0.37566137566137564,,,,,,,N/A,NO_STRESS
2009-09-24,24.95,109.80000305175781,,,,-0.12363503583224658,-0.2888197234793467,,,0.5667989417989417,0.35185185185185186,,,,,,,N/A,NO_STRESS
2009-09-25,25.61,110.69999694824219,,,,-0.07733817875301946,-0.27011823446685795,,,0.6104497354497355,0.36177248677248675,,,,,,,N/A,NO_STRESS
2009-09-28,24.88,109.9000015258789,,,,-0.1315787622725238,-0.29013138883826295,,,0.5568783068783069,0.35185185185185186,,,,,,,N/A,NO_STRESS
2009-09-29,25.19,115.19999694824219,,,,-0.1105661233132331,-0.1714796077981488,,,0.5846560846560847,0.4007936507936508,,,,,,,N/A,NO_STRESS
2009-09-30,25.61,113.80000305175781,,,,-0.0815877723465352,-0.20523396460810314,,,0.6097883597883598,0.3915343915343915,,,,,,,N/A,NO_STRESS
2009-10-01,28.27,112.5999984741211,,,,0.10977431582465923,-0.2343662236266289,,,0.703042328042328,0.3862433862433862,,,,,,,N/A,NO_STRESS
2009-10-02,28.68,107.80000305175781,,,,0.1379614422858947,-0.3457930384655482,,,0.7116402116402116,0.3306878306878307,,,,,,,N/A,NO_STRESS
2009-10-05,26.84,105.69999694824219,,,,0.0027224720611960652,-0.3955328783160162,,,0.6653439153439153,0.31746031746031744,,,,,,,N/A,NO_STRESS
2009-10-06,25.7,107.19999694824219,,,,-0.08168701131541274,-0.3628603994010141,,,0.6124338624338624,0.3253968253968254,,,,,,,N/A,NO_STRESS
2009-10-07,24.68,105.0999984741211,,,,-0.1574451778304663,-0.4125782336777344,,,0.5376984126984127,0.3134920634920635,,,,,,,N/A,NO_STRESS
2009-10-08,24.18,101.80000305175781,,,,-0.1953945855220719,-0.4898360998696432,,,0.5171957671957672,0.2810846560846561,,,,,,,N/A,NO_STRESS
2009-10-09,23.12,114.69999694824219,,,,-0.2742040810073705,-0.19537687599328118,,,0.4437830687830688,0.39616402116402116,,,,,,,N/A,NO_STRESS
2009-10-12,23.01,114.69999694824219,,,,-0.28375383747722827,-0.19711727526529368,,,0.43452380952380953,0.3955026455026455,,,,,,,N/A,NO_STRESS
2009-10-13,22.99,111.0999984741211,,,,-0.2867487416441196,-0.28175925922653794,,,0.43253968253968256,0.35978835978835977,,,,,,,N/A,NO_STRESS
2009-10-14,22.86,115.4000015258789,,,,-0.2977983631266985,-0.18451212576346146,,,0.42063492063492064,0.4021164021164021,,,,,,,N/A,NO_STRESS
2009-10-15,21.72,117.80000305175781,,,,-0.3827209190890311,-0.13097996174506404,,,0.38492063492063494,0.42328042328042326,,,,,,,N/A,NO_STRESS
2009-10-16,21.43,117.4000015258789,,,,-0.40542773022213086,-0.14206926412859672,,,0.375,0.419973544973545,,,,,,,N/A,NO_STRESS
2009-10-19,21.49,114.69999694824219,,,,-0.40240622644648444,-0.20637180617098008,,,0.376984126984127,0.39087301587301587,,,,,,,N/A,NO_STRESS
2009-10-20,20.9,108.9000015258789,,,,-0.4468313807794674,-0.3424438384285463,,,0.3478835978835979,0.3247354497354497,,,,,,,N/A,NO_STRESS
2009-10-21,22.22,111.9000015258789,,,,-0.35118043057742115,-0.27455237926663173,,,0.39021164021164023,0.3630952380952381,,,,,,,N/A,NO_STRESS
2009-10-22,20.69,111.19999694824219,,,,-0.46496625720246176,-0.29248355459641556,,,0.33201058201058203,0.3531746031746032,,,,,,,N/A,NO_STRESS
2009-10-23,22.27,113.4000015258789,,,,-0.3501435189255085,-0.24299383947564224,,,0.3915343915343915,0.38095238095238093,,,,,,,N/A,NO_STRESS
2009-10-26,24.31,118.5,,,,-0.20135009130191303,-0.12589037544884782,,,0.5218253968253969,0.43253968253968256,,,,,,,N/A,NO_STRESS
2009-10-27,24.83,114.0999984741211,,,,-0.16450536910235303,-0.22993498546212846,,,0.5462962962962963,0.38227513227513227,,,,,,,N/A,NO_STRESS
2009-10-28,27.91,113.30000305175781,,,,0.06107206001714648,-0.2501049135352943,,,0.6891534391534392,0.376984126984127,,,,,,,N/A,NO_STRESS
2009-10-29,24.76,116.5999984741211,,,,-0.17290781237998779,-0.17454306522183688,,,0.5390211640211641,0.4107142857142857,,,,,,,N/A,NO_STRESS
2009-10-30,30.69,113.5,,,,0.2636244365939552,-0.2483034124222506,,,0.7473544973544973,0.3776455026455027,,,,,,,N/A,NO_STRESS
2009-11-02,29.78,113.69999694824219,,,,0.1947695185623319,-0.24518638190104036,,,0.7321428571428571,0.3783068783068783,,,,,,,N/A,NO_STRESS
2009-11-03,28.81,114.0,,,,0.12134469233311691,-0.2398453055932753,,,0.7103174603174603,0.37962962962962965,,,,,,,N/A,NO_STRESS
2009-11-04,27.72,116.19999694824219,,,,0.038982471918868423,-0.19016033723060977,,,0.6798941798941799,0.40343915343915343,,,,,,,N/A,NO_STRESS
2009-11-05,25.43,112.69999694824219,,,,-0.13242388670479377,-0.2740386874406762,,,0.5826719576719577,0.36772486772486773,,,,,,,N/A,NO_STRESS
2009-11-06,24.19,105.0,,,,-0.22608319920018416,-0.4566059833519131,,,0.5052910052910053,0.2857142857142857,,,,,,,N/A,NO_STRESS
2009-11-09,23.15,99.9000015258789,,,,-0.30494537716201026,-0.5782279675498265,,,0.43187830687830686,0.24867724867724866,,,,,,,N/A,NO_STRESS
2009-11-10,22.84,95.69999694824219,,,,-0.3295150334196322,-0.6788288970994185,,,0.40476190476190477,0.23148148148148148,,,,,,,N/A,NO_STRESS
2009-11-11,23.04,95.69999694824219,,,,-0.3161954671880603,-0.6805625927840452,,,0.421957671957672,0.23082010582010581,,,,,,,N/A,NO_STRESS
2009-11-12,24.24,102.19999694824219,,,,-0.22839447825181702,-0.5292289954786968,,,0.5066137566137566,0.2566137566137566,,,,,,,N/A,NO_STRESS
2009-11-13,23.36,97.19999694824219,,,,-0.2955888056074546,-0.6491613315987228,,,0.44047619047619047,0.23544973544973544,,,,,,,N/A,NO_STRESS
2009-11-16,22.89,92.5,,,,-0.33210747961067383,-0.7618221061789588,,,0.4054232804232804,0.21693121693121692,,,,,,,N/A,NO_STRESS
2009-11-17,22.41,91.19999694824219,,,,-0.3693847489599085,-0.7941021042657583,,,0.3716931216931217,0.21164021164021163,,,,,,,N/A,NO_STRESS
2009-11-18,21.63,89.0999984741211,,,,-0.42910786337981555,-0.8453409729656818,,,0.3558201058201058,0.20899470899470898,,,,,,,N/A,NO_STRESS
2009-11-19,22.63,86.9000015258789,,,,-0.35578082764027597,-0.8988839323211607,,,0.3862433862433862,0.207010582010582,,,,,,,N/A,NO_STRESS
2009-11-20,22.19,87.30000305175781,,,,-0.39020919435995854,-0.8907516356573174,,,0.3637566137566138,0.20767195767195767,,,,,,,N/A,NO_STRESS
2009-11-23,21.16,87.69999694824219,,,,-0.4687748097598825,-0.8825673169041226,,,0.3306878306878307,0.20767195767195767,,,,,,,N/A,NO_STRESS
2009-11-24,20.47,83.69999694824219,,,,-0.5218411375010794,-0.9787452395738353,,,0.2923280423280423,0.1984126984126984,,,,,,,N/A,NO_STRESS
2009-11-25,20.48,82.80000305175781,,,,-0.5223734441887892,-1.0012448475380744,,,0.2923280423280423,0.19642857142857142,,,,,,,N/A,NO_STRESS
2009-11-26,20.48,82.80000305175781,,,,-0.5235822951835066,-1.0020487807825427,,,0.2916666666666667,0.19576719576719576,,,,,,,N/A,NO_STRESS
2009-11-27,24.85,88.9000015258789,,,,-0.19638128154633985,-0.8578987895465878,,,0.5383597883597884,0.20767195767195767,,,,,,,N/A,NO_STRESS
2009-11-30,24.51,86.0999984741211,,,,-0.2234014045428836,-0.9257856306749312,,,0.5185185185185185,0.19973544973544974,,,,,,,N/A,NO_STRESS
2009-12-01,21.92,87.5,,,,-0.41988563289286296,-0.8939242606846585,,,0.3558201058201058,0.20502645502645503,,,,,,,N/A,NO_STRESS
2009-12-02,21.12,88.0999984741211,,,,-0.48150146343216316,-0.8813196531460629,,,0.3201058201058201,0.20634920634920634,,,,,,,N/A,NO_STRESS
2009-12-03,22.46,93.0999984741211,,,,-0.38180224723297546,-0.7637833306246017,,,0.3716931216931217,0.21957671957671956,,,,,,,N/A,NO_STRESS
2009-12-04,21.25,95.30000305175781,,,,-0.4746653056922225,-0.713029825956058,,,0.3333333333333333,0.22354497354497355,,,,,,,N/A,NO_STRESS
2009-12-07,22.1,89.80000305175781,,,,-0.4120222664595261,-0.8464315047756311,,,0.3584656084656085,0.20634920634920634,,,,,,,N/A,NO_STRESS
2009-12-08,23.69,86.0999984741211,,,,-0.293363131606084,-0.9367501797169732,,,0.4675925925925926,0.19246031746031747,,,,,,,N/A,NO_STRESS
2009-12-09,22.66,90.0,,,,-0.3729636214366815,-0.8451069860535955,,,0.3862433862433862,0.20634920634920634,,,,,,,N/A,NO_STRESS
2009-12-10,22.32,90.9000015258789,,,,-0.4003243462736901,-0.8254497372743985,,,0.3611111111111111,0.20767195767195767,,,,,,,N/A,NO_STRESS
2009-12-11,21.59,94.0,,,,-0.4572480383312412,-0.7531285303078308,,,0.3412698412698413,0.2208994708994709,,,,,,,N/A,NO_STRESS
2009-12-14,21.15,93.30000305175781,,,,-0.49224197552980864,-0.772191201433585,,,0.31547619047619047,0.21693121693121692,,,,,,,N/A,NO_STRESS
2009-12-15,21.49,96.80000305175781,,,,-0.46790205803575524,-0.6901401551541966,,,0.3353174603174603,0.23412698412698413,,,,,,,N/A,NO_STRESS
2009-12-16,20.54,94.4000015258789,,,,-0.5417731080842312,-0.7503084721043457,,,0.2791005291005291,0.2208994708994709,,,,,,,N/A,NO_STRESS
2009-12-17,22.51,92.5999984741211,,,,-0.39335828743217865,-0.7960167520919921,,,0.37433862433862436,0.20965608465608465,,,,,,,N/A,NO_STRESS
2009-12-18,21.68,93.80000305175781,,,,-0.4581495931786291,-0.7689888852223347,,,0.34325396825396826,0.21693121693121692,,,,,,,N/A,NO_STRESS
2009-12-21,20.49,102.5999984741211,,,,-0.5504354727485299,-0.5579523984404211,,,0.2718253968253968,0.2619047619047619,,,,,,,N/A,NO_STRESS
2009-12-22,19.54,107.69999694824219,,,,-0.6243341200948356,-0.4364218613560551,,,0.2275132275132275,0.30224867724867727,,,,,,,N/A,NO_STRESS
2009-12-23,19.71,102.4000015258789,,,,-0.6127313714022478,-0.5672993671221318,,,0.23809523809523808,0.25595238095238093,,,,,,,N/A,NO_STRESS
2009-12-24,19.47,105.0,,,,-0.6325870646070075,-0.5061593817348481,,,0.22486772486772486,0.2837301587301587,,,,,,,N/A,NO_STRESS
2009-12-25,19.47,105.0,,,,-0.6340956107873229,-0.5083137689129273,,,0.22420634920634921,0.2830687830687831,,,,,,,N/A,NO_STRESS
2009-12-28,19.93,108.19999694824219,,,,-0.6004060513342011,-0.43267726657403593,,,0.2447089947089947,0.3062169312169312,,,,,,,N/A,NO_STRESS
2009-12-29,20.01,108.9000015258789,,,,-0.5957747566367245,-0.4180969650248028,,,0.2447089947089947,0.3082010582010582,,,,,,,N/A,NO_STRESS
2009-12-30,19.96,104.4000015258789,,,,-0.6011082579779075,-0.5308113629843869,,,0.24338624338624337,0.27314814814814814,,,,,,,N/A,NO_STRESS
2009-12-31,21.68,107.5,,,,-0.47048529613263024,-0.45698974851821755,,,0.3425925925925926,0.296957671957672,,,,,,,N/A,NO_STRESS
2010-01-01,21.68,107.5,,,,-0.4721190957400526,-0.45933699030727354,,,0.3419312169312169,0.2962962962962963,,,,,,,N/A,NO_STRESS
2010-01-04,20.04,106.4000015258789,,,,-0.5999304569309922,-0.4887050288800006,,,0.2447089947089947,0.2857142857142857,,,,,,,N/A,NO_STRESS
2010-01-05,19.35,102.5,,,,-0.6544322687082981,-0.5871601560842847,,,0.20899470899470898,0.2466931216931217,,,,,,,N/A,NO_STRESS
2010-01-06,19.16,106.9000015258789,,,,-0.6706094218803802,-0.4808249997910636,,,0.20634920634920634,0.29034391534391535,,,,,,,N/A,NO_STRESS
2010-01-07,19.06,104.4000015258789,,,,-0.6798643838466469,-0.5449968920068309,,,0.2037037037037037,0.2671957671957672,,,,,,,N/A,NO_STRESS
2010-01-08,18.13,96.30000305175781,,,,-0.7532356245818135,-0.74785503715911,,,0.16865079365079366,0.210978835978836,,,,,,,N/A,NO_STRESS
2010-01-11,17.55,93.0,,,,-0.7995689427386741,-0.8318741016832101,,,0.15079365079365079,0.19047619047619047,,,,,,,N/A,NO_STRESS
2010-01-12,18.25,92.69999694824219,,,,-0.7468612383362704,-0.841475271565599,,,0.17328042328042328,0.18783068783068782,,,,,,,N/A,NO_STRESS
2010-01-13,17.85,95.5,,,,-0.7793077898303972,-0.7740271535759919,,,0.16005291005291006,0.20502645502645503,,,,,,,N/A,NO_STRESS
2010-01-14,17.63,91.0999984741211,,,,-0.7978027443576922,-0.8859874463811508,,,0.15145502645502645,0.17592592592592593,,,,,,,N/A,NO_STRESS
2010-01-15,17.91,89.80000305175781,,,,-0.7775178625113239,-0.92078030155824,,,0.16005291005291006,0.16997354497354497,,,,,,,N/A,NO_STRESS
2010-01-18,17.91,89.80000305175781,,,,-0.778896390681147,-0.9231295970383763,,,0.1593915343915344,0.1693121693121693,,,,,,,N/A,NO_STRESS
2010-01-19,17.58,87.9000015258789,,,,-0.8057917657930898,-0.9726298227186652,,,0.14616402116402116,0.1626984126984127,,,,,,,N/A,NO_STRESS
2010-01-20,18.68,88.30000305175781,,,,-0.7202222707456682,-0.9638929869645639,,,0.1931216931216931,0.164021164021164,,,,,,,N/A,NO_STRESS
2010-01-21,22.27,87.5,,,,-0.4416826952357249,-0.9852266734795309,,,0.3578042328042328,0.15806878306878308,,,,,,,N/A,NO_STRESS
2010-01-22,27.31,88.30000305175781,,,,-0.05035794289250554,-0.9662474882692379,,,0.6666666666666666,0.16335978835978837,,,,,,,N/A,NO_STRESS
2010-01-25,25.41,88.0999984741211,,,,-0.19919168961278125,-0.9720552163614846,,,0.578042328042328,0.16071428571428573,,,,,,,N/A,NO_STRESS
2010-01-26,24.55,88.80000305175781,,,,-0.26680318980759454,-0.9554726230512909,,,0.5185185185185185,0.164021164021164,,,,,,,N/A,NO_STRESS
2010-01-27,23.14,86.30000305175781,,,,-0.37767116632748904,-1.0197250550325947,,,0.4193121693121693,0.14682539682539683,,,,,,,N/A,NO_STRESS
2010-01-28,23.73,87.9000015258789,,,,-0.33271378659549367,-0.9807010976787078,,,0.4642857142857143,0.15674603174603174,,,,,,,N/A,NO_STRESS
2010-01-29,24.62,86.30000305175781,,,,-0.2644976799962483,-1.0221875355454415,,,0.5211640211640212,0.14484126984126985,,,,,,,N/A,NO_STRESS
2010-02-01,22.59,85.30000305175781,,,,-0.42422754174529204,-1.0490842446696984,,,0.37037037037037035,0.1402116402116402,,,,,,,N/A,NO_STRESS
2010-02-02,21.48,83.69999694824219,,,,-0.5120845985920599,-1.0908957093911258,,,0.31746031746031744,0.13558201058201058,,,,,,,N/A,NO_STRESS
2010-02-03,21.6,90.0,,,,-0.5031734499109922,-0.9332717990707867,,,0.3253968253968254,0.1712962962962963,,,,,,,N/A,NO_STRESS
2010-02-04,26.08,90.9000015258789,,,,-0.15367638179423046,-0.9120313110385486,,,0.625,0.17394179894179895,,,,,,,N/A,NO_STRESS
2010-02-05,26.11,89.0999984741211,,,,-0.15241169329494683,-0.9590310533351012,,,0.6256613756613757,0.16335978835978837,,,,,,,N/A,NO_STRESS
2010-02-08,26.51,88.0,,,,-0.12215674147397065,-0.9884077889518523,,,0.6494708994708994,0.15343915343915343,,,,,,,N/A,NO_STRESS
2010-02-09,26.0,88.0999984741211,,,,-0.16341512016351506,-0.9875436357549363,,,0.6177248677248677,0.15476190476190477,,,,,,,N/A,NO_STRESS
2010-02-10,25.4,90.19999694824219,,,,-0.21189973148354338,-0.9361210212518549,,,0.5707671957671958,0.17195767195767195,,,,,,,N/A,NO_STRESS
2010-02-11,23.96,89.19999694824219,,,,-0.3264375992130941,-0.9631726301515808,,,0.4695767195767196,0.1626984126984127,,,,,,,N/A,NO_STRESS
2010-02-12,22.73,87.0,,,,-0.4244210848640774,-1.0205194122351646,,,0.37433862433862436,0.1402116402116402,,,,,,,N/A,NO_STRESS
2010-02-15,22.73,87.0,,,,-0.4257891495958795,-1.021922660352491,,,0.37367724867724866,0.13955026455026456,,,,,,,N/A,NO_STRESS
2010-02-16,22.25,85.5,,,,-0.4648628871976294,-1.061415959949957,,,0.335978835978836,0.1283068783068783,,,,,,,N/A,NO_STRESS
2010-02-17,21.72,85.9000015258789,,,,-0.5078162811931847,-1.0525104413606028,,,0.3220899470899471,0.1283068783068783,,,,,,,N/A,NO_STRESS
2010-02-18,20.63,87.19999694824219,,,,-0.594579539322755,-1.0207463645362278,,,0.24867724867724866,0.1402116402116402,,,,,,,N/A,NO_STRESS
2010-02-19,20.02,84.9000015258789,,,,-0.6434512611161538,-1.0808794145075207,,,0.21362433862433863,0.12169312169312169,,,,,,,N/A,NO_STRESS
2010-02-22,19.94,81.4000015258789,,,,-0.6506231099515206,-1.1712661711708945,,,0.20899470899470898,0.1111111111111111,,,,,,,N/A,NO_STRESS
2010-02-23,21.37,83.9000015258789,,,,-0.5388135903407176,-1.1090118390535781,,,0.2962962962962963,0.11904761904761904,,,,,,,N/A,NO_STRESS
2010-02-24,20.27,83.19999694824219,,,,-0.6267704355878232,-1.1285535412898438,,,0.2261904761904762,0.11507936507936507,,,,,,,N/A,NO_STRESS
2010-02-25,20.1,82.19999694824219,,,,-0.64133730708355,-1.155503536038048,,,0.2156084656084656,0.10846560846560846,,,,,,,N/A,NO_STRESS
2010-02-26,19.5,81.19999694824219,,,,-0.6898492789714729,-1.1826192084110474,,,0.18386243386243387,0.10582010582010581,,,,,,,N/A,NO_STRESS
2010-03-01,19.26,79.4000015258789,,,,-0.7098897709660487,-1.2301168207703288,,,0.17328042328042328,0.10251322751322751,,,,,,,N/A,NO_STRESS
2010-03-02,19.06,78.4000015258789,,,,-0.7267726755674332,-1.2577043003385222,,,0.16732804232804233,0.0958994708994709,,,,,,,N/A,NO_STRESS
2010-03-03,18.83,78.9000015258789,,,,-0.7461082079951534,-1.2466969558318297,,,0.15873015873015872,0.09656084656084656,,,,,,,N/A,NO_STRESS
2010-03-04,18.72,76.0999984741211,,,,-0.7557729683359813,-1.3203371699154833,,,0.15476190476190477,0.08068783068783068,,,,,,,N/A,NO_STRESS
2010-03-05,17.42,78.9000015258789,,,,-0.8597873738988463,-1.250497014320774,,,0.10317460317460317,0.0958994708994709,,,,,,,N/A,NO_STRESS
2010-03-08,17.79,77.5999984741211,,,,-0.831536068658442,-1.285928696084683,,,0.11574074074074074,0.08862433862433862,,,,,,,N/A,NO_STRESS
2010-03-09,17.92,76.30000305175781,,,,-0.8223836836060732,-1.321212008183426,,,0.12301587301587301,0.07936507936507936,,,,,,,N/A,NO_STRESS
2010-03-10,18.57,75.9000015258789,,,,-0.7719650398698424,-1.3332497368116123,,,0.14417989417989419,0.07407407407407407,,,,,,,N/A,NO_STRESS
2010-03-11,18.06,75.5999984741211,,,,-0.8135973514479122,-1.3427123208809482,,,0.12566137566137567,0.07275132275132275,,,,,,,N/A,NO_STRESS
2010-03-12,17.58,76.4000015258789,,,,-0.8527813792394936,-1.3238342510299062,,,0.10317460317460317,0.08068783068783068,,,,,,,N/A,NO_STRESS
2010-03-15,18.0,77.30000305175781,,,,-0.8205235059324865,-1.3024560334301722,,,0.12235449735449735,0.08597883597883597,,,,,,,N/A,NO_STRESS
2010-03-16,17.69,76.9000015258789,,,,-0.8461272452962675,-1.3147929981471047,,,0.10714285714285714,0.082010582010582,,,,,,,N/A,NO_STRESS
2010-03-17,16.91,74.0999984741211,,,,-0.909056875482077,-1.3889369150456568,,,0.08664021164021164,0.06084656084656084,,,,,,,N/A,NO_STRESS
2010-03-18,16.62,75.9000015258789,,,,-0.9328901968366138,-1.344250802690799,,,0.07804232804232804,0.06944444444444445,,,,,,,N/A,NO_STRESS
2010-03-19,16.97,79.4000015258789,,,,-0.9058516988525536,-1.2555749334230806,,,0.08862433862433862,0.10185185185185185,,,,,,,N/A,NO_STRESS
2010-03-22,16.87,78.5,,,,-0.9147615744168571,-1.2810573168055126,,,0.08333333333333333,0.09259259259259259,,,,,,,N/A,NO_STRESS
2010-03-23,16.35,78.5999984741211,,,,-0.9567150712437794,-1.2803674558086862,,,0.07275132275132275,0.09259259259259259,,,,,,,N/A,NO_STRESS
2010-03-24,17.55,90.0999984741211,,,,-0.8617166441052525,-0.9837992284002992,,,0.0958994708994709,0.1693121693121693,,,,,,,N/A,NO_STRESS
2010-03-25,18.4,89.5,,,,-0.7948400232044373,-1.0017522295522578,,,0.1335978835978836,0.16137566137566137,,,,,,,N/A,NO_STRESS
2010-03-26,17.77,87.4000015258789,,,,-0.8461138731012603,-1.0588121216862758,,,0.10714285714285714,0.1388888888888889,,,,,,,N/A,NO_STRESS
2010-03-29,17.59,87.0999984741211,,,,-0.8614483519051568,-1.0693039344161954,,,0.0992063492063492,0.1349206349206349,,,,,,,N/A,NO_STRESS
2010-03-30,17.13,86.19999694824219,,,,-0.8990693136004707,-1.0957581132441248,,,0.0873015873015873,0.12433862433862433,,,,,,,N/A,NO_STRESS
2010-03-31,17.59,85.30000305175781,,,,-0.8631338342930496,-1.1222563397718002,,,0.09854497354497355,0.11706349206349206,,,,,,,N/A,NO_STRESS
2010-04-01,17.47,89.80000305175781,,,,-0.8736781153609071,-1.0073262746460399,,,0.08862433862433862,0.16335978835978837,,,,,,,N/A,NO_STRESS
2010-04-02,17.47,89.80000305175781,,,,-0.8744577634518799,-1.010560868631886,,,0.08796296296296297,0.1626984126984127,,,,,,,N/A,NO_STRESS
2010-04-05,17.02,90.0999984741211,,,,-0.9113781447139058,-1.00595832065477,,,0.08068783068783068,0.16865079365079366,,,,,,,N/A,NO_STRESS
2010-04-06,16.23,88.5999984741211,,,,-0.9752147434640575,-1.0488299612647158,,,0.057539682539682536,0.14947089947089948,,,,,,,N/A,NO_STRESS
2010-04-07,16.62,92.19999694824219,,,,-0.9444865882051818,-0.9571155051082466,,,0.06283068783068783,0.17989417989417988,,,,,,,N/A,NO_STRESS
2010-04-08,16.48,90.30000305175781,,,,-0.9563604522253208,-1.0109201765604094,,,0.06084656084656084,0.17063492063492064,,,,,,,N/A,NO_STRESS
2010-04-09,16.14,89.80000305175781,,,,-0.9842261554836409,-1.0275398562835394,,,0.05291005291005291,0.15806878306878308,,,,,,,N/A,NO_STRESS
2010-04-12,15.58,88.19999694824219,,,,-1.0298350265032978,-1.073003378199777,,,0.04497354497354497,0.14153439153439154,,,,,,,N/A,NO_STRESS
2010-04-13,16.2,86.69999694824219,,,,-0.9806845020242679,-1.1159795453495338,,,0.05291005291005291,0.11772486772486772,,,,,,,N/A,NO_STRESS
2010-04-14,15.59,85.30000305175781,,,,-1.0302710852077102,-1.1564096868857006,,,0.04431216931216931,0.10449735449735449,,,,,,,N/A,NO_STRESS
2010-04-15,15.89,83.9000015258789,,,,-1.0067611849727947,-1.1966968245405925,,,0.047619047619047616,0.09722222222222222,,,,,,,N/A,NO_STRESS
2010-04-16,18.36,82.9000015258789,,,,-0.8090294422916022,-1.2262332765326638,,,0.13227513227513227,0.09126984126984126,,,,,,,N/A,NO_STRESS
2010-04-19,17.34,82.30000305175781,,,,-0.8918831275887077,-1.24501159535751,,,0.082010582010582,0.08465608465608465,,,,,,,N/A,NO_STRESS
2010-04-20,15.73,78.30000305175781,,,,-1.0219625417222489,-1.3549287772280878,,,0.042328042328042326,0.061507936507936505,,,,,,,N/A,NO_STRESS
2010-04-21,16.32,79.9000015258789,,,,-0.9750922496366208,-1.3145066322983223,,,0.05423280423280423,0.07936507936507936,,,,,,,N/A,NO_STRESS
2010-04-22,16.47,80.0999984741211,,,,-0.9638193544581827,-1.3116200965844185,,,0.056216931216931214,0.07936507936507936,,,,,,,N/A,NO_STRESS
2010-04-23,16.62,85.19999694824219,,,,-0.9525162810656874,-1.1766985193049284,,,0.05952380952380952,0.10119047619047619,,,,,,,N/A,NO_STRESS
2010-04-26,17.47,83.0,,,,-0.8850044067143334,-1.2387583430145022,,,0.08597883597883597,0.08994708994708994,,,,,,,N/A,NO_STRESS
2010-04-27,22.81,88.9000015258789,,,,-0.4559160974071044,-1.0824469114870483,,,0.3776455026455027,0.1474867724867725,,,,,,,N/A,NO_STRESS
2010-04-28,21.08,87.19999694824219,,,,-0.5967229495431876,-1.1316839032262154,,,0.2724867724867725,0.12367724867724868,,,,,,,N/A,NO_STRESS
2010-04-29,18.44,83.30000305175781,,,,-0.810561151652331,-1.2401444695260266,,,0.13161375661375663,0.08862433862433862,,,,,,,N/A,NO_STRESS
2010-04-30,22.05,85.5,,,,-0.519705758381202,-1.181729584945352,,,0.328042328042328,0.10383597883597884,,,,,,,N/A,NO_STRESS
2010-05-03,20.19,83.5999984741211,,,,-0.6709127935086066,-1.233840170586944,,,0.21428571428571427,0.0873015873015873,,,,,,,N/A,NO_STRESS
2010-05-04,23.84,88.69999694824219,,,,-0.37708125269076576,-1.096786605407819,,,0.4603174603174603,0.14417989417989419,,,,,,,N/A,NO_STRESS
2010-05-05,24.91,95.80000305175781,,,,-0.2915569987345257,-0.9041528279055874,,,0.5357142857142857,0.20833333333333334,,,,,,,N/A,NO_STRESS
2010-05-06,32.8,116.69999694824219,,,,0.34544736924965785,-0.3361435239184985,,,0.7777777777777778,0.4113756613756614,,,,,,,N/A,NO_STRESS
2010-05-07,40.95,112.5999984741211,,,,1.0030414701876615,-0.4497054387351249,,,0.8373015873015873,0.3630952380952381,,,,,,,N/A,EQUITY_DRIVEN
2010-05-10,28.84,104.4000015258789,,,,0.02015482332953913,-0.6757465893282467,,,0.7076719576719577,0.2638888888888889,,,,,,,N/A,NO_STRESS
2010-05-11,28.32,96.80000305175781,,,,-0.023643918744264598,-0.8857492167002027,,,0.6957671957671958,0.210978835978836,,,,,,,N/A,NO_STRESS
2010-05-12,25.52,93.19999694824219,,,,-0.2526005252709741,-0.9863799626726761,,,0.576058201058201,0.18386243386243387,,,,,,,N/A,NO_STRESS
2010-05-13,26.68,89.5,,,,-0.15974645374398416,-1.0894087664608898,,,0.6494708994708994,0.14484126984126985,,,,,,,N/A,NO_STRESS
2010-05-14,31.24,99.80000305175781,,,,0.2095307669469984,-0.8084740272587826,,,0.7552910052910053,0.22354497354497355,,,,,,,N/A,NO_STRESS
2010-05-17,30.84,96.5999984741211,,,,0.17546480022103692,-0.8978638796579254,,,0.746031746031746,0.20767195767195767,,,,,,,N/A,NO_STRESS
2010-05-18,33.55,97.19999694824219,,,,0.39464686033998714,-0.8826972542925425,,,0.7843915343915344,0.210978835978836,,,,,,,N/A,NO_STRESS
2010-05-19,35.32,98.0999984741211,,,,0.5372854214599166,-0.8594534036146767,,,0.7936507936507936,0.21693121693121692,,,,,,,N/A,NO_STRESS
2010-05-20,45.79,110.9000015258789,,,,1.3869962728609135,-0.5087823910055141,,,0.8968253968253969,0.33134920634920634,,,,,,,N/A,EQUITY_DRIVEN
2010-05-21,40.1,108.69999694824219,,,,0.9208382132117361,-0.5713334838437235,,,0.8293650793650794,0.30158730158730157,,,,,,,N/A,EQUITY_DRIVEN
2010-05-24,38.32,107.0999984741211,,,,0.7735982303925386,-0.6172469389118335,,,0.8115079365079365,0.2857142857142857,,,,,,,N/A,EQUITY_DRIVEN
2010-05-25,34.61,112.69999694824219,,,,0.46933338157320004,-0.46450134267637994,,,0.7843915343915344,0.36574074074074076,,,,,,,N/A,NO_STRESS
2010-05-26,35.02,109.9000015258789,,,,0.5009620221338031,-0.5440393827962241,,,0.7857142857142857,0.3167989417989418,,,,,,,N/A,NO_STRESS
2010-05-27,29.68,111.5,,,,0.0634365673297329,-0.5018331619954769,,,0.7142857142857143,0.3373015873015873,,,,,,,N/A,NO_STRESS
2010-05-28,32.07,112.0999984741211,,,,0.25713753985597265,-0.48712106821422685,,,0.7572751322751323,0.35185185185185186,,,,,,,N/A,NO_STRESS
2010-05-31,32.07,112.0999984741211,,,,0.255478460300949,-0.4891926895569068,,,0.7566137566137566,0.35119047619047616,,,,,,,N/A,NO_STRESS
2010-06-01,35.54,110.30000305175781,,,,0.537632395675537,-0.5413205475067094,,,0.7896825396825397,0.31746031746031744,,,,,,,N/A,NO_STRESS
2010-06-02,30.17,105.19999694824219,,,,0.09651694577127416,-0.6850862738887208,,,0.7195767195767195,0.26322751322751325,,,,,,,N/A,NO_STRESS
2010-06-03,29.46,104.30000305175781,,,,0.03696972710770486,-0.7119691061874689,,,0.705026455026455,0.24735449735449735,,,,,,,N/A,NO_STRESS
2010-06-04,35.48,106.4000015258789,,,,0.5287954116335801,-0.6553090728645262,,,0.7883597883597884,0.2691798941798942,,,,,,,N/A,NO_STRESS
2010-06-07,36.57,106.0999984741211,,,,0.6162853311104731,-0.6658287319078268,,,0.8002645502645502,0.26587301587301587,,,,,,,N/A,EQUITY_DRIVEN
2010-06-08,33.7,108.69999694824219,,,,0.3789506841166449,-0.5953909758950625,,,0.7738095238095238,0.29298941798941797,,,,,,,N/A,NO_STRESS
2010-06-09,33.73,106.5999984741211,,,,0.37972015714186713,-0.6566655962000778,,,0.7738095238095238,0.2705026455026455,,,,,,,N/A,NO_STRESS
2010-06-10,30.57,103.30000305175781,,,,0.11840403126217952,-0.7515599130561473,,,0.7182539682539683,0.23214285714285715,,,,,,,N/A,NO_STRESS
2010-06-11,28.79,105.9000015258789,,,,-0.029564340367127226,-0.6809677680858837,,,0.6772486772486772,0.2612433862433862,,,,,,,N/A,NO_STRESS
2010-06-14,28.58,102.9000015258789,,,,-0.04815824086870646,-0.7676443661234175,,,0.6746031746031746,0.22354497354497355,,,,,,,N/A,NO_STRESS
2010-06-15,25.87,99.5999984741211,,,,-0.2726543367926719,-0.8625484564489868,,,0.5701058201058201,0.1984126984126984,,,,,,,N/A,NO_STRESS
2010-06-16,25.92,96.0,,,,-0.26945933392111443,-0.9657568909818075,,,0.5740740740740741,0.17328042328042328,,,,,,,N/A,NO_STRESS
2010-06-17,25.05,95.19999694824219,,,,-0.34215775843395496,-0.9897516583440025,,,0.5119047619047619,0.16137566137566137,,,,,,,N/A,NO_STRESS
2010-06-18,23.95,94.4000015258789,,,,-0.43338970793516096,-1.0124412215995264,,,0.4252645502645503,0.1593915343915344,,,,,,,N/A,NO_STRESS
2010-06-21,24.88,87.80000305175781,,,,-0.3566992690777002,-1.1986480051036104,,,0.4887566137566138,0.08862433862433862,,,,,,,N/A,NO_STRESS
2010-06-22,27.05,85.9000015258789,,,,-0.1782707584332123,-1.2513066948671268,,,0.6243386243386243,0.06283068783068783,,,,,,,N/A,NO_STRESS
2010-06-23,26.91,85.19999694824219,,,,-0.19022616389912714,-1.270076416245351,,,0.623015873015873,0.05489417989417989,,,,,,,N/A,NO_STRESS
2010-06-24,29.74,85.4000015258789,,,,0.04285887827054985,-1.2636159221020549,,,0.7023809523809523,0.06084656084656084,,,,,,,N/A,NO_STRESS
2010-06-25,28.53,84.69999694824219,,,,-0.05790957056789818,-1.2826939761652383,,,0.6706349206349206,0.05291005291005291,,,,,,,N/A,NO_STRESS
2010-06-28,29.0,84.19999694824219,,,,-0.019494827244652867,-1.295770692117334,,,0.6858465608465608,0.05291005291005291,,,,,,,N/A,NO_STRESS
2010-06-29,34.13,89.80000305175781,,,,0.40323243490790467,-1.1371627888249216,,,0.7764550264550265,0.12566137566137567,,,,,,,N/A,NO_STRESS
2010-06-30,34.54,89.69999694824219,,,,0.43575850628076335,-1.140228399470055,,,0.7777777777777778,0.12037037037037036,,,,,,,N/A,NO_STRESS
2010-07-01,32.86,93.80000305175781,,,,0.29571803412173525,-1.0246508236932648,,,0.7592592592592593,0.16071428571428573,,,,,,,N/A,NO_STRESS
2010-07-02,30.12,88.19999694824219,,,,0.06880222554698405,-1.1804743526234212,,,0.7076719576719577,0.10383597883597884,,,,,,,N/A,NO_STRESS
2010-07-05,30.12,88.19999694824219,,,,0.06860328431985382,-1.1784526710553536,,,0.707010582010582,0.10449735449735449,,,,,,,N/A,NO_STRESS
2010-07-06,29.65,82.5999984741211,,,,0.029410500794953224,-1.3337264223871932,,,0.6931216931216931,0.037037037037037035,,,,,,,N/A,NO_STRESS
2010-07-07,26.84,86.30000305175781,,,,-0.20281700470830236,-1.2279928489718237,,,0.6104497354497355,0.07671957671957672,,,,,,,N/A,NO_STRESS
2010-07-08,25.71,85.5,,,,-0.29568359794722215,-1.2490364100099596,,,0.5522486772486772,0.06746031746031746,,,,,,,N/A,NO_STRESS
2010-07-09,24.98,85.0999984741211,,,,-0.35536828090372985,-1.258300768374929,,,0.4933862433862434,0.0582010582010582,,,,,,,N/A,NO_STRESS
2010-07-12,24.43,82.19999694824219,,,,-0.4001848383922795,-1.3375683857908627,,,0.4537037037037037,0.03373015873015873,,,,,,,N/A,NO_STRESS
2010-07-13,24.56,80.30000305175781,,,,-0.3892220500379083,-1.3882934889382272,,,0.4603174603174603,0.03042328042328042,,,,,,,N/A,NO_STRESS
2010-07-14,24.89,79.0,,,,-0.36190258165113454,-1.421668701987808,,,0.4861111111111111,0.022486772486772486,,,,,,,N/A,NO_STRESS
2010-07-15,25.14,78.0999984741211,,,,-0.3415223879474037,-1.443796828381197,,,0.5138888888888888,0.01455026455026455,,,,,,,N/A,NO_STRESS
2010-07-16,26.25,81.19999694824219,,,,-0.2502067804372428,-1.3546325278282854,,,0.58994708994709,0.03505291005291005,,,,,,,N/A,NO_STRESS
2010-07-19,25.97,79.4000015258789,,,,-0.274006597308383,-1.402592225313123,,,0.5714285714285714,0.027777777777777776,,,,,,,N/A,NO_STRESS
2010-07-20,23.93,78.69999694824219,,,,-0.4428681030770671,-1.4197718485116086,,,0.4080687830687831,0.021164021164021163,,,,,,,N/A,NO_STRESS
2010-07-21,25.64,78.4000015258789,,,,-0.30137021367386874,-1.4255567887578693,,,0.548941798941799,0.017857142857142856,,,,,,,N/A,NO_STRESS
2010-07-22,24.63,78.80000305175781,,,,-0.38500134866726754,-1.4118526823508917,,,0.4603174603174603,0.023809523809523808,,,,,,,N/A,NO_STRESS
2010-07-23,23.47,78.9000015258789,,,,-0.48072820669067406,-1.4063380245907904,,,0.37896825396825395,0.026455026455026454,,,,,,,N/A,NO_STRESS
2010-07-26,22.73,77.30000305175781,,,,-0.5418330791019931,-1.4477723156866782,,,0.3187830687830688,0.012566137566137565,,,,,,,N/A,NO_STRESS
2010-07-27,23.19,77.0999984741211,,,,-0.5037678337274608,-1.4503025068747633,,,0.35978835978835977,0.011904761904761904,,,,,,,N/A,NO_STRESS
2010-07-28,24.25,76.30000305175781,,,,-0.4163058082965079,-1.469389570858797,,,0.4351851851851852,0.008597883597883597,,,,,,,N/A,NO_STRESS
2010-07-29,24.13,75.9000015258789,,,,-0.42617196609158053,-1.4771292291374731,,,0.42857142857142855,0.005291005291005291,,,,,,,N/A,NO_STRESS
2010-07-30,23.5,78.19999694824219,,,,-0.47820628001177595,-1.410782520832321,,,0.38227513227513227,0.021164021164021163,,,,,,,N/A,NO_STRESS
2010-08-02,22.01,77.5999984741211,,,,-0.6008430005725371,-1.424100200970831,,,0.2751322751322751,0.01917989417989418,,,,,,,N/A,NO_STRESS
2010-08-03,22.63,81.0999984741211,,,,-0.5489614199415687,-1.3246943499872228,,,0.3101851851851852,0.04894179894179894,,,,,,,N/A,NO_STRESS
2010-08-04,22.21,85.9000015258789,,,,-0.5832565590154996,-1.1900569582861213,,,0.28174603174603174,0.09523809523809523,,,,,,,N/A,NO_STRESS
2010-08-05,22.1,84.0,,,,-0.5919477292713127,-1.2396000032551604,,,0.27976190476190477,0.07671957671957672,,,,,,,N/A,NO_STRESS
2010-08-06,21.74,80.4000015258789,,,,-0.621265806793,-1.3354694412064243,,,0.2698412698412698,0.04894179894179894,,,,,,,N/A,NO_STRESS
2010-08-09,22.14,79.80000305175781,,,,-0.5878269921254533,-1.3487479003930194,,,0.2830687830687831,0.04497354497354497,,,,,,,N/A,NO_STRESS
2010-08-10,22.37,76.5999984741211,,,,-0.5682747224651962,-1.4329354823213107,,,0.2962962962962963,0.013227513227513227,,,,,,,N/A,NO_STRESS
2010-08-11,25.39,76.19999694824219,,,,-0.3194687445040629,-1.4406688356075645,,,0.5238095238095238,0.009259259259259259,,,,,,,N/A,NO_STRESS
2010-08-12,25.73,81.4000015258789,,,,-0.2920958740669818,-1.2964536273752665,,,0.5615079365079365,0.05886243386243386,,,,,,,N/A,NO_STRESS
2010-08-13,26.24,84.30000305175781,,,,-0.25065495930533294,-1.214842141852498,,,0.5925925925925926,0.08597883597883597,,,,,,,N/A,NO_STRESS
2010-08-16,26.1,92.80000305175781,,,,-0.2631198509081499,-0.9821323257479826,,,0.5846560846560847,0.19444444444444445,,,,,,,N/A,NO_STRESS
2010-08-17,24.33,90.9000015258789,,,,-0.4101995072665141,-1.0331634544624533,,,0.4470899470899471,0.18253968253968253,,,,,,,N/A,NO_STRESS
2010-08-18,24.59,87.5,,,,-0.3895056738621593,-1.1245547593241163,,,0.46164021164021163,0.12962962962962962,,,,,,,N/A,NO_STRESS
2010-08-19,26.44,91.0,,,,-0.2374762400818671,-1.0282038613371498,,,0.6044973544973545,0.1865079365079365,,,,,,,N/A,NO_STRESS
2010-08-20,25.49,93.19999694824219,,,,-0.31728495655910505,-0.9675961360921422,,,0.5297619047619048,0.20304232804232805,,,,,,,N/A,NO_STRESS
2010-08-23,25.66,95.5,,,,-0.3041949925075955,-0.9044314219346344,,,0.5482804232804233,0.21891534391534392,,,,,,,N/A,NO_STRESS
2010-08-24,27.46,97.5999984741211,,,,-0.1560907536838942,-0.8468066640373694,,,0.6296296296296297,0.23941798941798942,,,,,,,N/A,NO_STRESS
2010-08-25,26.7,100.69999694824219,,,,-0.22015696878648985,-0.7622303937377637,,,0.6111111111111112,0.25396825396825395,,,,,,,N/A,NO_STRESS
2010-08-26,27.37,104.4000015258789,,,,-0.16556405454565398,-0.6616222981765392,,,0.6283068783068783,0.28505291005291006,,,,,,,N/A,NO_STRESS
2010-08-27,24.45,109.19999694824219,,,,-0.4089035500658002,-0.5312639857511012,,,0.44576719576719576,0.33134920634920634,,,,,,,N/A,NO_STRESS
2010-08-30,27.21,109.69999694824219,,,,-0.18084680177845533,-0.5182111514389931,,,0.6216931216931217,0.33465608465608465,,,,,,,N/A,NO_STRESS
2010-08-31,26.05,103.69999694824219,,,,-0.2784033280147719,-0.6819710430818279,,,0.5740740740740741,0.2751322751322751,,,,,,,N/A,NO_STRESS
2010-09-01,23.89,110.0999984741211,,,,-0.4592602558001586,-0.5085295084687695,,,0.3941798941798942,0.3406084656084656,,,,,,,N/A,NO_STRESS
2010-09-02,23.19,103.19999694824219,,,,-0.5185458451601606,-0.6976115545663782,,,0.3458994708994709,0.2698412698412698,,,,,,,N/A,NO_STRESS
2010-09-03,21.31,95.30000305175781,,,,-0.6755485808040168,-0.914017955804788,,,0.22023809523809523,0.2123015873015873,,,,,,,N/A,NO_STRESS
2010-09-06,21.31,95.30000305175781,,,,-0.6761634730318826,-0.9151709531262998,,,0.21957671957671956,0.21164021164021163,,,,,,,N/A,NO_STRESS
2010-09-07,23.8,98.19999694824219,,,,-0.4693052346158406,-0.8372903086878523,,,0.38756613756613756,0.23809523809523808,,,,,,,N/A,NO_STRESS
2010-09-08,23.25,100.9000015258789,,,,-0.515632790602392,-0.7646672427430663,,,0.3478835978835979,0.24867724867724866,,,,,,,N/A,NO_STRESS
2010-09-09,22.81,104.9000015258789,,,,-0.5529842972930913,-0.6559173808754853,,,0.30687830687830686,0.2837301587301587,,,,,,,N/A,NO_STRESS
2010-09-10,21.99,107.30000305175781,,,,-0.6219537021221532,-0.5910645526254735,,,0.24801587301587302,0.3055555555555556,,,,,,,N/A,NO_STRESS
2010-09-13,21.21,105.5,,,,-0.6867619964492725,-0.6408497146339822,,,0.20833333333333334,0.2896825396825397,,,,,,,N/A,NO_STRESS
2010-09-14,21.56,102.4000015258789,,,,-0.6575489304455846,-0.7259944788704515,,,0.22883597883597884,0.2526455026455027,,,,,,,N/A,NO_STRESS
2010-09-15,22.1,102.69999694824219,,,,-0.6127617666620955,-0.7181472715983115,,,0.2552910052910053,0.25925925925925924,,,,,,,N/A,NO_STRESS
2010-09-16,21.72,103.80000305175781,,,,-0.6446152578872438,-0.687967486260856,,,0.23941798941798942,0.2718253968253968,,,,,,,N/A,NO_STRESS
2010-09-17,22.01,103.5999984741211,,,,-0.6205464684536262,-0.6934333471583469,,,0.24933862433862433,0.26851851851851855,,,,,,,N/A,NO_STRESS
2010-09-20,21.5,103.5999984741211,,,,-0.6634264190877532,-0.6935178982225427,,,0.2222222222222222,0.26785714285714285,,,,,,,N/A,NO_STRESS
2010-09-21,22.35,96.5999984741211,,,,-0.5928688323593987,-0.8850417407374357,,,0.26851851851851855,0.22156084656084657,,,,,,,N/A,NO_STRESS
2010-09-22,22.51,89.80000305175781,,,,-0.5797300760226267,-1.0707471585551063,,,0.2837301587301587,0.16203703703703703,,,,,,,N/A,NO_STRESS
2010-09-23,23.87,88.69999694824219,,,,-0.46696542941838953,-1.100742139640188,,,0.3921957671957672,0.14484126984126985,,,,,,,N/A,NO_STRESS
2010-09-24,21.71,83.69999694824219,,,,-0.6471457740317862,-1.2362591585472034,,,0.2328042328042328,0.07407407407407407,,,,,,,N/A,NO_STRESS
2010-09-27,22.54,85.69999694824219,,,,-0.5777600433220891,-1.1801791070187948,,,0.28703703703703703,0.0992063492063492,,,,,,,N/A,NO_STRESS
2010-09-28,22.6,84.5999984741211,,,,-0.5725061448567719,-1.2088455331864945,,,0.2923280423280423,0.08333333333333333,,,,,,,N/A,NO_STRESS
2010-09-29,23.25,85.5999984741211,,,,-0.5184974552848126,-1.1805098795638225,,,0.3472222222222222,0.10052910052910052,,,,,,,N/A,NO_STRESS
2010-09-30,23.7,85.0999984741211,,,,-0.4805537431998658,-1.1924689238910022,,,0.3835978835978836,0.08796296296296297,,,,,,,N/A,NO_STRESS
2010-10-01,22.5,86.5,,,,-0.5802550380671349,-1.1524819860188282,,,0.2804232804232804,0.1164021164021164,,,,,,,N/A,NO_STRESS
2010-10-04,23.53,96.69999694824219,,,,-0.49363315403042995,-0.8734519105953049,,,0.3723544973544973,0.23148148148148148,,,,,,,N/A,NO_STRESS
2010-10-05,21.76,89.19999694824219,,,,-0.6401919400579206,-1.0763952015588287,,,0.23809523809523808,0.16203703703703703,,,,,,,N/A,NO_STRESS
2010-10-06,21.49,90.4000015258789,,,,-0.6623310901494823,-1.0428678996777578,,,0.2156084656084656,0.1865079365079365,,,,,,,N/A,NO_STRESS
2010-10-07,21.56,87.80000305175781,,,,-0.6558563672051956,-1.1130925149113846,,,0.22156084656084657,0.13558201058201058,,,,,,,N/A,NO_STRESS
2010-10-08,20.71,80.0999984741211,,,,-0.7257077755409298,-1.3208506411629009,,,0.17063492063492064,0.04828042328042328,,,,,,,N/A,NO_STRESS
2010-10-11,18.96,80.0999984741211,,,,-0.8705524912825582,-1.3192052114064268,,,0.09391534391534391,0.04894179894179894,,,,,,,N/A,NO_STRESS
2010-10-12,18.93,78.30000305175781,,,,-0.8718790427983957,-1.3661328080708393,,,0.09391534391534391,0.027116402116402115,,,,,,,N/A,NO_STRESS
2010-10-13,19.07,81.30000305175781,,,,-0.8592334005679185,-1.282488159605884,,,0.09986772486772487,0.05952380952380952,,,,,,,N/A,NO_STRESS
2010-10-14,19.88,84.5999984741211,,,,-0.7906986694179156,-1.190987597221586,,,0.12962962962962962,0.08928571428571429,,,,,,,N/A,NO_STRESS
2010-10-15,19.03,88.0999984741211,,,,-0.8602094440527623,-1.0945011217034257,,,0.09656084656084656,0.15013227513227514,,,,,,,N/A,NO_STRESS
2010-10-18,19.09,89.5,,,,-0.8541405397214367,-1.055117122939084,,,0.10317460317460317,0.1746031746031746,,,,,,,N/A,NO_STRESS
2010-10-19,20.63,88.5999984741211,,,,-0.7248756799731868,-1.0772868872014416,,,0.17261904761904762,0.16071428571428573,,,,,,,N/A,NO_STRESS
2010-10-20,19.79,87.0999984741211,,,,-0.7937137035381081,-1.1153080588489128,,,0.12962962962962962,0.1302910052910053,,,,,,,N/A,NO_STRESS
2010-10-21,19.27,89.5999984741211,,,,-0.8361223464049711,-1.0456096821409733,,,0.10714285714285714,0.17989417989417988,,,,,,,N/A,NO_STRESS
2010-10-22,18.78,92.4000015258789,,,,-0.8759377019293594,-0.9679047000609307,,,0.08862433862433862,0.21164021164021163,,,,,,,N/A,NO_STRESS
2010-10-25,19.85,90.30000305175781,,,,-0.7865551944567785,-1.0224274423907216,,,0.13624338624338625,0.2003968253968254,,,,,,,N/A,NO_STRESS
2010-10-26,20.22,97.4000015258789,,,,-0.7552829523833767,-0.8291300611882824,,,0.15343915343915343,0.2566137566137566,,,,,,,N/A,NO_STRESS
2010-10-27,20.71,99.9000015258789,,,,-0.7141200340124039,-0.7599920854261866,,,0.18716931216931218,0.26521164021164023,,,,,,,N/A,NO_STRESS
2010-10-28,20.88,98.69999694824219,,,,-0.6997470729425181,-0.7905884591794725,,,0.1970899470899471,0.2619047619047619,,,,,,,N/A,NO_STRESS
2010-10-29,21.2,99.80000305175781,,,,-0.67322551589272,-0.7593109836236503,,,0.21693121693121692,0.26521164021164023,,,,,,,N/A,NO_STRESS
2010-11-01,21.83,98.69999694824219,,,,-0.6210863631940098,-0.7872088430038744,,,0.2605820105820106,0.26256613756613756,,,,,,,N/A,NO_STRESS
2010-11-02,21.57,98.30000305175781,,,,-0.6427991785603377,-0.7966286333231418,,,0.24074074074074073,0.2619047619047619,,,,,,,N/A,NO_STRESS
2010-11-03,19.56,83.0999984741211,,,,-0.8089819763560121,-1.2027428494043548,,,0.12301587301587301,0.07407407407407407,,,,,,,N/A,NO_STRESS
2010-11-04,18.52,82.0999984741211,,,,-0.8945730463696258,-1.226389280703759,,,0.07804232804232804,0.06349206349206349,,,,,,,N/A,NO_STRESS
2010-11-05,18.26,81.69999694824219,,,,-0.9153525431989205,-1.2339252831731857,,,0.07275132275132275,0.06349206349206349,,,,,,,N/A,NO_STRESS
2010-11-08,18.29,82.5,,,,-0.9119660365393342,-1.2093305243369983,,,0.07407407407407407,0.0701058201058201,,,,,,,N/A,NO_STRESS
2010-11-09,19.08,90.4000015258789,,,,-0.8455636217500908,-0.9951017131589552,,,0.10846560846560846,0.20833333333333334,,,,,,,N/A,NO_STRESS
2010-11-10,18.47,91.5999984741211,,,,-0.8953615944520513,-0.9606624007377691,,,0.08002645502645503,0.21825396825396826,,,,,,,N/A,NO_STRESS
2010-11-11,18.64,91.5999984741211,,,,-0.8807232071125154,-0.9582749446752444,,,0.08994708994708994,0.21891534391534392,,,,,,,N/A,NO_STRESS
2010-11-12,20.61,97.69999694824219,,,,-0.7175672321847847,-0.7928229747978741,,,0.1865079365079365,0.26851851851851855,,,,,,,N/A,NO_STRESS
2010-11-15,20.2,103.9000015258789,,,,-0.7518316725216099,-0.6252336942024485,,,0.16137566137566137,0.30952380952380953,,,,,,,N/A,NO_STRESS
2010-11-16,22.58,100.80000305175781,,,,-0.5552927309199329,-0.7065811255898566,,,0.31746031746031744,0.2843915343915344,,,,,,,N/A,NO_STRESS
2010-11-17,21.76,95.0999984741211,,,,-0.6237491341617271,-0.8571614898546505,,,0.26521164021164023,0.24206349206349206,,,,,,,N/A,NO_STRESS
2010-11-18,18.75,98.5999984741211,,,,-0.8732464870456275,-0.7617514484597003,,,0.08994708994708994,0.2751322751322751,,,,,,,N/A,NO_STRESS
2010-11-19,18.04,94.5,,,,-0.9316603265821047,-0.8694570325628723,,,0.06349206349206349,0.24206349206349206,,,,,,,N/A,NO_STRESS
2010-11-22,18.37,90.5999984741211,,,,-0.903864801859569,-0.971403306413538,,,0.07804232804232804,0.21031746031746032,,,,,,,N/A,NO_STRESS
2010-11-23,20.63,90.80000305175781,,,,-0.7163247530075839,-0.9636875609483073,,,0.18783068783068782,0.21164021164021163,,,,,,,N/A,NO_STRESS
2010-11-24,19.56,101.0,,,,-0.8044633365053577,-0.6894577503947882,,,0.1302910052910053,0.29365079365079366,,,,,,,N/A,NO_STRESS
2010-11-25,19.56,101.0,,,,-0.803859446793145,-0.6877123533049574,,,0.13095238095238096,0.2943121693121693,,,,,,,N/A,NO_STRESS
2010-11-26,22.22,100.80000305175781,,,,-0.5835732970445227,-0.6913692683765981,,,0.29298941798941797,0.2916666666666667,,,,,,,N/A,NO_STRESS
2010-11-29,21.53,100.4000015258789,,,,-0.6403485225313755,-0.7005367262732914,,,0.24735449735449735,0.2896825396825397,,,,,,,N/A,NO_STRESS
2010-11-30,23.54,101.9000015258789,,,,-0.47391471848097805,-0.6592724157200576,,,0.3994708994708995,0.3002645502645503,,,,,,,N/A,NO_STRESS
2010-12-01,21.36,110.0999984741211,,,,-0.6537991165326745,-0.43981758040766156,,,0.23677248677248677,0.39021164021164023,,,,,,,N/A,NO_STRESS
2010-12-02,19.39,109.30000305175781,,,,-0.8160701444992734,-0.460447198272661,,,0.11772486772486772,0.37962962962962965,,,,,,,N/A,NO_STRESS
2010-12-03,18.01,102.69999694824219,,,,-0.9292664237434772,-0.6356280573448619,,,0.06349206349206349,0.3101851851851852,,,,,,,N/A,NO_STRESS
2010-12-06,18.02,98.19999694824219,,,,-0.9274211449957044,-0.7542651792555289,,,0.06481481481481481,0.2771164021164021,,,,,,,N/A,NO_STRESS
2010-12-07,17.99,110.4000015258789,,,,-0.9290014599805697,-0.42810429252742926,,,0.062169312169312166,0.4001322751322751,,,,,,,N/A,NO_STRESS
2010-12-08,17.74,112.0999984741211,,,,-0.9486314623539558,-0.38203667892389015,,,0.05026455026455026,0.4212962962962963,,,,,,,N/A,NO_STRESS
2010-12-09,17.25,109.0,,,,-0.9877924663720002,-0.4638009203580585,,,0.03042328042328042,0.37896825396825395,,,,,,,N/A,NO_STRESS
2010-12-10,17.61,110.80000305175781,,,,-0.9563090800570532,-0.41491658597444325,,,0.047619047619047616,0.4060846560846561,,,,,,,N/A,NO_STRESS
2010-12-13,17.55,110.4000015258789,,,,-0.9596396520882353,-0.42461195423321013,,,0.03968253968253968,0.4021164021164021,,,,,,,N/A,NO_STRESS
2010-12-14,17.61,118.4000015258789,,,,-0.9530910381499399,-0.21067889140692722,,,0.0496031746031746,0.49404761904761907,,,,,,,N/A,NO_STRESS
2010-12-15,17.94,125.19999694824219,,,,-0.9239614805820849,-0.02861390042436011,,,0.06746031746031746,0.5667989417989417,,,,,,,N/A,NO_STRESS
2010-12-16,17.39,122.69999694824219,,,,-0.9673941448265366,-0.09384970559455436,,,0.03306878306878307,0.5423280423280423,,,,,,,N/A,NO_STRESS
2010-12-17,16.11,119.0999984741211,,,,-1.070678932863174,-0.1882381710266401,,,0.006613756613756613,0.5046296296296297,,,,,,,N/A,NO_STRESS
2010-12-20,16.41,112.69999694824219,,,,-1.0438698743496058,-0.35728788392454236,,,0.015873015873015872,0.4365079365079365,,,,,,,N/A,NO_STRESS
2010-12-21,16.49,104.19999694824219,,,,-1.035338539038836,-0.5826779612477738,,,0.021164021164021163,0.32936507936507936,,,,,,,N/A,NO_STRESS
2010-12-22,15.45,106.4000015258789,,,,-1.1185552723712002,-0.5220645169426135,,,0.0013227513227513227,0.3544973544973545,,,,,,,N/A,NO_STRESS
2010-12-23,16.47,106.80000305175781,,,,-1.0329144568707458,-0.5099587592031358,,,0.01984126984126984,0.3584656084656085,,,,,,,N/A,NO_STRESS
2010-12-24,16.47,106.80000305175781,,,,-1.0311688748042,-0.5083981640767335,,,0.0205026455026455,0.35912698412698413,,,,,,,N/A,NO_STRESS
2010-12-27,17.67,106.0999984741211,,,,-0.9317026030823927,-0.5257697658064046,,,0.06349206349206349,0.3525132275132275,,,,,,,N/A,NO_STRESS
2010-12-28,17.52,110.19999694824219,,,,-0.9425557705271139,-0.41485333244543926,,,0.047619047619047616,0.40476190476190477,,,,,,,N/A,NO_STRESS
2010-12-29,17.28,111.30000305175781,,,,-0.9604328641278185,-0.3842070479315948,,,0.03968253968253968,0.421957671957672,,,,,,,N/A,NO_STRESS
2010-12-30,17.52,111.30000305175781,,,,-0.9390067057507577,-0.3830103952026782,,,0.0496031746031746,0.4226190476190476,,,,,,,N/A,NO_STRESS
2010-12-31,17.75,110.4000015258789,,,,-0.9186194628805721,-0.4057741239983474,,,0.07142857142857142,0.4107142857142857,,,,,,,N/A,NO_STRESS
2011-01-03,17.61,105.9000015258789,,,,-0.9284101094822975,-0.5247517659843681,,,0.06349206349206349,0.3505291005291005,,,,,,,N/A,NO_STRESS
2011-01-04,17.38,102.80000305175781,,,,-0.945539847102378,-0.6061719798624229,,,0.042328042328042326,0.3134920634920635,,,,,,,N/A,NO_STRESS
2011-01-05,17.02,116.19999694824219,,,,-0.9733410221466393,-0.24601924046218396,,,0.036375661375661374,0.48478835978835977,,,,,,,N/A,NO_STRESS
2011-01-06,17.4,112.9000015258789,,,,-0.9410466263112331,-0.33332999886626447,,,0.046296296296296294,0.455026455026455,,,,,,,N/A,NO_STRESS
2011-01-07,17.14,107.5,,,,-0.9608024866655871,-0.4767836697701337,,,0.03968253968253968,0.373015873015873,,,,,,,N/A,NO_STRESS
2011-01-10,17.54,102.5,,,,-0.9269304285551485,-0.6092284305845814,,,0.056878306878306875,0.30886243386243384,,,,,,,N/A,NO_STRESS
2011-01-11,16.89,100.30000305175781,,,,-0.9784458035713745,-0.6665053287766501,,,0.031746031746031744,0.291005291005291,,,,,,,N/A,NO_STRESS
2011-01-12,16.24,98.30000305175781,,,,-1.0296816330154872,-0.7182907803080393,,,0.013227513227513227,0.27976190476190477,,,,,,,N/A,NO_STRESS
2011-01-13,16.39,96.4000015258789,,,,-1.0160098922366345,-0.7671697043567351,,,0.018518518518518517,0.2619047619047619,,,,,,,N/A,NO_STRESS
2011-01-14,15.46,96.4000015258789,,,,-1.0897975300701122,-0.765058167665607,,,0.0026455026455026454,0.26256613756613756,,,,,,,N/A,NO_STRESS
2011-01-17,15.46,96.4000015258789,,,,-1.0881283161037265,-0.7629414644682078,,,0.0033068783068783067,0.26322751322751325,,,,,,,N/A,NO_STRESS
2011-01-18,15.87,97.5999984741211,,,,-1.0534499297474544,-0.7287482157905308,,,0.009259259259259259,0.2771164021164021,,,,,,,N/A,NO_STRESS
2011-01-19,17.31,93.4000015258789,,,,-0.9357586562323071,-0.8392478365124636,,,0.051587301587301584,0.23809523809523808,,,,,,,N/A,NO_STRESS
2011-01-20,17.99,97.80000305175781,,,,-0.8797881104785117,-0.7195402459046948,,,0.10383597883597884,0.28174603174603174,,,,,,,N/A,NO_STRESS
2011-01-21,18.47,95.30000305175781,,,,-0.840032497909439,-0.7846268469690038,,,0.12896825396825398,0.251984126984127,,,,,,,N/A,NO_STRESS
2011-01-24,17.65,93.69999694824219,,,,-0.9050781906210105,-0.8253255423921401,,,0.08333333333333333,0.23941798941798942,,,,,,,N/A,NO_STRESS
2011-01-25,17.59,93.5,,,,-0.9085358803060144,-0.8285305057080292,,,0.07671957671957672,0.23941798941798942,,,,,,,N/A,NO_STRESS
2011-01-26,16.64,93.30000305175781,,,,-0.9839269010599764,-0.831684454658234,,,0.037037037037037035,0.23743386243386244,,,,,,,N/A,NO_STRESS
2011-01-27,16.15,93.19999694824219,,,,-1.0220470224848446,-0.8320932797934992,,,0.01455026455026455,0.23544973544973544,,,,,,,N/A,NO_STRESS
2011-01-28,20.04,90.30000305175781,,,,-0.7063955405488677,-0.9074280529058197,,,0.210978835978836,0.20634920634920634,,,,,,,N/A,NO_STRESS
2011-01-31,19.53,96.19999694824219,,,,-0.7465084287364033,-0.7470292045286357,,,0.17989417989417988,0.2698412698412698,,,,,,,N/A,NO_STRESS
2011-02-01,17.63,97.19999694824219,,,,-0.8983369490665313,-0.7180838160287835,,,0.08664021164021164,0.2843915343915344,,,,,,,N/A,NO_STRESS
2011-02-02,17.3,102.5,,,,-0.9235264213712641,-0.5739964560690275,,,0.05423280423280423,0.3306878306878307,,,,,,,N/A,NO_STRESS
2011-02-03,16.69,102.30000305175781,,,,-0.971053076580668,-0.5776500734096346,,,0.03968253968253968,0.3253968253968254,,,,,,,N/A,NO_STRESS
2011-02-04,15.93,105.0999984741211,,,,-1.0304454619250145,-0.5006398386070985,,,0.011904761904761904,0.3697089947089947,,,,,,,N/A,NO_STRESS
2011-02-07,16.28,101.4000015258789,,,,-0.9999998092657583,-0.598183596538623,,,0.021164021164021163,0.32142857142857145,,,,,,,N/A,NO_STRESS
2011-02-08,15.81,101.19999694824219,,,,-1.0354401434495175,-0.6016041321534285,,,0.009259259259259259,0.32142857142857145,,,,,,,N/A,NO_STRESS
2011-02-09,15.87,99.30000305175781,,,,-1.0288656124157145,-0.6508439543265269,,,0.011243386243386243,0.30423280423280424,,,,,,,N/A,NO_STRESS
2011-02-10,16.09,100.5,,,,-1.009022153909854,-0.616645137064256,,,0.015873015873015872,0.3148148148148148,,,,,,,N/A,NO_STRESS
2011-02-11,15.69,97.19999694824219,,,,-1.039299935013366,-0.703563606232178,,,0.007936507936507936,0.28505291005291006,,,,,,,N/A,NO_STRESS
2011-02-14,15.95,95.5999984741211,,,,-1.016591510405286,-0.7446139015987923,,,0.017195767195767195,0.26455026455026454,,,,,,,N/A,NO_STRESS
2011-02-15,16.37,94.69999694824219,,,,-0.9812751032389498,-0.7667408346749466,,,0.03306878306878307,0.25396825396825395,,,,,,,N/A,NO_STRESS
2011-02-16,16.72,95.5,,,,-0.9516900148279995,-0.7430758898536748,,,0.051587301587301584,0.26455026455026454,,,,,,,N/A,NO_STRESS
2011-02-17,16.59,94.4000015258789,,,,-0.9605485175678863,-0.7706326323962555,,,0.04497354497354497,0.25132275132275134,,,,,,,N/A,NO_STRESS
2011-02-18,16.43,94.30000305175781,,,,-0.9717941819989051,-0.7712754874346464,,,0.037037037037037035,0.25,,,,,,,N/A,NO_STRESS
2011-02-21,16.43,94.30000305175781,,,,-0.970238010029646,-0.7693286287017664,,,0.037698412698412696,0.25066137566137564,,,,,,,N/A,NO_STRESS
2011-02-22,20.8,97.30000305175781,,,,-0.6196740237923902,-0.6866343250263858,,,0.27976190476190477,0.2962962962962963,,,,,,,N/A,NO_STRESS
2011-02-23,22.13,96.69999694824219,,,,-0.5131270914345514,-0.7011020988954523,,,0.36772486772486773,0.2876984126984127,,,,,,,N/A,NO_STRESS
2011-02-24,21.32,96.9000015258789,,,,-0.5776831034632228,-0.6939123106854093,,,0.3148148148148148,0.2923280423280423,,,,,,,N/A,NO_STRESS
2011-02-25,19.22,93.0999984741211,,,,-0.7451694517270671,-0.7945131175146473,,,0.1865079365079365,0.2347883597883598,,,,,,,N/A,NO_STRESS
2011-02-28,18.35,90.5,,,,-0.8141268028855064,-0.8625453202213429,,,0.14814814814814814,0.21164021164021163,,,,,,,N/A,NO_STRESS
2011-03-01,21.01,97.5,,,,-0.6011231760527033,-0.6724472414490222,,,0.2923280423280423,0.30423280423280424,,,,,,,N/A,NO_STRESS
2011-03-02,20.7,96.5999984741211,,,,-0.625684583009881,-0.6953604213078243,,,0.2777777777777778,0.28835978835978837,,,,,,,N/A,NO_STRESS
2011-03-03,18.6,100.4000015258789,,,,-0.792992227630341,-0.591861785642312,,,0.16137566137566137,0.3326719576719577,,,,,,,N/A,NO_STRESS
2011-03-04,19.06,94.5999984741211,,,,-0.7557498770930391,-0.7466198517308076,,,0.18121693121693122,0.2605820105820106,,,,,,,N/A,NO_STRESS
2011-03-07,20.66,94.5999984741211,,,,-0.6274384921811466,-0.7451239699418303,,,0.27843915343915343,0.2612433862433862,,,,,,,N/A,NO_STRESS
2011-03-08,19.82,91.19999694824219,,,,-0.6940058446575831,-0.8349646543257625,,,0.22552910052910052,0.22288359788359788,,,,,,,N/A,NO_STRESS
2011-03-09,20.22,90.9000015258789,,,,-0.6616671793181912,-0.8412757232552334,,,0.24933862433862433,0.2175925925925926,,,,,,,N/A,NO_STRESS
2011-03-10,21.88,94.19999694824219,,,,-0.5292080803331045,-0.7506605714716973,,,0.36507936507936506,0.2552910052910053,,,,,,,N/A,NO_STRESS
2011-03-11,20.08,91.69999694824219,,,,-0.6730086233312772,-0.8157487744690186,,,0.24206349206349206,0.22883597883597884,,,,,,,N/A,NO_STRESS
2011-03-14,21.13,90.80000305175781,,,,-0.5892457657268644,-0.8378533959567179,,,0.30224867724867727,0.21494708994708994,,,,,,,N/A,NO_STRESS
2011-03-15,24.32,94.5999984741211,,,,-0.3347786716966337,-0.7340763497551633,,,0.5165343915343915,0.26851851851851855,,,,,,,N/A,NO_STRESS
2011-03-16,29.4,103.5999984741211,,,,0.07039756081053546,-0.4912760894780997,,,0.6984126984126984,0.38492063492063494,,,,,,,N/A,NO_STRESS
2011-03-17,26.37,103.69999694824219,,,,-0.17255198727490834,-0.48773752103453816,,,0.6402116402116402,0.38822751322751325,,,,,,,N/A,NO_STRESS
2011-03-18,24.44,100.30000305175781,,,,-0.3274420708058049,-0.5779282077019332,,,0.5211640211640212,0.3419312169312169,,,,,,,N/A,NO_STRESS
2011-03-21,20.61,95.5999984741211,,,,-0.6339692491677569,-0.7026956489824084,,,0.26521164021164023,0.28505291005291006,,,,,,,N/A,NO_STRESS
2011-03-22,20.21,91.9000015258789,,,,-0.6660567910148338,-0.8003667143558552,,,0.2447089947089947,0.23148148148148148,,,,,,,N/A,NO_STRESS
2011-03-23,19.17,91.69999694824219,,,,-0.7490857702841742,-0.8041628209538136,,,0.19047619047619047,0.23082010582010581,,,,,,,N/A,NO_STRESS
2011-03-24,18.0,90.0999984741211,,,,-0.8422035709927598,-0.8456587393648667,,,0.13161375661375663,0.20238095238095238,,,,,,,N/A,NO_STRESS
2011-03-25,17.91,93.5,,,,-0.8492282843501457,-0.7534502454688319,,,0.12301587301587301,0.25595238095238093,,,,,,,N/A,NO_STRESS
2011-03-28,19.44,93.80000305175781,,,,-0.7270801934263605,-0.7445307259647893,,,0.20238095238095238,0.2605820105820106,,,,,,,N/A,NO_STRESS
2011-03-29,18.16,91.80000305175781,,,,-0.8293243990463691,-0.7972424355676949,,,0.14417989417989419,0.23412698412698413,,,,,,,N/A,NO_STRESS
2011-03-30,17.71,89.5999984741211,,,,-0.8652215455403571,-0.855073297191699,,,0.11243386243386243,0.18584656084656084,,,,,,,N/A,NO_STRESS
2011-03-31,17.74,90.9000015258789,,,,-0.8624695331625227,-0.8190190586845124,,,0.11441798941798942,0.2222222222222222,,,,,,,N/A,NO_STRESS
2011-04-01,17.4,87.5,,,,-0.8892913353562704,-0.9083816602059063,,,0.0787037037037037,0.14484126984126985,,,,,,,N/A,NO_STRESS
2011-04-04,17.5,85.4000015258789,,,,-0.8809515161798962,-0.9627006237686372,,,0.08597883597883597,0.10912698412698413,,,,,,,N/A,NO_STRESS
2011-04-05,17.25,85.0999984741211,,,,-0.9008320278636471,-0.9689473098868069,,,0.06944444444444445,0.10052910052910052,,,,,,,N/A,NO_STRESS
2011-04-06,16.9,89.69999694824219,,,,-0.9285984671840679,-0.8445482293359835,,,0.05952380952380952,0.19246031746031747,,,,,,,N/A,NO_STRESS
2011-04-07,17.11,88.80000305175781,,,,-0.9117100110552754,-0.8668072800452842,,,0.06746031746031746,0.1765873015873016,,,,,,,N/A,NO_STRESS
2011-04-08,17.87,88.5,,,,-0.8512696164704194,-0.8730804897518999,,,0.12698412698412698,0.17063492063492064,,,,,,,N/A,NO_STRESS
2011-04-11,16.59,85.80000305175781,,,,-0.9536010476037544,-0.9432593835602539,,,0.04563492063492063,0.11904761904761904,,,,,,,N/A,NO_STRESS
2011-04-12,17.09,85.19999694824219,,,,-0.9136523892737416,-0.9575411010344578,,,0.06481481481481481,0.10449735449735449,,,,,,,N/A,NO_STRESS
2011-04-13,16.92,83.9000015258789,,,,-0.9271121942341781,-0.9903931787948838,,,0.06084656084656084,0.08862433862433862,,,,,,,N/A,NO_STRESS
2011-04-14,16.27,82.19999694824219,,,,-0.9786045597927971,-1.0337554275674792,,,0.027777777777777776,0.06746031746031746,,,,,,,N/A,NO_STRESS
2011-04-15,15.32,81.5,,,,-1.053939476815409,-1.0502268805579922,,,0.0013227513227513227,0.06349206349206349,,,,,,,N/A,NO_STRESS
2011-04-18,16.96,82.80000305175781,,,,-0.9224476182473146,-1.0136447332551688,,,0.06481481481481481,0.07671957671957672,,,,,,,N/A,NO_STRESS
2011-04-19,15.83,80.19999694824219,,,,-1.011960206030159,-1.0804842119902351,,,0.013227513227513227,0.05291005291005291,,,,,,,N/A,NO_STRESS
2011-04-20,15.07,77.4000015258789,,,,-1.071694948989648,-1.1522799786928926,,,0.0013227513227513227,0.021164021164021163,,,,,,,N/A,NO_STRESS
2011-04-21,14.69,76.5999984741211,,,,-1.1010861730801365,-1.1707014080868965,,,0.0013227513227513227,0.01521164021164021,,,,,,,N/A,NO_STRESS
2011-04-22,14.69,76.5999984741211,,,,-1.1003358347021652,-1.167779524721985,,,0.001984126984126984,0.015873015873015872,,,,,,,N/A,NO_STRESS
2011-04-25,15.77,74.80000305175781,,,,-1.0137903441590301,-1.2123751861278467,,,0.015873015873015872,0.0026455026455026454,,,,,,,N/A,NO_STRESS
2011-04-26,15.62,81.30000305175781,,,,-1.0249146812275343,-1.0379809120141203,,,0.013227513227513227,0.0667989417989418,,,,,,,N/A,NO_STRESS
2011-04-27,15.35,79.19999694824219,,,,-1.045457969204452,-1.0908474166734807,,,0.006613756613756613,0.047619047619047616,,,,,,,N/A,NO_STRESS
2011-04-28,14.62,76.80000305175781,,,,-1.1023438363681946,-1.1513884970554242,,,0.0013227513227513227,0.01984126984126984,,,,,,,N/A,NO_STRESS
2011-04-29,14.75,76.80000305175781,,,,-1.0911665871595504,-1.1484873681249888,,,0.005291005291005291,0.0205026455026455,,,,,,,N/A,NO_STRESS
2011-05-02,15.99,76.30000305175781,,,,-0.9911359884990718,-1.158633753867902,,,0.031746031746031744,0.013227513227513227,,,,,,,N/A,NO_STRESS
2011-05-03,16.7,80.0999984741211,,,,-0.9335564723164751,-1.0556741677520347,,,0.0701058201058201,0.061507936507936505,,,,,,,N/A,NO_STRESS
2011-05-04,17.08,80.19999694824219,,,,-0.9023197825775122,-1.05027042543653,,,0.08465608465608465,0.06547619047619048,,,,,,,N/A,NO_STRESS
2011-05-05,18.2,83.4000015258789,,,,-0.8123957237193994,-0.9635137676644171,,,0.16666666666666666,0.10185185185185185,,,,,,,N/A,NO_STRESS
2011-05-06,18.4,84.0999984741211,,,,-0.7957410480019457,-0.9426295773270954,,,0.1765873015873016,0.11375661375661375,,,,,,,N/A,NO_STRESS
2011-05-09,17.16,82.4000015258789,,,,-0.8935148308824779,-0.9847886068323846,,,0.09126984126984126,0.08862433862433862,,,,,,,N/A,NO_STRESS
2011-05-10,15.91,80.0999984741211,,,,-0.9918121000486693,-1.0426462944788053,,,0.0291005291005291,0.062169312169312166,,,,,,,N/A,NO_STRESS
2011-05-11,16.95,83.19999694824219,,,,-0.9085411408531121,-0.9586593592892582,,,0.08068783068783068,0.10251322751322751,,,,,,,N/A,NO_STRESS
2011-05-12,16.03,81.9000015258789,,,,-0.9804078072524836,-0.9903692739693641,,,0.03439153439153439,0.08333333333333333,,,,,,,N/A,NO_STRESS
2011-05-13,17.07,82.0999984741211,,,,-0.8971602380917055,-0.9827126733192146,,,0.08862433862433862,0.08531746031746032,,,,,,,N/A,NO_STRESS
2011-05-16,18.24,80.30000305175781,,,,-0.8036861961108868,-1.0274522960517776,,,0.1746031746031746,0.06944444444444445,,,,,,,N/A,NO_STRESS
2011-05-17,17.55,78.0999984741211,,,,-0.8575318989095334,-1.082502762582946,,,0.12367724867724868,0.03373015873015873,,,,,,,N/A,NO_STRESS
2011-05-18,16.23,77.9000015258789,,,,-0.9610045280275139,-1.085047024284612,,,0.04298941798941799,0.03306878306878307,,,,,,,N/A,NO_STRESS
2011-05-19,15.52,79.80000305175781,,,,-1.0161591840040851,-1.0327975344016596,,,0.01455026455026455,0.06018518518518518,,,,,,,N/A,NO_STRESS
2011-05-20,17.43,79.80000305175781,,,,-0.8639549979854777,-1.0303014374572665,,,0.11507936507936507,0.06084656084656084,,,,,,,N/A,NO_STRESS
2011-05-23,18.27,78.0,,,,-0.7967042299934909,-1.0748292201836191,,,0.18386243386243387,0.03439153439153439,,,,,,,N/A,NO_STRESS
2011-05-24,17.82,76.69999694824219,,,,-0.8313372114194219,-1.1062791451561664,,,0.15608465608465608,0.021164021164021163,,,,,,,N/A,NO_STRESS
2011-05-25,17.07,75.80000305175781,,,,-0.8895553847892359,-1.1270929249411075,,,0.09193121693121693,0.005291005291005291,,,,,,,N/A,NO_STRESS
2011-05-26,16.09,74.30000305175781,,,,-0.9653956745485379,-1.1633254839224056,,,0.037698412698412696,0.0026455026455026454,,,,,,,N/A,NO_STRESS
2011-05-27,15.98,73.9000015258789,,,,-0.9726019345523543,-1.170957631975883,,,0.03439153439153439,0.0013227513227513227,,,,,,,N/A,NO_STRESS
2011-05-30,15.98,73.9000015258789,,,,-0.9711237614785425,-1.1681531522052602,,,0.03505291005291005,0.001984126984126984,,,,,,,N/A,NO_STRESS
2011-05-31,15.45,71.5,,,,-1.0111946081721963,-1.227724115906889,,,0.011243386243386243,0.0013227513227513227,,,,,,,N/A,NO_STRESS
2011-06-01,18.3,72.9000015258789,,,,-0.7857781026103924,-1.1885640699115405,,,0.19444444444444445,0.0026455026455026454,,,,,,,N/A,NO_STRESS
2011-06-02,18.09,76.5999984741211,,,,-0.801272894057869,-1.0900784210350654,,,0.18386243386243387,0.027116402116402115,,,,,,,N/A,NO_STRESS
2011-06-03,17.95,75.9000015258789,,,,-0.8111754337715328,-1.1059072904680058,,,0.17328042328042328,0.01521164021164021,,,,,,,N/A,NO_STRESS
2011-06-06,18.49,75.80000305175781,,,,-0.7674167575810589,-1.105829247857872,,,0.20899470899470898,0.012566137566137565,,,,,,,N/A,NO_STRESS
2011-06-07,18.07,73.5,,,,-0.7990552387750977,-1.1627151585303512,,,0.18518518518518517,0.003968253968253968,,,,,,,N/A,NO_STRESS
2011-06-08,18.79,77.5,,,,-0.7411191433818585,-1.0565566595363847,,,0.2222222222222222,0.04497354497354497,,,,,,,N/A,NO_STRESS
2011-06-09,17.77,77.30000305175781,,,,-0.8202501038052249,-1.0593826362810712,,,0.16071428571428573,0.042328042328042326,,,,,,,N/A,NO_STRESS
2011-06-10,18.86,78.0999984741211,,,,-0.733681059854445,-1.0362267151977163,,,0.2275132275132275,0.05423280423280423,,,,,,,N/A,NO_STRESS
2011-06-13,19.61,76.4000015258789,,,,-0.6741156840358662,-1.077602538391734,,,0.26455026455026454,0.028439153439153438,,,,,,,N/A,NO_STRESS
2011-06-14,18.26,82.5,,,,-0.779469763338928,-0.9177361714324226,,,0.19642857142857142,0.12235449735449735,,,,,,,N/A,NO_STRESS
2011-06-15,21.32,85.9000015258789,,,,-0.5391072485758093,-0.8281538664655513,,,0.35648148148148145,0.1832010582010582,,,,,,,N/A,NO_STRESS
2011-06-16,22.73,87.9000015258789,,,,-0.4285206299617693,-0.7749556652172911,,,0.4451058201058201,0.21957671957671956,,,,,,,N/A,NO_STRESS
2011-06-17,21.85,85.30000305175781,,,,-0.4974543580060111,-0.8404138488041102,,,0.3941798941798942,0.16865079365079366,,,,,,,N/A,NO_STRESS
2011-06-20,19.99,82.5,,,,-0.6431628721831315,-0.9108156395216508,,,0.2804232804232804,0.12301587301587301,,,,,,,N/A,NO_STRESS
2011-06-21,18.86,80.9000015258789,,,,-0.7311469702312362,-0.9501147120002997,,,0.2294973544973545,0.0992063492063492,,,,,,,N/A,NO_STRESS
2011-06-22,18.52,79.0,,,,-0.7573082493745076,-0.9970166298683389,,,0.21494708994708994,0.07473544973544974,,,,,,,N/A,NO_STRESS
2011-06-23,19.29,83.5999984741211,,,,-0.6965748773389805,-0.8764120102364689,,,0.25132275132275134,0.14351851851851852,,,,,,,N/A,NO_STRESS
2011-06-24,21.1,84.80000305175781,,,,-0.5542592456487896,-0.8435759585637647,,,0.3412698412698413,0.1626984126984127,,,,,,,N/A,NO_STRESS
2011-06-27,20.56,83.80000305175781,,,,-0.5963687183632749,-0.8677184284466953,,,0.3148148148148148,0.14947089947089948,,,,,,,N/A,NO_STRESS
2011-06-28,19.17,89.4000015258789,,,,-0.7048350212285446,-0.7223884584792347,,,0.2466931216931217,0.2619047619047619,,,,,,,N/A,NO_STRESS
2011-06-29,17.27,87.19999694824219,,,,-0.8532647170495773,-0.77791191312316,,,0.10978835978835978,0.21428571428571427,,,,,,,N/A,NO_STRESS
2011-06-30,16.52,88.9000015258789,,,,-0.9114382690712414,-0.7331396899983734,,,0.07142857142857142,0.2566137566137566,,,,,,,N/A,NO_STRESS
2011-07-01,15.87,90.5,,,,-0.9614614927344411,-0.6908221798356269,,,0.0291005291005291,0.30092592592592593,,,,,,,N/A,NO_STRESS
2011-07-04,15.87,90.5,,,,-0.9605954571871537,-0.6899925953696368,,,0.02976190476190476,0.30158730158730157,,,,,,,N/A,NO_STRESS
2011-07-05,16.06,90.69999694824219,,,,-0.9449748940993817,-0.6841033177436054,,,0.04365079365079365,0.3055555555555556,,,,,,,N/A,NO_STRESS
2011-07-06,16.34,89.0,,,,-0.9222044805243077,-0.7267876091941587,,,0.06084656084656084,0.25925925925925924,,,,,,,N/A,NO_STRESS
2011-07-07,15.95,90.4000015258789,,,,-0.9517549302096598,-0.6898817515416222,,,0.037698412698412696,0.3002645502645503,,,,,,,N/A,NO_STRESS
2011-07-08,15.95,85.80000305175781,,,,-0.9509630922085786,-0.8067517757879656,,,0.03835978835978836,0.18981481481481483,,,,,,,N/A,NO_STRESS
2011-07-11,18.39,88.4000015258789,,,,-0.7598788418447088,-0.7389691022849831,,,0.21693121693121692,0.24735449735449735,,,,,,,N/A,NO_STRESS
2011-07-12,19.87,90.30000305175781,,,,-0.6439413694298767,-0.6892550834506236,,,0.291005291005291,0.2996031746031746,,,,,,,N/A,NO_STRESS
2011-07-13,19.91,88.0999984741211,,,,-0.640617305315479,-0.7446686982309693,,,0.29365079365079366,0.23809523809523808,,,,,,,N/A,NO_STRESS
2011-07-14,20.8,89.0999984741211,,,,-0.5710570662538345,-0.7180681897786937,,,0.3419312169312169,0.26587301587301587,,,,,,,N/A,NO_STRESS
2011-07-15,19.53,90.4000015258789,,,,-0.6703510931445972,-0.6839143000900183,,,0.2757936507936508,0.30753968253968256,,,,,,,N/A,NO_STRESS
2011-07-18,20.95,89.5999984741211,,,,-0.5595844299755912,-0.703510996924314,,,0.34523809523809523,0.2777777777777778,,,,,,,N/A,NO_STRESS
2011-07-19,19.21,88.80000305175781,,,,-0.6954394715694948,-0.7230625680050451,,,0.25925925925925924,0.25793650793650796,,,,,,,N/A,NO_STRESS
2011-07-20,19.09,85.0999984741211,,,,-0.7046144774168037,-0.8166806092317996,,,0.25462962962962965,0.16865079365079366,,,,,,,N/A,NO_STRESS
2011-07-21,17.56,89.0,,,,-0.8239121019531636,-0.7161636268647613,,,0.14814814814814814,0.2665343915343915,,,,,,,N/A,NO_STRESS
2011-07-22,17.52,84.30000305175781,,,,-0.8267194554412142,-0.8354710511777946,,,0.1402116402116402,0.1593915343915344,,,,,,,N/A,NO_STRESS
2011-07-25,19.35,86.80000305175781,,,,-0.6834448479830297,-0.7707424513681324,,,0.2705026455026455,0.21031746031746032,,,,,,,N/A,NO_STRESS
2011-07-26,20.23,84.80000305175781,,,,-0.6145868542092712,-0.8209667137399718,,,0.31746031746031744,0.16600529100529102,,,,,,,N/A,NO_STRESS
2011-07-27,22.98,89.0999984741211,,,,-0.3997172509177037,-0.7104379177249976,,,0.4603174603174603,0.2744708994708995,,,,,,,N/A,NO_STRESS
2011-07-28,23.74,86.5,,,,-0.340573158367346,-0.7759516041303648,,,0.4973544973544973,0.20965608465608465,,,,,,,N/A,NO_STRESS
2011-07-29,25.25,88.0,,,,-0.22264044785203227,-0.7364516645544897,,,0.582010582010582,0.2414021164021164,,,,,,,N/A,NO_STRESS
2011-08-01,23.66,84.0999984741211,,,,-0.3470364103584622,-0.8347271719787872,,,0.49074074074074076,0.15674603174603174,,,,,,,N/A,NO_STRESS
2011-08-02,24.79,87.0999984741211,,,,-0.25891910913696237,-0.7568822316608588,,,0.5529100529100529,0.2208994708994709,,,,,,,N/A,NO_STRESS
2011-08-03,23.38,85.5,,,,-0.3689422117984327,-0.7960944559137756,,,0.47619047619047616,0.18981481481481483,,,,,,,N/A,NO_STRESS
2011-08-04,31.66,91.0,,,,0.2777766218728371,-0.6545473022094798,,,0.7394179894179894,0.3445767195767196,,,,,,,N/A,NO_STRESS
2011-08-05,32.0,100.69999694824219,,,,0.3035743806905212,-0.4063385388517023,,,0.7433862433862434,0.4794973544973545,,,,,,,N/A,NO_STRESS
2011-08-08,48.0,117.80000305175781,,,,1.5499461454368095,0.029890730395072427,,,0.9153439153439153,0.6593915343915344,,,,,,,N/A,EQUITY_DRIVEN
2011-08-09,35.06,107.69999694824219,,,,0.5392682267579207,-0.22602594148460103,,,0.7804232804232805,0.5661375661375662,,,,,,,N/A,NO_STRESS
2011-08-10,42.99,98.9000015258789,,,,1.1559785996316174,-0.44868533513823566,,,0.8544973544973545,0.4642857142857143,,,,,,,N/A,EQUITY_DRIVEN
2011-08-11,39.0,107.9000015258789,,,,0.8443196803107174,-0.21716190053635331,,,0.8121693121693122,0.5714285714285714,,,,,,,N/A,EQUITY_DRIVEN
2011-08-12,36.36,109.0999984741211,,,,0.6380146021660684,-0.1848183036097374,,,0.791005291005291,0.582010582010582,,,,,,,N/A,NO_STRESS
2011-08-15,31.87,99.80000305175781,,,,0.28798093328416174,-0.42101586075605474,,,0.7394179894179894,0.4695767195767196,,,,,,,N/A,NO_STRESS
2011-08-16,32.85,92.0,,,,0.36450392843881035,-0.6188442285195848,,,0.7552910052910053,0.3584656084656085,,,,,,,N/A,NO_STRESS
2011-08-17,31.58,87.80000305175781,,,,0.26596110163295206,-0.7243687988877306,,,0.7354497354497355,0.23941798941798942,,,,,,,N/A,NO_STRESS
2011-08-18,42.67,95.0,,,,1.129272300327012,-0.5378996187978092,,,0.8478835978835979,0.40476190476190477,,,,,,,N/A,EQUITY_DRIVEN
2011-08-19,43.05,100.30000305175781,,,,1.1569037825311201,-0.39994257575647657,,,0.8544973544973545,0.4801587301587302,,,,,,,N/A,EQUITY_DRIVEN
2011-08-22,42.44,104.19999694824219,,,,1.1078991241260443,-0.2976219909547656,,,0.8425925925925926,0.5297619047619048,,,,,,,N/A,EQUITY_DRIVEN
2011-08-23,36.27,105.5,,,,0.629536580634929,-0.2617287604576581,,,0.7870370370370371,0.5482804232804233,,,,,,,N/A,NO_STRESS
2011-08-24,35.9,105.80000305175781,,,,0.6012307755883504,-0.2514232940938555,,,0.7843915343915344,0.5529100529100529,,,,,,,N/A,NO_STRESS
2011-08-25,39.76,107.69999694824219,,,,0.9020348790571713,-0.19962665637854815,,,0.8187830687830688,0.5787037037037037,,,,,,,N/A,EQUITY_DRIVEN
2011-08-26,35.59,101.5,,,,0.5786297079100554,-0.3585577995601898,,,0.783068783068783,0.49867724867724866,,,,,,,N/A,NO_STRESS
2011-08-29,32.28,98.0,,,,0.32212618418908545,-0.4477922314513904,,,0.7473544973544973,0.4576719576719577,,,,,,,N/A,NO_STRESS
2011-08-30,32.89,99.19999694824219,,,,0.3725646908119796,-0.4141949078709401,,,0.7605820105820106,0.4708994708994709,,,,,,,N/A,NO_STRESS
2011-08-31,31.62,97.9000015258789,,,,0.276177550548758,-0.44637404726780533,,,0.7367724867724867,0.4576719576719577,,,,,,,N/A,NO_STRESS
2011-09-01,31.82,98.80000305175781,,,,0.29556873800892847,-0.4206489597730427,,,0.7420634920634921,0.4708994708994709,,,,,,,N/A,NO_STRESS
2011-09-02,33.92,99.4000015258789,,,,0.4664491557857783,-0.4028077951940111,,,0.7738095238095238,0.47619047619047616,,,,,,,N/A,NO_STRESS
2011-09-05,33.92,99.4000015258789,,,,0.4736218254184363,-0.40125208668355516,,,0.7744708994708994,0.47685185185185186,,,,,,,N/A,NO_STRESS
2011-09-06,37.0,103.0999984741211,,,,0.72303005573629,-0.29825101246930036,,,0.8068783068783069,0.5264550264550265,,,,,,,N/A,EQUITY_DRIVEN
2011-09-07,33.38,100.5999984741211,,,,0.43727102170478316,-0.36465214270452295,,,0.7671957671957672,0.4947089947089947,,,,,,,N/A,NO_STRESS
2011-09-08,34.32,99.4000015258789,,,,0.5200506720459286,-0.39565609408612734,,,0.7804232804232805,0.4775132275132275,,,,,,,N/A,NO_STRESS
2011-09-09,38.52,100.69999694824219,,,,0.8678397981601846,-0.3571599025589657,,,0.8214285714285714,0.49867724867724866,,,,,,,N/A,EQUITY_DRIVEN
2011-09-12,38.59,99.19999694824219,,,,0.8835003726476943,-0.3968878971585544,,,0.8240740740740741,0.4742063492063492,,,,,,,N/A,EQUITY_DRIVEN
2011-09-13,36.91,97.5,,,,0.7495191642557297,-0.44251387455852526,,,0.8095238095238095,0.45171957671957674,,,,,,,N/A,EQUITY_DRIVEN
2011-09-14,34.6,96.5999984741211,,,,0.5634241772515546,-0.4657803896397536,,,0.7843915343915344,0.43452380952380953,,,,,,,N/A,NO_STRESS
2011-09-15,31.97,97.30000305175781,,,,0.35385235744131616,-0.4438908413907858,,,0.7447089947089947,0.4503968253968254,,,,,,,N/A,NO_STRESS
2011-09-16,30.98,97.5999984741211,,,,0.27780461464309564,-0.43353000074076525,,,0.7261904761904762,0.4576719576719577,,,,,,,N/A,NO_STRESS
2011-09-19,32.73,99.5999984741211,,,,0.43447124770691153,-0.3742826386249754,,,0.7605820105820106,0.48743386243386244,,,,,,,N/A,NO_STRESS
2011-09-20,32.86,99.9000015258789,,,,0.45669243966527306,-0.36348429485938416,,,0.7652116402116402,0.4947089947089947,,,,,,,N/A,NO_STRESS
2011-09-21,37.32,93.30000305175781,,,,0.8483585925208578,-0.5544463437273224,,,0.8214285714285714,0.3783068783068783,,,,,,,N/A,EQUITY_DRIVEN
2011-09-22,41.35,103.4000015258789,,,,1.2091703794241782,-0.25554442360076884,,,0.8611111111111112,0.544973544973545,,,,,,,N/A,EQUITY_DRIVEN
2011-09-23,41.25,104.5,,,,1.2094474471158099,-0.22020104808943758,,,0.8604497354497355,0.5648148148148148,,,,,,,N/A,EQUITY_DRIVEN
2011-09-26,39.02,107.4000015258789,,,,1.021539665495453,-0.13095949123464198,,,0.8373015873015873,0.6005291005291006,,,,,,,N/A,EQUITY_DRIVEN
2011-09-27,37.71,107.30000305175781,,,,0.9109784701770267,-0.13076790522002402,,,0.8240740740740741,0.5998677248677249,,,,,,,N/A,EQUITY_DRIVEN
2011-09-28,41.08,103.0999984741211,,,,1.2102758975697558,-0.25394542399354714,,,0.8611111111111112,0.5416666666666666,,,,,,,N/A,EQUITY_DRIVEN
2011-09-29,38.84,100.4000015258789,,,,1.0175929355276985,-0.33283872134609327,,,0.8359788359788359,0.503968253968254,,,,,,,N/A,EQUITY_DRIVEN
2011-09-30,42.96,100.5999984741211,,,,1.3926310181473396,-0.3243996401454893,,,0.8875661375661376,0.5085978835978836,,,,,,,N/A,EQUITY_DRIVEN
2011-10-03,45.45,105.69999694824219,,,,1.6198602942330993,-0.16672496712252485,,,0.9232804232804233,0.583994708994709,,,,,,,N/A,EQUITY_DRIVEN
2011-10-04,40.82,109.0,,,,1.2144542470785589,-0.06357616473587191,,,0.8584656084656085,0.6283068783068783,,,,,,,N/A,EQUITY_DRIVEN
2011-10-05,37.81,108.9000015258789,,,,0.9526447350057652,-0.0641870744345258,,,0.826058201058201,0.6256613756613757,,,,,,,N/A,EQUITY_DRIVEN
2011-10-06,36.27,108.69999694824219,,,,0.8238225007241244,-0.06786756069438515,,,0.8075396825396826,0.623015873015873,,,,,,,N/A,EQUITY_DRIVEN
2011-10-07,36.2,106.4000015258789,,,,0.82475514600516,-0.13593755276125954,,,0.8068783068783069,0.5945767195767195,,,,,,,N/A,EQUITY_DRIVEN
2011-10-10,33.02,106.4000015258789,,,,0.5425889410829896,-0.13306723769120363,,,0.7698412698412699,0.5952380952380952,,,,,,,N/A,NO_STRESS
2011-10-11,32.86,106.80000305175781,,,,0.5375368521981625,-0.11779597282731553,,,0.7658730158730159,0.6018518518518519,,,,,,,N/A,NO_STRESS
2011-10-12,31.26,108.30000305175781,,,,0.3967851664142316,-0.0680480526106431,,,0.7314814814814815,0.6256613756613757,,,,,,,N/A,NO_STRESS
2011-10-13,30.7,106.80000305175781,,,,0.3541978826157485,-0.11181859234652672,,,0.7222222222222222,0.6025132275132276,,,,,,,N/A,NO_STRESS
2011-10-14,28.24,109.19999694824219,,,,0.1288359838645388,-0.03257742528897723,,,0.6693121693121693,0.6421957671957672,,,,,,,N/A,NO_STRESS
2011-10-17,33.39,108.4000015258789,,,,0.6413259290225853,-0.053832425716382575,,,0.7804232804232805,0.6283068783068783,,,,,,,N/A,NO_STRESS
2011-10-18,31.56,107.5,,,,0.47018858076349535,-0.07933350207135165,,,0.7407407407407407,0.6157407407407407,,,,,,,N/A,NO_STRESS
2011-10-19,34.44,105.0,,,,0.7645563998400831,-0.15580066769437392,,,0.7962962962962963,0.5734126984126984,,,,,,,N/A,NO_STRESS
2011-10-20,34.78,105.9000015258789,,,,0.8050297995712027,-0.12323240493594514,,,0.8029100529100529,0.58994708994709,,,,,,,N/A,EQUITY_DRIVEN
2011-10-21,31.32,107.5,,,,0.46353137576300896,-0.0674356183307937,,,0.7367724867724867,0.6190476190476191,,,,,,,N/A,NO_STRESS
2011-10-24,29.26,103.5999984741211,,,,0.2608775370579198,-0.19125760199705952,,,0.6957671957671958,0.5522486772486772,,,,,,,N/A,NO_STRESS
2011-10-25,32.22,102.0999984741211,,,,0.5726140196186054,-0.2375259178846685,,,0.7605820105820106,0.5277777777777778,,,,,,,N/A,NO_STRESS
2011-10-26,29.86,105.19999694824219,,,,0.3380748039310282,-0.1311379061224836,,,0.7103174603174603,0.5826719576719577,,,,,,,N/A,NO_STRESS
2011-10-27,25.46,108.0999984741211,,,,-0.11367329048088551,-0.029874509210918068,,,0.5952380952380952,0.6349206349206349,,,,,,,N/A,NO_STRESS
2011-10-28,24.53,107.4000015258789,,,,-0.2074504960430435,-0.04899082872114714,,,0.5370370370370371,0.6197089947089947,,,,,,,N/A,NO_STRESS
2011-10-31,29.96,107.19999694824219,,,,0.3724936501549054,-0.0513335222323911,,,0.7142857142857143,0.6157407407407407,,,,,,,N/A,NO_STRESS
2011-11-01,34.77,116.0,,,,0.8937728816572693,0.2567718082719523,,,0.8121693121693122,0.7248677248677249,,,,,,,N/A,EQUITY_DRIVEN
2011-11-02,32.74,111.9000015258789,,,,0.6853524225056561,0.12087211398564515,,,0.7764550264550265,0.6878306878306878,,,,,,,N/A,NO_STRESS
2011-11-03,30.5,109.19999694824219,,,,0.4500894043742182,0.032104612879356814,,,0.7248677248677249,0.6574074074074074,,,,,,,N/A,NO_STRESS
2011-11-04,30.16,106.5999984741211,,,,0.41963221873157563,-0.054615573592460685,,,0.7208994708994709,0.6064814814814815,,,,,,,N/A,NO_STRESS
2011-11-07,29.85,106.30000305175781,,,,0.39165247382563634,-0.06048613373765513,,,0.7129629629629629,0.5992063492063492,,,,,,,N/A,NO_STRESS
2011-11-08,27.48,105.5999984741211,,,,0.13607526039485757,-0.08130051970553022,,,0.6613756613756614,0.5879629629629629,,,,,,,N/A,NO_STRESS
2011-11-09,36.16,111.80000305175781,,,,1.1062990921295528,0.14913502515993565,,,0.8346560846560847,0.6917989417989417,,,,,,,N/A,EQUITY_DRIVEN
2011-11-10,32.81,113.69999694824219,,,,0.7386615047944904,0.2230897751735986,,,0.7843915343915344,0.71494708994709,,,,,,,N/A,NO_STRESS
2011-11-11,30.04,113.69999694824219,,,,0.4328108123481461,0.22857491001296198,,,0.7202380952380952,0.7156084656084656,,,,,,,N/A,NO_STRESS
2011-11-14,31.13,113.0999984741211,,,,0.5588013625780668,0.21190540976185662,,,0.7447089947089947,0.7103174603174603,,,,,,,N/A,NO_STRESS
2011-11-15,31.22,108.5999984741211,,,,0.5724302127647501,0.04863614002667708,,,0.7473544973544973,0.6468253968253969,,,,,,,N/A,NO_STRESS
2011-11-16,33.51,106.0999984741211,,,,0.8348438644172287,-0.04120892776521473,,,0.8055555555555556,0.5992063492063492,,,,,,,N/A,EQUITY_DRIVEN
2011-11-17,34.51,111.69999694824219,,,,0.9515698892010056,0.1760074705411577,,,0.8201058201058201,0.6937830687830688,,,,,,,N/A,EQUITY_DRIVEN
2011-11-18,32.0,109.80000305175781,,,,0.6703278666979968,0.10863500915715048,,,0.7705026455026455,0.669973544973545,,,,,,,N/A,NO_STRESS
2011-11-21,32.91,107.5,,,,0.7770782089626325,0.024907202115303378,,,0.798941798941799,0.6316137566137566,,,,,,,N/A,NO_STRESS
2011-11-22,31.97,103.5999984741211,,,,0.6733787950559973,-0.12224262616044138,,,0.7691798941798942,0.5542328042328042,,,,,,,N/A,NO_STRESS
2011-11-23,33.98,104.69999694824219,,,,0.9055940029378963,-0.07543479589599712,,,0.8201058201058201,0.5740740740740741,,,,,,,N/A,EQUITY_DRIVEN
2011-11-24,33.98,104.69999694824219,,,,0.9075413102377257,-0.07151670688497225,,,0.8207671957671958,0.5747354497354498,,,,,,,N/A,EQUITY_DRIVEN
2011-11-25,34.47,102.30000305175781,,,,0.965553763391385,-0.162956499089203,,,0.8267195767195767,0.531084656084656,,,,,,,N/A,EQUITY_DRIVEN
2011-11-28,32.13,102.80000305175781,,,,0.6990847407967182,-0.13968927999732572,,,0.7777777777777778,0.5443121693121693,,,,,,,N/A,NO_STRESS
2011-11-29,30.64,103.0999984741211,,,,0.5299705332724816,-0.12463065239502567,,,0.7354497354497355,0.548941798941799,,,,,,,N/A,NO_STRESS
2011-11-30,27.8,99.69999694824219,,,,0.20536267993178528,-0.25900358307938376,,,0.6640211640211641,0.49074074074074076,,,,,,,N/A,NO_STRESS
2011-12-01,27.41,100.80000305175781,,,,0.1633274406569773,-0.21236078063322034,,,0.66005291005291,0.5171957671957672,,,,,,,N/A,NO_STRESS
2011-12-02,27.52,98.5999984741211,,,,0.17875155517888178,-0.2992126547823009,,,0.6640211640211641,0.4742063492063492,,,,,,,N/A,NO_STRESS
2011-12-05,27.84,94.0,,,,0.21861629528638435,-0.4837660926309473,,,0.667989417989418,0.39087301587301587,,,,,,,N/A,NO_STRESS
2011-12-06,28.13,93.0,,,,0.2558668422139623,-0.5224750891852092,,,0.6772486772486772,0.3697089947089947,,,,,,,N/A,NO_STRESS
2011-12-07,28.67,94.30000305175781,,,,0.3218225556048628,-0.46836782463904325,,,0.6891534391534392,0.3968253968253968,,,,,,,N/A,NO_STRESS
2011-12-08,30.59,95.0,,,,0.5513596394757017,-0.43866768952780444,,,0.7420634920634921,0.4107142857142857,,,,,,,N/A,NO_STRESS
2011-12-09,26.38,99.9000015258789,,,,0.06185761465273896,-0.23824602233390757,,,0.6441798941798942,0.5046296296296297,,,,,,,N/A,NO_STRESS
2011-12-12,25.67,95.80000305175781,,,,-0.018764151633298722,-0.4033087524459801,,,0.6104497354497355,0.4305555555555556,,,,,,,N/A,NO_STRESS
2011-12-13,25.41,90.30000305175781,,,,-0.04648231781504223,-0.6250330257411727,,,0.591931216931217,0.32142857142857145,,,,,,,N/A,NO_STRESS
2011-12-14,26.04,91.69999694824219,,,,0.033503179144528224,-0.5661777774282433,,,0.6296296296296297,0.35714285714285715,,,,,,,N/A,NO_STRESS
2011-12-15,25.11,87.19999694824219,,,,-0.07494796503366567,-0.7472557890060072,,,0.578042328042328,0.22685185185185186,,,,,,,N/A,NO_STRESS
2011-12-16,24.29,89.4000015258789,,,,-0.17078330489940655,-0.6555875051926284,,,0.5238095238095238,0.29034391534391535,,,,,,,N/A,NO_STRESS
2011-12-19,24.92,87.5999984741211,,,,-0.09142179429272362,-0.7272180929000706,,,0.5667989417989417,0.23809523809523808,,,,,,,N/A,NO_STRESS
2011-12-20,23.22,92.30000305175781,,,,-0.2955037361144212,-0.5327082689684698,,,0.4722222222222222,0.36904761904761907,,,,,,,N/A,NO_STRESS
2011-12-21,21.43,91.80000305175781,,,,-0.5117796499034948,-0.5512204414688486,,,0.3697089947089947,0.3644179894179894,,,,,,,N/A,NO_STRESS
2011-12-22,21.16,90.19999694824219,,,,-0.5427606630083,-0.6149347078154447,,,0.35648148148148145,0.3220899470899471,,,,,,,N/A,NO_STRESS
2011-12-23,20.73,94.19999694824219,,,,-0.5934657261700043,-0.4484532915962797,,,0.3412698412698413,0.4054232804232804,,,,,,,N/A,NO_STRESS
2011-12-26,20.73,94.19999694824219,,,,-0.5916155211617875,-0.44633296898989816,,,0.3419312169312169,0.4060846560846561,,,,,,,N/A,NO_STRESS
2011-12-27,21.91,94.80000305175781,,,,-0.44405641787561184,-0.41935643574416265,,,0.4087301587301587,0.42328042328042326,,,,,,,N/A,NO_STRESS
2011-12-28,23.52,95.0999984741211,,,,-0.24238752953723014,-0.40470478942856547,,,0.4933862433862434,0.4279100529100529,,,,,,,N/A,NO_STRESS
2011-12-29,22.65,94.0999984741211,,,,-0.348070287896793,-0.444311325709681,,,0.45105820105820105,0.40476190476190477,,,,,,,N/A,NO_STRESS
2011-12-30,23.4,91.0999984741211,,,,-0.25217049702669403,-0.5683233699883679,,,0.48677248677248675,0.3551587301587302,,,,,,,N/A,NO_STRESS
2012-01-02,23.4,91.0999984741211,,,,-0.24969386828914555,-0.5671511550691803,,,0.48743386243386244,0.3558201058201058,,,,,,,N/A,NO_STRESS
2012-01-03,22.97,90.69999694824219,,,,-0.301210421900279,-0.5825141343926555,,,0.4656084656084656,0.3419312169312169,,,,,,,N/A,NO_STRESS
2012-01-04,22.22,88.9000015258789,,,,-0.39334071974341905,-0.657925899731397,,,0.42724867724867727,0.27843915343915343,,,,,,,N/A,NO_STRESS
2012-01-05,21.48,87.9000015258789,,,,-0.4848483817568674,-0.6989554195185652,,,0.37632275132275134,0.2466931216931217,,,,,,,N/A,NO_STRESS
2012-01-06,20.63,81.69999694824219,,,,-0.5907071863016344,-0.9632037831627844,,,0.3326719576719577,0.1130952380952381,,,,,,,N/A,NO_STRESS
2012-01-09,21.07,78.5999984741211,,,,-0.5327467537195175,-1.09516436377171,,,0.3531746031746032,0.0667989417989418,,,,,,,N/A,NO_STRESS
2012-01-10,20.69,80.19999694824219,,,,-0.5793127869457627,-1.0247319569786824,,,0.33796296296296297,0.09656084656084656,,,,,,,N/A,NO_STRESS
2012-01-11,21.05,78.19999694824219,,,,-0.5316410284325517,-1.1103793449116262,,,0.3544973544973545,0.05886243386243386,,,,,,,N/A,NO_STRESS
2012-01-12,20.47,77.0999984741211,,,,-0.6050209249453724,-1.1568693008555602,,,0.32076719576719576,0.041666666666666664,,,,,,,N/A,NO_STRESS
2012-01-13,20.91,79.19999694824219,,,,-0.5463841850857071,-1.0643814353547714,,,0.3531746031746032,0.08134920634920635,,,,,,,N/A,NO_STRESS
2012-01-16,20.91,79.19999694824219,,,,-0.5449850994098253,-1.0637826167370743,,,0.35383597883597884,0.082010582010582,,,,,,,N/A,NO_STRESS
2012-01-17,22.2,75.5999984741211,,,,-0.3739229555115858,-1.220408731601272,,,0.4351851851851852,0.012566137566137565,,,,,,,N/A,NO_STRESS
2012-01-18,20.89,75.0,,,,-0.5452722637708356,-1.2450986255096936,,,0.35185185185185186,0.011904761904761904,,,,,,,N/A,NO_STRESS
2012-01-19,19.87,80.0,,,,-0.6792063212859976,-1.0238105155820616,,,0.2943121693121693,0.09656084656084656,,,,,,,N/A,NO_STRESS
2012-01-20,18.28,84.5999984741211,,,,-0.8901550989496532,-0.8188892603783802,,,0.21296296296296297,0.17724867724867724,,,,,,,N/A,NO_STRESS
2012-01-23,18.67,85.80000305175781,,,,-0.8372352748331112,-0.7645180266855848,,,0.23677248677248677,0.21164021164021163,,,,,,,N/A,NO_STRESS
2012-01-24,18.91,81.5999984741211,,,,-0.8060860206531628,-0.9515911800648081,,,0.24867724867724866,0.12433862433862433,,,,,,,N/A,NO_STRESS
2012-01-25,18.31,76.69999694824219,,,,-0.8886319303709722,-1.1714024238783929,,,0.21693121693121692,0.03902116402116402,,,,,,,N/A,NO_STRESS
2012-01-26,18.57,75.9000015258789,,,,-0.8529036990644738,-1.2075395094096957,,,0.2347883597883598,0.021164021164021163,,,,,,,N/A,NO_STRESS
2012-01-27,18.53,75.4000015258789,,,,-0.8592253872933484,-1.229731097720168,,,0.23412698412698413,0.013227513227513227,,,,,,,N/A,NO_STRESS
2012-01-30,19.4,72.4000015258789,,,,-0.7385264950208358,-1.3653161266103488,,,0.28174603174603174,0.0026455026455026454,,,,,,,N/A,NO_STRESS
2012-01-31,19.44,72.0999984741211,,,,-0.7330423550109777,-1.378392715318765,,,0.2837301587301587,0.0026455026455026454,,,,,,,N/A,NO_STRESS
2012-02-01,18.55,72.69999694824219,,,,-0.8575512077353884,-1.3493336726076055,,,0.23544973544973544,0.005291005291005291,,,,,,,N/A,NO_STRESS
2012-02-02,17.98,70.19999694824219,,,,-0.9373585173060975,-1.4614638468993817,,,0.18915343915343916,0.0013227513227513227,,,,,,,N/A,NO_STRESS
2012-02-03,17.1,76.69999694824219,,,,-1.0609991934314809,-1.160649472730019,,,0.1111111111111111,0.047619047619047616,,,,,,,N/A,NO_STRESS
2012-02-06,17.76,72.30000305175781,,,,-0.9658503148956886,-1.360589796878545,,,0.1746031746031746,0.005291005291005291,,,,,,,N/A,NO_STRESS
2012-02-07,17.65,79.30000305175781,,,,-0.9809560339373666,-1.0356056602427126,,,0.16600529100529102,0.0992063492063492,,,,,,,N/A,NO_STRESS
2012-02-08,18.16,79.0,,,,-0.9062051146196372,-1.0472937620229905,,,0.20965608465608465,0.09391534391534391,,,,,,,N/A,NO_STRESS
2012-02-09,18.63,83.19999694824219,,,,-0.8368152152762653,-0.8510552052311396,,,0.24735449735449735,0.167989417989418,,,,,,,N/A,NO_STRESS
2012-02-10,20.79,80.69999694824219,,,,-0.5228600642772893,-0.9643424991388868,,,0.36904761904761907,0.12698412698412698,,,,,,,N/A,NO_STRESS
2012-02-13,19.04,78.80000305175781,,,,-0.7766172979980651,-1.0496178425220986,,,0.2671957671957672,0.08796296296296297,,,,,,,N/A,NO_STRESS
2012-02-14,19.54,79.0,,,,-0.702292375998759,-1.037610922315273,,,0.30357142857142855,0.0958994708994709,,,,,,,N/A,NO_STRESS
2012-02-15,21.14,76.5999984741211,,,,-0.4653684548248987,-1.1457171120801406,,,0.39285714285714285,0.04497354497354497,,,,,,,N/A,NO_STRESS
2012-02-16,19.22,80.0999984741211,,,,-0.7473715642587944,-0.9810551576743551,,,0.2837301587301587,0.11970899470899471,,,,,,,N/A,NO_STRESS
2012-02-17,17.78,81.5,,,,-0.9593699010589366,-0.913816066972392,,,0.17989417989417988,0.14484126984126985,,,,,,,N/A,NO_STRESS
2012-02-20,17.78,81.5,,,,-0.9581888898881343,-0.9114442968634918,,,0.18055555555555555,0.1455026455026455,,,,,,,N/A,NO_STRESS
2012-02-21,18.19,79.30000305175781,,,,-0.8971999905703105,-1.0106585234489844,,,0.21428571428571427,0.10515873015873016,,,,,,,N/A,NO_STRESS
2012-02-22,18.19,79.5999984741211,,,,-0.896934103205336,-0.9941840421823359,,,0.21494708994708994,0.1111111111111111,,,,,,,N/A,NO_STRESS
2012-02-23,16.8,79.0,,,,-1.1062716263378354,-1.0193759767978552,,,0.09259259259259259,0.09788359788359788,,,,,,,N/A,NO_STRESS
2012-02-24,17.31,77.0999984741211,,,,-1.0283498627918082,-1.1044043837603694,,,0.12632275132275134,0.0582010582010582,,,,,,,N/A,NO_STRESS
2012-02-27,18.19,74.80000305175781,,,,-0.8929617286839133,-1.2073786761469254,,,0.21825396825396826,0.017857142857142856,,,,,,,N/A,NO_STRESS
2012-02-28,17.96,73.9000015258789,,,,-0.9270174432859629,-1.2455244841398838,,,0.1984126984126984,0.013227513227513227,,,,,,,N/A,NO_STRESS
2012-02-29,18.43,75.9000015258789,,,,-0.8536821396421141,-1.1500684912593067,,,0.24338624338624337,0.032407407407407406,,,,,,,N/A,NO_STRESS
2012-03-01,17.26,77.4000015258789,,,,-1.0321754269828491,-1.0779659552038068,,,0.12169312169312169,0.06944444444444445,,,,,,,N/A,NO_STRESS
2012-03-02,17.29,76.0,,,,-1.0254711537721424,-1.139493276130155,,,0.12566137566137567,0.037037037037037035,,,,,,,N/A,NO_STRESS
2012-03-05,18.05,75.0,,,,-0.9060079319074068,-1.1823968738539012,,,0.21296296296296297,0.021825396825396824,,,,,,,N/A,NO_STRESS
2012-03-06,20.87,75.80000305175781,,,,-0.4671471090201116,-1.1424454496670138,,,0.39285714285714285,0.0291005291005291,,,,,,,N/A,NO_STRESS
2012-03-07,19.07,75.0999984741211,,,,-0.7449294281355503,-1.171731676495264,,,0.289021164021164,0.023809523809523808,,,,,,,N/A,NO_STRESS
2012-03-08,17.95,76.5999984741211,,,,-0.9173514277792304,-1.1000549305803267,,,0.2003968253968254,0.05489417989417989,,,,,,,N/A,NO_STRESS
2012-03-09,17.11,73.19999694824219,,,,-1.0462382822158645,-1.2531262186680305,,,0.11441798941798942,0.010582010582010581,,,,,,,N/A,NO_STRESS
2012-03-12,15.64,69.9000015258789,,,,-1.272964417334451,-1.4006580593498232,,,0.021164021164021163,0.0013227513227513227,,,,,,,N/A,NO_STRESS
2012-03-13,14.8,73.80000305175781,,,,-1.4028676716565243,-1.2182259069160244,,,0.006613756613756613,0.01455026455026455,,,,,,,N/A,NO_STRESS
2012-03-14,15.31,89.69999694824219,,,,-1.3207189554037564,-0.48708502640558216,,,0.009259259259259259,0.36904761904761907,,,,,,,N/A,NO_STRESS
2012-03-15,15.42,83.4000015258789,,,,-1.3016811916472337,-0.7741255008031693,,,0.013227513227513227,0.20304232804232805,,,,,,,N/A,NO_STRESS
2012-03-16,14.47,84.9000015258789,,,,-1.4488185166334155,-0.7032850788830837,,,0.0013227513227513227,0.23346560846560846,,,,,,,N/A,NO_STRESS
2012-03-19,15.04,92.30000305175781,,,,-1.3566264320559003,-0.3617781531692365,,,0.009259259259259259,0.44642857142857145,,,,,,,N/A,NO_STRESS
2012-03-20,15.58,93.30000305175781,,,,-1.2697764991960612,-0.31411791148302726,,,0.02447089947089947,0.4662698412698413,,,,,,,N/A,NO_STRESS
2012-03-21,15.13,89.5,,,,-1.3392492800241464,-0.4871445024051849,,,0.011904761904761904,0.3644179894179894,,,,,,,N/A,NO_STRESS
2012-03-22,15.57,87.0999984741211,,,,-1.2670896268609195,-0.5957577163099772,,,0.02513227513227513,0.289021164021164,,,,,,,N/A,NO_STRESS
2012-03-23,14.82,86.19999694824219,,,,-1.3838749211861887,-0.6352262758390292,,,0.009259259259259259,0.27314814814814814,,,,,,,N/A,NO_STRESS
2012-03-26,14.26,85.5999984741211,,,,-1.4699158557161074,-0.660808254499586,,,0.0013227513227513227,0.2585978835978836,,,,,,,N/A,NO_STRESS
2012-03-27,15.59,80.69999694824219,,,,-1.2552901838050308,-0.8843460424215636,,,0.032407407407407406,0.1541005291005291,,,,,,,N/A,NO_STRESS
2012-03-28,15.47,77.4000015258789,,,,-1.2713949772987077,-1.0338598230033644,,,0.026455026455026454,0.08068783068783068,,,,,,,N/A,NO_STRESS
2012-03-29,15.48,75.19999694824219,,,,-1.2666079667277064,-1.1323808906169595,,,0.027777777777777776,0.0291005291005291,,,,,,,N/A,NO_STRESS
2012-03-30,15.5,78.5999984741211,,,,-1.2604420596143702,-0.9729927651859848,,,0.0291005291005291,0.10582010582010581,,,,,,,N/A,NO_STRESS
2012-04-02,15.64,75.5999984741211,,,,-1.2349307481502774,-1.1087316280403388,,,0.04034391534391534,0.03306878306878307,,,,,,,N/A,NO_STRESS
2012-04-03,15.66,84.30000305175781,,,,-1.2287468704568878,-0.7047817636697479,,,0.042328042328042326,0.23015873015873015,,,,,,,N/A,NO_STRESS
2012-04-04,16.44,84.5999984741211,,,,-1.1012585714744323,-0.6888489819912279,,,0.09523809523809523,0.2347883597883598,,,,,,,N/A,NO_STRESS
2012-04-05,16.7,83.69999694824219,,,,-1.0572227007198312,-0.7283561952498976,,,0.11441798941798942,0.21626984126984128,,,,,,,N/A,NO_STRESS
2012-04-06,16.7,83.69999694824219,,,,-1.0545052910998858,-0.7262632673505879,,,0.11507936507936507,0.21693121693121692,,,,,,,N/A,NO_STRESS
2012-04-09,18.81,76.19999694824219,,,,-0.7144854812056164,-1.0707025626170215,,,0.3029100529100529,0.05092592592592592,,,,,,,N/A,NO_STRESS
2012-04-10,20.39,75.0999984741211,,,,-0.4593393733912248,-1.118653775691917,,,0.39285714285714285,0.028439153439153438,,,,,,,N/A,NO_STRESS
2012-04-11,20.02,76.30000305175781,,,,-0.5170311584308358,-1.0602910308346882,,,0.3776455026455027,0.056216931216931214,,,,,,,N/A,NO_STRESS
2012-04-12,17.2,73.5,,,,-0.9671670677782379,-1.1867402664490194,,,0.14682539682539683,0.013888888888888888,,,,,,,N/A,NO_STRESS
2012-04-13,19.55,72.5999984741211,,,,-0.5879634599423449,-1.225319945520491,,,0.3558201058201058,0.009259259259259259,,,,,,,N/A,NO_STRESS
2012-04-16,19.55,72.9000015258789,,,,-0.5859412261521647,-1.209697501792003,,,0.35648148148148145,0.012566137566137565,,,,,,,N/A,NO_STRESS
2012-04-17,18.46,73.9000015258789,,,,-0.7591507903815299,-1.1616108084240022,,,0.2804232804232804,0.021825396825396824,,,,,,,N/A,NO_STRESS
2012-04-18,18.64,72.5,,,,-0.7280468122777973,-1.2249374145027379,,,0.296957671957672,0.009259259259259259,,,,,,,N/A,NO_STRESS
2012-04-19,18.36,72.19999694824219,,,,-0.7710079481972696,-1.23960379706255,,,0.2718253968253968,0.006613756613756613,,,,,,,N/A,NO_STRESS
2012-04-20,17.44,71.4000015258789,,,,-0.9170350460747588,-1.2786274768548371,,,0.1693121693121693,0.003968253968253968,,,,,,,N/A,NO_STRESS
2012-04-23,18.97,70.9000015258789,,,,-0.6680954567374129,-1.3034707709792965,,,0.3187830687830688,0.003968253968253968,,,,,,,N/A,NO_STRESS
2012-04-24,18.1,71.9000015258789,,,,-0.8063621566763102,-1.2633203728353297,,,0.25,0.007936507936507936,,,,,,,N/A,NO_STRESS
2012-04-25,16.82,70.5999984741211,,,,-1.0104753774128903,-1.331934200658464,,,0.12037037037037036,0.003968253968253968,,,,,,,N/A,NO_STRESS
2012-04-26,16.24,65.19999694824219,,,,-1.1013412865223162,-1.595123289407173,,,0.08134920634920635,0.0013227513227513227,,,,,,,N/A,NO_STRESS
2012-04-27,16.32,64.0999984741211,,,,-1.0855560634333439,-1.6521184247378258,,,0.08664021164021164,0.0013227513227513227,,,,,,,N/A,NO_STRESS
2012-04-30,17.15,62.900001525878906,,,,-0.9488873587132608,-1.7199315426153567,,,0.14947089947089948,0.0013227513227513227,,,,,,,N/A,NO_STRESS
2012-05-01,16.6,67.0,,,,-1.0350607408507333,-1.5252826114320996,,,0.10978835978835978,0.005291005291005291,,,,,,,N/A,NO_STRESS
2012-05-02,16.88,65.0999984741211,,,,-0.9871960530166349,-1.626560412751289,,,0.12698412698412698,0.003968253968253968,,,,,,,N/A,NO_STRESS
2012-05-03,17.56,63.29999923706055,,,,-0.8749629134610162,-1.7254694138617286,,,0.19510582010582012,0.0026455026455026454,,,,,,,N/A,NO_STRESS
2012-05-04,19.16,57.79999923706055,,,,-0.6145559955314412,-2.011567581452807,,,0.3445767195767196,0.0013227513227513227,,,,,,,N/A,NO_STRESS
2012-05-07,18.94,56.70000076293945,,,,-0.6482760282137172,-2.074518934995013,,,0.328042328042328,0.0013227513227513227,,,,,,,N/A,NO_STRESS
2012-05-08,19.05,57.70000076293945,,,,-0.6284827316758107,-2.0274050575288056,,,0.33465608465608465,0.0026455026455026454,,,,,,,N/A,NO_STRESS
2012-05-09,20.08,58.70000076293945,,,,-0.45979257330923495,-1.9805601972115532,,,0.4080687830687831,0.005291005291005291,,,,,,,N/A,NO_STRESS
2012-05-10,18.83,57.599998474121094,,,,-0.6603299437805438,-2.044679627203213,,,0.3220899470899471,0.0026455026455026454,,,,,,,N/A,NO_STRESS
2012-05-11,19.89,61.5,,,,-0.48653385734151494,-1.8548860592580336,,,0.3955026455026455,0.007936507936507936,,,,,,,N/A,NO_STRESS
2012-05-14,21.87,70.30000305175781,,,,-0.16381882838703773,-1.39577759729261,,,0.5277777777777778,0.01984126984126984,,,,,,,N/A,NO_STRESS
2012-05-15,21.97,67.69999694824219,,,,-0.14577246068155716,-1.5440033415037762,,,0.533068783068783,0.017195767195767195,,,,,,,N/A,NO_STRESS
2012-05-16,22.27,67.0,,,,-0.09529651437615161,-1.5906235798772723,,,0.5568783068783069,0.016534391534391533,,,,,,,N/A,NO_STRESS
2012-05-17,24.49,70.5999984741211,,,,0.26725412796256426,-1.3971051806727064,,,0.6785714285714286,0.02447089947089947,,,,,,,N/A,NO_STRESS
2012-05-18,25.1,70.5999984741211,,,,0.3669386735339519,-1.400910706311128,,,0.7235449735449735,0.02513227513227513,,,,,,,N/A,NO_STRESS
2012-05-21,22.01,69.0999984741211,,,,-0.13564880422005757,-1.4885021926221387,,,0.5370370370370371,0.01984126984126984,,,,,,,N/A,NO_STRESS
2012-05-22,22.48,70.80000305175781,,,,-0.05845406061857141,-1.39604863914977,,,0.5674603174603174,0.0291005291005291,,,,,,,N/A,NO_STRESS
2012-05-23,22.33,73.69999694824219,,,,-0.08204885811777315,-1.2354815716373455,,,0.5621693121693122,0.051587301587301584,,,,,,,N/A,NO_STRESS
2012-05-24,21.54,73.0999984741211,,,,-0.20984126187254334,-1.274012944070191,,,0.503968253968254,0.047619047619047616,,,,,,,N/A,NO_STRESS
2012-05-25,21.76,71.19999694824219,,,,-0.17271810368635823,-1.3849716502684166,,,0.5251322751322751,0.031746031746031744,,,,,,,N/A,NO_STRESS
2012-05-28,21.76,71.19999694824219,,,,-0.17145901592498913,-1.3863085919378009,,,0.5257936507936508,0.032407407407407406,,,,,,,N/A,NO_STRESS
2012-05-29,21.03,68.9000015258789,,,,-0.28903019467160607,-1.5218291405642863,,,0.4669312169312169,0.01984126984126984,,,,,,,N/A,NO_STRESS
2012-05-30,24.14,73.0,,,,0.2204287796605488,-1.2805143262645353,,,0.6653439153439153,0.051587301587301584,,,,,,,N/A,NO_STRESS
2012-05-31,24.06,74.4000015258789,,,,0.20918047222276223,-1.1969706651552383,,,0.6633597883597884,0.06878306878306878,,,,,,,N/A,NO_STRESS
2012-06-01,26.66,80.5999984741211,,,,0.6357434321113777,-0.8296765122718972,,,0.8055555555555556,0.21031746031746032,,,,,,,N/A,EQUITY_DRIVEN
2012-06-04,26.12,86.5,,,,0.5482150658093903,-0.4781732408172255,,,0.7936507936507936,0.34656084656084657,,,,,,,N/A,NO_STRESS
2012-06-05,24.68,84.5999984741211,,,,0.3126949749783498,-0.5894156413844824,,,0.7023809523809523,0.291005291005291,,,,,,,N/A,NO_STRESS
2012-06-06,22.16,87.69999694824219,,,,-0.09962324980745237,-0.4021910195656469,,,0.5529100529100529,0.3776455026455027,,,,,,,N/A,NO_STRESS
2012-06-07,21.72,82.0999984741211,,,,-0.17085056188672146,-0.7385925049193878,,,0.5218253968253969,0.23544973544973544,,,,,,,N/A,NO_STRESS
2012-06-08,21.23,86.0,,,,-0.25027426403769576,-0.5010819991911459,,,0.48412698412698413,0.3386243386243386,,,,,,,N/A,NO_STRESS
2012-06-11,23.56,86.5,,,,0.1318183853067605,-0.4693874346910207,,,0.6441798941798942,0.35119047619047616,,,,,,,N/A,NO_STRESS
2012-06-12,22.09,88.5,,,,-0.10864640960142902,-0.3439924698128967,,,0.548941798941799,0.4107142857142857,,,,,,,N/A,NO_STRESS
2012-06-13,24.27,89.30000305175781,,,,0.24862054555533564,-0.29174400584495824,,,0.6805555555555556,0.43783068783068785,,,,,,,N/A,NO_STRESS
2012-06-14,21.68,91.5,,,,-0.17554933717403562,-0.15108313236232312,,,0.5178571428571429,0.5132275132275133,,,,,,,N/A,NO_STRESS
2012-06-15,21.11,95.4000015258789,,,,-0.26847060019570024,0.09895318654548166,,,0.47354497354497355,0.5965608465608465,,,,,,,N/A,NO_STRESS
2012-06-18,18.32,85.69999694824219,,,,-0.724506849517853,-0.5134100758078614,,,0.28174603174603174,0.3287037037037037,,,,,,,N/A,NO_STRESS
2012-06-19,18.38,84.69999694824219,,,,-0.7131859949594026,-0.5758471280382578,,,0.28835978835978837,0.296957671957672,,,,,,,N/A,NO_STRESS
2012-06-20,17.24,77.69999694824219,,,,-0.8978475261928119,-1.0246425949608264,,,0.15608465608465608,0.14153439153439154,,,,,,,N/A,NO_STRESS
2012-06-21,20.08,76.19999694824219,,,,-0.43164779117322244,-1.1215260443906196,,,0.41534391534391535,0.10052910052910052,,,,,,,N/A,NO_STRESS
2012-06-22,18.11,75.0999984741211,,,,-0.7524521100038186,-1.1930823638895744,,,0.2619047619047619,0.07671957671957672,,,,,,,N/A,NO_STRESS
2012-06-25,20.38,72.80000305175781,,,,-0.379686104069536,-1.3432035553134527,,,0.4298941798941799,0.04894179894179894,,,,,,,N/A,NO_STRESS
2012-06-26,19.72,71.0999984741211,,,,-0.48646757888649633,-1.4557004464753192,,,0.39285714285714285,0.03306878306878307,,,,,,,N/A,NO_STRESS
2012-06-27,19.45,70.19999694824219,,,,-0.5294390666078043,-1.5163192629218483,,,0.37433862433862436,0.02447089947089947,,,,,,,N/A,NO_STRESS
2012-06-28,19.71,70.19999694824219,,,,-0.48572056288226806,-1.5194797603643537,,,0.39351851851851855,0.02513227513227513,,,,,,,N/A,NO_STRESS
2012-06-29,17.08,73.19999694824219,,,,-0.9139914596615383,-1.3236160034987166,,,0.14351851851851852,0.06018518518518518,,,,,,,N/A,NO_STRESS
2012-07-02,16.8,71.5999984741211,,,,-0.9575742198334631,-1.4372978099307283,,,0.12367724867724868,0.042328042328042326,,,,,,,N/A,NO_STRESS
2012-07-03,16.66,72.4000015258789,,,,-0.9781404632853015,-1.3879557684503279,,,0.1164021164021164,0.0496031746031746,,,,,,,N/A,NO_STRESS
2012-07-04,16.66,72.4000015258789,,,,-0.9757003973672917,-1.3932931534079955,,,0.11706349206349206,0.05026455026455026,,,,,,,N/A,NO_STRESS
2012-07-05,17.5,71.30000305175781,,,,-0.8364766900049094,-1.4739322119742122,,,0.18981481481481483,0.03968253968253968,,,,,,,N/A,NO_STRESS
2012-07-06,17.1,66.80000305175781,,,,-0.8997475269955294,-1.7913444882436012,,,0.15145502645502645,0.015873015873015872,,,,,,,N/A,NO_STRESS
2012-07-09,17.98,63.400001525878906,,,,-0.7544837201432425,-2.033848842926677,,,0.2533068783068783,0.011904761904761904,,,,,,,N/A,NO_STRESS
2012-07-10,18.72,63.29999923706055,,,,-0.6318859489851377,-2.04581479475092,,,0.330026455026455,0.011243386243386243,,,,,,,N/A,NO_STRESS
2012-07-11,17.95,63.79999923706055,,,,-0.7556822724885672,-2.0114894678274076,,,0.25,0.01455026455026455,,,,,,,N/A,NO_STRESS
2012-07-12,18.33,63.400001525878906,,,,-0.6918978909612273,-2.040617263335163,,,0.2962962962962963,0.013888888888888888,,,,,,,N/A,NO_STRESS
2012-07-13,16.74,63.29999923706055,,,,-0.9491115860717725,-2.0465811839616164,,,0.12566137566137567,0.011904761904761904,,,,,,,N/A,NO_STRESS
2012-07-16,17.11,62.79999923706055,,,,-0.8866863494639683,-2.081269808167222,,,0.15608465608465608,0.009259259259259259,,,,,,,N/A,NO_STRESS
2012-07-17,16.48,64.19999694824219,,,,-0.987016430762159,-1.9799052990289978,,,0.10383597883597884,0.021164021164021163,,,,,,,N/A,NO_STRESS
2012-07-18,16.16,61.900001525878906,,,,-1.0366396378403921,-2.142907794382571,,,0.07671957671957672,0.009259259259259259,,,,,,,N/A,NO_STRESS
2012-07-19,15.45,61.20000076293945,,,,-1.1493347109931678,-2.188825973943815,,,0.022486772486772486,0.007936507936507936,,,,,,,N/A,NO_STRESS
2012-07-20,16.27,61.29999923706055,,,,-1.0134749292230387,-2.1772461835530503,,,0.08664021164021164,0.009259259259259259,,,,,,,N/A,NO_STRESS
2012-07-23,18.62,61.599998474121094,,,,-0.6298480713978782,-2.1530795793663375,,,0.3333333333333333,0.011904761904761904,,,,,,,N/A,NO_STRESS
2012-07-24,20.47,62.900001525878906,,,,-0.32787828760411475,-2.057964399941202,,,0.4603174603174603,0.016534391534391533,,,,,,,N/A,NO_STRESS
2012-07-25,19.34,63.099998474121094,,,,-0.509851840785328,-2.044546548113676,,,0.3888888888888889,0.018518518518518517,,,,,,,N/A,NO_STRESS
2012-07-26,17.53,62.599998474121094,,,,-0.8021873822622039,-2.0834505049407626,,,0.20502645502645503,0.01455026455026455,,,,,,,N/A,NO_STRESS
2012-07-27,16.7,69.69999694824219,,,,-0.9348671772738503,-1.5664875003899459,,,0.12764550264550265,0.042328042328042326,,,,,,,N/A,NO_STRESS
2012-07-30,18.03,68.4000015258789,,,,-0.7167128760296886,-1.6610532799824094,,,0.2751322751322751,0.03968253968253968,,,,,,,N/A,NO_STRESS
2012-07-31,18.93,69.80000305175781,,,,-0.5688653442030135,-1.5574092631174044,,,0.36044973544973546,0.04497354497354497,,,,,,,N/A,NO_STRESS
2012-08-01,18.96,74.0999984741211,,,,-0.5625336213831761,-1.2385240460348599,,,0.3644179894179894,0.10251322751322751,,,,,,,N/A,NO_STRESS
2012-08-02,17.57,69.4000015258789,,,,-0.7869564882599281,-1.5827373899323598,,,0.21693121693121692,0.04365079365079365,,,,,,,N/A,NO_STRESS
2012-08-03,15.64,71.9000015258789,,,,-1.098296565781609,-1.3948977708484394,,,0.042328042328042326,0.07076719576719577,,,,,,,N/A,NO_STRESS
2012-08-06,15.95,69.69999694824219,,,,-1.0454521596135973,-1.5544362343223295,,,0.06415343915343916,0.04563492063492063,,,,,,,N/A,NO_STRESS
2012-08-07,15.99,73.9000015258789,,,,-1.0365653094658627,-1.240346735093471,,,0.07076719576719577,0.10317460317460317,,,,,,,N/A,NO_STRESS
2012-08-08,15.32,75.19999694824219,,,,-1.142595619611112,-1.1419133727892714,,,0.017857142857142856,0.12235449735449735,,,,,,,N/A,NO_STRESS
2012-08-09,15.28,73.69999694824219,,,,-1.1463129230590674,-1.2524862002775474,,,0.015873015873015872,0.09854497354497355,,,,,,,N/A,NO_STRESS
2012-08-10,14.74,70.0999984741211,,,,-1.2306930151275546,-1.519523516443205,,,0.007936507936507936,0.05026455026455026,,,,,,,N/A,NO_STRESS
2012-08-13,13.7,67.19999694824219,,,,-1.3950990844841853,-1.7340094067501517,,,0.0013227513227513227,0.03835978835978836,,,,,,,N/A,NO_STRESS
2012-08-14,14.85,67.9000015258789,,,,-1.2061165235192786,-1.6783175518141644,,,0.01455026455026455,0.041005291005291,,,,,,,N/A,NO_STRESS
2012-08-15,14.63,73.0,,,,-1.2385947606631613,-1.2933209722413697,,,0.006613756613756613,0.09457671957671958,,,,,,,N/A,NO_STRESS
2012-08-16,14.29,77.0999984741211,,,,-1.2900955797636438,-0.9826641635069508,,,0.003968253968253968,0.18055555555555555,,,,,,,N/A,NO_STRESS
2012-08-17,13.45,74.0,,,,-1.4212973802783297,-1.2130470326831768,,,0.0013227513227513227,0.11375661375661375,,,,,,,N/A,NO_STRESS
2012-08-20,14.02,70.19999694824219,,,,-1.325775859877363,-1.4953846151563488,,,0.003968253968253968,0.056216931216931214,,,,,,,N/A,NO_STRESS
2012-08-21,15.02,70.0,,,,-1.16195009348489,-1.5064396016761656,,,0.021164021164021163,0.05291005291005291,,,,,,,N/A,NO_STRESS
2012-08-22,15.11,66.80000305175781,,,,-1.1445186553076818,-1.743306930501553,,,0.02513227513227513,0.03505291005291005,,,,,,,N/A,NO_STRESS
2012-08-23,15.96,65.5,,,,-1.0054951057965846,-1.8362811585941943,,,0.082010582010582,0.03439153439153439,,,,,,,N/A,NO_STRESS
2012-08-24,15.18,66.4000015258789,,,,-1.1276630889875054,-1.7636572998683906,,,0.027777777777777776,0.03571428571428571,,,,,,,N/A,NO_STRESS
2012-08-27,16.35,66.30000305175781,,,,-0.9374201084203276,-1.765550534788275,,,0.11574074074074074,0.03571428571428571,,,,,,,N/A,NO_STRESS
2012-08-28,16.49,64.30000305175781,,,,-0.9125868125848403,-1.9091694980266785,,,0.13293650793650794,0.031746031746031744,,,,,,,N/A,NO_STRESS
2012-08-29,17.06,64.9000015258789,,,,-0.8190984416703178,-1.8577382704019607,,,0.17592592592592593,0.03306878306878307,,,,,,,N/A,NO_STRESS
2012-08-30,17.83,68.0,,,,-0.6939708614490937,-1.6199434284905925,,,0.27645502645502645,0.05026455026455026,,,,,,,N/A,NO_STRESS
2012-08-31,17.47,68.69999694824219,,,,-0.7500604423104763,-1.5624855350520415,,,0.22288359788359788,0.05291005291005291,,,,,,,N/A,NO_STRESS
2012-09-03,17.47,68.69999694824219,,,,-0.7485958384929193,-1.5590884306051085,,,0.22354497354497355,0.05357142857142857,,,,,,,N/A,NO_STRESS
2012-09-04,17.98,67.0999984741211,,,,-0.6655968532581552,-1.6752026382150464,,,0.2962962962962963,0.046296296296296294,,,,,,,N/A,NO_STRESS
2012-09-05,17.74,68.5,,,,-0.7027202795917079,-1.5661374460988744,,,0.2671957671957672,0.05423280423280423,,,,,,,N/A,NO_STRESS
2012-09-06,15.6,71.0,,,,-1.0432438433846718,-1.375900337876341,,,0.05555555555555555,0.08333333333333333,,,,,,,N/A,NO_STRESS
2012-09-07,14.38,68.4000015258789,,,,-1.235731954342684,-1.5685470101308965,,,0.007936507936507936,0.05357142857142857,,,,,,,N/A,NO_STRESS
2012-09-10,16.28,68.19999694824219,,,,-0.9302792420526019,-1.5807901698281481,,,0.1130952380952381,0.05291005291005291,,,,,,,N/A,NO_STRESS
2012-09-11,16.41,67.9000015258789,,,,-0.9079372792712095,-1.5999369284112792,,,0.125,0.05092592592592592,,,,,,,N/A,NO_STRESS
2012-09-12,15.8,69.9000015258789,,,,-1.0036523211757802,-1.4453881335691803,,,0.06878306878306878,0.07076719576719577,,,,,,,N/A,NO_STRESS
2012-09-13,14.05,65.4000015258789,,,,-1.2798944504171814,-1.7798134186760204,,,0.005291005291005291,0.037037037037037035,,,,,,,N/A,NO_STRESS
2012-09-14,14.51,68.30000305175781,,,,-1.2041187388864898,-1.557289167840312,,,0.011904761904761904,0.056878306878306875,,,,,,,N/A,NO_STRESS
2012-09-17,14.59,64.4000015258789,,,,-1.1886409372136535,-1.8464866078348978,,,0.013227513227513227,0.03306878306878307,,,,,,,N/A,NO_STRESS
2012-09-18,14.18,59.79999923706055,,,,-1.2505727814439578,-2.1878063707609403,,,0.006613756613756613,0.007936507936507936,,,,,,,N/A,NO_STRESS
2012-09-19,13.88,57.5,,,,-1.2947001458263117,-2.3526452866788317,,,0.003968253968253968,0.0026455026455026454,,,,,,,N/A,NO_STRESS
2012-09-20,14.07,59.70000076293945,,,,-1.2610082102274514,-2.179663165949514,,,0.007936507936507936,0.009259259259259259,,,,,,,N/A,NO_STRESS
2012-09-21,13.98,59.599998474121094,,,,-1.2718286389168096,-2.1810252322083516,,,0.005291005291005291,0.009259259259259259,,,,,,,N/A,NO_STRESS
2012-09-24,14.15,57.5,,,,-1.2416877720256825,-2.3304734406234853,,,0.010582010582010581,0.0033068783068783067,,,,,,,N/A,NO_STRESS
2012-09-25,15.43,57.599998474121094,,,,-1.0358987771596178,-2.3146398432831368,,,0.04894179894179894,0.005952380952380952,,,,,,,N/A,NO_STRESS
2012-09-26,16.81,58.5,,,,-0.8146328304070738,-2.239584686622269,,,0.17857142857142858,0.010582010582010581,,,,,,,N/A,NO_STRESS
2012-09-27,14.84,61.08000183105469,,,,-1.1243901332322768,-2.040907371000287,,,0.031746031746031744,0.017195767195767195,,,,,,,N/A,NO_STRESS
2012-09-28,15.73,60.470001220703125,,,,-0.9806631041628217,-2.080120869310136,,,0.08002645502645503,0.017195767195767195,,,,,,,N/A,NO_STRESS
2012-10-01,16.32,59.400001525878906,,,,-0.8850204552196186,-2.1514253215946266,,,0.13227513227513227,0.013227513227513227,,,,,,,N/A,NO_STRESS
2012-10-02,15.71,60.400001525878906,,,,-0.9796002974630038,-2.0678911684489156,,,0.07936507936507936,0.018518518518518517,,,,,,,N/A,NO_STRESS
2012-10-03,15.43,59.20000076293945,,,,-1.02173180577035,-2.1476946468035143,,,0.05092592592592592,0.013227513227513227,,,,,,,N/A,NO_STRESS
2012-10-04,14.55,59.79999923706055,,,,-1.1583252592059352,-2.0938507590446567,,,0.01984126984126984,0.01917989417989418,,,,,,,N/A,NO_STRESS
2012-10-05,14.33,60.400001525878906,,,,-1.190057119494321,-2.0410641814315076,,,0.015873015873015872,0.021825396825396824,,,,,,,N/A,NO_STRESS
2012-10-08,15.11,60.400001525878906,,,,-1.0642432723521345,-2.032501296253627,,,0.041666666666666664,0.022486772486772486,,,,,,,N/A,NO_STRESS
2012-10-09,16.37,59.29999923706055,,,,-0.8633890334112685,-2.1044762138126805,,,0.14616402116402116,0.01455026455026455,,,,,,,N/A,NO_STRESS
2012-10-10,16.29,59.599998474121094,,,,-0.8743058011052525,-2.073443579639929,,,0.13756613756613756,0.017857142857142856,,,,,,,N/A,NO_STRESS
2012-10-11,15.59,61.400001525878906,,,,-0.9829069445270042,-1.9337234079533598,,,0.07407407407407407,0.03306878306878307,,,,,,,N/A,NO_STRESS
2012-10-12,16.14,61.400001525878906,,,,-0.8943282223356533,-1.9264982409653657,,,0.12367724867724868,0.03373015873015873,,,,,,,N/A,NO_STRESS
2012-10-15,15.27,63.0,,,,-1.029329926305038,-1.8032936240907314,,,0.046296296296296294,0.04497354497354497,,,,,,,N/A,NO_STRESS
2012-10-16,15.22,64.80000305175781,,,,-1.0352401581156965,-1.666714469211015,,,0.046296296296296294,0.06084656084656084,,,,,,,N/A,NO_STRESS
2012-10-17,15.07,68.69999694824219,,,,-1.0569783626882503,-1.3796642893283988,,,0.04034391534391534,0.09259259259259259,,,,,,,N/A,NO_STRESS
2012-10-18,15.03,69.0,,,,-1.061373419334903,-1.354981893682335,,,0.03835978835978836,0.09656084656084656,,,,,,,N/A,NO_STRESS
2012-10-19,17.06,68.5,,,,-0.7412643404261641,-1.3882621550366105,,,0.2175925925925926,0.09060846560846561,,,,,,,N/A,NO_STRESS
2012-10-22,16.62,69.80000305175781,,,,-0.8084796067532185,-1.2906963377033422,,,0.1818783068783069,0.10515873015873016,,,,,,,N/A,NO_STRESS
2012-10-23,18.83,68.9000015258789,,,,-0.46005807252335584,-1.3526352864585824,,,0.4312169312169312,0.09722222222222222,,,,,,,N/A,NO_STRESS
2012-10-24,18.33,67.0999984741211,,,,-0.5377672587392663,-1.4788176962996715,,,0.3855820105820106,0.07738095238095238,,,,,,,N/A,NO_STRESS
2012-10-25,18.12,73.0999984741211,,,,-0.5700129221419016,-1.0429800371373272,,,0.36243386243386244,0.16071428571428573,,,,,,,N/A,NO_STRESS
2012-10-26,17.81,73.0,,,,-0.6175823558776022,-1.0476307892653003,,,0.32275132275132273,0.15873015873015872,,,,,,,N/A,NO_STRESS
2012-10-29,17.81,73.0,,,,-0.61671474740039,-1.044963238670506,,,0.32341269841269843,0.1593915343915344,,,,,,,N/A,NO_STRESS
2012-10-30,17.81,73.0,,,,-0.6156704709415726,-1.042626990283604,,,0.32407407407407407,0.16005291005291006,,,,,,,N/A,NO_STRESS
2012-10-31,18.6,71.43000030517578,,,,-0.4905859949559646,-1.1533985901523744,,,0.419973544973545,0.13624338624338625,,,,,,,N/A,NO_STRESS
2012-11-01,16.69,72.0,,,,-0.7887530030063991,-1.109745703792695,,,0.18981481481481483,0.14285714285714285,,,,,,,N/A,NO_STRESS
2012-11-02,17.59,72.30000305175781,,,,-0.6464228997706514,-1.0855796231411932,,,0.29563492063492064,0.1474867724867725,,,,,,,N/A,NO_STRESS
2012-11-05,18.42,68.61000061035156,,,,-0.5155167413357038,-1.3471151640626933,,,0.4060846560846561,0.09391534391534391,,,,,,,N/A,NO_STRESS
2012-11-06,17.58,69.30000305175781,,,,-0.6463033734074561,-1.2939813067680936,,,0.2923280423280423,0.10449735449735449,,,,,,,N/A,NO_STRESS
2012-11-07,19.08,60.900001525878906,,,,-0.4106383874570752,-1.8895301640374773,,,0.47023809523809523,0.0291005291005291,,,,,,,N/A,NO_STRESS
2012-11-08,18.49,59.099998474121094,,,,-0.5026103327514544,-2.010045286760219,,,0.416005291005291,0.013227513227513227,,,,,,,N/A,NO_STRESS
2012-11-09,18.61,59.099998474121094,,,,-0.4829276712610599,-2.001734909595123,,,0.42857142857142855,0.013888888888888888,,,,,,,N/A,NO_STRESS
2012-11-12,16.68,59.099998474121094,,,,-0.7839711726149227,-1.9934839529410346,,,0.18915343915343916,0.01455026455026455,,,,,,,N/A,NO_STRESS
2012-11-13,16.65,57.29999923706055,,,,-0.7875684182226836,-2.1125866596897485,,,0.1865079365079365,0.0026455026455026454,,,,,,,N/A,NO_STRESS
2012-11-14,17.92,56.84000015258789,,,,-0.5883117479128672,-2.1369813934153234,,,0.34325396825396826,0.0026455026455026454,,,,,,,N/A,NO_STRESS
2012-11-15,17.99,55.599998474121094,,,,-0.5769071398665633,-2.2149134375323523,,,0.35714285714285715,0.0013227513227513227,,,,,,,N/A,NO_STRESS
2012-11-16,16.41,54.97999954223633,,,,-0.8232543548747581,-2.248886609268325,,,0.16005291005291006,0.0013227513227513227,,,,,,,N/A,NO_STRESS
2012-11-19,15.24,54.70000076293945,,,,-1.0048335285670218,-2.2586998728390077,,,0.05026455026455026,0.0013227513227513227,,,,,,,N/A,NO_STRESS
2012-11-20,15.08,53.70000076293945,,,,-1.028176718368056,-2.319117894931632,,,0.04365079365079365,0.0013227513227513227,,,,,,,N/A,NO_STRESS
2012-11-21,15.31,53.900001525878906,,,,-0.9906643800656124,-2.2956077854727055,,,0.056216931216931214,0.0026455026455026454,,,,,,,N/A,NO_STRESS
2012-11-22,15.31,53.900001525878906,,,,-0.989107456752392,-2.2853171180812546,,,0.056878306878306875,0.0033068783068783067,,,,,,,N/A,NO_STRESS
2012-11-23,15.14,53.900001525878906,,,,-1.0135977625309394,-2.2757349052752933,,,0.04894179894179894,0.003968253968253968,,,,,,,N/A,NO_STRESS
2012-11-26,15.5,53.900001525878906,,,,-0.9555972682274233,-2.2662560421038944,,,0.0787037037037037,0.004629629629629629,,,,,,,N/A,NO_STRESS
2012-11-27,15.92,51.70000076293945,,,,-0.8888535779780021,-2.408071147930356,,,0.1164021164021164,0.0013227513227513227,,,,,,,N/A,NO_STRESS
2012-11-28,15.51,52.29999923706055,,,,-0.9514448229560415,-2.3550703798359693,,,0.08068783068783068,0.0026455026455026454,,,,,,,N/A,NO_STRESS
2012-11-29,15.06,51.70000076293945,,,,-1.0200654607075743,-2.3857034639763683,,,0.041005291005291,0.001984126984126984,,,,,,,N/A,NO_STRESS
2012-11-30,15.87,51.79999923706055,,,,-0.8929780813955227,-2.3676196674507364,,,0.11375661375661375,0.003968253968253968,,,,,,,N/A,NO_STRESS
2012-12-03,16.64,51.02000045776367,,,,-0.7727394068705923,-2.4086548254455677,,,0.2003968253968254,0.0013227513227513227,,,,,,,N/A,NO_STRESS
2012-12-04,17.12,51.70000076293945,,,,-0.6979592265655751,-2.349949716976771,,,0.25396825396825395,0.003968253968253968,,,,,,,N/A,NO_STRESS
2012-12-05,16.46,52.29999923706055,,,,-0.8000345759548102,-2.297507317637181,,,0.17989417989417988,0.008597883597883597,,,,,,,N/A,NO_STRESS
2012-12-06,16.58,53.29999923706055,,,,-0.7809769914353264,-2.218906208293968,,,0.1917989417989418,0.010582010582010581,,,,,,,N/A,NO_STRESS
2012-12-07,15.9,53.29999923706055,,,,-0.886088151520459,-2.208510425007136,,,0.11904761904761904,0.011243386243386243,,,,,,,N/A,NO_STRESS
2012-12-10,16.05,52.25,,,,-0.8621579589913991,-2.268570222874253,,,0.13756613756613756,0.007936507936507936,,,,,,,N/A,NO_STRESS
2012-12-11,15.57,51.599998474121094,,,,-0.9359112675735938,-2.301012730583922,,,0.08531746031746032,0.0026455026455026454,,,,,,,N/A,NO_STRESS
2012-12-12,15.95,53.599998474121094,,,,-0.8763395120257078,-2.1568010800424764,,,0.1283068783068783,0.015873015873015872,,,,,,,N/A,NO_STRESS
2012-12-13,16.56,53.599998474121094,,,,-0.7809809015788415,-2.1471701590730974,,,0.1970899470899471,0.016534391534391533,,,,,,,N/A,NO_STRESS
2012-12-14,17.0,52.79999923706055,,,,-0.7113658844378322,-2.190591503453288,,,0.2447089947089947,0.013227513227513227,,,,,,,N/A,NO_STRESS
2012-12-17,16.34,57.099998474121094,,,,-0.8116000276038788,-1.8968339653440822,,,0.16997354497354497,0.03306878306878307,,,,,,,N/A,NO_STRESS
2012-12-18,15.57,63.0,,,,-0.928762296178225,-1.5002300423983874,,,0.08597883597883597,0.083994708994709,,,,,,,N/A,NO_STRESS
2012-12-19,17.36,57.79999923706055,,,,-0.6495044324612294,-1.8385678508849945,,,0.2896825396825397,0.04298941798941799,,,,,,,N/A,NO_STRESS
2012-12-20,17.67,54.400001525878906,,,,-0.6001773895792909,-2.055164493898583,,,0.3406084656084656,0.026455026455026454,,,,,,,N/A,NO_STRESS
2012-12-21,17.84,55.29999923706055,,,,-0.5725241559588415,-1.987684986568146,,,0.36507936507936506,0.03042328042328042,,,,,,,N/A,NO_STRESS
2012-12-24,17.84,54.900001525878906,,,,-0.5710968052103994,-2.005926400428165,,,0.36574074074074076,0.0291005291005291,,,,,,,N/A,NO_STRESS
2012-12-25,17.84,54.900001525878906,,,,-0.5700100914629391,-1.9979748818791414,,,0.3664021164021164,0.02976190476190476,,,,,,,N/A,NO_STRESS
2012-12-26,19.48,54.5,,,,-0.315343687456418,-2.0162110537389526,,,0.5277777777777778,0.027777777777777776,,,,,,,N/A,NO_STRESS
2012-12-27,19.47,55.0,,,,-0.3164360866733509,-1.9755035288603988,,,0.5277777777777778,0.03439153439153439,,,,,,,N/A,NO_STRESS
2012-12-28,22.72,56.70000076293945,,,,0.1880646943709056,-1.8576530944659555,,,0.708994708994709,0.03902116402116402,,,,,,,N/A,NO_STRESS
2012-12-31,18.02,59.400001525878906,,,,-0.5390850379693489,-1.6764452773908496,,,0.39351851851851855,0.06415343915343916,,,,,,,N/A,NO_STRESS
2013-01-01,18.02,59.400001525878906,,,,-0.5374560967043608,-1.6709232913505327,,,0.3941798941798942,0.06481481481481481,,,,,,,N/A,NO_STRESS
2013-01-02,14.68,61.099998474121094,,,,-1.0527493059468782,-1.5559897514344176,,,0.026455026455026454,0.082010582010582,,,,,,,N/A,NO_STRESS
2013-01-03,14.56,63.5,,,,-1.0685843194313385,-1.3967305199740072,,,0.022486772486772486,0.10846560846560846,,,,,,,N/A,NO_STRESS
2013-01-04,13.83,62.0,,,,-1.178660046215635,-1.4892002429060645,,,0.003968253968253968,0.09259259259259259,,,,,,,N/A,NO_STRESS
2013-01-07,13.79,59.900001525878906,,,,-1.1819571120040013,-1.6195745795040575,,,0.003968253968253968,0.07407407407407407,,,,,,,N/A,NO_STRESS
2013-01-08,13.62,58.599998474121094,,,,-1.2052606695847914,-1.6976520840120584,,,0.0026455026455026454,0.05555555555555555,,,,,,,N/A,NO_STRESS
2013-01-09,13.81,56.29999923706055,,,,-1.173111702310753,-1.8388936672087468,,,0.006613756613756613,0.03835978835978836,,,,,,,N/A,NO_STRESS
2013-01-10,13.49,58.20000076293945,,,,-1.219638992825645,-1.7113422640298726,,,0.0026455026455026454,0.05555555555555555,,,,,,,N/A,NO_STRESS
2013-01-11,13.36,59.20000076293945,,,,-1.2369636033282558,-1.6420318678557924,,,0.0013227513227513227,0.06547619047619048,,,,,,,N/A,NO_STRESS
2013-01-14,13.52,55.79999923706055,,,,-1.2098418211818665,-1.8526176681940019,,,0.005291005291005291,0.03835978835978836,,,,,,,N/A,NO_STRESS
2013-01-15,13.55,53.099998474121094,,,,-1.2028053283652955,-2.0169826196555127,,,0.006613756613756613,0.01455026455026455,,,,,,,N/A,NO_STRESS
2013-01-16,13.42,53.20000076293945,,,,-1.2199778949228257,-2.0026979887564553,,,0.0026455026455026454,0.015873015873015872,,,,,,,N/A,NO_STRESS
2013-01-17,13.57,56.900001525878906,,,,-1.1944571559341999,-1.762209863194526,,,0.009259259259259259,0.047619047619047616,,,,,,,N/A,NO_STRESS
2013-01-18,12.46,55.849998474121094,,,,-1.3616692680344622,-1.8224622559712789,,,0.0013227513227513227,0.042328042328042326,,,,,,,N/A,NO_STRESS
2013-01-21,12.46,55.849998474121094,,,,-1.3586470607580845,-1.8164167204233566,,,0.001984126984126984,0.04298941798941799,,,,,,,N/A,NO_STRESS
2013-01-22,12.43,61.88999938964844,,,,-1.3602767583843511,-1.432499574379169,,,0.0013227513227513227,0.10582010582010581,,,,,,,N/A,NO_STRESS
2013-01-23,12.46,53.599998474121094,,,,-1.352814696145014,-1.9474389468249067,,,0.003968253968253968,0.021164021164021163,,,,,,,N/A,NO_STRESS
2013-01-24,12.69,55.29999923706055,,,,-1.3150437997852298,-1.8347978027345029,,,0.006613756613756613,0.04034391534391534,,,,,,,N/A,NO_STRESS
2013-01-25,12.89,66.19999694824219,,,,-1.2820708239760974,-1.150334543973476,,,0.007936507936507936,0.14417989417989419,,,,,,,N/A,NO_STRESS
2013-01-28,13.57,63.70000076293945,,,,-1.1767902650827569,-1.3042196953215823,,,0.017857142857142856,0.12962962962962962,,,,,,,N/A,NO_STRESS
2013-01-29,13.31,62.400001525878906,,,,-1.2145478933560536,-1.382679024217932,,,0.009259259259259259,0.11243386243386243,,,,,,,N/A,NO_STRESS
2013-01-30,14.32,66.4000015258789,,,,-1.0594281006121895,-1.1312327134510478,,,0.03968253968253968,0.15013227513227514,,,,,,,N/A,NO_STRESS
2013-01-31,14.28,65.5999984741211,,,,-1.063972392023612,-1.1794591414446434,,,0.03835978835978836,0.14682539682539683,,,,,,,N/A,NO_STRESS
2013-02-01,12.9,65.0,,,,-1.271645611669626,-1.215069379039781,,,0.009259259259259259,0.14153439153439154,,,,,,,N/A,NO_STRESS
2013-02-04,14.67,63.099998474121094,,,,-1.0016610054274895,-1.3310590363270491,,,0.05555555555555555,0.12235449735449735,,,,,,,N/A,NO_STRESS
2013-02-05,13.72,64.80000305175781,,,,-1.1442742660427792,-1.2231211212710844,,,0.02513227513227513,0.14087301587301587,,,,,,,N/A,NO_STRESS
2013-02-06,13.41,62.79999923706055,,,,-1.1895769452435005,-1.3449704277132488,,,0.013227513227513227,0.11574074074074074,,,,,,,N/A,NO_STRESS
2013-02-07,13.5,59.900001525878906,,,,-1.1745064733456947,-1.5221073806022904,,,0.018518518518518517,0.09060846560846561,,,,,,,N/A,NO_STRESS
2013-02-08,13.02,61.5,,,,-1.2456567932029134,-1.4199746705783447,,,0.010582010582010581,0.1078042328042328,,,,,,,N/A,NO_STRESS
2013-02-11,12.94,60.0,,,,-1.2559992268559534,-1.5091931529103957,,,0.010582010582010581,0.09259259259259259,,,,,,,N/A,NO_STRESS
2013-02-12,12.64,59.79999923706055,,,,-1.2994731149799146,-1.5178528258258197,,,0.006613756613756613,0.08862433862433862,,,,,,,N/A,NO_STRESS
2013-02-13,12.98,61.70000076293945,,,,-1.2465522579949078,-1.3973185076371564,,,0.013227513227513227,0.11375661375661375,,,,,,,N/A,NO_STRESS
2013-02-14,12.66,59.099998474121094,,,,-1.2927601556294108,-1.5529638743400882,,,0.007936507936507936,0.07341269841269842,,,,,,,N/A,NO_STRESS
2013-02-15,12.46,59.099998474121094,,,,-1.3203985519100319,-1.548124555818506,,,0.004629629629629629,0.07407407407407407,,,,,,,N/A,NO_STRESS
2013-02-18,12.46,59.099998474121094,,,,-1.3180544121353894,-1.5434149340266492,,,0.005291005291005291,0.07473544973544974,,,,,,,N/A,NO_STRESS
2013-02-19,12.31,58.400001525878906,,,,-1.3382743737115579,-1.581507843884663,,,0.0013227513227513227,0.06746031746031746,,,,,,,N/A,NO_STRESS
2013-02-20,14.68,57.900001525878906,,,,-0.98067192954978,-1.6071478039298324,,,0.07208994708994709,0.06613756613756613,,,,,,,N/A,NO_STRESS
2013-02-21,15.22,59.70000076293945,,,,-0.8986450055032781,-1.49260786536501,,,0.10119047619047619,0.09325396825396826,,,,,,,N/A,NO_STRESS
2013-02-22,14.17,58.599998474121094,,,,-1.0553589659664162,-1.55499193015831,,,0.051587301587301584,0.07208994708994709,,,,,,,N/A,NO_STRESS
2013-02-25,18.99,60.0,,,,-0.331112084435238,-1.4651127301586204,,,0.5145502645502645,0.10383597883597884,,,,,,,N/A,NO_STRESS
2013-02-26,16.87,58.0,,,,-0.6498137901723077,-1.5820159585796143,,,0.2830687830687831,0.06746031746031746,,,,,,,N/A,NO_STRESS
2013-02-27,14.73,58.40999984741211,,,,-0.9710112784680308,-1.552213093726054,,,0.07804232804232804,0.07142857142857142,,,,,,,N/A,NO_STRESS
2013-02-28,15.51,55.880001068115234,,,,-0.8534039322195403,-1.7001338419828296,,,0.13425925925925927,0.047619047619047616,,,,,,,N/A,NO_STRESS
2013-03-01,15.36,55.0,,,,-0.8755693576851733,-1.7473376618263163,,,0.11772486772486772,0.03902116402116402,,,,,,,N/A,NO_STRESS
2013-03-04,14.01,53.900001525878906,,,,-1.0775741722810666,-1.8073243976053603,,,0.046296296296296294,0.027777777777777776,,,,,,,N/A,NO_STRESS
2013-03-05,13.48,56.5,,,,-1.156279793690817,-1.644736561698397,,,0.027777777777777776,0.05291005291005291,,,,,,,N/A,NO_STRESS
2013-03-06,13.53,56.5,,,,-1.1476651734290275,-1.639430522504244,,,0.03306878306878307,0.05357142857142857,,,,,,,N/A,NO_STRESS
2013-03-07,13.06,60.5,,,,-1.2170625008119904,-1.39470540266362,,,0.021164021164021163,0.12037037037037036,,,,,,,N/A,NO_STRESS
2013-03-08,12.59,58.099998474121094,,,,-1.2860236623166197,-1.534637423501489,,,0.010582010582010581,0.07539682539682539,,,,,,,N/A,NO_STRESS
2013-03-11,11.56,55.06999969482422,,,,-1.437249596368681,-1.7111005166216484,,,0.0013227513227513227,0.042328042328042326,,,,,,,N/A,NO_STRESS
2013-03-12,12.27,53.70000076293945,,,,-1.3286938932614671,-1.7871748708186017,,,0.0026455026455026454,0.02447089947089947,,,,,,,N/A,NO_STRESS
2013-03-13,11.83,54.599998474121094,,,,-1.3925390756127818,-1.7281398421822645,,,0.0026455026455026454,0.03571428571428571,,,,,,,N/A,NO_STRESS
2013-03-14,11.3,56.0,,,,-1.46914202237417,-1.639779167192349,,,0.0013227513227513227,0.05555555555555555,,,,,,,N/A,NO_STRESS
2013-03-15,11.3,55.79999923706055,,,,-1.4664991899692656,-1.6468595742193568,,,0.001984126984126984,0.05092592592592592,,,,,,,N/A,NO_STRESS
2013-03-18,13.36,55.79999923706055,,,,-1.158036211477629,-1.6416156044120065,,,0.032407407407407406,0.051587301587301584,,,,,,,N/A,NO_STRESS
2013-03-19,14.39,55.79999923706055,,,,-1.0034784522395581,-1.6365650139265822,,,0.07671957671957672,0.052248677248677246,,,,,,,N/A,NO_STRESS
2013-03-20,12.67,55.79999923706055,,,,-1.2563890199329641,-1.6311984688270846,,,0.021164021164021163,0.05291005291005291,,,,,,,N/A,NO_STRESS
2013-03-21,13.99,55.79999923706055,,,,-1.057807667085589,-1.6259380284974119,,,0.06084656084656084,0.05357142857142857,,,,,,,N/A,NO_STRESS
2013-03-22,13.57,55.79999923706055,,,,-1.1184820108839446,-1.6209570651920786,,,0.04894179894179894,0.05423280423280423,,,,,,,N/A,NO_STRESS
2013-03-25,13.74,57.66999816894531,,,,-1.0907449975813304,-1.50623577097759,,,0.05555555555555555,0.082010582010582,,,,,,,N/A,NO_STRESS
2013-03-26,12.77,56.099998474121094,,,,-1.232061123897623,-1.5938651518862454,,,0.023809523809523808,0.06481481481481481,,,,,,,N/A,NO_STRESS
2013-03-27,13.15,56.099998474121094,,,,-1.172667352636595,-1.5887737304086078,,,0.03306878306878307,0.06547619047619048,,,,,,,N/A,NO_STRESS
2013-03-28,12.7,57.29999923706055,,,,-1.2359711651837626,-1.5135926385483156,,,0.023809523809523808,0.0787037037037037,,,,,,,N/A,NO_STRESS
2013-03-29,12.7,57.29999923706055,,,,-1.2332703105986047,-1.5105899594846686,,,0.02447089947089947,0.07936507936507936,,,,,,,N/A,NO_STRESS
2013-04-01,13.58,56.20000076293945,,,,-1.10298720723379,-1.571341526525822,,,0.056878306878306875,0.06746031746031746,,,,,,,N/A,NO_STRESS
2013-04-02,12.78,56.0,,,,-1.218898768570489,-1.5783736664925183,,,0.027777777777777776,0.06415343915343916,,,,,,,N/A,NO_STRESS
2013-04-03,14.21,57.900001525878906,,,,-1.0032477544274652,-1.4624297244931226,,,0.082010582010582,0.0958994708994709,,,,,,,N/A,NO_STRESS
2013-04-04,13.89,56.900001525878906,,,,-1.0481853278760846,-1.5162916649773548,,,0.0701058201058201,0.0787037037037037,,,,,,,N/A,NO_STRESS
2013-04-05,13.92,54.79999923706055,,,,-1.0409626676728971,-1.6338219057979115,,,0.07142857142857142,0.03835978835978836,,,,,,,N/A,NO_STRESS
2013-04-08,13.19,54.900001525878906,,,,-1.1468848753810161,-1.6227349172526087,,,0.03835978835978836,0.041005291005291,,,,,,,N/A,NO_STRESS
2013-04-09,12.84,52.70000076293945,,,,-1.1960897198031664,-1.74502440078994,,,0.0291005291005291,0.013227513227513227,,,,,,,N/A,NO_STRESS
2013-04-10,12.36,53.900001525878906,,,,-1.2651185432043421,-1.669438912665327,,,0.009259259259259259,0.031084656084656083,,,,,,,N/A,NO_STRESS
2013-04-11,12.24,52.599998474121094,,,,-1.2810555545421973,-1.7390587919225442,,,0.006613756613756613,0.013227513227513227,,,,,,,N/A,NO_STRESS
2013-04-12,12.06,53.099998474121094,,,,-1.3120188289774273,-1.705338993425465,,,0.006613756613756613,0.017857142857142856,,,,,,,N/A,NO_STRESS
2013-04-15,17.27,52.29999923706055,,,,-0.5247618538880348,-1.7466608579350926,,,0.35119047619047616,0.011904761904761904,,,,,,,N/A,NO_STRESS
2013-04-16,13.96,51.900001525878906,,,,-1.0258478273774578,-1.7644246331758053,,,0.07936507936507936,0.009259259259259259,,,,,,,N/A,NO_STRESS
2013-04-17,16.51,52.0,,,,-0.635751239756277,-1.7540042700993692,,,0.2791005291005291,0.010582010582010581,,,,,,,N/A,NO_STRESS
2013-04-18,17.56,51.29999923706055,,,,-0.4733919163029206,-1.7894054386347544,,,0.38756613756613756,0.0026455026455026454,,,,,,,N/A,NO_STRESS
2013-04-19,14.97,51.29999923706055,,,,-0.8676199734048614,-1.7844511049664682,,,0.1283068783068783,0.0033068783068783067,,,,,,,N/A,NO_STRESS
2013-04-22,14.39,50.599998474121094,,,,-0.9542753251381774,-1.820012879249358,,,0.10251322751322751,0.0013227513227513227,,,,,,,N/A,NO_STRESS
2013-04-23,13.48,50.0,,,,-1.0915138882462034,-1.849600775956053,,,0.05357142857142857,0.0013227513227513227,,,,,,,N/A,NO_STRESS
2013-04-24,13.61,49.79999923706055,,,,-1.070026675403119,-1.8556573436869692,,,0.06746031746031746,0.0013227513227513227,,,,,,,N/A,NO_STRESS
2013-04-25,13.62,49.400001525878906,,,,-1.0658625932507568,-1.8724852783954316,,,0.06944444444444445,0.0013227513227513227,,,,,,,N/A,NO_STRESS
2013-04-26,13.61,50.20000076293945,,,,-1.0647097350030252,-1.820074004402291,,,0.06812169312169312,0.005291005291005291,,,,,,,N/A,NO_STRESS
2013-04-29,13.71,49.599998474121094,,,,-1.047792321897452,-1.8487445524487944,,,0.07407407407407407,0.0026455026455026454,,,,,,,N/A,NO_STRESS
2013-04-30,13.52,49.20000076293945,,,,-1.0760689125372271,-1.8656777205974606,,,0.05886243386243386,0.0013227513227513227,,,,,,,N/A,NO_STRESS
2013-05-01,14.49,49.0,,,,-0.9236508929569014,-1.8713697501311202,,,0.11375661375661375,0.0013227513227513227,,,,,,,N/A,NO_STRESS
2013-05-02,13.59,49.0,,,,-1.061728424469105,-1.8652701084960601,,,0.06878306878306878,0.001984126984126984,,,,,,,N/A,NO_STRESS
2013-05-03,12.85,49.0,,,,-1.1743083330996602,-1.8588329091133584,,,0.03439153439153439,0.0026455026455026454,,,,,,,N/A,NO_STRESS
2013-05-06,12.66,49.4900016784668,,,,-1.200842375244062,-1.8247228418050323,,,0.02447089947089947,0.007936507936507936,,,,,,,N/A,NO_STRESS
2013-05-07,12.83,49.4900016784668,,,,-1.1712813654458596,-1.8185391692508759,,,0.03439153439153439,0.008597883597883597,,,,,,,N/A,NO_STRESS
2013-05-08,12.66,49.4900016784668,,,,-1.1945430191866713,-1.8121265546142744,,,0.02513227513227513,0.009259259259259259,,,,,,,N/A,NO_STRESS
2013-05-09,13.13,48.869998931884766,,,,-1.1182312329472066,-1.8408639249177163,,,0.047619047619047616,0.0013227513227513227,,,,,,,N/A,NO_STRESS
2013-05-10,12.59,55.31999969482422,,,,-1.199155363291867,-1.4670230161770874,,,0.021825396825396824,0.082010582010582,,,,,,,N/A,NO_STRESS
2013-05-13,12.55,56.5099983215332,,,,-1.2021456128867507,-1.3948213761751982,,,0.021164021164021163,0.10846560846560846,,,,,,,N/A,NO_STRESS
2013-05-14,12.77,57.7400016784668,,,,-1.1647413472221815,-1.3208496870516042,,,0.036375661375661374,0.12962962962962962,,,,,,,N/A,NO_STRESS
2013-05-15,12.81,57.7400016784668,,,,-1.1554184296089183,-1.3172765529104065,,,0.03968253968253968,0.1302910052910053,,,,,,,N/A,NO_STRESS
2013-05-16,13.07,57.7400016784668,,,,-1.1119936592187087,-1.3137527190134348,,,0.05291005291005291,0.13095238095238096,,,,,,,N/A,NO_STRESS
2013-05-17,12.45,61.29999923706055,,,,-1.2055004683202701,-1.1082640033594233,,,0.01455026455026455,0.19378306878306878,,,,,,,N/A,NO_STRESS
2013-05-20,13.02,60.5,,,,-1.1139003537272338,-1.151009755330497,,,0.052248677248677246,0.18716931216931218,,,,,,,N/A,NO_STRESS
2013-05-21,13.37,59.79999923706055,,,,-1.0567211569799213,-1.1879073007121972,,,0.06481481481481481,0.17394179894179895,,,,,,,N/A,NO_STRESS
2013-05-22,13.82,65.4000015258789,,,,-0.9848954948899697,-0.8675567726169159,,,0.10052910052910052,0.24801587301587302,,,,,,,N/A,NO_STRESS
2013-05-23,14.07,68.19999694824219,,,,-0.9442406627983917,-0.7067634070026234,,,0.11574074074074074,0.27314814814814814,,,,,,,N/A,NO_STRESS
2013-05-24,13.99,65.0999984741211,,,,-0.9548180601640038,-0.8805626491152401,,,0.11044973544973545,0.24537037037037038,,,,,,,N/A,NO_STRESS
2013-05-27,13.99,65.0999984741211,,,,-0.9524684343974882,-0.8784858503606447,,,0.1111111111111111,0.24603174603174602,,,,,,,N/A,NO_STRESS
2013-05-28,14.48,75.5,,,,-0.8732414304518259,-0.28713848073630543,,,0.13756613756613756,0.39814814814814814,,,,,,,N/A,NO_STRESS
2013-05-29,14.83,81.19999694824219,,,,-0.8159841959468535,0.03658136891128083,,,0.16137566137566137,0.5152116402116402,,,,,,,N/A,NO_STRESS
2013-05-30,14.53,77.4000015258789,,,,-0.8608967156844304,-0.1785036010726261,,,0.14153439153439154,0.44642857142857145,,,,,,,N/A,NO_STRESS
2013-05-31,16.3,80.0,,,,-0.5803289946414608,-0.030470051406904692,,,0.2923280423280423,0.49404761904761907,,,,,,,N/A,NO_STRESS
2013-06-03,16.28,79.19999694824219,,,,-0.5817755792712996,-0.07545472724767596,,,0.2896825396825397,0.48214285714285715,,,,,,,N/A,NO_STRESS
2013-06-04,16.27,82.80000305175781,,,,-0.58171040918839,0.12891874193320219,,,0.28703703703703703,0.5456349206349206,,,,,,,N/A,NO_STRESS
2013-06-05,17.5,83.5999984741211,,,,-0.38648295855234766,0.17409332125041782,,,0.4193121693121693,0.5535714285714286,,,,,,,N/A,NO_STRESS
2013-06-06,16.63,84.69999694824219,,,,-0.5220251546471611,0.23611732625584658,,,0.3333333333333333,0.576058201058201,,,,,,,N/A,NO_STRESS
2013-06-07,15.14,81.5,,,,-0.7549301378316332,0.05416744272502498,,,0.1818783068783069,0.5231481481481481,,,,,,,N/A,NO_STRESS
2013-06-10,15.44,84.69999694824219,,,,-0.7056012281547938,0.2355931857683439,,,0.20502645502645503,0.5753968253968254,,,,,,,N/A,NO_STRESS
2013-06-11,17.07,82.30000305175781,,,,-0.4468392377547935,0.09910732417584021,,,0.376984126984127,0.5343915343915344,,,,,,,N/A,NO_STRESS
2013-06-12,18.59,81.9000015258789,,,,-0.205895431359098,0.07615591668531164,,,0.5608465608465608,0.5271164021164021,,,,,,,N/A,NO_STRESS
2013-06-13,16.41,82.4000015258789,,,,-0.5482769333814174,0.1042449599683839,,,0.3115079365079365,0.53505291005291,,,,,,,N/A,NO_STRESS
2013-06-14,17.15,78.5,,,,-0.4299707101071836,-0.11716844812301232,,,0.3948412698412698,0.46296296296296297,,,,,,,N/A,NO_STRESS
2013-06-17,16.8,78.5,,,,-0.48388708789459933,-0.1171380337531885,,,0.3584656084656085,0.4636243386243386,,,,,,,N/A,NO_STRESS
2013-06-18,16.61,81.0,,,,-0.5126004384071429,0.02453007634461446,,,0.335978835978836,0.5079365079365079,,,,,,,N/A,NO_STRESS
2013-06-19,16.64,86.9000015258789,,,,-0.5065004670968067,0.35877147063115283,,,0.3412698412698413,0.6111111111111112,,,,,,,N/A,NO_STRESS
2013-06-20,20.49,96.0,,,,0.10243373297894875,0.8735459226048701,,,0.6825396825396826,0.7711640211640212,,,,,,,N/A,NO_STRESS
2013-06-21,18.9,103.69999694824219,,,,-0.14773911377783042,1.3070092428968192,,,0.5912698412698413,0.8902116402116402,,,,,,,N/A,RATES_DRIVEN
2013-06-24,20.11,111.0,,,,0.04421716260816135,1.7150385249796702,,,0.671957671957672,0.9761904761904762,,,,,,,N/A,RATES_DRIVEN
2013-06-25,18.47,108.4000015258789,,,,-0.21430863974221154,1.5631237537545943,,,0.5568783068783069,0.9490740740740741,,,,,,,N/A,RATES_DRIVEN
2013-06-26,17.21,103.5,,,,-0.41237635193611855,1.2832587195803267,,,0.40343915343915343,0.8783068783068783,,,,,,,N/A,RATES_DRIVEN
2013-06-27,16.86,97.0999984741211,,,,-0.46656704405703675,0.920831810689889,,,0.3664021164021164,0.7791005291005291,,,,,,,N/A,NO_STRESS
2013-06-28,16.86,99.80000305175781,,,,-0.46544485008561093,1.0711331306788796,,,0.36706349206349204,0.8227513227513228,,,,,,,N/A,RATES_DRIVEN
2013-07-01,16.37,101.30000305175781,,,,-0.5417075961439675,1.153090553651577,,,0.30687830687830686,0.8531746031746031,,,,,,,N/A,RATES_DRIVEN
2013-07-02,16.44,101.30000305175781,,,,-0.5294017570455828,1.1504806582488196,,,0.3194444444444444,0.8525132275132276,,,,,,,N/A,RATES_DRIVEN
2013-07-03,16.2,109.30000305175781,,,,-0.5659837750149056,1.5954588272090404,,,0.2843915343915344,0.9623015873015873,,,,,,,N/A,RATES_DRIVEN
2013-07-04,16.2,109.30000305175781,,,,-0.5642376878420882,1.590398896305851,,,0.28505291005291006,0.9616402116402116,,,,,,,N/A,RATES_DRIVEN
2013-07-05,14.89,117.9000015258789,,,,-0.7691981823254442,2.064053533016372,,,0.16666666666666666,0.9947089947089947,,,,,,,N/A,RATES_DRIVEN
2013-07-08,14.78,107.80000305175781,,,,-0.7844199502531978,1.495404516495313,,,0.16005291005291006,0.9391534391534392,,,,,,,N/A,RATES_DRIVEN
2013-07-09,14.35,99.5,,,,-0.8501295313361529,1.0310772014028367,,,0.13227513227513227,0.8095238095238095,,,,,,,N/A,RATES_DRIVEN
2013-07-10,14.21,99.0,,,,-0.8700267065379403,1.0021092154253997,,,0.125,0.8002645502645502,,,,,,,N/A,RATES_DRIVEN
2013-07-11,14.01,93.5,,,,-0.8993173169878219,0.6947022130146625,,,0.11441798941798942,0.7103174603174603,,,,,,,N/A,NO_STRESS
2013-07-12,13.84,94.5,,,,-0.9237385516851276,0.7500865484732364,,,0.10317460317460317,0.7268518518518519,,,,,,,N/A,NO_STRESS
2013-07-15,13.79,89.4000015258789,,,,-0.9291872169959633,0.4660672962754252,,,0.09854497354497355,0.6362433862433863,,,,,,,N/A,NO_STRESS
2013-07-16,14.42,88.0,,,,-0.8273115007443513,0.38867303360429595,,,0.14285714285714285,0.6117724867724867,,,,,,,N/A,NO_STRESS
2013-07-17,13.78,81.9000015258789,,,,-0.926098385271382,0.049558326827107445,,,0.09788359788359788,0.5119047619047619,,,,,,,N/A,NO_STRESS
2013-07-18,13.77,77.4000015258789,,,,-0.9252170121368263,-0.20006019415232557,,,0.09788359788359788,0.43915343915343913,,,,,,,N/A,NO_STRESS
2013-07-19,12.54,75.9000015258789,,,,-1.1170087351392177,-0.2820525757522143,,,0.022486772486772486,0.4080687830687831,,,,,,,N/A,NO_STRESS
2013-07-22,12.29,72.5999984741211,,,,-1.1534763816953462,-0.46459303392381407,,,0.010582010582010581,0.34854497354497355,,,,,,,N/A,NO_STRESS
2013-07-23,12.66,74.0999984741211,,,,-1.0920724382709706,-0.3785627476207311,,,0.032407407407407406,0.38293650793650796,,,,,,,N/A,NO_STRESS
2013-07-24,13.18,80.19999694824219,,,,-1.0071030012913427,-0.03465374407596324,,,0.06349206349206349,0.49272486772486773,,,,,,,N/A,NO_STRESS
2013-07-25,12.97,82.5999984741211,,,,-1.0376395446208355,0.10235634459328234,,,0.05423280423280423,0.5343915343915344,,,,,,,N/A,NO_STRESS
2013-07-26,12.72,81.5999984741211,,,,-1.0744179874757906,0.04775347609248671,,,0.041005291005291,0.5138888888888888,,,,,,,N/A,NO_STRESS
2013-07-29,13.39,83.19999694824219,,,,-0.9662679955633792,0.13882687243913064,,,0.07407407407407407,0.5423280423280423,,,,,,,N/A,NO_STRESS
2013-07-30,13.39,83.30000305175781,,,,-0.9640697168991766,0.14541892054769498,,,0.07473544973544974,0.544973544973545,,,,,,,N/A,NO_STRESS
2013-07-31,13.45,82.5999984741211,,,,-0.952149689182355,0.1071919050297379,,,0.08002645502645503,0.5363756613756614,,,,,,,N/A,NO_STRESS
2013-08-01,12.94,91.4000015258789,,,,-1.0300440110191078,0.6046361465102454,,,0.05489417989417989,0.6970899470899471,,,,,,,N/A,NO_STRESS
2013-08-02,11.98,73.19999694824219,,,,-1.1784307974150952,-0.42067016538497254,,,0.006613756613756613,0.3664021164021164,,,,,,,N/A,NO_STRESS
2013-08-05,11.84,72.69999694824219,,,,-1.1973805640936341,-0.4469493386093733,,,0.006613756613756613,0.35119047619047616,,,,,,,N/A,NO_STRESS
2013-08-06,12.72,78.19999694824219,,,,-1.0562126886145626,-0.13388719418840014,,,0.04431216931216931,0.4583333333333333,,,,,,,N/A,NO_STRESS
2013-08-07,12.98,75.4000015258789,,,,-1.0128688950679392,-0.29077549638915545,,,0.06283068783068783,0.4027777777777778,,,,,,,N/A,NO_STRESS
2013-08-08,12.73,75.4000015258789,,,,-1.0496190631926041,-0.2890148424868323,,,0.046296296296296294,0.40343915343915343,,,,,,,N/A,NO_STRESS
2013-08-09,13.41,75.4000015258789,,,,-0.9404705925378122,-0.2872002995175601,,,0.08531746031746032,0.4041005291005291,,,,,,,N/A,NO_STRESS
2013-08-12,12.81,74.0999984741211,,,,-1.0322642696761568,-0.3592415056828103,,,0.052248677248677246,0.3862433862433862,,,,,,,N/A,NO_STRESS
2013-08-13,12.31,81.69999694824219,,,,-1.1080866889713674,0.074847299746327,,,0.01521164021164021,0.5264550264550265,,,,,,,N/A,NO_STRESS
2013-08-14,13.04,80.9000015258789,,,,-0.9910474906880146,0.030484109566962733,,,0.07142857142857142,0.5112433862433863,,,,,,,N/A,NO_STRESS
2013-08-15,14.73,86.69999694824219,,,,-0.7241169523108085,0.36127734863981786,,,0.19246031746031747,0.6190476190476191,,,,,,,N/A,NO_STRESS
2013-08-16,14.37,94.69999694824219,,,,-0.7785705450925269,0.8165262813631045,,,0.16666666666666666,0.7612433862433863,,,,,,,N/A,NO_STRESS
2013-08-19,15.1,99.5,,,,-0.662550259685345,1.0879907311313342,,,0.21825396825396826,0.830026455026455,,,,,,,N/A,RATES_DRIVEN
2013-08-20,14.91,95.69999694824219,,,,-0.690665118685242,0.8705091298181186,,,0.20767195767195767,0.7738095238095238,,,,,,,N/A,NO_STRESS
2013-08-21,15.94,98.80000305175781,,,,-0.5277565103200531,1.0451349181286613,,,0.3029100529100529,0.8167989417989417,,,,,,,N/A,RATES_DRIVEN
2013-08-22,14.76,98.30000305175781,,,,-0.7109811301803166,1.0151095422327858,,,0.1984126984126984,0.8082010582010583,,,,,,,N/A,RATES_DRIVEN
2013-08-23,13.98,99.80000305175781,,,,-0.8311543033537314,1.0984246484774325,,,0.13955026455026456,0.8353174603174603,,,,,,,N/A,RATES_DRIVEN
2013-08-26,14.99,95.80000305175781,,,,-0.6711601898241296,0.8701976600558445,,,0.21296296296296297,0.7705026455026455,,,,,,,N/A,NO_STRESS
2013-08-27,16.77,94.9000015258789,,,,-0.39079930513101224,0.8193401296138302,,,0.414021164021164,0.7566137566137566,,,,,,,N/A,NO_STRESS
2013-08-28,16.49,94.9000015258789,,,,-0.43359804821491593,0.8186814626381714,,,0.37962962962962965,0.7559523809523809,,,,,,,N/A,NO_STRESS
2013-08-29,16.81,98.80000305175781,,,,-0.3824492783840966,1.0388752168912345,,,0.4212962962962963,0.8148148148148148,,,,,,,N/A,RATES_DRIVEN
2013-08-30,17.01,103.5,,,,-0.35015052699526983,1.3029964560772949,,,0.43783068783068785,0.8869047619047619,,,,,,,N/A,RATES_DRIVEN
2013-09-02,17.01,103.5,,,,-0.3493671565789398,1.2997842168196798,,,0.4384920634920635,0.8862433862433863,,,,,,,N/A,RATES_DRIVEN
2013-09-03,16.61,105.80000305175781,,,,-0.41154586735080534,1.426128811748265,,,0.3921957671957672,0.9107142857142857,,,,,,,N/A,RATES_DRIVEN
2013-09-04,15.88,105.80000305175781,,,,-0.5252543629114637,1.4221767452348182,,,0.30158730158730157,0.91005291005291,,,,,,,N/A,RATES_DRIVEN
2013-09-05,15.77,111.4000015258789,,,,-0.54170568677069,1.7326198115004734,,,0.29034391534391535,0.9775132275132276,,,,,,,N/A,RATES_DRIVEN
2013-09-06,15.85,105.5,,,,-0.5282400000561605,1.3968753604762203,,,0.2962962962962963,0.9027777777777778,,,,,,,N/A,RATES_DRIVEN
2013-09-09,15.63,100.69999694824219,,,,-0.5618865838250868,1.1250187083941006,,,0.2804232804232804,0.8465608465608465,,,,,,,N/A,RATES_DRIVEN
2013-09-10,14.53,101.80000305175781,,,,-0.7329874077690662,1.1850458958815324,,,0.18055555555555555,0.8611111111111112,,,,,,,N/A,RATES_DRIVEN
2013-09-11,13.82,98.0,,,,-0.84238437169202,0.9703544427922997,,,0.1302910052910053,0.7903439153439153,,,,,,,N/A,NO_STRESS
2013-09-12,14.29,96.4000015258789,,,,-0.7673866220877475,0.8794314892332007,,,0.16468253968253968,0.7638888888888888,,,,,,,N/A,NO_STRESS
2013-09-13,14.16,96.19999694824219,,,,-0.786346049375019,0.867423447265784,,,0.15608465608465608,0.7599206349206349,,,,,,,N/A,NO_STRESS
2013-09-16,14.38,94.5,,,,-0.7507504715054556,0.7717829984270409,,,0.17394179894179895,0.7288359788359788,,,,,,,N/A,NO_STRESS
2013-09-17,14.53,90.80000305175781,,,,-0.7259513936311539,0.5641248407122791,,,0.1865079365079365,0.671957671957672,,,,,,,N/A,NO_STRESS
2013-09-18,13.59,82.69999694824219,,,,-0.8710628765203525,0.1107911969114603,,,0.11177248677248677,0.544973544973545,,,,,,,N/A,NO_STRESS
2013-09-19,13.16,80.30000305175781,,,,-0.9361631576464454,-0.022510167811138473,,,0.07804232804232804,0.501984126984127,,,,,,,N/A,NO_STRESS
2013-09-20,13.12,77.69999694824219,,,,-0.9402988848888334,-0.16714061976562328,,,0.07539682539682539,0.45701058201058203,,,,,,,N/A,NO_STRESS
2013-09-23,14.31,75.30000305175781,,,,-0.7529603191793555,-0.3004633751035955,,,0.17195767195767195,0.40343915343915343,,,,,,,N/A,NO_STRESS
2013-09-24,14.08,74.80000305175781,,,,-0.7870074717524133,-0.327016358903422,,,0.15873015873015872,0.39285714285714285,,,,,,,N/A,NO_STRESS
2013-09-25,14.01,75.30000305175781,,,,-0.7961059586362105,-0.29733372596812085,,,0.15211640211640212,0.4054232804232804,,,,,,,N/A,NO_STRESS
2013-09-26,14.06,77.5999984741211,,,,-0.7868563989699869,-0.16736423382283094,,,0.1574074074074074,0.4603174603174603,,,,,,,N/A,NO_STRESS
2013-09-27,15.46,78.0,,,,-0.567946051203892,-0.14452546949974665,,,0.27645502645502645,0.4662698412698413,,,,,,,N/A,NO_STRESS
2013-09-30,16.6,80.19999694824219,,,,-0.389960521212277,-0.02048960895624849,,,0.4146825396825397,0.5066137566137566,,,,,,,N/A,NO_STRESS
2013-10-01,15.54,87.4000015258789,,,,-0.5544167869802981,0.38468231118481455,,,0.28835978835978837,0.6203703703703703,,,,,,,N/A,NO_STRESS
2013-10-02,16.6,82.19999694824219,,,,-0.3887687107931058,0.09242494346311865,,,0.4166666666666667,0.5416666666666666,,,,,,,N/A,NO_STRESS
2013-10-03,17.67,80.30000305175781,,,,-0.22195905893474702,-0.013773496559046954,,,0.5555555555555556,0.5119047619047619,,,,,,,N/A,NO_STRESS
2013-10-04,16.74,82.5,,,,-0.3663682202229966,0.11090197811807251,,,0.4437830687830688,0.5502645502645502,,,,,,,N/A,NO_STRESS
2013-10-07,19.41,80.30000305175781,,,,0.04965293416439697,-0.01180854454449387,,,0.7129629629629629,0.5125661375661376,,,,,,,N/A,NO_STRESS
2013-10-08,20.34,81.0999984741211,,,,0.19444772816903252,0.035051719833721434,,,0.753968253968254,0.5238095238095238,,,,,,,N/A,NO_STRESS
2013-10-09,19.6,80.80000305175781,,,,0.07984063605557867,0.019623642284979658,,,0.7301587301587301,0.5198412698412699,,,,,,,N/A,NO_STRESS
2013-10-10,16.48,80.0999984741211,,,,-0.4050279103264772,-0.018823278253277575,,,0.4027777777777778,0.501984126984127,,,,,,,N/A,NO_STRESS
2013-10-11,15.72,77.0999984741211,,,,-0.5226839571996332,-0.18695924597029853,,,0.30952380952380953,0.44907407407407407,,,,,,,N/A,NO_STRESS
2013-10-14,16.07,77.0999984741211,,,,-0.4677137678706886,-0.1857311673217612,,,0.35185185185185186,0.4497354497354497,,,,,,,N/A,NO_STRESS
2013-10-15,18.66,75.80000305175781,,,,-0.06449127311045048,-0.25824872980059305,,,0.6706349206349206,0.41865079365079366,,,,,,,N/A,NO_STRESS
2013-10-16,14.71,73.19999694824219,,,,-0.6781395044804142,-0.40416711010056744,,,0.21164021164021163,0.3683862433862434,,,,,,,N/A,NO_STRESS
2013-10-17,13.48,70.0999984741211,,,,-0.867927419527139,-0.5777623935177929,,,0.0992063492063492,0.30753968253968256,,,,,,,N/A,NO_STRESS
2013-10-18,13.04,72.5,,,,-0.9345071768950705,-0.4399973775540043,,,0.07208994708994709,0.34854497354497355,,,,,,,N/A,NO_STRESS
2013-10-21,13.16,71.5,,,,-0.9136248170473129,-0.49486525313233476,,,0.08134920634920635,0.3326719576719577,,,,,,,N/A,NO_STRESS
2013-10-22,13.33,63.099998474121094,,,,-0.885142080860679,-0.9689401269284778,,,0.0873015873015873,0.2222222222222222,,,,,,,N/A,NO_STRESS
2013-10-23,13.42,62.0,,,,-0.8689266926808198,-1.0286925223523287,,,0.09854497354497355,0.20965608465608465,,,,,,,N/A,NO_STRESS
2013-10-24,13.2,63.099998474121094,,,,-0.9010202007367634,-0.9639723165241371,,,0.08597883597883597,0.22420634920634921,,,,,,,N/A,NO_STRESS
2013-10-25,13.09,61.13999938964844,,,,-0.9162982832648902,-1.0729226066427449,,,0.07671957671957672,0.19444444444444445,,,,,,,N/A,NO_STRESS
2013-10-28,13.31,58.5,,,,-0.8807517491622043,-1.2199822855572153,,,0.08928571428571429,0.14616402116402116,,,,,,,N/A,NO_STRESS
2013-10-29,13.41,58.79999923706055,,,,-0.8638796507159655,-1.1996556430799656,,,0.10052910052910052,0.15211640211640212,,,,,,,N/A,NO_STRESS
2013-10-30,13.65,60.599998474121094,,,,-0.8254200860899239,-1.094805074808613,,,0.1335978835978836,0.1931216931216931,,,,,,,N/A,NO_STRESS
2013-10-31,13.75,61.70000076293945,,,,-0.8087737212025782,-1.0299279111183453,,,0.1402116402116402,0.210978835978836,,,,,,,N/A,NO_STRESS
2013-11-01,13.28,69.5999984741211,,,,-0.8803555657403959,-0.5771265571940446,,,0.08862433862433862,0.3082010582010582,,,,,,,N/A,NO_STRESS
2013-11-04,12.93,64.20999908447266,,,,-0.9330775350503072,-0.8830511169297309,,,0.062169312169312166,0.24735449735449735,,,,,,,N/A,NO_STRESS
2013-11-05,13.27,68.5999984741211,,,,-0.879163080928733,-0.6297214968500987,,,0.08994708994708994,0.2962962962962963,,,,,,,N/A,NO_STRESS
2013-11-06,12.67,67.0999984741211,,,,-0.9703792748998842,-0.7139581543080704,,,0.04034391534391534,0.2791005291005291,,,,,,,N/A,NO_STRESS
2013-11-07,13.91,66.5,,,,-0.7775719030823139,-0.7471550922726063,,,0.16137566137566137,0.2724867724867725,,,,,,,N/A,NO_STRESS
2013-11-08,12.9,69.9000015258789,,,,-0.9322215716471811,-0.5489073969738084,,,0.06283068783068783,0.32142857142857145,,,,,,,N/A,NO_STRESS
2013-11-11,12.53,69.9000015258789,,,,-0.9881179517640191,-0.5469543701827663,,,0.027777777777777776,0.3220899470899471,,,,,,,N/A,NO_STRESS
2013-11-12,12.82,69.5999984741211,,,,-0.9421599966635712,-0.5623845596516176,,,0.0582010582010582,0.31415343915343913,,,,,,,N/A,NO_STRESS
2013-11-13,12.52,65.80000305175781,,,,-0.9870895267799873,-0.7818061137007911,,,0.027777777777777776,0.2671957671957672,,,,,,,N/A,NO_STRESS
2013-11-14,12.37,61.900001525878906,,,,-1.0091010837052545,-1.0070402977889983,,,0.018518518518518517,0.21494708994708994,,,,,,,N/A,NO_STRESS
2013-11-15,12.19,62.20000076293945,,,,-1.0353320665477734,-0.9871379895732689,,,0.010582010582010581,0.21957671957671956,,,,,,,N/A,NO_STRESS
2013-11-18,13.1,58.29999923706055,,,,-0.8940877435057999,-1.212458201650452,,,0.08862433862433862,0.14285714285714285,,,,,,,N/A,NO_STRESS
2013-11-19,13.39,62.29999923706055,,,,-0.8481823957521647,-0.9759113466998446,,,0.11243386243386243,0.2222222222222222,,,,,,,N/A,NO_STRESS
2013-11-20,13.4,66.5,,,,-0.8454291485044896,-0.7277566523356341,,,0.11507936507936507,0.27976190476190477,,,,,,,N/A,NO_STRESS
2013-11-21,12.66,68.4000015258789,,,,-0.9577754557808372,-0.6141929399190529,,,0.042328042328042326,0.3029100529100529,,,,,,,N/A,NO_STRESS
2013-11-22,12.26,66.80000305175781,,,,-1.0175313460114126,-0.7063505673064825,,,0.013227513227513227,0.2830687830687831,,,,,,,N/A,NO_STRESS
2013-11-25,12.79,65.0999984741211,,,,-0.9345731611735372,-0.8045668805223707,,,0.062169312169312166,0.2638888888888889,,,,,,,N/A,NO_STRESS
2013-11-26,12.81,65.30000305175781,,,,-0.9300166861893061,-0.7906047598302238,,,0.06481481481481481,0.26851851851851855,,,,,,,N/A,NO_STRESS
2013-11-27,12.98,67.80000305175781,,,,-0.9025775963143656,-0.6406815175237125,,,0.08333333333333333,0.2976190476190476,,,,,,,N/A,NO_STRESS
2013-11-28,12.98,67.80000305175781,,,,-0.901319815468851,-0.6388193699181409,,,0.083994708994709,0.29828042328042326,,,,,,,N/A,NO_STRESS
2013-11-29,13.7,68.0,,,,-0.789882625924397,-0.624978609756798,,,0.16071428571428573,0.30357142857142855,,,,,,,N/A,NO_STRESS
2013-12-02,14.23,73.0999984741211,,,,-0.7078643220229249,-0.3192092915938909,,,0.21296296296296297,0.4074074074074074,,,,,,,N/A,NO_STRESS
2013-12-03,14.55,72.0999984741211,,,,-0.6580591644841529,-0.3769470864675778,,,0.24272486772486773,0.37896825396825395,,,,,,,N/A,NO_STRESS
2013-12-04,14.7,75.80000305175781,,,,-0.6345080085500802,-0.15417034843859387,,,0.2566137566137566,0.4656084656084656,,,,,,,N/A,NO_STRESS
2013-12-05,15.08,76.0999984741211,,,,-0.5760137849609706,-0.13459965867909265,,,0.2876984126984127,0.47619047619047616,,,,,,,N/A,NO_STRESS
2013-12-06,13.79,69.19999694824219,,,,-0.772781157574869,-0.5457662245713351,,,0.17195767195767195,0.328042328042328,,,,,,,N/A,NO_STRESS
2013-12-09,13.49,67.80000305175781,,,,-0.818086940922028,-0.627671369749524,,,0.13822751322751323,0.29894179894179895,,,,,,,N/A,NO_STRESS
2013-12-10,13.91,70.5,,,,-0.7533480667959425,-0.46412792662933805,,,0.18584656084656084,0.35714285714285715,,,,,,,N/A,NO_STRESS
2013-12-11,15.42,70.5,,,,-0.5221965776709201,-0.46232636763435475,,,0.3194444444444444,0.3578042328042328,,,,,,,N/A,NO_STRESS
2013-12-12,15.54,72.80000305175781,,,,-0.5034121242749651,-0.32283566750252835,,,0.3392857142857143,0.4027777777777778,,,,,,,N/A,NO_STRESS
2013-12-13,15.76,72.5999984741211,,,,-0.4692423938678138,-0.3331237760999363,,,0.3637566137566138,0.39814814814814814,,,,,,,N/A,NO_STRESS
2013-12-16,16.03,69.9000015258789,,,,-0.42739937686357005,-0.4936018265246056,,,0.4001322751322751,0.3439153439153439,,,,,,,N/A,NO_STRESS
2013-12-17,16.21,68.5,,,,-0.39954531852635006,-0.5759712420336134,,,0.41534391534391535,0.31613756613756616,,,,,,,N/A,NO_STRESS
2013-12-18,13.8,65.0,,,,-0.7670488190434201,-0.7843188854530743,,,0.17592592592592593,0.2612433862433862,,,,,,,N/A,NO_STRESS
2013-12-19,14.15,67.69999694824219,,,,-0.7128529370456695,-0.6200684886296213,,,0.210978835978836,0.29828042328042326,,,,,,,N/A,NO_STRESS
2013-12-20,13.79,67.30000305175781,,,,-0.767179286531284,-0.6422541361828111,,,0.17394179894179895,0.2976190476190476,,,,,,,N/A,NO_STRESS
2013-12-23,13.04,66.19999694824219,,,,-0.8799230747586699,-0.7065625826362415,,,0.09126984126984126,0.27843915343915343,,,,,,,N/A,NO_STRESS
2013-12-24,12.48,67.80000305175781,,,,-0.9634319397609589,-0.6083415171898457,,,0.031746031746031744,0.3048941798941799,,,,,,,N/A,NO_STRESS
2013-12-25,12.48,67.80000305175781,,,,-0.9618217840100196,-0.6063951644845468,,,0.032407407407407406,0.3055555555555556,,,,,,,N/A,NO_STRESS
2013-12-26,12.33,66.80000305175781,,,,-0.9831011609502205,-0.6645861948549158,,,0.01984126984126984,0.289021164021164,,,,,,,N/A,NO_STRESS
2013-12-27,12.46,65.80000305175781,,,,-0.9619055704531451,-0.7227994233032411,,,0.02976190476190476,0.2771164021164021,,,,,,,N/A,NO_STRESS
2013-12-30,13.56,69.0999984741211,,,,-0.7936071938043019,-0.5214657078505488,,,0.15343915343915343,0.3406084656084656,,,,,,,N/A,NO_STRESS
2013-12-31,13.72,73.5,,,,-0.7684943804554074,-0.2533908215216467,,,0.17394179894179895,0.44047619047619047,,,,,,,N/A,NO_STRESS
2014-01-01,13.72,73.5,,,,-0.7678763057678235,-0.2514994838843903,,,0.1746031746031746,0.44113756613756616,,,,,,,N/A,NO_STRESS
2014-01-02,14.23,73.4000015258789,,,,-0.6897830488906451,-0.2557684563760276,,,0.23214285714285715,0.43915343915343913,,,,,,,N/A,NO_STRESS
2014-01-03,13.76,72.69999694824219,,,,-0.7606372538162713,-0.29640291389000717,,,0.17989417989417988,0.4166666666666667,,,,,,,N/A,NO_STRESS
2014-01-06,13.55,69.9000015258789,,,,-0.7919438185038116,-0.46480552747784576,,,0.1527777777777778,0.3578042328042328,,,,,,,N/A,NO_STRESS
2014-01-07,12.92,73.80000305175781,,,,-0.8868093071502479,-0.22593386788805628,,,0.082010582010582,0.45171957671957674,,,,,,,N/A,NO_STRESS
2014-01-08,12.87,75.30000305175781,,,,-0.8933126049533657,-0.1331308993234136,,,0.07804232804232804,0.4828042328042328,,,,,,,N/A,NO_STRESS
2014-01-09,12.89,73.69999694824219,,,,-0.8890925518825163,-0.22904369159320917,,,0.08002645502645503,0.4497354497354497,,,,,,,N/A,NO_STRESS
2014-01-10,12.14,61.20000076293945,,,,-1.0015380351682452,-0.9886823004451778,,,0.010582010582010581,0.20171957671957672,,,,,,,N/A,NO_STRESS
2014-01-13,13.28,58.900001525878906,,,,-0.8275177820435649,-1.125935608229402,,,0.12235449735449735,0.15476190476190477,,,,,,,N/A,NO_STRESS
2014-01-14,12.28,61.599998474121094,,,,-0.977910208999807,-0.9587570996977757,,,0.017195767195767195,0.21362433862433863,,,,,,,N/A,NO_STRESS
2014-01-15,12.28,60.79999923706055,,,,-0.9756483341356609,-1.004914889856401,,,0.017857142857142856,0.1970899470899471,,,,,,,N/A,NO_STRESS
2014-01-16,12.53,60.79999923706055,,,,-0.9354469877661561,-1.0022841982019746,,,0.04298941798941799,0.19775132275132276,,,,,,,N/A,NO_STRESS
2014-01-17,12.44,60.29999923706055,,,,-0.9468406941250802,-1.0300987494061389,,,0.0291005291005291,0.18783068783068782,,,,,,,N/A,NO_STRESS
2014-01-20,12.44,60.29999923706055,,,,-0.9449263791080821,-1.0273749386241153,,,0.02976190476190476,0.1884920634920635,,,,,,,N/A,NO_STRESS
2014-01-21,12.87,59.5,,,,-0.8782906984353375,-1.073348002816109,,,0.08664021164021164,0.17195767195767195,,,,,,,N/A,NO_STRESS
2014-01-22,12.84,60.5,,,,-0.8808139525905412,-1.009709426902079,,,0.083994708994709,0.1984126984126984,,,,,,,N/A,NO_STRESS
2014-01-23,13.77,62.20000076293945,,,,-0.7385627178571739,-0.9035462339728562,,,0.19907407407407407,0.23346560846560846,,,,,,,N/A,NO_STRESS
2014-01-24,18.14,63.5,,,,-0.07779197265202366,-0.8219406806177679,,,0.6441798941798942,0.25992063492063494,,,,,,,N/A,NO_STRESS
2014-01-27,17.42,64.19999694824219,,,,-0.1863129493609751,-0.77699516530315,,,0.5714285714285714,0.2665343915343915,,,,,,,N/A,NO_STRESS
2014-01-28,15.8,64.5,,,,-0.4302282376283015,-0.756521060209063,,,0.4027777777777778,0.2724867724867725,,,,,,,N/A,NO_STRESS
2014-01-29,17.35,64.5,,,,-0.19541690377372753,-0.7544607008091389,,,0.5701058201058201,0.27314814814814814,,,,,,,N/A,NO_STRESS
2014-01-30,17.29,64.5,,,,-0.2039033592760986,-0.7524116591834443,,,0.5681216931216931,0.27380952380952384,,,,,,,N/A,NO_STRESS
2014-01-31,18.41,64.69999694824219,,,,-0.03390128084594416,-0.7380785716801591,,,0.6759259259259259,0.27645502645502645,,,,,,,N/A,NO_STRESS
2014-02-03,21.44,64.69999694824219,,,,0.4239159152746672,-0.7360366331672975,,,0.8108465608465608,0.2771164021164021,,,,,,,N/A,EQUITY_DRIVEN
2014-02-04,19.11,66.80000305175781,,,,0.07206871233348129,-0.6057073709509179,,,0.7261904761904762,0.3134920634920635,,,,,,,N/A,NO_STRESS
2014-02-05,19.95,66.80000305175781,,,,0.20004121172331785,-0.6037915472397777,,,0.7632275132275133,0.31415343915343913,,,,,,,N/A,NO_STRESS
2014-02-06,17.23,67.19999694824219,,,,-0.20933404772003503,-0.5772559555905292,,,0.5608465608465608,0.32605820105820105,,,,,,,N/A,NO_STRESS
2014-02-07,15.29,64.69999694824219,,,,-0.5014578968575323,-0.7285572385622793,,,0.34523809523809523,0.2777777777777778,,,,,,,N/A,NO_STRESS
2014-02-10,15.26,62.29999923706055,,,,-0.5043434321091039,-0.8737302020533214,,,0.3425925925925926,0.2361111111111111,,,,,,,N/A,NO_STRESS
2014-02-11,14.51,61.5,,,,-0.6167753816336701,-0.9204821378968215,,,0.2771164021164021,0.21957671957671956,,,,,,,N/A,NO_STRESS
2014-02-12,14.3,61.0,,,,-0.6472865486922944,-0.9487303740699318,,,0.25925925925925924,0.20634920634920634,,,,,,,N/A,NO_STRESS
2014-02-13,14.14,58.099998474121094,,,,-0.6703427371828465,-1.1241297282542642,,,0.24206349206349206,0.14087301587301587,,,,,,,N/A,NO_STRESS
2014-02-14,13.57,57.29999923706055,,,,-0.7555771768708397,-1.1701568324113865,,,0.17394179894179895,0.11970899470899471,,,,,,,N/A,NO_STRESS
2014-02-17,13.57,57.29999923706055,,,,-0.7544271710470112,-1.1670206824187066,,,0.1746031746031746,0.12037037037037036,,,,,,,N/A,NO_STRESS
2014-02-18,13.87,56.0,,,,-0.707641970766835,-1.2435391765786064,,,0.21825396825396826,0.0992063492063492,,,,,,,N/A,NO_STRESS
2014-02-19,15.5,57.29999923706055,,,,-0.46021982961089286,-1.1605104571677274,,,0.37962962962962965,0.12235449735449735,,,,,,,N/A,NO_STRESS
2014-02-20,14.79,58.70000076293945,,,,-0.5670182215669086,-1.0716528038443354,,,0.3148148148148148,0.1593915343915344,,,,,,,N/A,NO_STRESS
2014-02-21,14.68,58.400001525878906,,,,-0.5829309936962916,-1.0871771716158083,,,0.3002645502645503,0.15145502645502645,,,,,,,N/A,NO_STRESS
2014-02-24,14.23,57.400001525878906,,,,-0.6502308059761638,-1.1455100199484372,,,0.25793650793650796,0.12698412698412698,,,,,,,N/A,NO_STRESS
2014-02-25,13.67,56.79999923706055,,,,-0.7339434408106108,-1.179178535288503,,,0.18915343915343916,0.11375661375661375,,,,,,,N/A,NO_STRESS
2014-02-26,14.35,57.79999923706055,,,,-0.6303616118709695,-1.1149461519001287,,,0.27314814814814814,0.14285714285714285,,,,,,,N/A,NO_STRESS
2014-02-27,14.04,58.099998474121094,,,,-0.6764877801008305,-1.0936418017978948,,,0.24074074074074073,0.15079365079365079,,,,,,,N/A,NO_STRESS
2014-02-28,14.0,57.70000076293945,,,,-0.6817230982353999,-1.1151667779165937,,,0.23544973544973544,0.13690476190476192,,,,,,,N/A,NO_STRESS
2014-03-03,16.0,57.79999923706055,,,,-0.3790489164154954,-1.106093667995581,,,0.45105820105820105,0.14484126984126985,,,,,,,N/A,NO_STRESS
2014-03-04,14.1,63.20000076293945,,,,-0.6655204024424738,-0.7735700588732843,,,0.25,0.27380952380952384,,,,,,,N/A,NO_STRESS
2014-03-05,13.89,60.79999923706055,,,,-0.6964055415650112,-0.9181813353883709,,,0.22288359788359788,0.2208994708994709,,,,,,,N/A,NO_STRESS
2014-03-06,14.21,61.0,,,,-0.6473758556553093,-0.9037475392224233,,,0.2619047619047619,0.22552910052910052,,,,,,,N/A,NO_STRESS
2014-03-07,14.11,58.20000076293945,,,,-0.6619020500762597,-1.0723572620756432,,,0.2526455026455027,0.15674603174603174,,,,,,,N/A,NO_STRESS
2014-03-10,14.2,55.70000076293945,,,,-0.6480092016647394,-1.2219698816161044,,,0.2619047619047619,0.08465608465608465,,,,,,,N/A,NO_STRESS
2014-03-11,14.8,55.5099983215332,,,,-0.5569119360961103,-1.2302849921304708,,,0.33134920634920634,0.08333333333333333,,,,,,,N/A,NO_STRESS
2014-03-12,14.47,55.099998474121094,,,,-0.6063630257364655,-1.252035107721168,,,0.29298941798941797,0.07936507936507936,,,,,,,N/A,NO_STRESS
2014-03-13,16.22,57.47999954223633,,,,-0.3425415819007414,-1.1044715499389333,,,0.4722222222222222,0.1335978835978836,,,,,,,N/A,NO_STRESS
2014-03-14,17.82,62.84000015258789,,,,-0.10171513950966188,-0.7766007375027829,,,0.628968253968254,0.2724867724867725,,,,,,,N/A,NO_STRESS
2014-03-17,15.64,61.79999923706055,,,,-0.43102213729753874,-0.8383365345676086,,,0.416005291005291,0.2552910052910053,,,,,,,N/A,NO_STRESS
2014-03-18,14.52,59.209999084472656,,,,-0.5997795215403308,-0.9940404628744608,,,0.3002645502645503,0.19047619047619047,,,,,,,N/A,NO_STRESS
2014-03-19,15.12,65.5999984741211,,,,-0.5090870751380704,-0.6040837419790204,,,0.35714285714285715,0.3353174603174603,,,,,,,N/A,NO_STRESS
2014-03-20,14.52,60.79999923706055,,,,-0.5994323105945627,-0.894015508492906,,,0.30092592592592593,0.2294973544973545,,,,,,,N/A,NO_STRESS
2014-03-21,15.0,60.79999923706055,,,,-0.5270853941681153,-0.8922615063605516,,,0.3439153439153439,0.23015873015873015,,,,,,,N/A,NO_STRESS
2014-03-24,15.09,58.70000076293945,,,,-0.5135880807045923,-1.0176686396019616,,,0.3531746031746032,0.17592592592592593,,,,,,,N/A,NO_STRESS
2014-03-25,14.02,58.34000015258789,,,,-0.6745597560318334,-1.0373393603038639,,,0.24272486772486773,0.16534391534391535,,,,,,,N/A,NO_STRESS
2014-03-26,14.93,57.79999923706055,,,,-0.5368037389055585,-1.067553637161002,,,0.3412698412698413,0.15079365079365079,,,,,,,N/A,NO_STRESS
2014-03-27,14.62,59.400001525878906,,,,-0.5829735090482674,-0.9683548237151515,,,0.3134920634920635,0.19907407407407407,,,,,,,N/A,NO_STRESS
2014-03-28,14.41,61.900001525878906,,,,-0.6137445311688913,-0.8149511218441059,,,0.2923280423280423,0.26851851851851855,,,,,,,N/A,NO_STRESS
2014-03-31,13.88,61.79999923706055,,,,-0.6925566909901,-0.8190089007820075,,,0.22156084656084657,0.26521164021164023,,,,,,,N/A,NO_STRESS
2014-04-01,13.1,61.5,,,,-0.8090182738168208,-0.8352140447194734,,,0.11838624338624339,0.25727513227513227,,,,,,,N/A,NO_STRESS
2014-04-02,13.09,66.30000305175781,,,,-0.809690801590677,-0.5435075729787241,,,0.11706349206349206,0.3551587301587302,,,,,,,N/A,NO_STRESS
2014-04-03,13.37,65.19999694824219,,,,-0.7665204661111176,-0.6085796576068401,,,0.14351851851851852,0.3406084656084656,,,,,,,N/A,NO_STRESS
2014-04-04,13.96,58.79999923706055,,,,-0.6771050099260385,-0.9934630447355391,,,0.2347883597883598,0.1818783068783069,,,,,,,N/A,NO_STRESS
2014-04-07,15.57,58.79999923706055,,,,-0.4343417466072805,-0.9910665800812303,,,0.41865079365079366,0.18253968253968253,,,,,,,N/A,NO_STRESS
2014-04-08,14.89,55.900001525878906,,,,-0.5359527146069487,-1.1634378528205587,,,0.34854497354497355,0.10185185185185185,,,,,,,N/A,NO_STRESS
2014-04-09,13.82,54.70000076293945,,,,-0.6960619213280982,-1.232824949056162,,,0.21957671957671956,0.06812169312169312,,,,,,,N/A,NO_STRESS
2014-04-10,15.89,55.400001525878906,,,,-0.3844840041267241,-1.1877031849210788,,,0.4537037037037037,0.08597883597883597,,,,,,,N/A,NO_STRESS
2014-04-11,17.03,58.599998474121094,,,,-0.21325849471489888,-0.9925178022807636,,,0.5648148148148148,0.17989417989417988,,,,,,,N/A,NO_STRESS
2014-04-14,16.11,59.20000076293945,,,,-0.3514274870876602,-0.9542038882206976,,,0.47619047619047616,0.20105820105820105,,,,,,,N/A,NO_STRESS
2014-04-15,15.61,59.20000076293945,,,,-0.42608922854474107,-0.9521535876482727,,,0.42857142857142855,0.20171957671957672,,,,,,,N/A,NO_STRESS
2014-04-16,14.18,58.0,,,,-0.6403615449094424,-1.0221750498566016,,,0.2705026455026455,0.16203703703703703,,,,,,,N/A,NO_STRESS
2014-04-17,13.36,59.5,,,,-0.7627001428941893,-0.9301428133250653,,,0.14153439153439154,0.21494708994708994,,,,,,,N/A,NO_STRESS
2014-04-18,13.36,59.5,,,,-0.7619263387649297,-0.9284360907245427,,,0.1421957671957672,0.2156084656084656,,,,,,,N/A,NO_STRESS
2014-04-21,13.25,56.79999923706055,,,,-0.777677305914707,-1.0884042595591839,,,0.13227513227513227,0.12235449735449735,,,,,,,N/A,NO_STRESS
2014-04-22,13.19,57.099998474121094,,,,-0.785887839506586,-1.0682580758598506,,,0.1302910052910053,0.12896825396825398,,,,,,,N/A,NO_STRESS
2014-04-23,13.27,56.599998474121094,,,,-0.7732315032481863,-1.0962190528127098,,,0.13558201058201058,0.11904761904761904,,,,,,,N/A,NO_STRESS
2014-04-24,13.32,57.79999923706055,,,,-0.7644362734270883,-1.0224084729556089,,,0.14285714285714285,0.1593915343915344,,,,,,,N/A,NO_STRESS
2014-04-25,14.06,57.79999923706055,,,,-0.6523533369403425,-1.0202215576023121,,,0.2638888888888889,0.16005291005291006,,,,,,,N/A,NO_STRESS
2014-04-28,13.97,59.099998474121094,,,,-0.6648785488494143,-0.9405418386926211,,,0.24603174603174602,0.2037037037037037,,,,,,,N/A,NO_STRESS
2014-04-29,13.71,59.900001525878906,,,,-0.7027123559172204,-0.8909673305647051,,,0.2056878306878307,0.23809523809523808,,,,,,,N/A,NO_STRESS
2014-04-30,13.41,58.900001525878906,,,,-0.7465127805901668,-0.949029274497262,,,0.16071428571428573,0.19907407407407407,,,,,,,N/A,NO_STRESS
2014-05-01,13.25,58.84000015258789,,,,-0.7691050677137468,-0.9505858610669482,,,0.13425925925925927,0.1984126984126984,,,,,,,N/A,NO_STRESS
2014-05-02,12.91,55.29999923706055,,,,-0.818743093500571,-1.1592039375101253,,,0.09523809523809523,0.08333333333333333,,,,,,,N/A,NO_STRESS
2014-05-05,13.29,55.29999923706055,,,,-0.7604185387756247,-1.1564088940521338,,,0.14285714285714285,0.083994708994709,,,,,,,N/A,NO_STRESS
2014-05-06,13.8,58.70000076293945,,,,-0.6826929513941404,-0.951786990343797,,,0.23082010582010581,0.19510582010582012,,,,,,,N/A,NO_STRESS
2014-05-07,13.4,57.29999923706055,,,,-0.7413483645119976,-1.0326181240029886,,,0.16203703703703703,0.1388888888888889,,,,,,,N/A,NO_STRESS
2014-05-08,13.43,57.29999923706055,,,,-0.7351289615093651,-1.0299475075800937,,,0.17195767195767195,0.13955026455026456,,,,,,,N/A,NO_STRESS
2014-05-09,12.92,56.099998474121094,,,,-0.8093790541856811,-1.098436140875202,,,0.09722222222222222,0.11375661375661375,,,,,,,N/A,NO_STRESS
2014-05-12,12.23,56.20000076293945,,,,-0.9103725908695034,-1.0896332086532394,,,0.013227513227513227,0.11706349206349206,,,,,,,N/A,NO_STRESS
2014-05-13,12.13,56.099998474121094,,,,-0.9232891350048291,-1.092799529734999,,,0.010582010582010581,0.11441798941798942,,,,,,,N/A,NO_STRESS
2014-05-14,12.17,56.099998474121094,,,,-0.9154822630794983,-1.0900951914858612,,,0.013227513227513227,0.11507936507936507,,,,,,,N/A,NO_STRESS
2014-05-15,13.17,55.70000076293945,,,,-0.7647349573092578,-1.1111596425482144,,,0.1349206349206349,0.09325396825396826,,,,,,,N/A,NO_STRESS
2014-05-16,12.44,58.70000076293945,,,,-0.8719700712652874,-0.9308509978252056,,,0.03439153439153439,0.20502645502645503,,,,,,,N/A,NO_STRESS
2014-05-19,12.42,58.20000076293945,,,,-0.8729026595445736,-0.9580783627850645,,,0.031746031746031744,0.18783068783068782,,,,,,,N/A,NO_STRESS
2014-05-20,12.96,60.0,,,,-0.7905653607529054,-0.8492591748236369,,,0.10978835978835978,0.2605820105820106,,,,,,,N/A,NO_STRESS
2014-05-21,11.91,59.099998474121094,,,,-0.9451965303935399,-0.9002232227331701,,,0.007936507936507936,0.22288359788359788,,,,,,,N/A,NO_STRESS
2014-05-22,12.03,58.20000076293945,,,,-0.925761675490691,-0.9510945857437754,,,0.010582010582010581,0.1884920634920635,,,,,,,N/A,NO_STRESS
2014-05-23,11.36,58.20000076293945,,,,-1.0238973384086347,-0.9485961195145717,,,0.003968253968253968,0.18915343915343916,,,,,,,N/A,NO_STRESS
2014-05-26,11.36,58.20000076293945,,,,-1.0223839888138393,-0.9460875707546955,,,0.004629629629629629,0.18981481481481483,,,,,,,N/A,NO_STRESS
2014-05-27,11.51,56.79999923706055,,,,-0.9986269600745156,-1.0263266781840044,,,0.006613756613756613,0.1335978835978836,,,,,,,N/A,NO_STRESS
2014-05-28,11.68,55.20000076293945,,,,-0.9719419136555694,-1.1181363616453854,,,0.009259259259259259,0.082010582010582,,,,,,,N/A,NO_STRESS
2014-05-29,11.57,56.400001525878906,,,,-0.9867665673433833,-1.0442781823729692,,,0.009259259259259259,0.12566137566137567,,,,,,,N/A,NO_STRESS
2014-05-30,11.4,58.29999923706055,,,,-1.0105151725239645,-0.929275243910027,,,0.006613756613756613,0.19907407407407407,,,,,,,N/A,NO_STRESS
2014-06-02,11.58,59.70000076293945,,,,-0.9823798887371311,-0.8441802150689792,,,0.011904761904761904,0.25925925925925924,,,,,,,N/A,NO_STRESS
2014-06-03,11.87,60.900001525878906,,,,-0.9375276289479935,-0.7710281972528719,,,0.017195767195767195,0.29563492063492064,,,,,,,N/A,NO_STRESS
2014-06-04,12.08,64.9000015258789,,,,-0.9044070844155672,-0.5323556823475818,,,0.023809523809523808,0.38822751322751325,,,,,,,N/A,NO_STRESS
2014-06-05,11.68,65.0999984741211,,,,-0.9615277110169651,-0.5188538031216798,,,0.013888888888888888,0.3955026455026455,,,,,,,N/A,NO_STRESS
2014-06-06,10.73,59.29999923706055,,,,-1.0994979585778253,-0.8603382924152486,,,0.0013227513227513227,0.24537037037037038,,,,,,,N/A,NO_STRESS
2014-06-09,11.15,57.29999923706055,,,,-1.0349823432847383,-0.976301602473596,,,0.0026455026455026454,0.15079365079365079,,,,,,,N/A,NO_STRESS
2014-06-10,10.99,56.900001525878906,,,,-1.056038810484785,-0.9973720299147498,,,0.0026455026455026454,0.14153439153439154,,,,,,,N/A,NO_STRESS
2014-06-11,11.6,55.400001525878906,,,,-0.9638003866945474,-1.0833896634203313,,,0.017195767195767195,0.09060846560846561,,,,,,,N/A,NO_STRESS
2014-06-12,12.56,55.400001525878906,,,,-0.8203435413604997,-1.080552386288279,,,0.07804232804232804,0.09126984126984126,,,,,,,N/A,NO_STRESS
2014-06-13,12.18,58.400001525878906,,,,-0.874966996815178,-0.9004800084224842,,,0.03571428571428571,0.20899470899470898,,,,,,,N/A,NO_STRESS
2014-06-16,12.65,58.400001525878906,,,,-0.8043045494747455,-0.8982091783749602,,,0.08465608465608465,0.20965608465608465,,,,,,,N/A,NO_STRESS
2014-06-17,12.06,58.400001525878906,,,,-0.8894799774863115,-0.8958724947381094,,,0.02976190476190476,0.21031746031746032,,,,,,,N/A,NO_STRESS
2014-06-18,10.61,59.400001525878906,,,,-1.1006079437437342,-0.8345385283836662,,,0.0013227513227513227,0.25925925925925924,,,,,,,N/A,NO_STRESS
2014-06-19,10.62,55.5,,,,-1.0962301743786058,-1.0625760770540307,,,0.0026455026455026454,0.09391534391534391,,,,,,,N/A,NO_STRESS
2014-06-20,10.85,54.900001525878906,,,,-1.0595455077630347,-1.0951743575870012,,,0.005291005291005291,0.07341269841269842,,,,,,,N/A,NO_STRESS
2014-06-23,10.98,54.599998474121094,,,,-1.0376579763771054,-1.1099500805240614,,,0.006613756613756613,0.0667989417989418,,,,,,,N/A,NO_STRESS
2014-06-24,12.13,53.900001525878906,,,,-0.8660414209540036,-1.148288495008133,,,0.03902116402116402,0.05952380952380952,,,,,,,N/A,NO_STRESS
2014-06-25,11.59,54.099998474121094,,,,-0.9430479941229187,-1.133419244687852,,,0.022486772486772486,0.06481481481481481,,,,,,,N/A,NO_STRESS
2014-06-26,11.63,53.25,,,,-0.9347173830520616,-1.1804341694558786,,,0.02513227513227513,0.046296296296296294,,,,,,,N/A,NO_STRESS
2014-06-27,11.26,53.29999923706055,,,,-0.9872418508629154,-1.1743192877601918,,,0.010582010582010581,0.04894179894179894,,,,,,,N/A,NO_STRESS
2014-06-30,11.57,52.70000076293945,,,,-0.9396517648734832,-1.2069399262730307,,,0.021825396825396824,0.04034391534391534,,,,,,,N/A,NO_STRESS
2014-07-01,11.15,53.25,,,,-1.0071752091311457,-1.173765602036918,,,0.00992063492063492,0.04828042328042328,,,,,,,N/A,NO_STRESS
2014-07-02,10.82,59.599998474121094,,,,-1.0556570704790675,-0.7953138673864365,,,0.005291005291005291,0.2804232804232804,,,,,,,N/A,NO_STRESS
2014-07-03,10.32,56.900001525878906,,,,-1.13414333033827,-0.953441508852813,,,0.0013227513227513227,0.15674603174603174,,,,,,,N/A,NO_STRESS
2014-07-04,10.32,56.900001525878906,,,,-1.135230182258019,-0.9515943497384569,,,0.001984126984126984,0.1574074074074074,,,,,,,N/A,NO_STRESS
2014-07-07,11.33,55.04999923706055,,,,-0.9807516663061777,-1.0601641202698666,,,0.01984126984126984,0.08994708994708994,,,,,,,N/A,NO_STRESS
2014-07-08,11.98,54.970001220703125,,,,-0.8794000001463351,-1.0624458940136294,,,0.04431216931216931,0.08597883597883597,,,,,,,N/A,NO_STRESS
2014-07-09,11.65,55.16999816894531,,,,-0.9286077298819944,-1.0477249666916981,,,0.03571428571428571,0.09523809523809523,,,,,,,N/A,NO_STRESS
2014-07-10,12.59,55.599998474121094,,,,-0.7819347393000483,-1.019292455167851,,,0.10449735449735449,0.11177248677248677,,,,,,,N/A,NO_STRESS
2014-07-11,12.08,54.79999923706055,,,,-0.8626623370935963,-1.0644474143797416,,,0.052248677248677246,0.08002645502645503,,,,,,,N/A,NO_STRESS
2014-07-14,11.82,54.400001525878906,,,,-0.9058019532296399,-1.0858950110118004,,,0.03968253968253968,0.07208994708994709,,,,,,,N/A,NO_STRESS
2014-07-15,11.96,54.0,,,,-0.8860024060430683,-1.1076376233423764,,,0.046296296296296294,0.0701058201058201,,,,,,,N/A,NO_STRESS
2014-07-16,11.0,52.900001525878906,,,,-1.038844388745818,-1.171482484528429,,,0.013227513227513227,0.04365079365079365,,,,,,,N/A,NO_STRESS
2014-07-17,14.54,54.5,,,,-0.4707369048676137,-1.0732599757321146,,,0.40476190476190477,0.07738095238095238,,,,,,,N/A,NO_STRESS
2014-07-18,12.06,54.400001525878906,,,,-0.8707903332292987,-1.0774601815047038,,,0.05423280423280423,0.07539682539682539,,,,,,,N/A,NO_STRESS
2014-07-21,12.81,53.849998474121094,,,,-0.7483203650926475,-1.108255443406047,,,0.14087301587301587,0.062169312169312166,,,,,,,N/A,NO_STRESS
2014-07-22,12.24,53.79999923706055,,,,-0.8398267704557751,-1.1086326632048131,,,0.06944444444444445,0.062169312169312166,,,,,,,N/A,NO_STRESS
2014-07-23,11.52,53.400001525878906,,,,-0.9565182232878189,-1.1302239066517943,,,0.027777777777777776,0.05555555555555555,,,,,,,N/A,NO_STRESS
2014-07-24,11.84,54.2599983215332,,,,-0.9024824221890506,-1.075571214798092,,,0.04563492063492063,0.07804232804232804,,,,,,,N/A,NO_STRESS
2014-07-25,12.69,54.43000030517578,,,,-0.7608914984827841,-1.0627749799314954,,,0.1302910052910053,0.08333333333333333,,,,,,,N/A,NO_STRESS
2014-07-28,12.56,54.08000183105469,,,,-0.7813169010483658,-1.081525760288381,,,0.1130952380952381,0.07671957671957672,,,,,,,N/A,NO_STRESS
2014-07-29,13.28,53.79999923706055,,,,-0.6603917694490387,-1.0960272643048474,,,0.2156084656084656,0.06415343915343916,,,,,,,N/A,NO_STRESS
2014-07-30,13.33,55.88999938964844,,,,-0.6513562812890834,-0.9668811275224654,,,0.22420634920634921,0.14682539682539683,,,,,,,N/A,NO_STRESS
2014-07-31,16.95,56.459999084472656,,,,-0.0396514259769745,-0.9299787349813414,,,0.6494708994708994,0.16534391534391535,,,,,,,N/A,NO_STRESS
2014-08-01,17.03,52.2599983215332,,,,-0.022406174994997283,-1.183511108566741,,,0.6554232804232805,0.03439153439153439,,,,,,,N/A,NO_STRESS
2014-08-04,15.12,52.29999923706055,,,,-0.3444555638590931,-1.1785374452485957,,,0.4742063492063492,0.037698412698412696,,,,,,,N/A,NO_STRESS
2014-08-05,16.87,56.70000076293945,,,,-0.04014656022164041,-0.907356558413617,,,0.6488095238095238,0.17592592592592593,,,,,,,N/A,NO_STRESS
2014-08-06,16.37,56.91999816894531,,,,-0.12282806938523427,-0.891631118986631,,,0.5925925925925926,0.19047619047619047,,,,,,,N/A,NO_STRESS
2014-08-07,16.66,59.5,,,,-0.06860195511544392,-0.731408879918124,,,0.626984126984127,0.3101851851851852,,,,,,,N/A,NO_STRESS
2014-08-08,15.77,62.470001220703125,,,,-0.2218498586072869,-0.547160224949812,,,0.5443121693121693,0.3994708994708995,,,,,,,N/A,NO_STRESS
2014-08-11,14.23,60.29999923706055,,,,-0.4910000716626473,-0.6784315026547357,,,0.3776455026455027,0.335978835978836,,,,,,,N/A,NO_STRESS
2014-08-12,14.13,59.369998931884766,,,,-0.5068436649804678,-0.7335967595390117,,,0.3611111111111111,0.30158730158730157,,,,,,,N/A,NO_STRESS
2014-08-13,12.9,58.79999923706055,,,,-0.7242318769712517,-0.7666647822847895,,,0.164021164021164,0.2757936507936508,,,,,,,N/A,NO_STRESS
2014-08-14,12.42,58.5,,,,-0.8108298189614209,-0.7829923043909264,,,0.08796296296296297,0.2619047619047619,,,,,,,N/A,NO_STRESS
2014-08-15,13.15,60.400001525878906,,,,-0.6812780986688755,-0.6636287890775384,,,0.20171957671957672,0.3445767195767196,,,,,,,N/A,NO_STRESS
2014-08-18,12.32,61.689998626708984,,,,-0.8362656843706864,-0.5817456744309156,,,0.08333333333333333,0.3862433862433862,,,,,,,N/A,NO_STRESS
2014-08-19,12.21,62.0,,,,-0.8592209993593977,-0.5605457799509037,,,0.0701058201058201,0.3994708994708995,,,,,,,N/A,NO_STRESS
2014-08-20,11.78,62.79999923706055,,,,-0.942093458080294,-0.5086829407230273,,,0.042328042328042326,0.4126984126984127,,,,,,,N/A,NO_STRESS
2014-08-21,11.76,60.20000076293945,,,,-0.9513173484945724,-0.6692280114886349,,,0.042328042328042326,0.3386243386243386,,,,,,,N/A,NO_STRESS
2014-08-22,11.47,59.84000015258789,,,,-1.011147551732262,-0.6897687057574953,,,0.026455026455026454,0.3306878306878307,,,,,,,N/A,NO_STRESS
2014-08-25,11.7,57.20000076293945,,,,-0.9748981438086401,-0.8534455965905964,,,0.04365079365079365,0.19444444444444445,,,,,,,N/A,NO_STRESS
2014-08-26,11.63,56.45000076293945,,,,-1.0006674265484947,-0.8989131700718493,,,0.03902116402116402,0.167989417989418,,,,,,,N/A,NO_STRESS
2014-08-27,11.78,56.900001525878906,,,,-0.977663123583072,-0.8691261310300195,,,0.04828042328042328,0.1884920634920635,,,,,,,N/A,NO_STRESS
2014-08-28,12.05,59.79999923706055,,,,-0.9267642299939394,-0.6839932711986968,,,0.06349206349206349,0.33201058201058203,,,,,,,N/A,NO_STRESS
2014-08-29,11.98,60.4900016784668,,,,-0.9444351744403287,-0.6384466235247704,,,0.06084656084656084,0.35714285714285715,,,,,,,N/A,NO_STRESS
2014-09-01,11.98,60.4900016784668,,,,-0.9478365010384096,-0.6366184456069642,,,0.061507936507936505,0.3578042328042328,,,,,,,N/A,NO_STRESS
2014-09-02,12.25,61.349998474121094,,,,-0.8919279883563112,-0.5797339716737914,,,0.0873015873015873,0.3862433862433862,,,,,,,N/A,NO_STRESS
2014-09-03,12.36,64.9000015258789,,,,-0.8694159528982095,-0.3497138516934895,,,0.10119047619047619,0.4722222222222222,,,,,,,N/A,NO_STRESS
2014-09-04,12.64,64.9000015258789,,,,-0.8093492385863046,-0.3473694369562664,,,0.13822751322751323,0.4728835978835979,,,,,,,N/A,NO_STRESS
2014-09-05,12.09,60.29999923706055,,,,-0.9277064489464338,-0.6428565991939992,,,0.07407407407407407,0.34854497354497355,,,,,,,N/A,NO_STRESS
2014-09-08,12.66,60.0,,,,-0.8030727834502462,-0.6607050799081503,,,0.14616402116402116,0.34325396825396826,,,,,,,N/A,NO_STRESS
2014-09-09,13.5,61.5,,,,-0.6203603922265744,-0.56121018673796,,,0.28505291005291006,0.3955026455026455,,,,,,,N/A,NO_STRESS
2014-09-10,12.88,63.20000076293945,,,,-0.7561763673383862,-0.4479938020402848,,,0.18253968253968253,0.4437830687830688,,,,,,,N/A,NO_STRESS
2014-09-11,12.8,62.79999923706055,,,,-0.7754983100372203,-0.47215684248508866,,,0.167989417989418,0.42923280423280424,,,,,,,N/A,NO_STRESS
2014-09-12,13.31,65.5999984741211,,,,-0.6627435129487449,-0.2853703008527416,,,0.24867724867724866,0.5013227513227513,,,,,,,N/A,NO_STRESS
2014-09-15,14.12,66.0999984741211,,,,-0.4785232035670166,-0.2497291826669696,,,0.3915343915343915,0.5066137566137566,,,,,,,N/A,NO_STRESS
2014-09-16,12.73,67.0999984741211,,,,-0.7937576261201077,-0.18078327306848385,,,0.16203703703703703,0.531084656084656,,,,,,,N/A,NO_STRESS
2014-09-17,12.65,62.29999923706055,,,,-0.8130232177536068,-0.49821579471328986,,,0.1421957671957672,0.421957671957672,,,,,,,N/A,NO_STRESS
2014-09-18,12.03,62.0,,,,-0.9562231758567138,-0.516255830560571,,,0.06547619047619048,0.416005291005291,,,,,,,N/A,NO_STRESS
2014-09-19,12.11,59.79999923706055,,,,-0.9359317090397883,-0.6620764486105196,,,0.07671957671957672,0.3326719576719577,,,,,,,N/A,NO_STRESS
2014-09-22,13.69,58.0,,,,-0.5666561535273671,-0.7817987971655913,,,0.32275132275132273,0.23941798941798942,,,,,,,N/A,NO_STRESS
2014-09-23,14.93,57.400001525878906,,,,-0.27501902073469475,-0.8210246219204971,,,0.49537037037037035,0.210978835978836,,,,,,,N/A,NO_STRESS
2014-09-24,13.27,58.29999923706055,,,,-0.6660981323837115,-0.7595696212670194,,,0.24603174603174602,0.2566137566137566,,,,,,,N/A,NO_STRESS
2014-09-25,15.64,59.099998474121094,,,,-0.09873596754577868,-0.7039309041698767,,,0.578042328042328,0.2976190476190476,,,,,,,N/A,NO_STRESS
2014-09-26,14.85,64.5,,,,-0.28569339872707955,-0.3311861233052085,,,0.4914021164021164,0.4781746031746032,,,,,,,N/A,NO_STRESS
2014-09-29,15.98,62.29999923706055,,,,-0.007761956375825003,-0.4807928875840066,,,0.6084656084656085,0.4305555555555556,,,,,,,N/A,NO_STRESS
2014-09-30,16.31,64.19999694824219,,,,0.07767916283774087,-0.34693656112183,,,0.6349206349206349,0.4722222222222222,,,,,,,N/A,NO_STRESS
2014-10-01,16.71,64.30000305175781,,,,0.18043393485689946,-0.33759998673691366,,,0.6865079365079365,0.47685185185185186,,,,,,,N/A,NO_STRESS
2014-10-02,16.16,66.19999694824219,,,,0.05195146735286379,-0.20196408834775048,,,0.6197089947089947,0.5238095238095238,,,,,,,N/A,NO_STRESS
2014-10-03,14.55,62.5,,,,-0.35063310528109537,-0.4599175565844954,,,0.46164021164021163,0.4365079365079365,,,,,,,N/A,NO_STRESS
2014-10-06,15.46,60.400001525878906,,,,-0.11534537757625427,-0.6072017905963234,,,0.5522486772486772,0.36243386243386244,,,,,,,N/A,NO_STRESS
2014-10-07,17.2,65.30000305175781,,,,0.3390221146775326,-0.2559147832718492,,,0.7334656084656085,0.5125661375661376,,,,,,,N/A,NO_STRESS
2014-10-08,15.11,65.0,,,,-0.19898428383765904,-0.2747243163801973,,,0.5185185185185185,0.5013227513227513,,,,,,,N/A,NO_STRESS
2014-10-09,18.76,66.5,,,,0.7724237909209203,-0.16378966182330693,,,0.8452380952380952,0.5383597883597884,,,,,,,N/A,EQUITY_DRIVEN
2014-10-10,21.24,68.69999694824219,,,,1.4573786446086292,-0.0006018654795276382,,,0.9246031746031746,0.591931216931217,,,,,,,N/A,EQUITY_DRIVEN
2014-10-13,24.64,68.69999694824219,,,,2.3977264000638625,0.0033746427507385067,,,0.9682539682539683,0.5925925925925926,,,,,,,N/A,EQUITY_DRIVEN
2014-10-14,22.79,74.5999984741211,,,,1.9213152564656504,0.4408184430891499,,,0.9537037037037037,0.7222222222222222,,,,,,,N/A,EQUITY_DRIVEN
2014-10-15,26.25,101.30000305175781,,,,2.8979936727597067,2.4074306267450716,,,0.9814814814814815,0.9722222222222222,,,,,,,N/A,EQUITY_DRIVEN
2014-10-16,25.2,90.0999984741211,,,,2.642785632665382,1.5889100733097603,,,0.9761904761904762,0.9047619047619048,,,,,,,N/A,EQUITY_DRIVEN
2014-10-17,21.99,82.9000015258789,,,,1.7729649221074955,1.0634705374967397,,,0.9404761904761905,0.8544973544973545,,,,,,,N/A,EQUITY_DRIVEN
2014-10-20,18.57,79.19999694824219,,,,0.8185939510740977,0.7943288199581393,,,0.8326719576719577,0.8009259259259259,,,,,,,N/A,EQUITY_DRIVEN
2014-10-21,16.08,78.9000015258789,,,,0.10254479980398583,0.7774033622267167,,,0.6203703703703703,0.794973544973545,,,,,,,N/A,NO_STRESS
2014-10-22,17.87,77.19999694824219,,,,0.6439723199549144,0.655651527433634,,,0.7870370370370371,0.7751322751322751,,,,,,,N/A,NO_STRESS
2014-10-23,16.53,80.4000015258789,,,,0.25003990792550457,0.9005034195100388,,,0.6666666666666666,0.8240740740740741,,,,,,,N/A,RATES_DRIVEN
2014-10-24,16.11,81.61000061035156,,,,0.12897476516256334,0.9967732251510157,,,0.6223544973544973,0.8425925925925926,,,,,,,N/A,RATES_DRIVEN
2014-10-27,16.04,77.5999984741211,,,,0.11328430942224764,0.6982066694945185,,,0.6177248677248677,0.7824074074074074,,,,,,,N/A,NO_STRESS
2014-10-28,14.39,74.69999694824219,,,,-0.39088463159680653,0.4815644034864888,,,0.44047619047619047,0.7235449735449735,,,,,,,N/A,NO_STRESS
2014-10-29,15.15,73.0,,,,-0.15183399724887678,0.3552733053531076,,,0.5291005291005291,0.6871693121693122,,,,,,,N/A,NO_STRESS
2014-10-30,14.52,69.55999755859375,,,,-0.3467537332475333,0.09619529420512402,,,0.455026455026455,0.6071428571428571,,,,,,,N/A,NO_STRESS
2014-10-31,14.03,68.69999694824219,,,,-0.5021561071598329,0.03331750652165998,,,0.38756613756613756,0.5932539682539683,,,,,,,N/A,NO_STRESS
2014-11-03,14.73,67.44999694824219,,,,-0.27478789781103535,-0.059276275352690665,,,0.4828042328042328,0.5608465608465608,,,,,,,N/A,NO_STRESS
2014-11-04,14.89,68.5999984741211,,,,-0.21998092155710436,0.031922218693763486,,,0.5013227513227513,0.5892857142857143,,,,,,,N/A,NO_STRESS
2014-11-05,14.17,72.9000015258789,,,,-0.4526919809098163,0.36566803248371565,,,0.4093915343915344,0.6884920634920635,,,,,,,N/A,NO_STRESS
2014-11-06,13.67,69.0999984741211,,,,-0.6159837336077058,0.07482294854538483,,,0.32341269841269843,0.6058201058201058,,,,,,,N/A,NO_STRESS
2014-11-07,13.12,66.5999984741211,,,,-0.7974624018532852,-0.11663061344516186,,,0.22817460317460317,0.541005291005291,,,,,,,N/A,NO_STRESS
2014-11-10,12.67,66.55000305175781,,,,-0.9467791657656349,-0.1183749315778998,,,0.15608465608465608,0.541005291005291,,,,,,,N/A,NO_STRESS
2014-11-11,12.92,66.55000305175781,,,,-0.863187019069922,-0.11639032014470961,,,0.20105820105820105,0.5416666666666666,,,,,,,N/A,NO_STRESS
2014-11-12,13.02,66.80000305175781,,,,-0.8283714114117642,-0.09455963379074324,,,0.21693121693121692,0.548941798941799,,,,,,,N/A,NO_STRESS
2014-11-13,13.79,67.0,,,,-0.5663911366526507,-0.07659658761680595,,,0.35185185185185186,0.5555555555555556,,,,,,,N/A,NO_STRESS
2014-11-14,13.31,67.0,,,,-0.7268770708860026,-0.07434855780824358,,,0.2612433862433862,0.5562169312169312,,,,,,,N/A,NO_STRESS
2014-11-17,13.99,66.9000015258789,,,,-0.49418325037988725,-0.07956986631095228,,,0.3869047619047619,0.5542328042328042,,,,,,,N/A,NO_STRESS
2014-11-18,13.86,69.19999694824219,,,,-0.5363217005529102,0.10378081127927775,,,0.36772486772486773,0.6183862433862434,,,,,,,N/A,NO_STRESS
2014-11-19,13.96,70.0,,,,-0.5002222411801683,0.16981237709866773,,,0.38095238095238093,0.6408730158730159,,,,,,,N/A,NO_STRESS
2014-11-20,13.58,69.19999694824219,,,,-0.6285538758620177,0.10971763531990833,,,0.3194444444444444,0.6190476190476191,,,,,,,N/A,NO_STRESS
2014-11-21,12.9,67.0,,,,-0.8606198127095159,-0.061774983894600344,,,0.19642857142857142,0.5582010582010583,,,,,,,N/A,NO_STRESS
2014-11-24,12.62,64.4000015258789,,,,-0.9564080213390597,-0.26597410361415397,,,0.14153439153439154,0.48214285714285715,,,,,,,N/A,NO_STRESS
2014-11-25,12.25,64.5999984741211,,,,-1.0840248672591433,-0.24783033964196144,,,0.09193121693121693,0.4894179894179894,,,,,,,N/A,NO_STRESS
2014-11-26,12.07,64.69999694824219,,,,-1.1458834869176426,-0.23763481844025316,,,0.07275132275132275,0.49272486772486773,,,,,,,N/A,NO_STRESS
2014-11-27,12.07,64.69999694824219,,,,-1.1445689607756941,-0.2355177604282166,,,0.07341269841269842,0.4933862433862434,,,,,,,N/A,NO_STRESS
2014-11-28,13.33,66.5999984741211,,,,-0.7019131086329785,-0.08126854491171075,,,0.27380952380952384,0.5496031746031746,,,,,,,N/A,NO_STRESS
2014-12-01,14.29,67.30000305175781,,,,-0.3629988108932004,-0.023612910085595743,,,0.45105820105820105,0.5773809523809523,,,,,,,N/A,NO_STRESS
2014-12-02,12.85,67.30000305175781,,,,-0.8673736755529656,-0.022424583129343728,,,0.19246031746031747,0.578042328042328,,,,,,,N/A,NO_STRESS
2014-12-03,12.47,65.80000305175781,,,,-0.9991618478723427,-0.1414694625135892,,,0.12962962962962962,0.5304232804232805,,,,,,,N/A,NO_STRESS
2014-12-04,12.38,64.5999984741211,,,,-1.0289737873882492,-0.23657858052204694,,,0.11243386243386243,0.49007936507936506,,,,,,,N/A,NO_STRESS
2014-12-05,11.82,64.80000305175781,,,,-1.2245057256870753,-0.21926688970034736,,,0.05092592592592592,0.5,,,,,,,N/A,NO_STRESS
2014-12-08,14.21,62.79999923706055,,,,-0.37596225728246196,-0.3785853958495076,,,0.4451058201058201,0.44312169312169314,,,,,,,N/A,NO_STRESS
2014-12-09,14.89,66.56999969482422,,,,-0.1320640319472373,-0.07388092291006722,,,0.5337301587301587,0.5542328042328042,,,,,,,N/A,NO_STRESS
2014-12-10,18.53,68.19999694824219,,,,1.1690974344376308,0.058179650213944174,,,0.8776455026455027,0.6044973544973545,,,,,,,N/A,EQUITY_DRIVEN
2014-12-11,20.08,68.19999694824219,,,,1.7242195999043122,0.05891836542766901,,,0.9431216931216931,0.6051587301587301,,,,,,,N/A,EQUITY_DRIVEN
2014-12-12,21.08,68.19999694824219,,,,2.0787844470361345,0.06021647029787547,,,0.9563492063492064,0.6058201058201058,,,,,,,N/A,EQUITY_DRIVEN
2014-12-15,20.42,77.5999984741211,,,,1.839453783980477,0.8194812738850833,,,0.9484126984126984,0.8240740740740741,,,,,,,N/A,EQUITY_DRIVEN
2014-12-16,23.57,80.69999694824219,,,,2.9457629359290594,1.0709033690742336,,,0.9854497354497355,0.8637566137566137,,,,,,,N/A,EQUITY_DRIVEN
2014-12-17,19.44,72.41999816894531,,,,1.4799298860503696,0.40362822406271426,,,0.919973544973545,0.7103174603174603,,,,,,,N/A,EQUITY_DRIVEN
2014-12-18,16.81,71.16999816894531,,,,0.5483053998269735,0.30330677393165845,,,0.7486772486772487,0.6865079365079365,,,,,,,N/A,NO_STRESS
2014-12-19,16.49,70.69999694824219,,,,0.43608208603654475,0.26594262183760375,,,0.7076719576719577,0.6812169312169312,,,,,,,N/A,NO_STRESS
2014-12-22,15.25,70.08000183105469,,,,-0.0027032391853584886,0.2164367690415092,,,0.5740740740740741,0.6653439153439153,,,,,,,N/A,NO_STRESS
2014-12-23,14.8,68.80000305175781,,,,-0.16070679964393064,0.11331699701351716,,,0.5238095238095238,0.6309523809523809,,,,,,,N/A,NO_STRESS
2014-12-24,14.37,68.9000015258789,,,,-0.31180656410167035,0.12175771563184287,,,0.4689153439153439,0.6335978835978836,,,,,,,N/A,NO_STRESS
2014-12-25,14.37,68.9000015258789,,,,-0.3101016085216779,0.12217800212715817,,,0.4695767195767196,0.6342592592592593,,,,,,,N/A,NO_STRESS
2014-12-26,14.5,55.400001525878906,,,,-0.262238743385795,-0.9677685983019827,,,0.48677248677248675,0.12632275132275134,,,,,,,N/A,NO_STRESS
2014-12-29,15.06,69.19999694824219,,,,-0.06140618579756393,0.14879931893079248,,,0.5548941798941799,0.6461640211640212,,,,,,,N/A,NO_STRESS
2014-12-30,15.92,69.0,,,,0.24664542441770768,0.13298951324042835,,,0.6554232804232805,0.6395502645502645,,,,,,,N/A,NO_STRESS
2014-12-31,19.2,68.9000015258789,,,,1.4164238579667412,0.12609052232642212,,,0.9153439153439153,0.6362433862433863,,,,,,,N/A,EQUITY_DRIVEN
2015-01-01,19.2,68.9000015258789,,,,1.415076951527117,0.12724557215357218,,,0.9146825396825397,0.6369047619047619,,,,,,,N/A,EQUITY_DRIVEN
2015-01-02,17.79,70.0,,,,0.9128971282154796,0.21797152658009422,,,0.8293650793650794,0.6746031746031746,,,,,,,N/A,EQUITY_DRIVEN
2015-01-05,19.92,71.5,,,,1.6746801643163634,0.34080045078703874,,,0.9351851851851852,0.7083333333333334,,,,,,,N/A,EQUITY_DRIVEN
2015-01-06,21.12,84.9000015258789,,,,2.098680558925022,1.4261227775892225,,,0.9563492063492064,0.9146825396825397,,,,,,,N/A,EQUITY_DRIVEN
2015-01-07,19.31,85.19999694824219,,,,1.4537197009126537,1.4486208268459158,,,0.9166666666666666,0.9153439153439153,,,,,,,N/A,EQUITY_DRIVEN
2015-01-08,17.01,85.19999694824219,,,,0.6372396334497208,1.4462325740806288,,,0.7738095238095238,0.9146825396825397,,,,,,,N/A,RATES_DRIVEN
2015-01-09,17.55,80.5999984741211,,,,0.8318428933794147,1.0739050639011398,,,0.8174603174603174,0.8604497354497355,,,,,,,N/A,RATES_DRIVEN
2015-01-12,19.6,81.9000015258789,,,,1.5629185970357655,1.1789885560252946,,,0.9292328042328042,0.8796296296296297,,,,,,,N/A,EQUITY_DRIVEN
2015-01-13,20.56,83.0,,,,1.9012585788508154,1.267580056825962,,,0.951058201058201,0.8941798941798942,,,,,,,N/A,EQUITY_DRIVEN
2015-01-14,21.48,85.30000305175781,,,,2.222309143694916,1.4518596845947411,,,0.9616402116402116,0.9153439153439153,,,,,,,N/A,EQUITY_DRIVEN
2015-01-15,22.39,85.30000305175781,,,,2.5351993645721382,1.4501699821169591,,,0.9788359788359788,0.9146825396825397,,,,,,,N/A,EQUITY_DRIVEN
2015-01-16,20.95,92.5999984741211,,,,2.017503326069748,2.03392373705721,,,0.9497354497354498,0.9444444444444444,,,,,,,N/A,EQUITY_DRIVEN
2015-01-19,20.95,92.5999984741211,,,,2.011096782468347,2.0275516963016758,,,0.9490740740740741,0.9437830687830688,,,,,,,N/A,EQUITY_DRIVEN
2015-01-20,19.89,90.5999984741211,,,,1.6344573489067882,1.8612070129348905,,,0.9265873015873016,0.9365079365079365,,,,,,,N/A,RATES_DRIVEN
2015-01-21,18.85,88.30000305175781,,,,1.2667949765257636,1.6723165649026017,,,0.8902116402116402,0.9272486772486772,,,,,,,N/A,RATES_DRIVEN
2015-01-22,16.4,85.0999984741211,,,,0.4046590898920612,1.413556809684568,,,0.705026455026455,0.9047619047619048,,,,,,,N/A,RATES_DRIVEN
2015-01-23,16.66,89.9000015258789,,,,0.4967123973622877,1.793273845981225,,,0.7414021164021164,0.9338624338624338,,,,,,,N/A,RATES_DRIVEN
2015-01-26,15.52,85.30000305175781,,,,0.09547894014486871,1.423333237090421,,,0.6137566137566137,0.9074074074074074,,,,,,,N/A,RATES_DRIVEN
2015-01-27,17.22,86.19999694824219,,,,0.6959055740514841,1.4921253011439861,,,0.798941798941799,0.9133597883597884,,,,,,,N/A,RATES_DRIVEN
2015-01-28,20.44,86.4000015258789,,,,1.8332953726267827,1.5051228232368155,,,0.9431216931216931,0.9140211640211641,,,,,,,N/A,EQUITY_DRIVEN
2015-01-29,18.76,86.5999984741211,,,,1.2404964315186886,1.5178787891064325,,,0.8855820105820106,0.9166666666666666,,,,,,,N/A,RATES_DRIVEN
2015-01-30,20.97,86.5999984741211,,,,2.015313204074114,1.5150415475646344,,,0.9497354497354498,0.916005291005291,,,,,,,N/A,EQUITY_DRIVEN
2015-02-02,19.43,88.0999984741211,,,,1.4698317605806754,1.6299375981323743,,,0.91005291005291,0.9246031746031746,,,,,,,N/A,RATES_DRIVEN
2015-02-03,17.33,92.69999694824219,,,,0.7295896229299451,1.9870761038940952,,,0.8029100529100529,0.9444444444444444,,,,,,,N/A,RATES_DRIVEN
2015-02-04,18.33,92.30000305175781,,,,1.0790141469298173,1.948897230038595,,,0.8584656084656085,0.9398148148148148,,,,,,,N/A,RATES_DRIVEN
2015-02-05,16.85,93.0,,,,0.5577891867933298,2.002483133209097,,,0.7619047619047619,0.9444444444444444,,,,,,,N/A,RATES_DRIVEN
2015-02-06,17.29,93.69999694824219,,,,0.7113619720229812,2.0529544679513374,,,0.7996031746031746,0.9470899470899471,,,,,,,N/A,RATES_DRIVEN
2015-02-09,18.55,95.0999984741211,,,,1.151310592151777,2.1580364551745523,,,0.8703703703703703,0.9537037037037037,,,,,,,N/A,RATES_DRIVEN
2015-02-10,17.23,95.3499984741211,,,,0.6865811502417808,2.175937592787057,,,0.792989417989418,0.9537037037037037,,,,,,,N/A,RATES_DRIVEN
2015-02-11,16.96,94.19999694824219,,,,0.5910302475555163,2.0851660287739047,,,0.7658730158730159,0.9444444444444444,,,,,,,N/A,RATES_DRIVEN
2015-02-12,15.34,91.5999984741211,,,,0.022393976640153343,1.8801424944632492,,,0.5859788359788359,0.9338624338624338,,,,,,,N/A,RATES_DRIVEN
2015-02-13,14.69,91.4000015258789,,,,-0.20531096518653735,1.8625945037546578,,,0.5132275132275133,0.9305555555555556,,,,,,,N/A,RATES_DRIVEN
2015-02-16,14.69,91.4000015258789,,,,-0.20524835475403372,1.8603900060390128,,,0.5138888888888888,0.9298941798941799,,,,,,,N/A,RATES_DRIVEN
2015-02-17,15.8,91.80000305175781,,,,0.1835905932951435,1.8890765382042,,,0.6375661375661376,0.9338624338624338,,,,,,,N/A,RATES_DRIVEN
2015-02-18,15.45,91.4000015258789,,,,0.06081962533819827,1.8537164400003467,,,0.5945767195767195,0.9279100529100529,,,,,,,N/A,RATES_DRIVEN
2015-02-19,15.29,98.5,,,,0.004749153932468301,2.3979128771639138,,,0.5813492063492064,0.9656084656084656,,,,,,,N/A,RATES_DRIVEN
2015-02-20,14.3,98.30000305175781,,,,-0.34213187265007894,2.3716071287059566,,,0.45965608465608465,0.9636243386243386,,,,,,,N/A,RATES_DRIVEN
2015-02-23,14.56,97.69999694824219,,,,-0.2504423094527276,2.315915240154932,,,0.5033068783068783,0.9603174603174603,,,,,,,N/A,RATES_DRIVEN
2015-02-24,13.69,94.0999984741211,,,,-0.5547344518361872,2.0305290335524537,,,0.3472222222222222,0.9391534391534392,,,,,,,N/A,RATES_DRIVEN
2015-02-25,13.84,91.5,,,,-0.501183949314735,1.8271326881460122,,,0.38293650793650796,0.9252645502645502,,,,,,,N/A,RATES_DRIVEN
2015-02-26,13.91,90.5,,,,-0.47543573387292115,1.7478725981828465,,,0.3941798941798942,0.9153439153439153,,,,,,,N/A,RATES_DRIVEN
2015-02-27,13.34,91.4000015258789,,,,-0.6737369769402793,1.814212046501039,,,0.28174603174603174,0.9206349206349206,,,,,,,N/A,RATES_DRIVEN
2015-03-02,13.04,90.19999694824219,,,,-0.7770817665054875,1.7196022930205397,,,0.23346560846560846,0.9126984126984127,,,,,,,N/A,RATES_DRIVEN
2015-03-03,13.86,91.80000305175781,,,,-0.4876689622012627,1.8373094877353207,,,0.38822751322751325,0.9279100529100529,,,,,,,N/A,RATES_DRIVEN
2015-03-04,14.23,90.69999694824219,,,,-0.3556898947882441,1.7481977376524016,,,0.458994708994709,0.9140211640211641,,,,,,,N/A,RATES_DRIVEN
2015-03-05,14.04,89.30000305175781,,,,-0.4204697257437656,1.6372774364499865,,,0.4252645502645503,0.9041005291005291,,,,,,,N/A,RATES_DRIVEN
2015-03-06,15.2,86.5999984741211,,,,-0.01085260235900177,1.4278757605828556,,,0.5846560846560847,0.8902116402116402,,,,,,,N/A,RATES_DRIVEN
2015-03-09,15.06,84.0,,,,-0.0581889987247498,1.2271707125490734,,,0.5648148148148148,0.8650793650793651,,,,,,,N/A,RATES_DRIVEN
2015-03-10,16.69,84.4000015258789,,,,0.5192008235912915,1.255318079164893,,,0.748015873015873,0.8650793650793651,,,,,,,N/A,RATES_DRIVEN
2015-03-11,16.87,85.0,,,,0.5839419395103442,1.2986303610722403,,,0.7698412698412699,0.8716931216931217,,,,,,,N/A,RATES_DRIVEN
2015-03-12,15.42,85.5999984741211,,,,0.0726782861775277,1.3414771807177248,,,0.6064814814814815,0.8796296296296297,,,,,,,N/A,RATES_DRIVEN
2015-03-13,16.0,86.0999984741211,,,,0.2793336618687968,1.3764513295970375,,,0.669973544973545,0.8822751322751323,,,,,,,N/A,RATES_DRIVEN
2015-03-16,15.61,84.80000305175781,,,,0.14207160137391486,1.2750797899287933,,,0.6342592592592593,0.8664021164021164,,,,,,,N/A,RATES_DRIVEN
2015-03-17,15.66,86.30000305175781,,,,0.16153313400219174,1.3855865358591977,,,0.6415343915343915,0.8835978835978836,,,,,,,N/A,RATES_DRIVEN
2015-03-18,13.97,85.69999694824219,,,,-0.43648008102596136,1.3372385701662475,,,0.40674603174603174,0.8776455026455027,,,,,,,N/A,RATES_DRIVEN
2015-03-19,14.07,87.80000305175781,,,,-0.39972830949131444,1.4922532578033256,,,0.43386243386243384,0.8968253968253969,,,,,,,N/A,RATES_DRIVEN
2015-03-20,13.02,86.5,,,,-0.7708340710480132,1.390154113600248,,,0.2294973544973545,0.8849206349206349,,,,,,,N/A,RATES_DRIVEN
2015-03-23,13.41,84.9000015258789,,,,-0.6309223527003118,1.2660612157211732,,,0.3029100529100529,0.8617724867724867,,,,,,,N/A,RATES_DRIVEN
2015-03-24,13.62,83.69999694824219,,,,-0.5547943156121834,1.1725684663664089,,,0.34656084656084657,0.8505291005291006,,,,,,,N/A,RATES_DRIVEN
2015-03-25,15.44,84.19999694824219,,,,0.09182012281672755,1.2073559840456298,,,0.6183862433862434,0.8518518518518519,,,,,,,N/A,RATES_DRIVEN
2015-03-26,15.8,86.19999694824219,,,,0.2201851518995752,1.3541655930232035,,,0.6607142857142857,0.878968253968254,,,,,,,N/A,RATES_DRIVEN
2015-03-27,15.07,86.19999694824219,,,,-0.03789130354096839,1.3503737045726032,,,0.5747354497354498,0.8783068783068783,,,,,,,N/A,RATES_DRIVEN
2015-03-30,14.51,86.4000015258789,,,,-0.23496376215566944,1.3614266219978106,,,0.5052910052910053,0.8816137566137566,,,,,,,N/A,RATES_DRIVEN
2015-03-31,15.29,86.0999984741211,,,,0.04427963997913138,1.3350877215346313,,,0.6071428571428571,0.8736772486772487,,,,,,,N/A,RATES_DRIVEN
2015-04-01,15.11,85.5999984741211,,,,-0.01799570113549698,1.293938897664076,,,0.5853174603174603,0.8670634920634921,,,,,,,N/A,RATES_DRIVEN
2015-04-02,14.67,84.30000305175781,,,,-0.1727024946728998,1.1932932158345655,,,0.5284391534391535,0.8452380952380952,,,,,,,N/A,RATES_DRIVEN
2015-04-03,14.67,84.30000305175781,,,,-0.17092866018288477,1.1900427367772077,,,0.5291005291005291,0.8445767195767195,,,,,,,N/A,RATES_DRIVEN
2015-04-06,14.74,79.0,,,,-0.14372262812146203,0.7914977072845301,,,0.5456349206349206,0.7870370370370371,,,,,,,N/A,NO_STRESS
2015-04-07,14.78,77.80000305175781,,,,-0.12651216935401113,0.7007565112119807,,,0.5496031746031746,0.7791005291005291,,,,,,,N/A,NO_STRESS
2015-04-08,13.98,80.0,,,,-0.41216472095675494,0.8636589708437624,,,0.414021164021164,0.7903439153439153,,,,,,,N/A,NO_STRESS
2015-04-09,13.09,78.80000305175781,,,,-0.7322474005027602,0.7724847106626501,,,0.24206349206349206,0.783068783068783,,,,,,,N/A,NO_STRESS
2015-04-10,12.58,77.80000305175781,,,,-0.9180740728504884,0.696832840860533,,,0.1455026455026455,0.7757936507936508,,,,,,,N/A,NO_STRESS
2015-04-13,13.94,75.80000305175781,,,,-0.4195479744214527,0.5468103501896485,,,0.4087301587301587,0.753968253968254,,,,,,,N/A,NO_STRESS
2015-04-14,13.67,74.80000305175781,,,,-0.5171412755575969,0.47148723777218216,,,0.3544973544973545,0.7387566137566137,,,,,,,N/A,NO_STRESS
2015-04-15,12.84,73.0,,,,-0.8233442735267491,0.336826626524428,,,0.19576719576719576,0.705026455026455,,,,,,,N/A,NO_STRESS
2015-04-16,12.6,72.4000015258789,,,,-0.9117199684508703,0.29216230385888264,,,0.15079365079365079,0.6878306878306878,,,,,,,N/A,NO_STRESS
2015-04-17,13.89,74.4000015258789,,,,-0.42788983130028435,0.44137027506244947,,,0.4060846560846561,0.7334656084656085,,,,,,,N/A,NO_STRESS
2015-04-20,13.3,73.5,,,,-0.647391079539284,0.3739104481693882,,,0.2791005291005291,0.7195767195767195,,,,,,,N/A,NO_STRESS
2015-04-21,13.25,72.9000015258789,,,,-0.6646168992402716,0.328925560111768,,,0.26851851851851855,0.6990740740740741,,,,,,,N/A,NO_STRESS
2015-04-22,12.71,72.9000015258789,,,,-0.8670211858838348,0.32850718280942054,,,0.17592592592592593,0.6984126984126984,,,,,,,N/A,NO_STRESS
2015-04-23,12.48,73.19999694824219,,,,-0.9553861088147737,0.35088331940665735,,,0.1349206349206349,0.7136243386243386,,,,,,,N/A,NO_STRESS
2015-04-24,12.29,71.5999984741211,,,,-1.0294842256599395,0.23172306392134573,,,0.10383597883597884,0.6765873015873016,,,,,,,N/A,NO_STRESS
2015-04-27,13.12,71.0,,,,-0.7128115421253624,0.1879676878598806,,,0.2566137566137566,0.6673280423280423,,,,,,,N/A,NO_STRESS
2015-04-28,12.41,72.9000015258789,,,,-0.9943411697092506,0.33162989772715645,,,0.1164021164021164,0.7017195767195767,,,,,,,N/A,NO_STRESS
2015-04-29,13.39,73.9000015258789,,,,-0.6077758892114954,0.40782915575840323,,,0.3101851851851852,0.7308201058201058,,,,,,,N/A,NO_STRESS
2015-04-30,14.55,75.30000305175781,,,,-0.14260685282108285,0.5144736233776066,,,0.5403439153439153,0.7493386243386243,,,,,,,N/A,NO_STRESS
2015-05-01,12.7,78.9000015258789,,,,-0.8825593554699357,0.7848212202793052,,,0.17857142857142858,0.7903439153439153,,,,,,,N/A,NO_STRESS
2015-05-04,12.85,81.0999984741211,,,,-0.8209446932002492,0.95075966727854,,,0.20767195767195767,0.8154761904761905,,,,,,,N/A,RATES_DRIVEN
2015-05-05,14.31,87.69999694824219,,,,-0.22833222154203034,1.4454569089123441,,,0.5033068783068783,0.8955026455026455,,,,,,,N/A,RATES_DRIVEN
2015-05-06,15.15,91.0,,,,0.11804713949944913,1.692024927664328,,,0.6263227513227513,0.9153439153439153,,,,,,,N/A,RATES_DRIVEN
2015-05-07,15.13,89.5999984741211,,,,0.11595407625190807,1.586967519296554,,,0.623015873015873,0.9047619047619048,,,,,,,N/A,RATES_DRIVEN
2015-05-08,12.86,80.9000015258789,,,,-0.8219409181276334,0.9371564627227542,,,0.21031746031746032,0.8128306878306878,,,,,,,N/A,RATES_DRIVEN
2015-05-11,13.85,84.0999984741211,,,,-0.4083498052041713,1.1806239044304863,,,0.4126984126984127,0.8492063492063492,,,,,,,N/A,RATES_DRIVEN
2015-05-12,13.86,87.4000015258789,,,,-0.4022373173445592,1.428297508231161,,,0.41534391534391535,0.8961640211640212,,,,,,,N/A,RATES_DRIVEN
2015-05-13,13.76,85.5999984741211,,,,-0.4420683378462224,1.2927263365125234,,,0.38955026455026454,0.873015873015873,,,,,,,N/A,RATES_DRIVEN
2015-05-14,12.74,83.19999694824219,,,,-0.866604463360875,1.1112014563917019,,,0.18783068783068782,0.841931216931217,,,,,,,N/A,RATES_DRIVEN
2015-05-15,12.38,83.19999694824219,,,,-1.0156168917247368,1.10985033816337,,,0.11574074074074074,0.8412698412698413,,,,,,,N/A,RATES_DRIVEN
2015-05-18,12.73,88.19999694824219,,,,-0.8664330661712967,1.4821147751668222,,,0.18783068783068782,0.9021164021164021,,,,,,,N/A,RATES_DRIVEN
2015-05-19,12.85,87.66999816894531,,,,-0.8144749638607462,1.4390121616957041,,,0.2123015873015873,0.8955026455026455,,,,,,,N/A,RATES_DRIVEN
2015-05-20,12.88,87.6500015258789,,,,-0.7999828688024688,1.4339526987430704,,,0.22023809523809523,0.8941798941798942,,,,,,,N/A,RATES_DRIVEN
2015-05-21,12.11,86.0999984741211,,,,-1.1230728098642841,1.3149412559799225,,,0.08134920634920635,0.873015873015873,,,,,,,N/A,RATES_DRIVEN
2015-05-22,12.13,87.66999816894531,,,,-1.1126919970903701,1.4285973234254574,,,0.08465608465608465,0.8948412698412699,,,,,,,N/A,RATES_DRIVEN
2015-05-25,12.13,87.66999816894531,,,,-1.1097248510255608,1.4253601782743446,,,0.08531746031746032,0.8941798941798942,,,,,,,N/A,RATES_DRIVEN
2015-05-26,14.06,85.36000061035156,,,,-0.290154881289774,1.2506035017481387,,,0.4748677248677249,0.8624338624338624,,,,,,,N/A,RATES_DRIVEN
2015-05-27,13.27,84.0,,,,-0.6234107021150953,1.1472731903613294,,,0.2943121693121693,0.8379629629629629,,,,,,,N/A,RATES_DRIVEN
2015-05-28,13.31,82.69999694824219,,,,-0.6046831941277123,1.0488484510347351,,,0.30687830687830686,0.8234126984126984,,,,,,,N/A,RATES_DRIVEN
2015-05-29,13.84,82.69999694824219,,,,-0.37807636575866027,1.0469938003561226,,,0.42592592592592593,0.8227513227513228,,,,,,,N/A,RATES_DRIVEN
2015-06-01,13.97,83.55000305175781,,,,-0.3213121378940313,1.1076003282039095,,,0.4537037037037037,0.8333333333333334,,,,,,,N/A,RATES_DRIVEN
2015-06-02,14.24,87.5,,,,-0.20474882068058978,1.3967469643517072,,,0.5171957671957672,0.8902116402116402,,,,,,,N/A,RATES_DRIVEN
2015-06-03,13.66,91.80999755859375,,,,-0.44943637358237604,1.7103252391543489,,,0.3835978835978836,0.9298941798941799,,,,,,,N/A,RATES_DRIVEN
2015-06-04,14.71,92.20999908447266,,,,-0.00014110425071967175,1.7338286574475967,,,0.591931216931217,0.9298941798941799,,,,,,,N/A,RATES_DRIVEN
2015-06-05,14.21,88.9000015258789,,,,-0.21149389727668946,1.4848462106556084,,,0.5092592592592593,0.9007936507936508,,,,,,,N/A,RATES_DRIVEN
2015-06-08,15.29,87.5999984741211,,,,0.2509934678611039,1.3849754618490617,,,0.6712962962962963,0.8862433862433863,,,,,,,N/A,RATES_DRIVEN
2015-06-09,14.47,87.19999694824219,,,,-0.09818089851236732,1.3516639248611206,,,0.5509259259259259,0.8809523809523809,,,,,,,N/A,RATES_DRIVEN
2015-06-10,13.22,89.80000305175781,,,,-0.6312342554015778,1.538209799498984,,,0.28835978835978837,0.9047619047619048,,,,,,,N/A,RATES_DRIVEN
2015-06-11,12.85,87.80000305175781,,,,-0.7875683764243102,1.3871970610577151,,,0.21693121693121692,0.8921957671957672,,,,,,,N/A,RATES_DRIVEN
2015-06-12,13.78,87.69999694824219,,,,-0.3887158300590089,1.3758452563624755,,,0.41203703703703703,0.8895502645502645,,,,,,,N/A,RATES_DRIVEN
2015-06-15,15.39,86.0,,,,0.3006647791791885,1.247768736629375,,,0.6865079365079365,0.8558201058201058,,,,,,,N/A,RATES_DRIVEN
2015-06-16,14.81,85.69999694824219,,,,0.05472122526887422,1.2224772244764484,,,0.6150793650793651,0.8538359788359788,,,,,,,N/A,RATES_DRIVEN
2015-06-17,14.5,82.4000015258789,,,,-0.07510990745735956,0.9785209348510062,,,0.5601851851851852,0.7996031746031746,,,,,,,N/A,NO_STRESS
2015-06-18,13.19,82.5999984741211,,,,-0.6370997371673046,0.9907451511977219,,,0.28703703703703703,0.8029100529100529,,,,,,,N/A,RATES_DRIVEN
2015-06-19,13.96,84.69999694824219,,,,-0.3030638433200839,1.1413606413484034,,,0.45701058201058203,0.832010582010582,,,,,,,N/A,RATES_DRIVEN
2015-06-22,12.74,84.4000015258789,,,,-0.8278327565591898,1.1170928556455428,,,0.19510582010582012,0.8287037037037037,,,,,,,N/A,RATES_DRIVEN
2015-06-23,12.11,84.19999694824219,,,,-1.0972669824922985,1.100081199179965,,,0.082010582010582,0.8234126984126984,,,,,,,N/A,RATES_DRIVEN
2015-06-24,13.26,82.69999694824219,,,,-0.5981646911211336,0.9887589324416431,,,0.29894179894179895,0.8022486772486772,,,,,,,N/A,RATES_DRIVEN
2015-06-25,14.01,83.31999969482422,,,,-0.27110186970353656,1.0324338599937224,,,0.4808201058201058,0.8134920634920635,,,,,,,N/A,RATES_DRIVEN
2015-06-26,14.02,84.30000305175781,,,,-0.26499545326147117,1.1015193398146326,,,0.48544973544973546,0.8253968253968254,,,,,,,N/A,RATES_DRIVEN
2015-06-29,18.85,89.80000305175781,,,,1.8282530910153454,1.4980397555937446,,,0.9464285714285714,0.9041005291005291,,,,,,,N/A,EQUITY_DRIVEN
2015-06-30,18.23,92.30000305175781,,,,1.5559142352551383,1.674497252960234,,,0.9232804232804233,0.9305555555555556,,,,,,,N/A,RATES_DRIVEN
2015-07-01,16.09,90.30000305175781,,,,0.6291121539631572,1.5255491226211861,,,0.7724867724867724,0.9074074074074074,,,,,,,N/A,RATES_DRIVEN
2015-07-02,16.79,88.0,,,,0.9309118119415911,1.3561772853532483,,,0.83994708994709,0.8895502645502645,,,,,,,N/A,RATES_DRIVEN
2015-07-03,16.79,88.0,,,,0.9295616939522696,1.3532545023620088,,,0.8392857142857143,0.8888888888888888,,,,,,,N/A,RATES_DRIVEN
2015-07-06,17.01,86.18000030517578,,,,1.0227222298129024,1.2189375144911745,,,0.8591269841269841,0.8531746031746031,,,,,,,N/A,EQUITY_DRIVEN
2015-07-07,16.09,90.5,,,,0.6235628242741987,1.5263841900894142,,,0.7678571428571429,0.908068783068783,,,,,,,N/A,RATES_DRIVEN
2015-07-08,19.66,89.4000015258789,,,,2.1571611008772287,1.443020816653418,,,0.9656084656084656,0.8961640211640212,,,,,,,N/A,EQUITY_DRIVEN
2015-07-09,19.97,89.30000305175781,,,,2.2797940566521584,1.4323791257689074,,,0.9695767195767195,0.8935185185185185,,,,,,,N/A,EQUITY_DRIVEN
2015-07-10,16.83,90.19999694824219,,,,0.9295224332294169,1.4939506875856332,,,0.8412698412698413,0.9041005291005291,,,,,,,N/A,RATES_DRIVEN
2015-07-13,13.9,84.69999694824219,,,,-0.3282065739272318,1.0970778868380424,,,0.4497354497354497,0.8181216931216931,,,,,,,N/A,RATES_DRIVEN
2015-07-14,13.37,80.80000305175781,,,,-0.5552315488780064,0.8157840881129992,,,0.33201058201058203,0.7533068783068783,,,,,,,N/A,NO_STRESS
2015-07-15,13.23,79.0999984741211,,,,-0.6141509600036433,0.6927335210389668,,,0.294973544973545,0.7341269841269841,,,,,,,N/A,NO_STRESS
2015-07-16,12.11,76.0,,,,-1.0921348169109169,0.46946374799939833,,,0.08267195767195767,0.7063492063492064,,,,,,,N/A,NO_STRESS
2015-07-17,11.95,74.20999908447266,,,,-1.1576639482616344,0.340261981923405,,,0.05952380952380952,0.6825396825396826,,,,,,,N/A,NO_STRESS
2015-07-20,12.25,72.80000305175781,,,,-1.0267943240261435,0.23853990525583185,,,0.10449735449735449,0.6501322751322751,,,,,,,N/A,NO_STRESS
2015-07-21,12.22,72.4000015258789,,,,-1.0369246171614335,0.2092776448593512,,,0.0992063492063492,0.6395502645502645,,,,,,,N/A,NO_STRESS
2015-07-22,12.12,72.0999984741211,,,,-1.0768662133531932,0.18703673797430156,,,0.0873015873015873,0.6355820105820106,,,,,,,N/A,NO_STRESS
2015-07-23,12.64,72.5999984741211,,,,-0.852092286807989,0.22217343231375078,,,0.17195767195767195,0.6441798941798942,,,,,,,N/A,NO_STRESS
2015-07-24,13.74,73.0,,,,-0.3794948771455967,0.2503785969557468,,,0.4173280423280423,0.6593915343915344,,,,,,,N/A,NO_STRESS
2015-07-27,15.6,72.19999694824219,,,,0.4187846345440171,0.19266823708116323,,,0.7242063492063492,0.6335978835978836,,,,,,,N/A,NO_STRESS
2015-07-28,13.44,71.9000015258789,,,,-0.5055295389220316,0.1708473904279887,,,0.36243386243386244,0.6283068783068783,,,,,,,N/A,NO_STRESS
2015-07-29,12.5,69.70999908447266,,,,-0.9065700699462065,0.013545312017822745,,,0.15343915343915343,0.6005291005291006,,,,,,,N/A,NO_STRESS
2015-07-30,12.13,71.19999694824219,,,,-1.0627759783442865,0.12014491556378647,,,0.09126984126984126,0.6216931216931217,,,,,,,N/A,NO_STRESS
2015-07-31,12.12,75.80000305175781,,,,-1.0644238950755995,0.44952400305834983,,,0.08796296296296297,0.7017195767195767,,,,,,,N/A,NO_STRESS
2015-08-03,12.56,74.69999694824219,,,,-0.8740059984387015,0.37001706089328434,,,0.16534391534391535,0.6845238095238095,,,,,,,N/A,NO_STRESS
2015-08-04,13.0,80.47000122070312,,,,-0.6833173824938816,0.7822506205853941,,,0.26851851851851855,0.7486772486772487,,,,,,,N/A,NO_STRESS
2015-08-05,12.51,80.69999694824219,,,,-0.8913130074114926,0.7971925426164406,,,0.1574074074074074,0.7506613756613757,,,,,,,N/A,NO_STRESS
2015-08-06,13.77,80.30000305175781,,,,-0.3494398095610027,0.7672512514232783,,,0.43386243386243384,0.7427248677248677,,,,,,,N/A,NO_STRESS
2015-08-07,13.39,76.19999694824219,,,,-0.5120949304431112,0.47256858521345874,,,0.3544973544973545,0.7037037037037037,,,,,,,N/A,NO_STRESS
2015-08-10,12.23,75.30000305175781,,,,-1.007939775199823,0.40741659613243,,,0.10515873015873016,0.6851851851851852,,,,,,,N/A,NO_STRESS
2015-08-11,13.71,78.0999984741211,,,,-0.3726865182984775,0.6065072294320238,,,0.42328042328042326,0.7195767195767195,,,,,,,N/A,NO_STRESS
2015-08-12,13.61,81.5,,,,-0.4152063059265858,0.8477303119667159,,,0.4060846560846561,0.7625661375661376,,,,,,,N/A,NO_STRESS
2015-08-13,13.49,80.0,,,,-0.4663996882876191,0.738335853081644,,,0.38095238095238093,0.7328042328042328,,,,,,,N/A,NO_STRESS
2015-08-14,12.83,77.0999984741211,,,,-0.7484156007649265,0.5291617720009939,,,0.22817460317460317,0.701058201058201,,,,,,,N/A,NO_STRESS
2015-08-17,13.02,76.0999984741211,,,,-0.6662695433937486,0.45609492008025776,,,0.27645502645502645,0.6964285714285714,,,,,,,N/A,NO_STRESS
2015-08-18,13.79,82.69999694824219,,,,-0.3361068067357108,0.9263091889077418,,,0.45171957671957674,0.7843915343915344,,,,,,,N/A,NO_STRESS
2015-08-19,15.25,81.5,,,,0.2895740247535237,0.8381443589791888,,,0.6911375661375662,0.7605820105820106,,,,,,,N/A,NO_STRESS
2015-08-20,19.14,84.5999984741211,,,,1.951310625174622,1.0573470786446084,,,0.9497354497354498,0.8148148148148148,,,,,,,N/A,EQUITY_DRIVEN
2015-08-21,28.03,88.5,,,,5.624018405418707,1.3327305939808232,,,1.0,0.8888888888888888,,,,,,,N/A,EQUITY_DRIVEN
2015-08-24,40.74,94.5,,,,10.156859276267946,1.7555908608967787,,,1.0,0.9431216931216931,,,,,,,N/A,EQUITY_DRIVEN
2015-08-25,36.02,91.0999984741211,,,,7.956534241824826,1.5081201356419898,,,0.9986772486772487,0.9126984126984127,,,,,,,N/A,EQUITY_DRIVEN
2015-08-26,30.32,92.0,,,,5.700364259149041,1.5672508565098842,,,0.9973544973544973,0.9259259259259259,,,,,,,N/A,EQUITY_DRIVEN
2015-08-27,26.1,91.4000015258789,,,,4.111156804947451,1.5197462619018338,,,0.9933862433862434,0.9146825396825397,,,,,,,N/A,EQUITY_DRIVEN
2015-08-28,26.05,91.0999984741211,,,,4.04311912742855,1.4937686697053845,,,0.9920634920634921,0.9093915343915344,,,,,,,N/A,EQUITY_DRIVEN
2015-08-31,28.43,87.69999694824219,,,,4.809034151032744,1.2486862822502485,,,0.996031746031746,0.8690476190476191,,,,,,,N/A,EQUITY_DRIVEN
2015-09-01,31.4,88.69999694824219,,,,5.715436760210655,1.3159422909753524,,,0.9973544973544973,0.8822751322751323,,,,,,,N/A,EQUITY_DRIVEN
2015-09-02,26.09,93.0999984741211,,,,3.8514136035390534,1.6227610915416528,,,0.9894179894179894,0.9351851851851852,,,,,,,N/A,EQUITY_DRIVEN
2015-09-03,25.61,91.4000015258789,,,,3.6520506379209485,1.4976527716309838,,,0.9867724867724867,0.9126984126984127,,,,,,,N/A,EQUITY_DRIVEN
2015-09-04,27.8,86.80000305175781,,,,4.329665305042729,1.1689403493173804,,,0.9920634920634921,0.8492063492063492,,,,,,,N/A,EQUITY_DRIVEN
2015-09-07,27.8,86.80000305175781,,,,4.272443794658979,1.1658166278515039,,,0.9914021164021164,0.8485449735449735,,,,,,,N/A,EQUITY_DRIVEN
2015-09-08,24.9,85.19999694824219,,,,3.291363229092578,1.050059140972419,,,0.9814814814814815,0.8121693121693122,,,,,,,N/A,EQUITY_DRIVEN
2015-09-09,26.23,85.0999984741211,,,,3.6869065868493847,1.0404554168587163,,,0.9880952380952381,0.8088624338624338,,,,,,,N/A,EQUITY_DRIVEN
2015-09-10,24.37,83.5999984741211,,,,3.062340683831144,0.932628213311825,,,0.9775132275132276,0.7797619047619048,,,,,,,N/A,EQUITY_DRIVEN
2015-09-11,23.2,83.80000305175781,,,,2.6702317725526536,0.9448060852590209,,,0.9748677248677249,0.7817460317460317,,,,,,,N/A,EQUITY_DRIVEN
2015-09-14,24.25,82.69999694824219,,,,2.9861428050936563,0.8654864399075993,,,0.9761904761904762,0.7612433862433863,,,,,,,N/A,EQUITY_DRIVEN
2015-09-15,22.54,85.0,,,,2.4308118111085255,1.0254778527859871,,,0.9695767195767195,0.8062169312169312,,,,,,,N/A,EQUITY_DRIVEN
2015-09-16,21.35,84.9000015258789,,,,2.049170950128963,1.0162545100431533,,,0.9629629629629629,0.8029100529100529,,,,,,,N/A,EQUITY_DRIVEN
2015-09-17,21.14,77.69999694824219,,,,1.9780042406162495,0.5083804268110877,,,0.9603174603174603,0.6818783068783069,,,,,,,N/A,EQUITY_DRIVEN
2015-09-18,22.28,75.80000305175781,,,,2.329350982326411,0.37437732932605505,,,0.966931216931217,0.6587301587301587,,,,,,,N/A,EQUITY_DRIVEN
2015-09-21,20.14,74.5,,,,1.6527107929449258,0.2827382031922572,,,0.9444444444444444,0.6362433862433863,,,,,,,N/A,EQUITY_DRIVEN
2015-09-22,22.44,75.5999984741211,,,,2.366344493255839,0.35988492352876605,,,0.9682539682539683,0.6547619047619048,,,,,,,N/A,EQUITY_DRIVEN
2015-09-23,22.13,69.19999694824219,,,,2.2609630548756066,-0.09013225664433047,,,0.9642857142857143,0.548941798941799,,,,,,,N/A,EQUITY_DRIVEN
2015-09-24,23.47,76.4000015258789,,,,2.667395935796373,0.4160322746103156,,,0.9735449735449735,0.667989417989418,,,,,,,N/A,EQUITY_DRIVEN
2015-09-25,23.62,75.9000015258789,,,,2.698665336178129,0.38045390812406493,,,0.9748677248677249,0.6607142857142857,,,,,,,N/A,EQUITY_DRIVEN
2015-09-28,27.63,76.9000015258789,,,,3.8989262708502563,0.45032727264226274,,,0.9894179894179894,0.667989417989418,,,,,,,N/A,EQUITY_DRIVEN
2015-09-29,26.83,83.30000305175781,,,,3.6209261485618933,0.8987195870060393,,,0.9880952380952381,0.7705026455026455,,,,,,,N/A,EQUITY_DRIVEN
2015-09-30,24.5,81.5999984741211,,,,2.893932572954065,0.7777371710468962,,,0.9748677248677249,0.7347883597883598,,,,,,,N/A,EQUITY_DRIVEN
2015-10-01,22.55,81.5,,,,2.2963409474126673,0.7687262062036174,,,0.9629629629629629,0.7308201058201058,,,,,,,N/A,EQUITY_DRIVEN
2015-10-02,20.94,78.9000015258789,,,,1.8064520875096923,0.5842831596144259,,,0.9404761904761905,0.6904761904761905,,,,,,,N/A,EQUITY_DRIVEN
2015-10-05,19.54,77.5,,,,1.3831134233320146,0.48429768896259434,,,0.9193121693121693,0.6706349206349206,,,,,,,N/A,EQUITY_DRIVEN
2015-10-06,19.4,80.30000305175781,,,,1.3384633167938973,0.6792854697066191,,,0.9113756613756614,0.7076719576719577,,,,,,,N/A,EQUITY_DRIVEN
2015-10-07,18.4,80.0,,,,1.0359871487663295,0.6562733256684153,,,0.8862433862433863,0.6977513227513228,,,,,,,N/A,EQUITY_DRIVEN
2015-10-08,17.42,79.5,,,,0.7412708747616763,0.6192255649388514,,,0.8617724867724867,0.6944444444444444,,,,,,,N/A,EQUITY_DRIVEN
2015-10-09,17.08,78.19999694824219,,,,0.6394373387909219,0.5259412403894551,,,0.843915343915344,0.6792328042328042,,,,,,,N/A,EQUITY_DRIVEN
2015-10-12,16.17,78.19999694824219,,,,0.365463160782284,0.5241108680319791,,,0.7671957671957672,0.6785714285714286,,,,,,,N/A,NO_STRESS
2015-10-13,17.67,76.30000305175781,,,,0.8159424135781228,0.38853038658750755,,,0.8690476190476191,0.6521164021164021,,,,,,,N/A,EQUITY_DRIVEN
2015-10-14,18.03,74.80000305175781,,,,0.9226327262885488,0.28106106845446294,,,0.8809523809523809,0.6216931216931217,,,,,,,N/A,EQUITY_DRIVEN
2015-10-15,16.05,74.5999984741211,,,,0.32653282441201825,0.2652530843475366,,,0.7533068783068783,0.6157407407407407,,,,,,,N/A,NO_STRESS
2015-10-16,15.05,74.69999694824219,,,,0.02575425800262682,0.2706169677531538,,,0.6547619047619048,0.6177248677248677,,,,,,,N/A,NO_STRESS
2015-10-19,14.98,71.0,,,,0.004756049269159483,0.00744802168956297,,,0.6521164021164021,0.5548941798941799,,,,,,,N/A,NO_STRESS
2015-10-20,15.75,71.0999984741211,,,,0.23633315871510546,0.012926751346390403,,,0.7248677248677249,0.5555555555555556,,,,,,,N/A,NO_STRESS
2015-10-21,16.7,69.69999694824219,,,,0.5217919873057333,-0.08803253315986466,,,0.8068783068783069,0.5357142857142857,,,,,,,N/A,EQUITY_DRIVEN
2015-10-22,14.45,70.0,,,,-0.15467872837455293,-0.06849626501868065,,,0.582010582010582,0.5436507936507936,,,,,,,N/A,NO_STRESS
2015-10-23,14.46,70.80000305175781,,,,-0.1514293303022162,-0.013505800078858952,,,0.5833333333333334,0.5515873015873016,,,,,,,N/A,NO_STRESS
2015-10-26,15.29,69.69999694824219,,,,0.09850054098521772,-0.09350255378644574,,,0.6878306878306878,0.5324074074074074,,,,,,,N/A,NO_STRESS
2015-10-27,15.43,69.80000305175781,,,,0.14112304110070925,-0.08827073232406372,,,0.6984126984126984,0.5343915343915344,,,,,,,N/A,NO_STRESS
2015-10-28,14.33,70.30000305175781,,,,-0.18880149598032947,-0.05445670933993315,,,0.5674603174603174,0.5462962962962963,,,,,,,N/A,NO_STRESS
2015-10-29,14.61,73.0999984741211,,,,-0.1038055927721158,0.14356193104943765,,,0.6124338624338624,0.591931216931217,,,,,,,N/A,NO_STRESS
2015-10-30,15.07,73.0999984741211,,,,0.03526705883663529,0.14184088041247866,,,0.666005291005291,0.5912698412698413,,,,,,,N/A,NO_STRESS
2015-11-02,14.15,73.19999694824219,,,,-0.24101519162510465,0.14726684054291783,,,0.53505291005291,0.5945767195767195,,,,,,,N/A,NO_STRESS
2015-11-03,14.54,73.30000305175781,,,,-0.12300625283591646,0.15261643908881437,,,0.6064814814814815,0.5965608465608465,,,,,,,N/A,NO_STRESS
2015-11-04,15.51,77.5999984741211,,,,0.16906960101080892,0.4589262519098167,,,0.71494708994709,0.666005291005291,,,,,,,N/A,NO_STRESS
2015-11-05,15.05,76.69999694824219,,,,0.030930765745604244,0.3925182137796266,,,0.6646825396825397,0.6521164021164021,,,,,,,N/A,NO_STRESS
2015-11-06,14.33,74.30000305175781,,,,-0.18499995157456717,0.2183704255870055,,,0.5694444444444444,0.6071428571428571,,,,,,,N/A,NO_STRESS
2015-11-09,16.52,74.30000305175781,,,,0.47474469514859147,0.216571935599992,,,0.794973544973545,0.6064814814814815,,,,,,,N/A,NO_STRESS
2015-11-10,15.29,70.5,,,,0.10472951862880019,-0.05831607741494452,,,0.6977513227513228,0.5370370370370371,,,,,,,N/A,NO_STRESS
2015-11-11,16.06,70.5,,,,0.33644711434725905,-0.0590446785312127,,,0.7605820105820106,0.5363756613756614,,,,,,,N/A,NO_STRESS
2015-11-12,18.37,70.5,,,,1.031433696745782,-0.06029300855048844,,,0.8849206349206349,0.5357142857142857,,,,,,,N/A,EQUITY_DRIVEN
2015-11-13,20.08,68.30000305175781,,,,1.5435764992399832,-0.22045921737416693,,,0.9292328042328042,0.4828042328042328,,,,,,,N/A,EQUITY_DRIVEN
2015-11-16,18.16,67.69999694824219,,,,0.9659077189100769,-0.2651713861351185,,,0.8796296296296297,0.4675925925925926,,,,,,,N/A,EQUITY_DRIVEN
2015-11-17,18.84,72.30000305175781,,,,1.1695169956171572,0.06550635871563326,,,0.8968253968253969,0.5568783068783069,,,,,,,N/A,EQUITY_DRIVEN
2015-11-18,16.85,71.69999694824219,,,,0.5719054100682935,0.0205372822536714,,,0.8234126984126984,0.5502645502645502,,,,,,,N/A,EQUITY_DRIVEN
2015-11-19,16.99,70.5,,,,0.615593729309867,-0.06790596348988055,,,0.8346560846560847,0.5324074074074074,,,,,,,N/A,EQUITY_DRIVEN
2015-11-20,15.47,70.5,,,,0.1599098626755869,-0.06945633644414086,,,0.716931216931217,0.5317460317460317,,,,,,,N/A,NO_STRESS
2015-11-23,15.62,70.80000305175781,,,,0.20869595265834479,-0.049092640016388786,,,0.7314814814814815,0.5376984126984127,,,,,,,N/A,NO_STRESS
2015-11-24,15.93,70.9000015258789,,,,0.30344226216671505,-0.04296189680130826,,,0.753968253968254,0.5383597883597884,,,,,,,N/A,NO_STRESS
2015-11-25,15.19,70.0,,,,0.08070805084235515,-0.10937691887685244,,,0.6878306878306878,0.5178571428571429,,,,,,,N/A,NO_STRESS
2015-11-26,15.19,70.0,,,,0.08050375176050319,-0.11027295412684357,,,0.6871693121693122,0.5171957671957672,,,,,,,N/A,NO_STRESS
2015-11-27,15.12,69.5999984741211,,,,0.059086616998299035,-0.13995532208570624,,,0.6785714285714286,0.5013227513227513,,,,,,,N/A,NO_STRESS
2015-11-30,16.13,69.9000015258789,,,,0.3639495273259435,-0.11894698569393171,,,0.7738095238095238,0.5105820105820106,,,,,,,N/A,NO_STRESS
2015-12-01,14.67,71.0,,,,-0.0784344133073566,-0.040059730439275666,,,0.6170634920634921,0.5396825396825397,,,,,,,N/A,NO_STRESS
2015-12-02,15.91,72.30000305175781,,,,0.29610914945824873,0.053212870861292755,,,0.7513227513227513,0.5562169312169312,,,,,,,N/A,NO_STRESS
2015-12-03,18.11,74.5999984741211,,,,0.9600196342217884,0.21901868260029528,,,0.8796296296296297,0.6111111111111112,,,,,,,N/A,EQUITY_DRIVEN
2015-12-04,14.81,71.30000305175781,,,,-0.039198983562776436,-0.02262272513127222,,,0.6395502645502645,0.5423280423280423,,,,,,,N/A,NO_STRESS
2015-12-07,15.84,70.55999755859375,,,,0.27158623699765977,-0.07769429803046272,,,0.7447089947089947,0.5277777777777778,,,,,,,N/A,NO_STRESS
2015-12-08,17.6,72.69999694824219,,,,0.8024625841318536,0.07679879602568736,,,0.8703703703703703,0.5661375661375662,,,,,,,N/A,EQUITY_DRIVEN
2015-12-09,19.61,72.4000015258789,,,,1.4065993571074968,0.05310406804507628,,,0.921957671957672,0.5555555555555556,,,,,,,N/A,EQUITY_DRIVEN
2015-12-10,19.34,72.30000305175781,,,,1.3212825028642579,0.04400347818684704,,,0.9113756613756614,0.5515873015873016,,,,,,,N/A,EQUITY_DRIVEN
2015-12-11,24.39,75.0,,,,2.826993728342637,0.23997332178284214,,,0.9735449735449735,0.6203703703703703,,,,,,,N/A,EQUITY_DRIVEN
2015-12-14,22.73,78.19999694824219,,,,2.316887196156185,0.47246179278771105,,,0.9629629629629629,0.6779100529100529,,,,,,,N/A,EQUITY_DRIVEN
2015-12-15,20.95,79.5999984741211,,,,1.7775105776945035,0.5731343830177246,,,0.9404761904761905,0.6944444444444444,,,,,,,N/A,EQUITY_DRIVEN
2015-12-16,17.86,70.19999694824219,,,,0.8516867971211325,-0.11695329405370973,,,0.8690476190476191,0.5079365079365079,,,,,,,N/A,EQUITY_DRIVEN
2015-12-17,18.94,67.69999694824219,,,,1.1712931553544497,-0.3020313059731071,,,0.8981481481481481,0.43783068783068785,,,,,,,N/A,EQUITY_DRIVEN
2015-12-18,20.7,67.80000305175781,,,,1.6911965713334225,-0.2961736096035413,,,0.9365079365079365,0.44246031746031744,,,,,,,N/A,EQUITY_DRIVEN
2015-12-21,18.7,66.4000015258789,,,,1.0918449024444965,-0.3990939420161986,,,0.8875661375661376,0.40145502645502645,,,,,,,N/A,EQUITY_DRIVEN
2015-12-22,16.6,66.9000015258789,,,,0.46465382392656607,-0.36270985924760646,,,0.7883597883597884,0.419973544973545,,,,,,,N/A,NO_STRESS
2015-12-23,15.57,66.0,,,,0.15676028459017743,-0.42930338507226223,,,0.707010582010582,0.39285714285714285,,,,,,,N/A,NO_STRESS
2015-12-24,15.74,65.5,,,,0.2068834015126784,-0.465960347151282,,,0.7195767195767195,0.38492063492063494,,,,,,,N/A,NO_STRESS
2015-12-25,15.74,65.5,,,,0.20630895427549917,-0.4659485247231272,,,0.718915343915344,0.3855820105820106,,,,,,,N/A,NO_STRESS
2015-12-28,16.91,67.19999694824219,,,,0.5535841373944407,-0.34120746579814165,,,0.8214285714285714,0.4279100529100529,,,,,,,N/A,EQUITY_DRIVEN
2015-12-29,16.08,67.19999694824219,,,,0.30554232786202845,-0.3416733754668712,,,0.7493386243386243,0.42724867724867727,,,,,,,N/A,NO_STRESS
2015-12-30,17.29,67.30000305175781,,,,0.6647589461811921,-0.3345966322424037,,,0.8465608465608465,0.4305555555555556,,,,,,,N/A,EQUITY_DRIVEN
2015-12-31,18.21,67.80000305175781,,,,0.9367085103889798,-0.2983781459104692,,,0.8716931216931217,0.4417989417989418,,,,,,,N/A,EQUITY_DRIVEN
2016-01-01,18.21,67.80000305175781,,,,0.9344456746216069,-0.2992827106143577,,,0.871031746031746,0.44113756613756616,,,,,,,N/A,EQUITY_DRIVEN
2016-01-04,20.7,68.80000305175781,,,,1.6703295564733032,-0.22647251548804032,,,0.9358465608465608,0.4636243386243386,,,,,,,N/A,EQUITY_DRIVEN
2016-01-05,19.34,71.41999816894531,,,,1.2624189601078049,-0.03470106725085466,,,0.9041005291005291,0.5343915343915344,,,,,,,N/A,EQUITY_DRIVEN
2016-01-06,20.59,71.68000030517578,,,,1.6283930404637503,-0.016714675868352964,,,0.9338624338624338,0.5383597883597884,,,,,,,N/A,EQUITY_DRIVEN
2016-01-07,24.99,74.20999908447266,,,,2.9133829018289257,0.1685933603478117,,,0.9775132275132276,0.5985449735449735,,,,,,,N/A,EQUITY_DRIVEN
2016-01-08,27.01,71.01000213623047,,,,3.476895768055051,-0.06854085414772731,,,0.9880952380952381,0.5251322751322751,,,,,,,N/A,EQUITY_DRIVEN
2016-01-11,24.3,71.0199966430664,,,,2.66716658285033,-0.06900756718538496,,,0.9682539682539683,0.5251322751322751,,,,,,,N/A,EQUITY_DRIVEN
2016-01-12,22.47,71.0199966430664,,,,2.124233501869223,-0.07021314624945339,,,0.955026455026455,0.5244708994708994,,,,,,,N/A,EQUITY_DRIVEN
2016-01-13,25.22,74.45999908447266,,,,2.903945612161159,0.18241388169199513,,,0.9775132275132276,0.6031746031746031,,,,,,,N/A,EQUITY_DRIVEN
2016-01-14,23.95,73.61000061035156,,,,2.522302838640993,0.1181406141179718,,,0.9642857142857143,0.5886243386243386,,,,,,,N/A,EQUITY_DRIVEN
2016-01-15,27.02,78.05999755859375,,,,3.3764225315511824,0.44565331301890554,,,0.9880952380952381,0.671957671957672,,,,,,,N/A,EQUITY_DRIVEN
2016-01-18,27.02,78.05999755859375,,,,3.3466250670250033,0.44398183369407174,,,0.9874338624338624,0.6712962962962963,,,,,,,N/A,EQUITY_DRIVEN
2016-01-19,26.05,77.31999969482422,,,,3.0519947532687604,0.3876702216748334,,,0.9768518518518519,0.6534391534391535,,,,,,,N/A,EQUITY_DRIVEN
2016-01-20,27.59,81.81999969482422,,,,3.455449694259313,0.7188873041539046,,,0.9880952380952381,0.7380952380952381,,,,,,,N/A,EQUITY_DRIVEN
2016-01-21,26.69,80.7300033569336,,,,3.177537961116822,0.6362067537820224,,,0.9814814814814815,0.7156084656084656,,,,,,,N/A,EQUITY_DRIVEN
2016-01-22,22.34,77.3499984741211,,,,1.9600136160900186,0.3839062440631611,,,0.9417989417989417,0.6507936507936508,,,,,,,N/A,EQUITY_DRIVEN
2016-01-25,24.15,75.41000366210938,,,,2.449178414943892,0.23823258971563208,,,0.9576719576719577,0.6203703703703703,,,,,,,N/A,EQUITY_DRIVEN
2016-01-26,22.5,75.16000366210938,,,,1.985058408932642,0.21783883010359117,,,0.9444444444444444,0.6084656084656085,,,,,,,N/A,EQUITY_DRIVEN
2016-01-27,23.11,71.94000244140625,,,,2.143489639697232,-0.0231108918057808,,,0.9497354497354498,0.5264550264550265,,,,,,,N/A,EQUITY_DRIVEN
2016-01-28,22.42,70.9800033569336,,,,1.946014388008537,-0.09606492127621502,,,0.9391534391534392,0.5026455026455027,,,,,,,N/A,EQUITY_DRIVEN
2016-01-29,20.2,74.0,,,,1.333456461755726,0.12761591053631624,,,0.9047619047619048,0.582010582010582,,,,,,,N/A,EQUITY_DRIVEN
2016-02-01,19.98,73.45999908447266,,,,1.2696258519707682,0.08592253686036518,,,0.8981481481481481,0.5714285714285714,,,,,,,N/A,EQUITY_DRIVEN
2016-02-02,21.98,77.48999786376953,,,,1.8107144685833085,0.38464440018676893,,,0.9312169312169312,0.6534391534391535,,,,,,,N/A,EQUITY_DRIVEN
2016-02-03,21.65,79.62000274658203,,,,1.7145729641435783,0.5416857998257681,,,0.9298941798941799,0.6917989417989417,,,,,,,N/A,EQUITY_DRIVEN
2016-02-04,21.84,83.76000213623047,,,,1.7602835220188815,0.8487903506575266,,,0.9298941798941799,0.7777777777777778,,,,,,,N/A,EQUITY_DRIVEN
2016-02-05,23.38,81.66999816894531,,,,2.170647139335308,0.6904199885803101,,,0.951058201058201,0.7341269841269841,,,,,,,N/A,EQUITY_DRIVEN
2016-02-08,26.0,89.2699966430664,,,,2.864479571582925,1.2558467331310599,,,0.9722222222222222,0.8809523809523809,,,,,,,N/A,EQUITY_DRIVEN
2016-02-09,26.54,91.61000061035156,,,,2.9886800094536534,1.426965895184214,,,0.9801587301587301,0.9193121693121693,,,,,,,N/A,EQUITY_DRIVEN
2016-02-10,26.29,86.31999969482422,,,,2.900990674884019,1.0285380561760313,,,0.9788359788359788,0.8346560846560847,,,,,,,N/A,EQUITY_DRIVEN
2016-02-11,28.14,96.30999755859375,,,,3.3662843006717136,1.770317971095126,,,0.9933862433862434,0.9563492063492064,,,,,,,N/A,EQUITY_DRIVEN
2016-02-12,25.4,93.72000122070312,,,,2.622469231501516,1.572011659332711,,,0.9656084656084656,0.9365079365079365,,,,,,,N/A,EQUITY_DRIVEN
2016-02-15,25.4,93.72000122070312,,,,2.6069471969143176,1.5673612720047223,,,0.96494708994709,0.9358465608465608,,,,,,,N/A,EQUITY_DRIVEN
2016-02-16,24.11,86.81999969482422,,,,2.2562574274533658,1.0493539539533758,,,0.9484126984126984,0.8425925925925926,,,,,,,N/A,EQUITY_DRIVEN
2016-02-17,22.31,84.79000091552734,,,,1.7772966159698127,0.8953624601518414,,,0.9246031746031746,0.7896825396825397,,,,,,,N/A,EQUITY_DRIVEN
2016-02-18,21.64,86.12000274658203,,,,1.5964836273914644,0.9921486534541449,,,0.9153439153439153,0.8214285714285714,,,,,,,N/A,EQUITY_DRIVEN
2016-02-19,20.53,90.0999984741211,,,,1.302319893582972,1.2861366081201493,,,0.8928571428571429,0.8869047619047619,,,,,,,N/A,EQUITY_DRIVEN
2016-02-22,19.38,85.1500015258789,,,,0.9990135279463019,0.9137804928911751,,,0.8611111111111112,0.7976190476190477,,,,,,,N/A,EQUITY_DRIVEN
2016-02-23,20.98,83.9800033569336,,,,1.413076207772577,0.8240515004340581,,,0.9047619047619048,0.7645502645502645,,,,,,,N/A,EQUITY_DRIVEN
2016-02-24,20.72,85.08999633789062,,,,1.3413159700870094,0.9046776261520018,,,0.8968253968253969,0.7936507936507936,,,,,,,N/A,EQUITY_DRIVEN
2016-02-25,19.11,84.44000244140625,,,,0.9191653969482237,0.8537153116718765,,,0.8485449735449735,0.7764550264550265,,,,,,,N/A,EQUITY_DRIVEN
2016-02-26,19.81,82.54000091552734,,,,1.0989162384892188,0.7093774874542637,,,0.8703703703703703,0.7288359788359788,,,,,,,N/A,EQUITY_DRIVEN
2016-02-29,20.55,83.38999938964844,,,,1.2882056486745272,0.7708771045930877,,,0.8902116402116402,0.7526455026455027,,,,,,,N/A,EQUITY_DRIVEN
2016-03-01,17.7,84.22000122070312,,,,0.5447478185347253,0.8308494472918435,,,0.8055555555555556,0.7685185185185185,,,,,,,N/A,EQUITY_DRIVEN
2016-03-02,17.09,83.6500015258789,,,,0.3845674856536156,0.7859123630249586,,,0.7777777777777778,0.7552910052910053,,,,,,,N/A,NO_STRESS
2016-03-03,16.7,81.72000122070312,,,,0.2816315901236168,0.6388755945347391,,,0.7400793650793651,0.7116402116402116,,,,,,,N/A,NO_STRESS
2016-03-04,16.86,78.01000213623047,,,,0.32186623093772193,0.357864897746874,,,0.7566137566137566,0.6375661375661376,,,,,,,N/A,NO_STRESS
2016-03-07,17.35,77.83000183105469,,,,0.44795163970268187,0.3423401341665499,,,0.792989417989418,0.6349206349206349,,,,,,,N/A,NO_STRESS
2016-03-08,18.67,80.72000122070312,,,,0.7914280286899353,0.5583169710513982,,,0.8333333333333334,0.6865079365079365,,,,,,,N/A,EQUITY_DRIVEN
2016-03-09,18.34,80.36000061035156,,,,0.7037526534798574,0.5291000746294521,,,0.8201058201058201,0.6785714285714286,,,,,,,N/A,EQUITY_DRIVEN
2016-03-10,18.05,80.8499984741211,,,,0.6274987861540416,0.5641455665962715,,,0.8095238095238095,0.6904761904761905,,,,,,,N/A,EQUITY_DRIVEN
2016-03-11,16.5,81.41999816894531,,,,0.22402090918939435,0.6052988258660629,,,0.7182539682539683,0.6984126984126984,,,,,,,N/A,NO_STRESS
2016-03-14,16.92,79.12000274658203,,,,0.33278203988290134,0.4286920702753213,,,0.7592592592592593,0.6521164021164021,,,,,,,N/A,NO_STRESS
2016-03-15,16.84,78.47000122070312,,,,0.31109287861527946,0.37719086720059475,,,0.7473544973544973,0.6402116402116402,,,,,,,N/A,NO_STRESS
2016-03-16,14.99,74.16000366210938,,,,-0.17154365005985472,0.0465312715042888,,,0.5707671957671958,0.5436507936507936,,,,,,,N/A,NO_STRESS
2016-03-17,14.44,72.41000366210938,,,,-0.31521753345043185,-0.0895416330707045,,,0.4973544973544973,0.4933862433862434,,,,,,,N/A,NO_STRESS
2016-03-18,14.02,71.26000213623047,,,,-0.42486361077307633,-0.18014181588285558,,,0.43253968253968256,0.46825396825396826,,,,,,,N/A,NO_STRESS
2016-03-21,13.79,70.83000183105469,,,,-0.4848983758210019,-0.21566091212238345,,,0.37896825396825395,0.4523809523809524,,,,,,,N/A,NO_STRESS
2016-03-22,14.17,71.12000274658203,,,,-0.38602119084347003,-0.19600318862211488,,,0.45701058201058203,0.4642857142857143,,,,,,,N/A,NO_STRESS
2016-03-23,14.94,71.08000183105469,,,,-0.18579722017913014,-0.20178284819914397,,,0.5674603174603174,0.46164021164021163,,,,,,,N/A,NO_STRESS
2016-03-24,14.74,72.68000030517578,,,,-0.23804068059917177,-0.08088631326750466,,,0.542989417989418,0.5,,,,,,,N/A,NO_STRESS
2016-03-25,14.74,72.68000030517578,,,,-0.23847411708978788,-0.08351263511375837,,,0.5423280423280423,0.49933862433862436,,,,,,,N/A,NO_STRESS
2016-03-28,15.24,74.69000244140625,,,,-0.10893408450938785,0.06993401933232093,,,0.6005291005291006,0.5568783068783069,,,,,,,N/A,NO_STRESS
2016-03-29,13.82,72.66000366210938,,,,-0.4799269250749173,-0.09051176910898454,,,0.3816137566137566,0.49603174603174605,,,,,,,N/A,NO_STRESS
2016-03-30,13.56,70.54000091552734,,,,-0.5481177721002309,-0.25852576560582485,,,0.33134920634920634,0.43783068783068785,,,,,,,N/A,NO_STRESS
2016-03-31,13.95,68.80000305175781,,,,-0.44689432012101654,-0.39737327353342483,,,0.40476190476190477,0.38095238095238093,,,,,,,N/A,NO_STRESS
2016-04-01,13.1,67.0,,,,-0.6687932087253772,-0.5414746026294569,,,0.24735449735449735,0.33134920634920634,,,,,,,N/A,NO_STRESS
2016-04-04,14.12,65.36000061035156,,,,-0.40315530101711256,-0.6719878832458851,,,0.4437830687830688,0.2896825396825397,,,,,,,N/A,NO_STRESS
2016-04-05,15.42,68.30999755859375,,,,-0.06467134924281032,-0.44190220441655037,,,0.6164021164021164,0.36904761904761907,,,,,,,N/A,NO_STRESS
2016-04-06,14.09,69.70999908447266,,,,-0.41272751170607663,-0.3333508849387593,,,0.43783068783068785,0.40674603174603174,,,,,,,N/A,NO_STRESS
2016-04-07,16.16,71.08999633789062,,,,0.1271345305481069,-0.22631194787523673,,,0.6911375661375662,0.45634920634920634,,,,,,,N/A,NO_STRESS
2016-04-08,15.36,70.87999725341797,,,,-0.08282989563954876,-0.24449099704358057,,,0.6111111111111112,0.44312169312169314,,,,,,,N/A,NO_STRESS
2016-04-11,16.26,69.7699966430664,,,,0.15128344080467396,-0.3331604957211907,,,0.6984126984126984,0.40476190476190477,,,,,,,N/A,NO_STRESS
2016-04-12,14.85,68.77999877929688,,,,-0.2183158343065186,-0.41245475044233326,,,0.5496031746031746,0.373015873015873,,,,,,,N/A,NO_STRESS
2016-04-13,13.84,67.48999786376953,,,,-0.4828474239249476,-0.5155157491879395,,,0.375,0.3386243386243386,,,,,,,N/A,NO_STRESS
2016-04-14,13.72,67.5199966430664,,,,-0.514211732803213,-0.5134338579548731,,,0.3439153439153439,0.3386243386243386,,,,,,,N/A,NO_STRESS
2016-04-15,13.62,66.48999786376953,,,,-0.5401881405964615,-0.5946392994258237,,,0.3287037037037037,0.29894179894179895,,,,,,,N/A,NO_STRESS
2016-04-18,13.35,66.33999633789062,,,,-0.6105563700247748,-0.6066798934199468,,,0.28703703703703703,0.2962962962962963,,,,,,,N/A,NO_STRESS
2016-04-19,13.24,66.44000244140625,,,,-0.6389914147670872,-0.598967575305725,,,0.25793650793650796,0.2976190476190476,,,,,,,N/A,NO_STRESS
2016-04-20,13.28,67.7699966430664,,,,-0.627987411281239,-0.49291487051224786,,,0.2718253968253968,0.34523809523809523,,,,,,,N/A,NO_STRESS
2016-04-21,13.95,68.5999984741211,,,,-0.45237151758664174,-0.42601493483209946,,,0.40145502645502645,0.36904761904761907,,,,,,,N/A,NO_STRESS
2016-04-22,13.22,67.77999877929688,,,,-0.6427212556578248,-0.4897921935407322,,,0.25595238095238093,0.34656084656084657,,,,,,,N/A,NO_STRESS
2016-04-25,14.08,67.88999938964844,,,,-0.4170170263366318,-0.47982785318529236,,,0.43584656084656087,0.3584656084656085,,,,,,,N/A,NO_STRESS
2016-04-26,13.96,67.1500015258789,,,,-0.4475402812703665,-0.5370314196605818,,,0.40674603174603174,0.328042328042328,,,,,,,N/A,NO_STRESS
2016-04-27,13.77,64.73999786376953,,,,-0.49627826643319173,-0.7256490648630007,,,0.36044973544973546,0.26322751322751325,,,,,,,N/A,NO_STRESS
2016-04-28,15.22,64.63999938964844,,,,-0.11645911363474691,-0.731596171308668,,,0.5992063492063492,0.2566137566137566,,,,,,,N/A,NO_STRESS
2016-04-29,15.7,64.91999816894531,,,,0.00935862314400844,-0.7074997590335307,,,0.6507936507936508,0.27116402116402116,,,,,,,N/A,NO_STRESS
2016-05-02,14.68,64.68000030517578,,,,-0.25716384557373184,-0.7246393856194807,,,0.5284391534391535,0.25793650793650796,,,,,,,N/A,NO_STRESS
2016-05-03,15.6,68.41000366210938,,,,-0.016683176083523064,-0.42820010089371624,,,0.6395502645502645,0.37566137566137564,,,,,,,N/A,NO_STRESS
2016-05-04,16.05,68.12000274658203,,,,0.10133171267278658,-0.4497261759636593,,,0.6832010582010583,0.36772486772486773,,,,,,,N/A,NO_STRESS
2016-05-05,15.91,68.66999816894531,,,,0.0656775512010018,-0.40490242803906706,,,0.6712962962962963,0.3835978835978836,,,,,,,N/A,NO_STRESS
2016-05-06,14.72,65.1500015258789,,,,-0.24500886812845768,-0.6815800964392424,,,0.5370370370370371,0.2791005291005291,,,,,,,N/A,NO_STRESS
2016-05-09,14.57,64.12000274658203,,,,-0.2833655284346945,-0.7613412008774897,,,0.5211640211640212,0.24206349206349206,,,,,,,N/A,NO_STRESS
2016-05-10,13.63,63.970001220703125,,,,-0.528091603188985,-0.7714526573889244,,,0.335978835978836,0.24206349206349206,,,,,,,N/A,NO_STRESS
2016-05-11,14.69,63.88999938964844,,,,-0.25018298227681096,-0.7758490886654538,,,0.5343915343915344,0.24206349206349206,,,,,,,N/A,NO_STRESS
2016-05-12,14.41,63.91999816894531,,,,-0.3226380612811741,-0.7713271449274194,,,0.49404761904761907,0.24338624338624337,,,,,,,N/A,NO_STRESS
2016-05-13,15.04,64.06999969482422,,,,-0.15614308017478076,-0.7574046959313339,,,0.5793650793650794,0.24603174603174602,,,,,,,N/A,NO_STRESS
2016-05-16,14.68,66.94000244140625,,,,-0.24904717385252878,-0.5281041234583637,,,0.533068783068783,0.3333333333333333,,,,,,,N/A,NO_STRESS
2016-05-17,15.57,67.12000274658203,,,,-0.014364164980389041,-0.5121052435145792,,,0.6468253968253969,0.3425925925925926,,,,,,,N/A,NO_STRESS
2016-05-18,15.95,69.8499984741211,,,,0.08616781544161499,-0.2912410573704047,,,0.6878306878306878,0.43386243386243384,,,,,,,N/A,NO_STRESS
2016-05-19,16.33,70.55999755859375,,,,0.1861532318034671,-0.23156745840429613,,,0.7222222222222222,0.46494708994708994,,,,,,,N/A,NO_STRESS
2016-05-20,15.2,68.51000213623047,,,,-0.10967117119455774,-0.3948151156058197,,,0.6078042328042328,0.39021164021164023,,,,,,,N/A,NO_STRESS
2016-05-23,15.82,67.77999877929688,,,,0.05332643641651445,-0.45172712495597905,,,0.6772486772486772,0.3644179894179894,,,,,,,N/A,NO_STRESS
2016-05-24,14.42,69.41000366210938,,,,-0.313245841902703,-0.3171789194450075,,,0.4966931216931217,0.42328042328042326,,,,,,,N/A,NO_STRESS
2016-05-25,13.9,67.54000091552734,,,,-0.44872450175520345,-0.4672490754094535,,,0.39880952380952384,0.3584656084656085,,,,,,,N/A,NO_STRESS
2016-05-26,13.43,66.1500015258789,,,,-0.5709264281925714,-0.5792736931396104,,,0.31415343915343913,0.30423280423280424,,,,,,,N/A,NO_STRESS
2016-05-27,13.12,66.76000213623047,,,,-0.6509797864772522,-0.5275609903197546,,,0.24272486772486773,0.3253968253968254,,,,,,,N/A,NO_STRESS
2016-05-30,13.12,66.76000213623047,,,,-0.6501986916323914,-0.526669116260545,,,0.24338624338624337,0.32605820105820105,,,,,,,N/A,NO_STRESS
2016-05-31,14.19,67.91000366210938,,,,-0.36952202082634006,-0.4288086371933187,,,0.4642857142857143,0.3835978835978836,,,,,,,N/A,NO_STRESS
2016-06-01,14.2,68.75,,,,-0.36684251597309875,-0.35617824313779545,,,0.4662698412698413,0.4087301587301587,,,,,,,N/A,NO_STRESS
2016-06-02,13.63,69.55999755859375,,,,-0.5159826773484535,-0.28573678813778147,,,0.3406084656084656,0.4332010582010582,,,,,,,N/A,NO_STRESS
2016-06-03,13.47,67.58999633789062,,,,-0.5576740473349823,-0.4497317278802003,,,0.32142857142857145,0.3637566137566138,,,,,,,N/A,NO_STRESS
2016-06-06,13.65,66.2699966430664,,,,-0.5104255070854291,-0.5591636828646185,,,0.3445767195767196,0.3082010582010582,,,,,,,N/A,NO_STRESS
2016-06-07,14.05,66.2699966430664,,,,-0.4057209856389468,-0.5571828470214725,,,0.43915343915343913,0.30886243386243384,,,,,,,N/A,NO_STRESS
2016-06-08,14.08,67.91999816894531,,,,-0.39772544219847644,-0.41557327594498705,,,0.4470899470899471,0.3888888888888889,,,,,,,N/A,NO_STRESS
2016-06-09,14.64,67.91999816894531,,,,-0.25131607016215607,-0.41412101444758315,,,0.5343915343915344,0.38955026455026454,,,,,,,N/A,NO_STRESS
2016-06-10,17.03,75.0999984741211,,,,0.3738871088269872,0.19511253554342559,,,0.7817460317460317,0.6164021164021164,,,,,,,N/A,NO_STRESS
2016-06-13,20.97,79.56999969482422,,,,1.4022902838137443,0.5737467986756996,,,0.9027777777777778,0.6984126984126984,,,,,,,N/A,EQUITY_DRIVEN
2016-06-14,20.5,79.0999984741211,,,,1.275644850926255,0.5330587130750302,,,0.8862433862433863,0.6924603174603174,,,,,,,N/A,EQUITY_DRIVEN
2016-06-15,20.14,78.66999816894531,,,,1.1782324039482155,0.49600971702153457,,,0.878968253968254,0.6838624338624338,,,,,,,N/A,EQUITY_DRIVEN
2016-06-16,19.37,83.54000091552734,,,,0.9743479969873525,0.90823389411039,,,0.8531746031746031,0.7804232804232805,,,,,,,N/A,EQUITY_DRIVEN
2016-06-17,19.41,82.58000183105469,,,,0.9822685569071924,0.826876071443115,,,0.8564814814814815,0.7566137566137566,,,,,,,N/A,EQUITY_DRIVEN
2016-06-20,18.37,77.31999969482422,,,,0.708523361309349,0.3816638726836235,,,0.8207671957671958,0.6541005291005291,,,,,,,N/A,EQUITY_DRIVEN
2016-06-21,18.48,76.95999908447266,,,,0.7354243285908305,0.3519965655355464,,,0.8240740740740741,0.6481481481481481,,,,,,,N/A,EQUITY_DRIVEN
2016-06-22,21.17,79.5199966430664,,,,1.4341668595103552,0.5697142323647107,,,0.9087301587301587,0.701058201058201,,,,,,,N/A,EQUITY_DRIVEN
2016-06-23,17.25,74.04000091552734,,,,0.4095324100921303,0.10581212830843774,,,0.7804232804232805,0.5873015873015873,,,,,,,N/A,NO_STRESS
2016-06-24,25.76,77.94000244140625,,,,2.615945601473598,0.43901035888564954,,,0.966931216931217,0.6746031746031746,,,,,,,N/A,EQUITY_DRIVEN
2016-06-27,23.85,81.56999969482422,,,,2.1103277140491676,0.746364944327341,,,0.9444444444444444,0.746031746031746,,,,,,,N/A,EQUITY_DRIVEN
2016-06-28,18.75,78.66999816894531,,,,0.7852955973180165,0.4991852498398029,,,0.828042328042328,0.6871693121693122,,,,,,,N/A,EQUITY_DRIVEN
2016-06-29,16.64,71.80000305175781,,,,0.23659047079118486,-0.0837847794407174,,,0.7261904761904762,0.5224867724867724,,,,,,,N/A,NO_STRESS
2016-06-30,15.63,72.63999938964844,,,,-0.026471844221854682,-0.012098832653471113,,,0.6435185185185185,0.544973544973545,,,,,,,N/A,NO_STRESS
2016-07-01,14.77,74.3499984741211,,,,-0.25054961478410764,0.13332868593097924,,,0.5396825396825397,0.5965608465608465,,,,,,,N/A,NO_STRESS
2016-07-04,14.77,74.3499984741211,,,,-0.25106706182037286,0.13344951647777284,,,0.5390211640211641,0.5972222222222222,,,,,,,N/A,NO_STRESS
2016-07-05,15.58,78.12000274658203,,,,-0.04161185761726237,0.45330818447610943,,,0.6349206349206349,0.6798941798941799,,,,,,,N/A,NO_STRESS
2016-07-06,14.96,76.08999633789062,,,,-0.20375066516582227,0.2815466350743075,,,0.5582010582010583,0.6375661375661376,,,,,,,N/A,NO_STRESS
2016-07-07,14.76,76.7300033569336,,,,-0.25641721558880676,0.33649415756065976,,,0.5337301587301587,0.6468253968253969,,,,,,,N/A,NO_STRESS
2016-07-08,13.2,72.30999755859375,,,,-0.6614613765681469,-0.037692957730718464,,,0.23743386243386244,0.5343915343915344,,,,,,,N/A,NO_STRESS
2016-07-11,13.54,69.77999877929688,,,,-0.5726926077004405,-0.250748096665689,,,0.30423280423280424,0.4523809523809524,,,,,,,N/A,NO_STRESS
2016-07-12,13.55,71.43000030517578,,,,-0.5694477592577134,-0.10722544395892238,,,0.3062169312169312,0.5171957671957672,,,,,,,N/A,NO_STRESS
2016-07-13,13.04,71.6500015258789,,,,-0.7011648660615986,-0.08589495835464488,,,0.2123015873015873,0.5224867724867724,,,,,,,N/A,NO_STRESS
2016-07-14,12.82,73.55999755859375,,,,-0.7569749358121292,0.0811287239250928,,,0.17261904761904762,0.5859788359788359,,,,,,,N/A,NO_STRESS
2016-07-15,12.67,74.7699966430664,,,,-0.7949213430495189,0.1885886430155422,,,0.15608465608465608,0.6177248677248677,,,,,,,N/A,NO_STRESS
2016-07-18,12.44,72.91999816894531,,,,-0.8538189011532249,0.03199010209961538,,,0.12235449735449735,0.5661375661375662,,,,,,,N/A,NO_STRESS
2016-07-19,11.97,70.52999877929688,,,,-0.9741912571572497,-0.17276264282388576,,,0.05555555555555555,0.48412698412698413,,,,,,,N/A,NO_STRESS
2016-07-20,11.77,70.63999938964844,,,,-1.0236964136432858,-0.16081321300305343,,,0.04365079365079365,0.4894179894179894,,,,,,,N/A,NO_STRESS
2016-07-21,12.74,71.86000061035156,,,,-0.7706567835396833,-0.051978506745655226,,,0.17063492063492064,0.5304232804232805,,,,,,,N/A,NO_STRESS
2016-07-22,12.02,69.91000366210938,,,,-0.9550775851226921,-0.21975978182133402,,,0.062169312169312166,0.46296296296296297,,,,,,,N/A,NO_STRESS
2016-07-25,12.87,68.75,,,,-0.7332947379311374,-0.3189767689975295,,,0.19444444444444445,0.416005291005291,,,,,,,N/A,NO_STRESS
2016-07-26,13.05,68.76000213623047,,,,-0.685168514050592,-0.3156045545122696,,,0.2261904761904762,0.41798941798941797,,,,,,,N/A,NO_STRESS
2016-07-27,12.83,66.63999938964844,,,,-0.7405847970111689,-0.5015539581954367,,,0.1832010582010582,0.328042328042328,,,,,,,N/A,NO_STRESS
2016-07-28,12.72,66.66999816894531,,,,-0.7676711547921081,-0.4971398622453061,,,0.167989417989418,0.32936507936507936,,,,,,,N/A,NO_STRESS
2016-07-29,11.87,64.1500015258789,,,,-0.985588450893162,-0.7228949495629213,,,0.052248677248677246,0.24867724867724866,,,,,,,N/A,NO_STRESS
2016-08-01,12.44,63.66999816894531,,,,-0.836676072823288,-0.7655427786115485,,,0.1283068783068783,0.24206349206349206,,,,,,,N/A,NO_STRESS
2016-08-02,13.37,67.8499984741211,,,,-0.5954476452656415,-0.38384314817661286,,,0.29894179894179895,0.3915343915343915,,,,,,,N/A,NO_STRESS
2016-08-03,12.86,67.79000091552734,,,,-0.7264199924375491,-0.3870652288051684,,,0.19775132275132276,0.38095238095238093,,,,,,,N/A,NO_STRESS
2016-08-04,12.42,67.0999984741211,,,,-0.8393148182791631,-0.4481614825939787,,,0.12433862433862433,0.3531746031746032,,,,,,,N/A,NO_STRESS
2016-08-05,11.39,66.58999633789062,,,,-1.1034576571807813,-0.4930013672417586,,,0.022486772486772486,0.328042328042328,,,,,,,N/A,NO_STRESS
2016-08-08,11.5,65.5,,,,-1.073456393278224,-0.5916294796501896,,,0.026455026455026454,0.2962962962962963,,,,,,,N/A,NO_STRESS
2016-08-09,11.66,64.30000305175781,,,,-1.0306243954614134,-0.7007740499539058,,,0.041005291005291,0.25595238095238093,,,,,,,N/A,NO_STRESS
2016-08-10,12.05,63.34000015258789,,,,-0.9288100386545718,-0.7877522785376476,,,0.07208994708994709,0.24074074074074073,,,,,,,N/A,NO_STRESS
2016-08-11,11.68,65.29000091552734,,,,-1.0229281718855974,-0.6046839795274925,,,0.04365079365079365,0.29365079365079366,,,,,,,N/A,NO_STRESS
2016-08-12,11.55,64.37000274658203,,,,-1.0553506328992832,-0.6883168427424545,,,0.03042328042328042,0.25925925925925924,,,,,,,N/A,NO_STRESS
2016-08-15,11.81,63.77000045776367,,,,-0.9876500881041369,-0.742263442692506,,,0.05423280423280423,0.2447089947089947,,,,,,,N/A,NO_STRESS
2016-08-16,12.64,63.66999816894531,,,,-0.7733698435738259,-0.7499032520694046,,,0.16666666666666666,0.24404761904761904,,,,,,,N/A,NO_STRESS
2016-08-17,12.19,63.540000915527344,,,,-0.8880559137222793,-0.760348389947136,,,0.10648148148148148,0.24338624338624337,,,,,,,N/A,NO_STRESS
2016-08-18,11.43,63.650001525878906,,,,-1.0817848902094702,-0.7484749308134186,,,0.02513227513227513,0.2447089947089947,,,,,,,N/A,NO_STRESS
2016-08-19,11.34,64.81999969482422,,,,-1.1032050012512291,-0.6382048419683757,,,0.01984126984126984,0.28703703703703703,,,,,,,N/A,NO_STRESS
2016-08-22,12.27,67.87000274658203,,,,-0.8630113722051634,-0.353786812383484,,,0.12301587301587301,0.41005291005291006,,,,,,,N/A,NO_STRESS
2016-08-23,12.38,66.62000274658203,,,,-0.8330121033618525,-0.4683373728586851,,,0.1349206349206349,0.34523809523809523,,,,,,,N/A,NO_STRESS
2016-08-24,13.45,66.51000213623047,,,,-0.5578222797675304,-0.4765937097913398,,,0.33465608465608465,0.3373015873015873,,,,,,,N/A,NO_STRESS
2016-08-25,13.63,69.36000061035156,,,,-0.510602436458411,-0.2100440927631928,,,0.3584656084656085,0.46825396825396826,,,,,,,N/A,NO_STRESS
2016-08-26,13.65,71.23999786376953,,,,-0.5041199810122722,-0.033964696277225724,,,0.36243386243386244,0.548941798941799,,,,,,,N/A,NO_STRESS
2016-08-29,12.94,68.61000061035156,,,,-0.6846533514293333,-0.2773191132976855,,,0.23677248677248677,0.43783068783068785,,,,,,,N/A,NO_STRESS
2016-08-30,13.12,69.11000061035156,,,,-0.6366219462169802,-0.2294457931431071,,,0.26455026455026454,0.46296296296296297,,,,,,,N/A,NO_STRESS
2016-08-31,13.42,69.08000183105469,,,,-0.5577978689803672,-0.23087263757021087,,,0.3326719576719577,0.4603174603174603,,,,,,,N/A,NO_STRESS
2016-09-01,13.48,70.25,,,,-0.540601503355228,-0.12052011657132766,,,0.3419312169312169,0.5105820105820106,,,,,,,N/A,NO_STRESS
2016-09-02,11.98,66.45999908447266,,,,-0.9236161002627612,-0.4725779652693059,,,0.07208994708994709,0.33201058201058203,,,,,,,N/A,NO_STRESS
2016-09-05,11.98,66.45999908447266,,,,-0.9218278061458995,-0.4712797116137642,,,0.07275132275132275,0.3326719576719577,,,,,,,N/A,NO_STRESS
2016-09-06,12.02,63.459999084472656,,,,-0.9097079395879029,-0.749441251816647,,,0.07738095238095238,0.24206349206349206,,,,,,,N/A,NO_STRESS
2016-09-07,11.94,64.06999969482422,,,,-0.9277876887677742,-0.6909283928426206,,,0.06613756613756613,0.25595238095238093,,,,,,,N/A,NO_STRESS
2016-09-08,12.51,65.94999694824219,,,,-0.7806996439264232,-0.5145628718704139,,,0.16335978835978837,0.3201058201058201,,,,,,,N/A,NO_STRESS
2016-09-09,17.5,69.12000274658203,,,,0.4960634228069337,-0.21874702803104118,,,0.7936507936507936,0.4722222222222222,,,,,,,N/A,NO_STRESS
2016-09-12,15.16,68.91000366210938,,,,-0.10405323801076212,-0.23788442289692283,,,0.6177248677248677,0.4656084656084656,,,,,,,N/A,NO_STRESS
2016-09-13,17.85,70.5999984741211,,,,0.5835782960339343,-0.08014272901973121,,,0.8015873015873016,0.5357142857142857,,,,,,,N/A,EQUITY_DRIVEN
2016-09-14,18.14,69.2300033569336,,,,0.6562072948611293,-0.20875971402155566,,,0.8088624338624338,0.4801587301587302,,,,,,,N/A,EQUITY_DRIVEN
2016-09-15,16.3,69.12999725341797,,,,0.18385661771944056,-0.21907742850498751,,,0.7222222222222222,0.4722222222222222,,,,,,,N/A,NO_STRESS
2016-09-16,15.37,69.20999908447266,,,,-0.05520136350699381,-0.21244334058822809,,,0.6362433862433863,0.47883597883597884,,,,,,,N/A,NO_STRESS
2016-09-19,15.53,69.2300033569336,,,,-0.015023238343669866,-0.21169931083240895,,,0.6521164021164021,0.4794973544973545,,,,,,,N/A,NO_STRESS
2016-09-20,15.92,69.2300033569336,,,,0.08409790567801156,-0.21322774179038045,,,0.6898148148148148,0.47883597883597884,,,,,,,N/A,NO_STRESS
2016-09-21,13.3,63.72999954223633,,,,-0.5877128074402781,-0.7286873655113336,,,0.30224867724867727,0.24206349206349206,,,,,,,N/A,NO_STRESS
2016-09-22,12.02,61.18000030517578,,,,-0.9150322222297371,-0.9674730526520751,,,0.07936507936507936,0.19444444444444445,,,,,,,N/A,NO_STRESS
2016-09-23,12.29,59.75,,,,-0.8450524364755441,-1.1008007834586686,,,0.13425925925925927,0.1626984126984127,,,,,,,N/A,NO_STRESS
2016-09-26,14.5,58.849998474121094,,,,-0.2792126864649674,-1.1826103091552351,,,0.5158730158730159,0.1388888888888889,,,,,,,N/A,NO_STRESS
2016-09-27,13.1,59.22999954223633,,,,-0.638103649023459,-1.145824408885451,,,0.26521164021164023,0.15079365079365079,,,,,,,N/A,NO_STRESS
2016-09-28,12.39,57.619998931884766,,,,-0.8196065494286828,-1.2935190650955033,,,0.1455026455026455,0.09523809523809523,,,,,,,N/A,NO_STRESS
2016-09-29,14.02,58.849998474121094,,,,-0.4024862983476846,-1.1767489803229574,,,0.4437830687830688,0.14087301587301587,,,,,,,N/A,NO_STRESS
2016-09-30,13.29,60.560001373291016,,,,-0.5893230354202975,-1.015993436698465,,,0.30092592592592593,0.19047619047619047,,,,,,,N/A,NO_STRESS
2016-10-03,13.57,60.43000030517578,,,,-0.5178606626438073,-1.0262398767868337,,,0.35185185185185186,0.1865079365079365,,,,,,,N/A,NO_STRESS
2016-10-04,13.63,62.08000183105469,,,,-0.502975152571617,-0.8711626586059803,,,0.36044973544973546,0.2222222222222222,,,,,,,N/A,NO_STRESS
2016-10-05,12.99,62.56999969482422,,,,-0.6671455188328796,-0.8243234607115006,,,0.24603174603174602,0.23412698412698413,,,,,,,N/A,NO_STRESS
2016-10-06,12.84,64.29000091552734,,,,-0.7057705443672123,-0.6640046760716153,,,0.21428571428571427,0.2671957671957672,,,,,,,N/A,NO_STRESS
2016-10-07,13.48,62.84000015258789,,,,-0.5421808594644357,-0.7991173504534295,,,0.33664021164021163,0.23875661375661375,,,,,,,N/A,NO_STRESS
2016-10-10,13.38,62.84000015258789,,,,-0.5683983742396617,-0.7992483916647933,,,0.31746031746031744,0.23809523809523808,,,,,,,N/A,NO_STRESS
2016-10-11,15.36,62.84000015258789,,,,-0.06119979847817077,-0.8002600486454375,,,0.6316137566137566,0.23743386243386244,,,,,,,N/A,NO_STRESS
2016-10-12,15.91,63.95000076293945,,,,0.07910544137705014,-0.6972149629260047,,,0.6865079365079365,0.2566137566137566,,,,,,,N/A,NO_STRESS
2016-10-13,16.69,63.95000076293945,,,,0.2782429342663177,-0.6967740975237644,,,0.7387566137566137,0.25727513227513227,,,,,,,N/A,NO_STRESS
2016-10-14,16.12,64.9800033569336,,,,0.13078544012512155,-0.6003343752580443,,,0.7103174603174603,0.30158730158730157,,,,,,,N/A,NO_STRESS
2016-10-17,16.21,64.41999816894531,,,,0.15262957915189215,-0.6520717850385416,,,0.7162698412698413,0.2751322751322751,,,,,,,N/A,NO_STRESS
2016-10-18,15.28,63.18000030517578,,,,-0.08719840174535305,-0.7671324879128394,,,0.6150793650793651,0.23941798941798942,,,,,,,N/A,NO_STRESS
2016-10-19,14.41,61.63999938964844,,,,-0.31144253294946245,-0.9097000900443439,,,0.49603174603174605,0.21164021164021163,,,,,,,N/A,NO_STRESS
2016-10-20,13.75,59.619998931884766,,,,-0.48146247769379047,-1.0958328842852247,,,0.373015873015873,0.16534391534391535,,,,,,,N/A,NO_STRESS
2016-10-21,13.34,57.09000015258789,,,,-0.5870568184295497,-1.3282668395308774,,,0.2996031746031746,0.08068783068783068,,,,,,,N/A,NO_STRESS
2016-10-24,13.02,57.09000015258789,,,,-0.6690257081604593,-1.3254671367307658,,,0.2400793650793651,0.08134920634920635,,,,,,,N/A,NO_STRESS
2016-10-25,13.46,57.40999984741211,,,,-0.5555633078310994,-1.2924453831443101,,,0.3253968253968254,0.09656084656084656,,,,,,,N/A,NO_STRESS
2016-10-26,14.24,59.5099983215332,,,,-0.35491441485177505,-1.0954416974855063,,,0.4808201058201058,0.167989417989418,,,,,,,N/A,NO_STRESS
2016-10-27,15.36,59.5099983215332,,,,-0.06720782115584384,-1.0927040165892006,,,0.6256613756613757,0.16865079365079366,,,,,,,N/A,NO_STRESS
2016-10-28,16.19,64.37999725341797,,,,0.1458009677689231,-0.6405758581506401,,,0.7142857142857143,0.2843915343915344,,,,,,,N/A,NO_STRESS
2016-10-31,17.06,65.47000122070312,,,,0.36837989296272794,-0.5391894195573732,,,0.7698412698412699,0.32671957671957674,,,,,,,N/A,NO_STRESS
2016-11-01,18.56,67.76000213623047,,,,0.752183720228919,-0.32736461430680175,,,0.8267195767195767,0.414021164021164,,,,,,,N/A,EQUITY_DRIVEN
2016-11-02,19.32,69.25,,,,0.9452734863046379,-0.18938698062040235,,,0.8478835978835979,0.49206349206349204,,,,,,,N/A,EQUITY_DRIVEN
2016-11-03,22.08,72.56999969482422,,,,1.649192508168356,0.1174441402936175,,,0.917989417989418,0.6005291005291006,,,,,,,N/A,EQUITY_DRIVEN
2016-11-04,22.51,74.61000061035156,,,,1.7535284375497746,0.3058974718630436,,,0.9298941798941799,0.6640211640211641,,,,,,,N/A,EQUITY_DRIVEN
2016-11-07,18.71,74.61000061035156,,,,0.7795830527139722,0.3056355484961045,,,0.8267195767195767,0.6633597883597884,,,,,,,N/A,EQUITY_DRIVEN
2016-11-08,18.74,68.47000122070312,,,,0.7860238575111321,-0.2620419330039015,,,0.8267195767195767,0.4444444444444444,,,,,,,N/A,EQUITY_DRIVEN
2016-11-09,14.38,76.33000183105469,,,,-0.32840574022471436,0.46386646609995835,,,0.49074074074074076,0.6957671957671958,,,,,,,N/A,NO_STRESS
2016-11-10,14.74,82.56999969482422,,,,-0.23668617369074804,1.038242652366496,,,0.5443121693121693,0.794973544973545,,,,,,,N/A,NO_STRESS
2016-11-11,14.17,82.56999969482422,,,,-0.38247916941012705,1.0357646897633976,,,0.4576719576719577,0.7943121693121693,,,,,,,N/A,NO_STRESS
2016-11-14,14.48,89.22000122070312,,,,-0.30345346721824257,1.6445381793397076,,,0.5026455026455027,0.9285714285714286,,,,,,,N/A,RATES_DRIVEN
2016-11-15,13.37,84.12000274658203,,,,-0.5875307645454539,1.1711822262550549,,,0.30753968253968256,0.8267195767195767,,,,,,,N/A,RATES_DRIVEN
2016-11-16,13.72,80.12000274658203,,,,-0.49855595541891273,0.8008302778395435,,,0.3683862433862434,0.753968253968254,,,,,,,N/A,NO_STRESS
2016-11-17,13.35,77.54000091552734,,,,-0.5936479944873467,0.5619243888629679,,,0.2996031746031746,0.705026455026455,,,,,,,N/A,NO_STRESS
2016-11-18,12.85,81.6500015258789,,,,-0.7218890640550579,0.9382002687171442,,,0.20767195767195767,0.7817460317460317,,,,,,,N/A,NO_STRESS
2016-11-21,12.42,80.58000183105469,,,,-0.8319311502069654,0.8376629953938097,,,0.14484126984126985,0.7592592592592593,,,,,,,N/A,NO_STRESS
2016-11-22,12.41,76.45999908447266,,,,-0.8338780528891246,0.4575613976364847,,,0.1421957671957672,0.6865079365079365,,,,,,,N/A,NO_STRESS
2016-11-23,12.43,78.63999938964844,,,,-0.8280833507923566,0.6573624060205585,,,0.14947089947089948,0.7248677248677249,,,,,,,N/A,NO_STRESS
2016-11-24,12.43,78.63999938964844,,,,-0.8274071405001502,0.6565640052428096,,,0.15013227513227514,0.7242063492063492,,,,,,,N/A,NO_STRESS
2016-11-25,12.34,79.69000244140625,,,,-0.8494540408193894,0.7521004174242176,,,0.1349206349206349,0.746031746031746,,,,,,,N/A,NO_STRESS
2016-11-28,13.15,78.73999786376953,,,,-0.642099866042488,0.6638362866088511,,,0.2638888888888889,0.7261904761904762,,,,,,,N/A,NO_STRESS
2016-11-29,12.9,77.30000305175781,,,,-0.7056873656380839,0.5304938573452441,,,0.22883597883597884,0.6891534391534392,,,,,,,N/A,NO_STRESS
2016-11-30,13.33,80.95999908447266,,,,-0.5959797953779937,0.8655546760336129,,,0.30158730158730157,0.7698412698412699,,,,,,,N/A,NO_STRESS
2016-12-01,14.07,86.62999725341797,,,,-0.40733134973057805,1.3833314331713533,,,0.44113756613756616,0.8955026455026455,,,,,,,N/A,RATES_DRIVEN
2016-12-02,14.12,82.05999755859375,,,,-0.3950550374573276,0.962484765492662,,,0.4497354497354497,0.7857142857142857,,,,,,,N/A,NO_STRESS
2016-12-05,12.14,79.83999633789062,,,,-0.9013825123435566,0.7568403220536001,,,0.1111111111111111,0.7420634920634921,,,,,,,N/A,NO_STRESS
2016-12-06,11.79,76.56999969482422,,,,-0.9899811745175132,0.4551550069785964,,,0.056878306878306875,0.6746031746031746,,,,,,,N/A,NO_STRESS
2016-12-07,12.22,73.44000244140625,,,,-0.8800296592202065,0.16654031672287314,,,0.11970899470899471,0.6097883597883598,,,,,,,N/A,NO_STRESS
2016-12-08,12.64,73.11000061035156,,,,-0.7728709556930906,0.1348282458768863,,,0.17923280423280424,0.6044973544973545,,,,,,,N/A,NO_STRESS
2016-12-09,11.75,75.55000305175781,,,,-0.9998878872461676,0.35744677448140155,,,0.051587301587301584,0.656084656084656,,,,,,,N/A,NO_STRESS
2016-12-12,12.64,76.38999938964844,,,,-0.7725328621436585,0.4329792911991835,,,0.17857142857142858,0.6706349206349206,,,,,,,N/A,NO_STRESS
2016-12-13,12.72,75.36000061035156,,,,-0.7522363682317602,0.3366109131585879,,,0.19246031746031747,0.6521164021164021,,,,,,,N/A,NO_STRESS
2016-12-14,13.19,75.83999633789062,,,,-0.6322535662080132,0.3790888602928596,,,0.26587301587301587,0.66005291005291,,,,,,,N/A,NO_STRESS
2016-12-15,12.79,78.61000061035156,,,,-0.7344794036688697,0.6323469483519135,,,0.20105820105820105,0.7142857142857143,,,,,,,N/A,NO_STRESS
2016-12-16,12.2,78.22000122070312,,,,-0.8844463899951076,0.5946157343248948,,,0.11904761904761904,0.7116402116402116,,,,,,,N/A,NO_STRESS
2016-12-19,11.71,75.23999786376953,,,,-1.0070745445192508,0.318556780361078,,,0.051587301587301584,0.6441798941798942,,,,,,,N/A,NO_STRESS
2016-12-20,11.45,75.45999908447266,,,,-1.0707988332493517,0.3375558302062012,,,0.027777777777777776,0.6494708994708994,,,,,,,N/A,NO_STRESS
2016-12-21,11.27,73.97000122070312,,,,-1.1143003099093587,0.1990130231576433,,,0.018518518518518517,0.6058201058201058,,,,,,,N/A,NO_STRESS
2016-12-22,11.43,74.05000305175781,,,,-1.0708137091557741,0.2052853592296297,,,0.028439153439153438,0.6084656084656085,,,,,,,N/A,NO_STRESS
2016-12-23,11.44,72.56999969482422,,,,-1.0656154577635095,0.06772553069439984,,,0.03042328042328042,0.5667989417989417,,,,,,,N/A,NO_STRESS
2016-12-26,11.44,72.56999969482422,,,,-1.062825379402402,0.06678348859259042,,,0.031084656084656083,0.5661375661375662,,,,,,,N/A,NO_STRESS
2016-12-27,11.99,70.66000366210938,,,,-0.9204232933783643,-0.11035928349352311,,,0.08862433862433862,0.5052910052910053,,,,,,,N/A,NO_STRESS
2016-12-28,12.95,70.79000091552734,,,,-0.6738361506207143,-0.09885214262998449,,,0.2447089947089947,0.5066137566137566,,,,,,,N/A,NO_STRESS
2016-12-29,13.37,71.27999877929688,,,,-0.5648946800584167,-0.05413821767256233,,,0.32407407407407407,0.533068783068783,,,,,,,N/A,NO_STRESS
2016-12-30,14.04,71.62999725341797,,,,-0.3929254164910372,-0.022342682431348317,,,0.44576719576719576,0.5396825396825397,,,,,,,N/A,NO_STRESS
2017-01-02,14.04,71.62999725341797,,,,-0.39246499891995806,-0.02319653227793902,,,0.44642857142857145,0.5390211640211641,,,,,,,N/A,NO_STRESS
2017-01-03,12.85,76.7300033569336,,,,-0.6949431740092991,0.44664608982122606,,,0.22552910052910052,0.673941798941799,,,,,,,N/A,NO_STRESS
2017-01-04,11.85,76.41000366210938,,,,-0.9484967117694018,0.4154380880870971,,,0.07275132275132275,0.667989417989418,,,,,,,N/A,NO_STRESS
2017-01-05,11.67,76.5,,,,-0.9928992499479556,0.42210359138798326,,,0.05291005291005291,0.6693121693121693,,,,,,,N/A,NO_STRESS
2017-01-06,11.32,75.23999786376953,,,,-1.0803457248407806,0.3036764874510097,,,0.01984126984126984,0.6382275132275133,,,,,,,N/A,NO_STRESS
2017-01-09,11.56,74.83000183105469,,,,-1.0180610667382024,0.2638457214986406,,,0.042328042328042326,0.6322751322751323,,,,,,,N/A,NO_STRESS
2017-01-10,11.49,73.26000213623047,,,,-1.034608652756733,0.1163706192150818,,,0.037037037037037035,0.5873015873015873,,,,,,,N/A,NO_STRESS
2017-01-11,11.26,72.83000183105469,,,,-1.0914760921032363,0.0744690078695932,,,0.017857142857142856,0.5687830687830688,,,,,,,N/A,NO_STRESS
2017-01-12,11.54,73.73999786376953,,,,-1.018305286136604,0.1572927848260763,,,0.04365079365079365,0.5952380952380952,,,,,,,N/A,NO_STRESS
2017-01-13,11.23,74.5,,,,-1.0949722524818402,0.22635778339830856,,,0.017195767195767195,0.6144179894179894,,,,,,,N/A,NO_STRESS
2017-01-16,11.23,74.5,,,,-1.0929826499526787,0.22460689892476599,,,0.017857142857142856,0.6137566137566137,,,,,,,N/A,NO_STRESS
2017-01-17,11.87,73.94000244140625,,,,-0.9294832147746237,0.17050958767650107,,,0.08597883597883597,0.593915343915344,,,,,,,N/A,NO_STRESS
2017-01-18,12.48,73.94000244140625,,,,-0.7743306105058458,0.16861699496940644,,,0.18452380952380953,0.5932539682539683,,,,,,,N/A,NO_STRESS
2017-01-19,12.78,78.31999969482422,,,,-0.6976265227980925,0.5764785136569504,,,0.2261904761904762,0.7116402116402116,,,,,,,N/A,NO_STRESS
2017-01-20,11.54,76.70999908447266,,,,-1.0102291483358738,0.4238145818443092,,,0.046957671957671955,0.6706349206349206,,,,,,,N/A,NO_STRESS
2017-01-23,11.77,75.5199966430664,,,,-0.9507935571822631,0.31039163988689206,,,0.07473544973544974,0.6428571428571429,,,,,,,N/A,NO_STRESS
2017-01-24,11.07,75.52999877929688,,,,-1.125290715547865,0.30948535152724715,,,0.01455026455026455,0.6428571428571429,,,,,,,N/A,NO_STRESS
2017-01-25,10.81,77.05999755859375,,,,-1.1888955282191778,0.45170054560158673,,,0.007936507936507936,0.6759259259259259,,,,,,,N/A,NO_STRESS
2017-01-26,10.63,74.69000244140625,,,,-1.232161165635135,0.22734142469553034,,,0.006613756613756613,0.6157407407407407,,,,,,,N/A,NO_STRESS
2017-01-27,10.58,72.19000244140625,,,,-1.242381363899844,-0.009251391190633926,,,0.003968253968253968,0.5264550264550265,,,,,,,N/A,NO_STRESS
2017-01-30,11.88,72.36000061035156,,,,-0.9134995642268766,0.004995962712320698,,,0.09656084656084656,0.533068783068783,,,,,,,N/A,NO_STRESS
2017-01-31,11.99,72.5199966430664,,,,-0.8846510071057774,0.01800898563377548,,,0.11177248677248677,0.5396825396825397,,,,,,,N/A,NO_STRESS
2017-02-01,11.81,70.83999633789062,,,,-0.9284762213757247,-0.14275318877717946,,,0.08664021164021164,0.47883597883597884,,,,,,,N/A,NO_STRESS
2017-02-02,11.93,69.91999816894531,,,,-0.8969859544735846,-0.23201102762275513,,,0.10052910052910052,0.44312169312169314,,,,,,,N/A,NO_STRESS
2017-02-03,10.97,67.38999938964844,,,,-1.1358167261195253,-0.47347957164427507,,,0.01455026455026455,0.3373015873015873,,,,,,,N/A,NO_STRESS
2017-02-06,11.37,67.55000305175781,,,,-1.0326246858235193,-0.4590804763563037,,,0.037037037037037035,0.3425925925925926,,,,,,,N/A,NO_STRESS
2017-02-07,11.29,68.06999969482422,,,,-1.0505111787385786,-0.4107584222883864,,,0.03042328042328042,0.36507936507936506,,,,,,,N/A,NO_STRESS
2017-02-08,11.45,68.73999786376953,,,,-1.0086767220741013,-0.3486837317514663,,,0.04828042328042328,0.3862433862433862,,,,,,,N/A,NO_STRESS
2017-02-09,10.88,68.94999694824219,,,,-1.1492891593948322,-0.3292172876170989,,,0.01455026455026455,0.4021164021164021,,,,,,,N/A,NO_STRESS
2017-02-10,10.85,69.62999725341797,,,,-1.1546139333482353,-0.2658991546381601,,,0.013888888888888888,0.42857142857142855,,,,,,,N/A,NO_STRESS
2017-02-13,11.07,68.83000183105469,,,,-1.0973376043816587,-0.343254723785701,,,0.023148148148148147,0.39285714285714285,,,,,,,N/A,NO_STRESS
2017-02-14,10.74,67.26000213623047,,,,-1.1774146267807173,-0.49425725806603116,,,0.010582010582010581,0.32407407407407407,,,,,,,N/A,NO_STRESS
2017-02-15,11.97,65.51000213623047,,,,-0.868803926142145,-0.6625024645832096,,,0.11706349206349206,0.26587301587301587,,,,,,,N/A,NO_STRESS
2017-02-16,11.76,68.2300033569336,,,,-0.9197398904104165,-0.4049018759262705,,,0.08928571428571429,0.36507936507936506,,,,,,,N/A,NO_STRESS
2017-02-17,11.49,69.77999877929688,,,,-0.985548114984,-0.25847489976722393,,,0.057539682539682536,0.43584656084656087,,,,,,,N/A,NO_STRESS
2017-02-20,11.49,69.77999877929688,,,,-0.9839943782895503,-0.2596357506148463,,,0.0582010582010582,0.4351851851851852,,,,,,,N/A,NO_STRESS
2017-02-21,11.57,68.72000122070312,,,,-0.9627746267051489,-0.36210403201373215,,,0.07142857142857142,0.3783068783068783,,,,,,,N/A,NO_STRESS
2017-02-22,11.74,69.26000213623047,,,,-0.919620670672182,-0.31162098351437373,,,0.09126984126984126,0.41798941798941797,,,,,,,N/A,NO_STRESS
2017-02-23,11.71,68.63999938964844,,,,-0.9263260308839124,-0.3713405786142981,,,0.09060846560846561,0.37037037037037035,,,,,,,N/A,NO_STRESS
2017-02-24,11.47,69.8499984741211,,,,-0.9850485023299942,-0.25611875702537373,,,0.056216931216931214,0.4384920634920635,,,,,,,N/A,NO_STRESS
2017-02-27,12.09,70.88999938964844,,,,-0.8296862032313707,-0.15819922099605188,,,0.15542328042328044,0.4801587301587302,,,,,,,N/A,NO_STRESS
2017-02-28,12.92,70.88999938964844,,,,-0.6219796054733734,-0.1599144956754526,,,0.294973544973545,0.4794973544973545,,,,,,,N/A,NO_STRESS
2017-03-01,12.54,70.88999938964844,,,,-0.7155688596213037,-0.16209060139146544,,,0.2261904761904762,0.47883597883597884,,,,,,,N/A,NO_STRESS
2017-03-02,11.81,69.54000091552734,,,,-0.8961912773144629,-0.29437838204024785,,,0.10714285714285714,0.41534391534391535,,,,,,,N/A,NO_STRESS
2017-03-03,10.96,65.79000091552734,,,,-1.105124023569718,-0.6580661869221944,,,0.018518518518518517,0.25396825396825395,,,,,,,N/A,NO_STRESS
2017-03-06,11.24,65.41000366210938,,,,-1.0330050601567853,-0.6962294501001736,,,0.03306878306878307,0.2447089947089947,,,,,,,N/A,NO_STRESS
2017-03-07,11.45,66.02999877929688,,,,-0.9787067751742051,-0.6377525539445887,,,0.056878306878306875,0.25793650793650796,,,,,,,N/A,NO_STRESS
2017-03-08,11.86,66.61000061035156,,,,-0.8752484824217651,-0.5831479440120966,,,0.11904761904761904,0.2830687830687831,,,,,,,N/A,NO_STRESS
2017-03-09,12.3,69.18000030517578,,,,-0.765203816770867,-0.33631998374009586,,,0.20105820105820105,0.39814814814814814,,,,,,,N/A,NO_STRESS
2017-03-10,11.66,67.69999694824219,,,,-0.9230277225371155,-0.48120532918659115,,,0.08796296296296297,0.32275132275132273,,,,,,,N/A,NO_STRESS
2017-03-13,11.35,65.63999938964844,,,,-0.9987374217029094,-0.6822871275083869,,,0.04365079365079365,0.24735449735449735,,,,,,,N/A,NO_STRESS
2017-03-14,12.3,65.18000030517578,,,,-0.7628396499054334,-0.7288965335353258,,,0.20436507936507936,0.2328042328042328,,,,,,,N/A,NO_STRESS
2017-03-15,11.63,61.619998931884766,,,,-0.927987783785629,-1.076207324691203,,,0.08597883597883597,0.15079365079365079,,,,,,,N/A,NO_STRESS
2017-03-16,11.21,60.439998626708984,,,,-1.0307980674864867,-1.1922590065280183,,,0.03042328042328042,0.1402116402116402,,,,,,,N/A,NO_STRESS
2017-03-17,11.28,60.720001220703125,,,,-1.0122866053138053,-1.1659621843183514,,,0.03968253968253968,0.14417989417989419,,,,,,,N/A,NO_STRESS
2017-03-20,11.34,59.81999969482422,,,,-0.9959646749094032,-1.2542844193949243,,,0.04563492063492063,0.12433862433862433,,,,,,,N/A,NO_STRESS
2017-03-21,12.47,62.130001068115234,,,,-0.7158613451072605,-1.03017769473384,,,0.2361111111111111,0.1574074074074074,,,,,,,N/A,NO_STRESS
2017-03-22,12.81,62.130001068115234,,,,-0.6314170414724356,-1.030803032757285,,,0.2863756613756614,0.15674603174603174,,,,,,,N/A,NO_STRESS
2017-03-23,13.12,65.22000122070312,,,,-0.554669934551804,-0.7310647615790584,,,0.3419312169312169,0.2328042328042328,,,,,,,N/A,NO_STRESS
2017-03-24,12.96,64.44999694824219,,,,-0.5940900532963543,-0.8075346508119826,,,0.3220899470899471,0.20634920634920634,,,,,,,N/A,NO_STRESS
2017-03-27,12.5,62.68000030517578,,,,-0.7075835529263277,-0.982543440699517,,,0.2414021164021164,0.16137566137566137,,,,,,,N/A,NO_STRESS
2017-03-28,11.53,61.95000076293945,,,,-0.9463269128470568,-1.0560164308745768,,,0.07539682539682539,0.14682539682539683,,,,,,,N/A,NO_STRESS
2017-03-29,11.42,61.02000045776367,,,,-0.9722081212548113,-1.1477687250243427,,,0.05555555555555555,0.13756613756613756,,,,,,,N/A,NO_STRESS
2017-03-30,11.54,60.939998626708984,,,,-0.9415651141390395,-1.1568013042461358,,,0.07936507936507936,0.13624338624338625,,,,,,,N/A,NO_STRESS
2017-03-31,12.37,60.70000076293945,,,,-0.7362297542662268,-1.1814559215251768,,,0.21957671957671956,0.13227513227513227,,,,,,,N/A,NO_STRESS
2017-04-03,12.38,61.22999954223633,,,,-0.7334998006900322,-1.1312093970106853,,,0.22288359788359788,0.1388888888888889,,,,,,,N/A,NO_STRESS
2017-04-04,11.79,64.7699966430664,,,,-0.8788098088005742,-0.7860509240342942,,,0.12103174603174603,0.21693121693121692,,,,,,,N/A,NO_STRESS
2017-04-05,12.89,63.720001220703125,,,,-0.6078168889537008,-0.8913176752486526,,,0.31613756613756616,0.17857142857142858,,,,,,,N/A,NO_STRESS
2017-04-06,12.39,68.25,,,,-0.7312894798738779,-0.44802325776452334,,,0.22420634920634921,0.3505291005291005,,,,,,,N/A,NO_STRESS
2017-04-07,12.87,68.66000366210938,,,,-0.6127240379675082,-0.4100402097818643,,,0.31283068783068785,0.36243386243386244,,,,,,,N/A,NO_STRESS
2017-04-10,14.05,68.5,,,,-0.3222064874982509,-0.42761234500188994,,,0.49537037037037035,0.3544973544973545,,,,,,,N/A,NO_STRESS
2017-04-11,15.07,70.55999755859375,,,,-0.07137142228719423,-0.22595780313311903,,,0.6137566137566137,0.46164021164021163,,,,,,,N/A,NO_STRESS
2017-04-12,15.77,73.41999816894531,,,,0.10054552568704514,0.055362515553131035,,,0.6845238095238095,0.5740740740740741,,,,,,,N/A,NO_STRESS
2017-04-13,15.96,74.4800033569336,,,,0.1462077846043956,0.1585475437679044,,,0.6997354497354498,0.6031746031746031,,,,,,,N/A,NO_STRESS
2017-04-14,15.96,74.4800033569336,,,,0.1449869229073291,0.15662952861625745,,,0.6990740740740741,0.6025132275132276,,,,,,,N/A,NO_STRESS
2017-04-17,14.66,70.95999908447266,,,,-0.1775036398327274,-0.1949316293660401,,,0.5595238095238095,0.4775132275132275,,,,,,,N/A,NO_STRESS
2017-04-18,14.42,72.87000274658203,,,,-0.2380059380758226,-0.006902033125251063,,,0.5337301587301587,0.5502645502645502,,,,,,,N/A,NO_STRESS
2017-04-19,14.93,73.12999725341797,,,,-0.11298736101755871,0.016871393425680257,,,0.5945767195767195,0.5648148148148148,,,,,,,N/A,NO_STRESS
2017-04-20,14.15,73.86000061035156,,,,-0.30708547261805996,0.08742516573320663,,,0.5006613756613757,0.5793650793650794,,,,,,,N/A,NO_STRESS
2017-04-21,14.63,77.1500015258789,,,,-0.18928374388002742,0.4143273660273943,,,0.5555555555555556,0.6772486772486772,,,,,,,N/A,NO_STRESS
2017-04-24,10.84,63.27000045776367,,,,-1.128328458619852,-0.9772348322704224,,,0.01455026455026455,0.15343915343915343,,,,,,,N/A,NO_STRESS
2017-04-25,10.76,62.36000061035156,,,,-1.1475626566408887,-1.0692537324465603,,,0.011904761904761904,0.13624338624338625,,,,,,,N/A,NO_STRESS
2017-04-26,10.85,60.95000076293945,,,,-1.1245543383381291,-1.210659077603511,,,0.018518518518518517,0.11375661375661375,,,,,,,N/A,NO_STRESS
2017-04-27,10.36,59.81999969482422,,,,-1.2446264558261217,-1.322344656468442,,,0.003968253968253968,0.09325396825396826,,,,,,,N/A,NO_STRESS
2017-04-28,10.82,60.189998626708984,,,,-1.1301545422634303,-1.2837494719991387,,,0.016534391534391533,0.09788359788359788,,,,,,,N/A,NO_STRESS
2017-05-01,10.11,59.400001525878906,,,,-1.3053215400712148,-1.3628951159279643,,,0.0013227513227513227,0.08002645502645503,,,,,,,N/A,NO_STRESS
2017-05-02,10.59,60.31999969482422,,,,-1.1861444608742941,-1.2718926757320979,,,0.007936507936507936,0.10185185185185185,,,,,,,N/A,NO_STRESS
2017-05-03,10.68,59.380001068115234,,,,-1.1636488439596933,-1.3670758372249108,,,0.013227513227513227,0.07671957671957672,,,,,,,N/A,NO_STRESS
2017-05-04,10.46,60.08000183105469,,,,-1.2171965251122618,-1.2987617819421786,,,0.006613756613756613,0.09523809523809523,,,,,,,N/A,NO_STRESS
2017-05-05,10.57,58.720001220703125,,,,-1.1886210176082979,-1.4366811999552216,,,0.007936507936507936,0.06613756613756613,,,,,,,N/A,NO_STRESS
2017-05-08,9.77,55.40999984741211,,,,-1.3842995346380242,-1.7675082751024616,,,0.0013227513227513227,0.037037037037037035,,,,,,,N/A,NO_STRESS
2017-05-09,9.96,55.220001220703125,,,,-1.3353389379717655,-1.7849250741572067,,,0.0026455026455026454,0.03571428571428571,,,,,,,N/A,NO_STRESS
2017-05-10,10.21,55.029998779296875,,,,-1.2722726398983637,-1.802212851779679,,,0.005291005291005291,0.03306878306878307,,,,,,,N/A,NO_STRESS
2017-05-11,10.6,54.470001220703125,,,,-1.1761370080476234,-1.8557186042695293,,,0.015873015873015872,0.026455026455026454,,,,,,,N/A,NO_STRESS
2017-05-12,10.4,55.709999084472656,,,,-1.225255985149368,-1.731707786114049,,,0.010582010582010581,0.04365079365079365,,,,,,,N/A,NO_STRESS
2017-05-15,10.42,56.72999954223633,,,,-1.2199867379749283,-1.6305251977197635,,,0.011904761904761904,0.04894179894179894,,,,,,,N/A,NO_STRESS
2017-05-16,10.65,55.5,,,,-1.163062147564469,-1.754200388661614,,,0.021164021164021163,0.03968253968253968,,,,,,,N/A,NO_STRESS
2017-05-17,15.59,62.58000183105469,,,,0.052996024058161895,-1.047954047661902,,,0.6653439153439153,0.14285714285714285,,,,,,,N/A,NO_STRESS
2017-05-18,14.66,58.97999954223633,,,,-0.17734226045585433,-1.4113354530034512,,,0.5562169312169312,0.0701058201058201,,,,,,,N/A,NO_STRESS
2017-05-19,12.04,57.81999969482422,,,,-0.8237440949099225,-1.5300963601088684,,,0.15873015873015872,0.05952380952380952,,,,,,,N/A,NO_STRESS
2017-05-22,10.93,55.470001220703125,,,,-1.0973032082909928,-1.7676447269428157,,,0.03571428571428571,0.03439153439153439,,,,,,,N/A,NO_STRESS
2017-05-23,10.72,55.470001220703125,,,,-1.1484855376470133,-1.7692593096614133,,,0.023809523809523808,0.03373015873015873,,,,,,,N/A,NO_STRESS
2017-05-24,10.02,54.40999984741211,,,,-1.3201332993669899,-1.8766955905164258,,,0.003968253968253968,0.017195767195767195,,,,,,,N/A,NO_STRESS
2017-05-25,9.99,54.31999969482422,,,,-1.3268159606664325,-1.882909592702036,,,0.003968253968253968,0.01455026455026455,,,,,,,N/A,NO_STRESS
2017-05-26,9.81,54.04999923706055,,,,-1.3706980488520681,-1.9084112465012542,,,0.0026455026455026454,0.011904761904761904,,,,,,,N/A,NO_STRESS
2017-05-29,9.81,54.04999923706055,,,,-1.370233751431843,-1.906755631529285,,,0.0033068783068783067,0.012566137566137565,,,,,,,N/A,NO_STRESS
2017-05-30,10.38,54.04999923706055,,,,-1.2291304816974395,-1.9061519486885556,,,0.013227513227513227,0.013227513227513227,,,,,,,N/A,NO_STRESS
2017-05-31,10.41,53.95000076293945,,,,-1.2205915628015942,-1.915575147429178,,,0.015873015873015872,0.010582010582010581,,,,,,,N/A,NO_STRESS
2017-06-01,9.89,54.0,,,,-1.3470900569740398,-1.9098491240740583,,,0.005291005291005291,0.012566137566137565,,,,,,,N/A,NO_STRESS
2017-06-02,9.75,53.7400016784668,,,,-1.3792750648781353,-1.934819654211502,,,0.0013227513227513227,0.006613756613756613,,,,,,,N/A,NO_STRESS
2017-06-05,10.07,53.0,,,,-1.2991175957854408,-2.0079076476672024,,,0.011904761904761904,0.005291005291005291,,,,,,,N/A,NO_STRESS
2017-06-06,10.45,53.220001220703125,,,,-1.20483139944236,-1.9850879988667294,,,0.022486772486772486,0.006613756613756613,,,,,,,N/A,NO_STRESS
2017-06-07,10.39,54.79999923706055,,,,-1.2184060793731,-1.8271476011628696,,,0.018518518518518517,0.031746031746031744,,,,,,,N/A,NO_STRESS
2017-06-08,10.16,53.72999954223633,,,,-1.2741324725128351,-1.9349775642241382,,,0.01455026455026455,0.007936507936507936,,,,,,,N/A,NO_STRESS
2017-06-09,10.7,52.560001373291016,,,,-1.1395454534903109,-2.051038651596838,,,0.037037037037037035,0.003968253968253968,,,,,,,N/A,NO_STRESS
2017-06-12,11.46,52.31999969482422,,,,-0.9530173908924149,-2.0736946744647575,,,0.08597883597883597,0.003968253968253968,,,,,,,N/A,NO_STRESS
2017-06-13,10.42,51.66999816894531,,,,-1.2061040340799845,-2.137278563794332,,,0.02447089947089947,0.0013227513227513227,,,,,,,N/A,NO_STRESS
2017-06-14,10.64,52.220001220703125,,,,-1.151171225070233,-2.081120350268618,,,0.03571428571428571,0.0026455026455026454,,,,,,,N/A,NO_STRESS
2017-06-15,10.9,51.59000015258789,,,,-1.087147362226273,-2.1428849129417755,,,0.05291005291005291,0.0013227513227513227,,,,,,,N/A,NO_STRESS
2017-06-16,10.38,51.47999954223633,,,,-1.2132597974543378,-2.151925628687006,,,0.01917989417989418,0.0013227513227513227,,,,,,,N/A,NO_STRESS
2017-06-19,10.37,51.599998474121094,,,,-1.2141046962465039,-2.137954608651179,,,0.018518518518518517,0.003968253968253968,,,,,,,N/A,NO_STRESS
2017-06-20,10.86,51.599998474121094,,,,-1.0933232085236042,-2.1362156685107543,,,0.05423280423280423,0.004629629629629629,,,,,,,N/A,NO_STRESS
2017-06-21,10.75,51.63999938964844,,,,-1.1186223135812823,-2.130705615851996,,,0.046296296296296294,0.006613756613756613,,,,,,,N/A,NO_STRESS
2017-06-22,10.48,51.130001068115234,,,,-1.1826726275284007,-2.1782996557947,,,0.031746031746031744,0.0013227513227513227,,,,,,,N/A,NO_STRESS
2017-06-23,10.02,51.15999984741211,,,,-1.291296191498193,-2.1717105574256284,,,0.011243386243386243,0.0026455026455026454,,,,,,,N/A,NO_STRESS
2017-06-26,9.9,50.02000045776367,,,,-1.316861989444664,-2.283401564065275,,,0.007936507936507936,0.0013227513227513227,,,,,,,N/A,NO_STRESS
2017-06-27,11.06,52.099998474121094,,,,-1.032576388550293,-2.0763970470351176,,,0.06746031746031746,0.013227513227513227,,,,,,,N/A,NO_STRESS
2017-06-28,10.03,52.5099983215332,,,,-1.2795489734627898,-2.033022812355073,,,0.01455026455026455,0.017195767195767195,,,,,,,N/A,NO_STRESS
2017-06-29,11.44,54.65999984741211,,,,-0.9349671587192412,-1.8182026402530742,,,0.09656084656084656,0.03571428571428571,,,,,,,N/A,NO_STRESS
2017-06-30,11.18,55.220001220703125,,,,-0.9957467499800787,-1.7604979403388883,,,0.07275132275132275,0.04034391534391534,,,,,,,N/A,NO_STRESS
2017-07-03,11.22,55.25,,,,-0.9839578359575492,-1.7542474900913256,,,0.07539682539682539,0.042328042328042326,,,,,,,N/A,NO_STRESS
2017-07-04,11.22,55.25,,,,-0.98240514956635,-1.7518406892877951,,,0.07605820105820106,0.04298941798941799,,,,,,,N/A,NO_STRESS
2017-07-05,11.07,56.439998626708984,,,,-1.0171279785622767,-1.632735065244967,,,0.07142857142857142,0.05291005291005291,,,,,,,N/A,NO_STRESS
2017-07-06,12.54,56.959999084472656,,,,-0.660958400897282,-1.58048529201162,,,0.2612433862433862,0.0582010582010582,,,,,,,N/A,NO_STRESS
2017-07-07,11.19,55.7599983215332,,,,-0.9871598115534194,-1.6978424865430275,,,0.07539682539682539,0.05291005291005291,,,,,,,N/A,NO_STRESS
2017-07-10,11.11,53.18000030517578,,,,-1.0053741239003455,-1.9489545414886098,,,0.07407407407407407,0.021164021164021163,,,,,,,N/A,NO_STRESS
2017-07-11,10.89,53.220001220703125,,,,-1.0577194774768586,-1.9406244329287647,,,0.06349206349206349,0.023148148148148147,,,,,,,N/A,NO_STRESS
2017-07-12,10.3,52.43000030517578,,,,-1.1990985730068022,-2.01332349576353,,,0.021164021164021163,0.017195767195767195,,,,,,,N/A,NO_STRESS
2017-07-13,9.9,52.209999084472656,,,,-1.2943545861327022,-2.0293467003372188,,,0.008597883597883597,0.01455026455026455,,,,,,,N/A,NO_STRESS
2017-07-14,9.51,51.029998779296875,,,,-1.3867328573737654,-2.139627163366691,,,0.0013227513227513227,0.0026455026455026454,,,,,,,N/A,NO_STRESS
2017-07-17,9.82,50.0,,,,-1.3106113195363494,-2.2342102682041287,,,0.007936507936507936,0.0013227513227513227,,,,,,,N/A,NO_STRESS
2017-07-18,9.89,49.54999923706055,,,,-1.2923442403744263,-2.2729101465703674,,,0.00992063492063492,0.0013227513227513227,,,,,,,N/A,NO_STRESS
2017-07-19,9.79,48.2599983215332,,,,-1.315020441610985,-2.3926067479552446,,,0.005291005291005291,0.0013227513227513227,,,,,,,N/A,NO_STRESS
2017-07-20,9.58,47.0,,,,-1.3638610159329876,-2.5074581775911886,,,0.0026455026455026454,0.0013227513227513227,,,,,,,N/A,NO_STRESS
2017-07-21,9.36,47.45000076293945,,,,-1.414642400810001,-2.4549384263240692,,,0.0013227513227513227,0.0026455026455026454,,,,,,,N/A,NO_STRESS
2017-07-24,9.43,47.0,,,,-1.395758833732803,-2.4888361429387187,,,0.0026455026455026454,0.001984126984126984,,,,,,,N/A,NO_STRESS
2017-07-25,9.43,49.56999969482422,,,,-1.3937170245842867,-2.234167700935912,,,0.0033068783068783067,0.007936507936507936,,,,,,,N/A,NO_STRESS
2017-07-26,9.6,47.279998779296875,,,,-1.3508829244723,-2.4449984574845134,,,0.007936507936507936,0.003968253968253968,,,,,,,N/A,NO_STRESS
2017-07-27,10.11,48.41999816894531,,,,-1.2269887400945192,-2.326027107059602,,,0.031084656084656083,0.007936507936507936,,,,,,,N/A,NO_STRESS
2017-07-28,10.29,48.529998779296875,,,,-1.182299064689798,-2.3061242267601934,,,0.03571428571428571,0.009259259259259259,,,,,,,N/A,NO_STRESS
2017-07-31,10.26,48.13999938964844,,,,-1.1882368317004015,-2.335456022628909,,,0.03571428571428571,0.006613756613756613,,,,,,,N/A,NO_STRESS
2017-08-01,10.09,49.970001220703125,,,,-1.2272040138873466,-2.155633510652132,,,0.03042328042328042,0.01455026455026455,,,,,,,N/A,NO_STRESS
2017-08-02,10.28,48.75,,,,-1.179771029287208,-2.2637416428854102,,,0.03835978835978836,0.011904761904761904,,,,,,,N/A,NO_STRESS
2017-08-03,10.44,47.93000030517578,,,,-1.1400038074940921,-2.332207142809192,,,0.05423280423280423,0.006613756613756613,,,,,,,N/A,NO_STRESS
2017-08-04,10.03,47.279998779296875,,,,-1.2360922896185433,-2.3839193036093094,,,0.028439153439153438,0.004629629629629629,,,,,,,N/A,NO_STRESS
2017-08-07,9.93,46.90999984741211,,,,-1.257745277915686,-2.4077746451865254,,,0.022486772486772486,0.0013227513227513227,,,,,,,N/A,NO_STRESS
2017-08-08,10.96,47.34000015258789,,,,-1.0104696874694696,-2.3570155112035422,,,0.09325396825396826,0.007936507936507936,,,,,,,N/A,NO_STRESS
2017-08-09,11.11,49.66999816894531,,,,-0.9738199261334265,-2.131243095122127,,,0.10251322751322751,0.021164021164021163,,,,,,,N/A,NO_STRESS
2017-08-10,16.04,52.0,,,,0.19966867760460855,-1.9095744597782185,,,0.7096560846560847,0.03835978835978836,,,,,,,N/A,NO_STRESS
2017-08-11,15.51,52.060001373291016,,,,0.07230527529148358,-1.8994294998702057,,,0.6633597883597884,0.03968253968253968,,,,,,,N/A,NO_STRESS
2017-08-14,12.33,49.29999923706055,,,,-0.6858446163222478,-2.149560991419115,,,0.23809523809523808,0.018518518518518517,,,,,,,N/A,NO_STRESS
2017-08-15,12.04,48.630001068115234,,,,-0.7542385218849221,-2.205935220857103,,,0.20436507936507936,0.017195767195767195,,,,,,,N/A,NO_STRESS
2017-08-16,11.74,48.470001220703125,,,,-0.824360090864837,-2.215253659345332,,,0.16732804232804233,0.015873015873015872,,,,,,,N/A,NO_STRESS
2017-08-17,15.55,48.84000015258789,,,,0.0825326044250296,-2.1756065003881724,,,0.6666666666666666,0.021164021164021163,,,,,,,N/A,NO_STRESS
2017-08-18,14.26,50.15999984741211,,,,-0.22436594766450862,-2.049396746500665,,,0.5211640211640212,0.031746031746031744,,,,,,,N/A,NO_STRESS
2017-08-21,13.19,52.060001373291016,,,,-0.4786904882958278,-1.8696887008530374,,,0.36243386243386244,0.046957671957671955,,,,,,,N/A,NO_STRESS
2017-08-22,11.35,51.29999923706055,,,,-0.9150435354897718,-1.934320947160394,,,0.125,0.037037037037037035,,,,,,,N/A,NO_STRESS
2017-08-23,12.25,52.08000183105469,,,,-0.6992994363054125,-1.8579236187204482,,,0.23412698412698413,0.05026455026455026,,,,,,,N/A,NO_STRESS
2017-08-24,12.23,52.4900016784668,,,,-0.7024804089891156,-1.8157382851766326,,,0.23214285714285715,0.0582010582010582,,,,,,,N/A,NO_STRESS
2017-08-25,11.28,50.560001373291016,,,,-0.9265081211164999,-1.9849916100867524,,,0.11838624338624339,0.03306878306878307,,,,,,,N/A,NO_STRESS
2017-08-28,11.32,48.86000061035156,,,,-0.9154830571836968,-2.132622817193165,,,0.12235449735449735,0.022486772486772486,,,,,,,N/A,NO_STRESS
2017-08-29,11.7,51.400001525878906,,,,-0.8236065299932367,-1.8980852411774578,,,0.167989417989418,0.041005291005291,,,,,,,N/A,NO_STRESS
2017-08-30,11.22,51.560001373291016,,,,-0.9353741018036987,-1.8780518564444613,,,0.10978835978835978,0.04365079365079365,,,,,,,N/A,NO_STRESS
2017-08-31,10.59,51.130001068115234,,,,-1.0827322260044747,-1.9111675321138004,,,0.06547619047619048,0.037698412698412696,,,,,,,N/A,NO_STRESS
2017-09-01,10.13,49.439998626708984,,,,-1.1886482505275506,-2.056125554076699,,,0.037037037037037035,0.02513227513227513,,,,,,,N/A,NO_STRESS
2017-09-04,10.13,49.439998626708984,,,,-1.185703640591696,-2.048254714474775,,,0.037698412698412696,0.025793650793650792,,,,,,,N/A,NO_STRESS
2017-09-05,12.23,53.31999969482422,,,,-0.6855660302004938,-1.695273080981955,,,0.24206349206349206,0.07671957671957672,,,,,,,N/A,NO_STRESS
2017-09-06,11.63,52.91999816894531,,,,-0.8263368544429093,-1.7251549707246645,,,0.16732804232804233,0.07142857142857142,,,,,,,N/A,NO_STRESS
2017-09-07,11.55,54.0099983215332,,,,-0.8443505522252494,-1.6266116464980898,,,0.16335978835978837,0.08465608465608465,,,,,,,N/A,NO_STRESS
2017-09-08,12.12,54.0099983215332,,,,-0.7062312055317416,-1.622281598116903,,,0.23148148148148148,0.08531746031746032,,,,,,,N/A,NO_STRESS
2017-09-11,10.73,51.880001068115234,,,,-1.037889321569791,-1.8066553195190884,,,0.07936507936507936,0.05555555555555555,,,,,,,N/A,NO_STRESS
2017-09-12,10.58,51.650001525878906,,,,-1.0711334664949932,-1.8204494314206077,,,0.0667989417989418,0.05423280423280423,,,,,,,N/A,NO_STRESS
2017-09-13,10.5,51.369998931884766,,,,-1.0877923927077084,-1.838523308212057,,,0.06481481481481481,0.04497354497354497,,,,,,,N/A,NO_STRESS
2017-09-14,10.44,50.72999954223633,,,,-1.0993107613969448,-1.8882241229081687,,,0.06018518518518518,0.03835978835978836,,,,,,,N/A,NO_STRESS
2017-09-15,10.17,50.630001068115234,,,,-1.1612172891338863,-1.8898288545355137,,,0.041005291005291,0.03835978835978836,,,,,,,N/A,NO_STRESS
2017-09-18,10.15,50.15999984741211,,,,-1.1631349930884045,-1.924047264712718,,,0.03968253968253968,0.036375661375661374,,,,,,,N/A,NO_STRESS
2017-09-19,10.18,49.86000061035156,,,,-1.1531101421689103,-1.9428156760165676,,,0.04365079365079365,0.031746031746031744,,,,,,,N/A,NO_STRESS
2017-09-20,9.78,49.150001525878906,,,,-1.2462374233824214,-1.9973406159316824,,,0.011904761904761904,0.023809523809523808,,,,,,,N/A,NO_STRESS
2017-09-21,9.67,48.310001373291016,,,,-1.2694784000857937,-2.0626577686978425,,,0.009259259259259259,0.01455026455026455,,,,,,,N/A,NO_STRESS
2017-09-22,9.59,50.52000045776367,,,,-1.285649099701187,-1.8619904580547466,,,0.007936507936507936,0.042328042328042326,,,,,,,N/A,NO_STRESS
2017-09-25,10.21,51.11000061035156,,,,-1.1354012020518696,-1.8043994194869835,,,0.0496031746031746,0.04894179894179894,,,,,,,N/A,NO_STRESS
2017-09-26,10.17,50.63999938964844,,,,-1.1425211065372938,-1.839604197314526,,,0.046957671957671955,0.046296296296296294,,,,,,,N/A,NO_STRESS
2017-09-27,9.87,52.08000183105469,,,,-1.2113014886432627,-1.7087468999882556,,,0.021164021164021163,0.07605820105820106,,,,,,,N/A,NO_STRESS
2017-09-28,9.55,51.86000061035156,,,,-1.284706238441416,-1.7221080759497251,,,0.006613756613756613,0.0701058201058201,,,,,,,N/A,NO_STRESS
2017-09-29,9.51,52.880001068115234,,,,-1.2915645925262125,-1.628717639703773,,,0.005952380952380952,0.08994708994708994,,,,,,,N/A,NO_STRESS
2017-10-02,9.45,54.459999084472656,,,,-1.3033668311933326,-1.4881533956010173,,,0.005291005291005291,0.11375661375661375,,,,,,,N/A,NO_STRESS
2017-10-03,9.51,54.599998474121094,,,,-1.2869558204862925,-1.4727116938634872,,,0.007936507936507936,0.1164021164021164,,,,,,,N/A,NO_STRESS
2017-10-04,9.63,54.4900016784668,,,,-1.256321787779759,-1.4788934520335313,,,0.015873015873015872,0.1164021164021164,,,,,,,N/A,NO_STRESS
2017-10-05,9.19,55.58000183105469,,,,-1.3579558683145923,-1.3817614311691084,,,0.0013227513227513227,0.1349206349206349,,,,,,,N/A,NO_STRESS
2017-10-06,9.65,54.97999954223633,,,,-1.2464954511604416,-1.4304149318765242,,,0.018518518518518517,0.12169312169312169,,,,,,,N/A,NO_STRESS
2017-10-09,10.33,54.97999954223633,,,,-1.0839426477264014,-1.427258267706508,,,0.06878306878306878,0.12235449735449735,,,,,,,N/A,NO_STRESS
2017-10-10,10.08,53.88999938964844,,,,-1.1408762960925651,-1.517523665578617,,,0.047619047619047616,0.10185185185185185,,,,,,,N/A,NO_STRESS
2017-10-11,9.85,52.689998626708984,,,,-1.1928772619819783,-1.616120917025587,,,0.03042328042328042,0.08994708994708994,,,,,,,N/A,NO_STRESS
2017-10-12,9.91,51.81999969482422,,,,-1.1764096689345445,-1.6856100636616975,,,0.03835978835978836,0.0701058201058201,,,,,,,N/A,NO_STRESS
2017-10-13,9.61,50.849998474121094,,,,-1.2447122988716666,-1.763081908092024,,,0.017195767195767195,0.04894179894179894,,,,,,,N/A,NO_STRESS
2017-10-16,9.91,50.849998474121094,,,,-1.172209044445837,-1.7578114410939,,,0.04034391534391534,0.0496031746031746,,,,,,,N/A,NO_STRESS
2017-10-17,10.31,49.029998779296875,,,,-1.0767057354004421,-1.9073124645740378,,,0.07539682539682539,0.02513227513227513,,,,,,,N/A,NO_STRESS
2017-10-18,10.07,50.290000915527344,,,,-1.1318165710181305,-1.794906683408937,,,0.052248677248677246,0.04365079365079365,,,,,,,N/A,NO_STRESS
2017-10-19,10.05,51.4900016784668,,,,-1.135249126671809,-1.6885424161168943,,,0.051587301587301584,0.06613756613756613,,,,,,,N/A,NO_STRESS
2017-10-20,9.97,53.97999954223633,,,,-1.1527123641316255,-1.4741455477307621,,,0.04497354497354497,0.11375661375661375,,,,,,,N/A,NO_STRESS
2017-10-23,11.07,54.099998474121094,,,,-0.8932807046354629,-1.460656804715543,,,0.14351851851851852,0.12301587301587301,,,,,,,N/A,NO_STRESS
2017-10-24,11.16,55.939998626708984,,,,-0.8707544142897412,-1.3022152773846773,,,0.14947089947089948,0.15476190476190477,,,,,,,N/A,NO_STRESS
2017-10-25,11.23,57.36000061035156,,,,-0.8535421642589689,-1.179989050922345,,,0.16005291005291006,0.1626984126984127,,,,,,,N/A,NO_STRESS
2017-10-26,11.3,57.349998474121094,,,,-0.8365477407978835,-1.1789719702860413,,,0.17063492063492064,0.1626984126984127,,,,,,,N/A,NO_STRESS
2017-10-27,9.8,54.66999816894531,,,,-1.1866454584830815,-1.4026544449349558,,,0.027777777777777776,0.1335978835978836,,,,,,,N/A,NO_STRESS
2017-10-30,10.5,51.689998626708984,,,,-1.0218443097511247,-1.6499204864507566,,,0.10251322751322751,0.07671957671957672,,,,,,,N/A,NO_STRESS
2017-10-31,10.18,51.150001525878906,,,,-1.0946995783845863,-1.6914574187299312,,,0.07208994708994709,0.05952380952380952,,,,,,,N/A,NO_STRESS
2017-11-01,10.2,49.939998626708984,,,,-1.0877119763855452,-1.7877417442045098,,,0.07407407407407407,0.037037037037037035,,,,,,,N/A,NO_STRESS
2017-11-02,9.93,48.72999954223633,,,,-1.1477585588513417,-1.8827648508844894,,,0.04431216931216931,0.021164021164021163,,,,,,,N/A,NO_STRESS
2017-11-03,9.14,45.83000183105469,,,,-1.32883394873167,-2.116866792202384,,,0.0013227513227513227,0.0013227513227513227,,,,,,,N/A,NO_STRESS
2017-11-06,9.4,45.04999923706055,,,,-1.264900622451151,-2.1726827133704645,,,0.005291005291005291,0.0013227513227513227,,,,,,,N/A,NO_STRESS
2017-11-07,9.89,44.20000076293945,,,,-1.14737536357921,-2.232754703970425,,,0.03968253968253968,0.0013227513227513227,,,,,,,N/A,NO_STRESS
2017-11-08,9.78,43.970001220703125,,,,-1.1710491363462168,-2.2412459887185774,,,0.028439153439153438,0.0013227513227513227,,,,,,,N/A,NO_STRESS
2017-11-09,10.5,44.9900016784668,,,,-0.9996854407116993,-2.147291090269211,,,0.11243386243386243,0.003968253968253968,,,,,,,N/A,NO_STRESS
2017-11-10,11.29,47.290000915527344,,,,-0.8125928444852734,-1.9500723666695121,,,0.1832010582010582,0.01455026455026455,,,,,,,N/A,NO_STRESS
2017-11-13,11.5,46.38999938964844,,,,-0.7616336063179958,-2.0160069576769586,,,0.21626984126984128,0.007936507936507936,,,,,,,N/A,NO_STRESS
2017-11-14,11.59,47.77000045776367,,,,-0.739157256945482,-1.8958446592498317,,,0.22883597883597884,0.01984126984126984,,,,,,,N/A,NO_STRESS
2017-11-15,13.13,48.0,,,,-0.3780107084540564,-1.8704523590026765,,,0.42328042328042326,0.022486772486772486,,,,,,,N/A,NO_STRESS
2017-11-16,11.76,47.7400016784668,,,,-0.6977379793502844,-1.8849734768071054,,,0.2466931216931217,0.01984126984126984,,,,,,,N/A,NO_STRESS
2017-11-17,11.43,49.09000015258789,,,,-0.7737624278995696,-1.769210294578259,,,0.19973544973544974,0.041005291005291,,,,,,,N/A,NO_STRESS
2017-11-20,10.65,48.099998474121094,,,,-0.954487103334797,-1.846655678493814,,,0.12632275132275134,0.02513227513227513,,,,,,,N/A,NO_STRESS
2017-11-21,9.73,48.09000015258789,,,,-1.166904643537673,-1.8410698374706025,,,0.02513227513227513,0.02513227513227513,,,,,,,N/A,NO_STRESS
2017-11-22,9.88,46.880001068115234,,,,-1.12909905464543,-1.9319552407117582,,,0.041005291005291,0.009259259259259259,,,,,,,N/A,NO_STRESS
2017-11-23,9.88,46.880001068115234,,,,-1.126091925037219,-1.9248841016631746,,,0.041666666666666664,0.00992063492063492,,,,,,,N/A,NO_STRESS
2017-11-24,9.67,46.15999984741211,,,,-1.1719514033777807,-1.9754016781817578,,,0.02447089947089947,0.007936507936507936,,,,,,,N/A,NO_STRESS
2017-11-27,9.87,45.290000915527344,,,,-1.1222859966540981,-2.0371054719285087,,,0.041666666666666664,0.006613756613756613,,,,,,,N/A,NO_STRESS
2017-11-28,10.03,44.93000030517578,,,,-1.082147065908686,-2.057361663896667,,,0.06613756613756613,0.003968253968253968,,,,,,,N/A,NO_STRESS
2017-11-29,10.7,45.540000915527344,,,,-0.9234914795109008,-2.000814040094008,,,0.13822751322751323,0.009259259259259259,,,,,,,N/A,NO_STRESS
2017-11-30,11.28,46.83000183105469,,,,-0.7858683457363028,-1.8910020045091351,,,0.1917989417989418,0.01455026455026455,,,,,,,N/A,NO_STRESS
2017-12-01,11.43,50.16999816894531,,,,-0.7489772010814438,-1.619747003055301,,,0.2123015873015873,0.07275132275132275,,,,,,,N/A,NO_STRESS
2017-12-04,11.68,48.7599983215332,,,,-0.6887684562859595,-1.725998850508404,,,0.251984126984127,0.04894179894179894,,,,,,,N/A,NO_STRESS
2017-12-05,11.33,49.2400016784668,,,,-0.7683453459068504,-1.6821565250469508,,,0.20105820105820105,0.056878306878306875,,,,,,,N/A,NO_STRESS
2017-12-06,11.02,49.31999969482422,,,,-0.8385180333114978,-1.6702749439656543,,,0.164021164021164,0.05952380952380952,,,,,,,N/A,NO_STRESS
2017-12-07,10.16,49.2400016784668,,,,-1.0371809121369635,-1.6712878830181541,,,0.08267195767195767,0.057539682539682536,,,,,,,N/A,NO_STRESS
2017-12-08,9.58,47.4900016784668,,,,-1.1705206400733934,-1.8037731921215996,,,0.016534391534391533,0.0291005291005291,,,,,,,N/A,NO_STRESS
2017-12-11,9.34,46.56999969482422,,,,-1.223777422672323,-1.8712875014481165,,,0.003968253968253968,0.01455026455026455,,,,,,,N/A,NO_STRESS
2017-12-12,9.92,46.75,,,,-1.08510440028066,-1.8518842053926323,,,0.0582010582010582,0.015873015873015872,,,,,,,N/A,NO_STRESS
2017-12-13,10.18,45.029998779296875,,,,-1.0214313820204972,-1.981443872353484,,,0.09259259259259259,0.006613756613756613,,,,,,,N/A,NO_STRESS
2017-12-14,10.49,44.84000015258789,,,,-0.9461397906593526,-1.9894137824837923,,,0.12566137566137567,0.003968253968253968,,,,,,,N/A,NO_STRESS
2017-12-15,9.42,46.43000030517578,,,,-1.1942227855146605,-1.857348802836813,,,0.007936507936507936,0.017195767195767195,,,,,,,N/A,NO_STRESS
2017-12-18,9.53,46.72999954223633,,,,-1.1653500461321615,-1.8281284527743893,,,0.017195767195767195,0.01984126984126984,,,,,,,N/A,NO_STRESS
2017-12-19,10.03,48.959999084472656,,,,-1.0457140286324547,-1.6472872777805938,,,0.07341269841269842,0.062169312169312166,,,,,,,N/A,NO_STRESS
2017-12-20,9.72,49.95000076293945,,,,-1.1153933738819433,-1.5647501161065454,,,0.031746031746031744,0.082010582010582,,,,,,,N/A,NO_STRESS
2017-12-21,9.62,51.599998474121094,,,,-1.1359499669531448,-1.4309804673942024,,,0.026455026455026454,0.12037037037037036,,,,,,,N/A,NO_STRESS
2017-12-22,9.9,50.380001068115234,,,,-1.067526029286866,-1.522596399528075,,,0.05952380952380952,0.09259259259259259,,,,,,,N/A,NO_STRESS
2017-12-25,9.9,50.380001068115234,,,,-1.0649400409770522,-1.5182752738680716,,,0.06018518518518518,0.09325396825396826,,,,,,,N/A,NO_STRESS
2017-12-26,10.25,48.81999969482422,,,,-0.9803160716730497,-1.6361696336475433,,,0.10846560846560846,0.05952380952380952,,,,,,,N/A,NO_STRESS
2017-12-27,10.47,47.72999954223633,,,,-0.9263620552298351,-1.7175147459867244,,,0.1349206349206349,0.03835978835978836,,,,,,,N/A,NO_STRESS
2017-12-28,10.18,46.189998626708984,,,,-0.9917177297834248,-1.8335297956884433,,,0.10251322751322751,0.015873015873015872,,,,,,,N/A,NO_STRESS
2017-12-29,11.04,46.599998474121094,,,,-0.7881926832897883,-1.7966995752745238,,,0.1865079365079365,0.021164021164021163,,,,,,,N/A,NO_STRESS
2018-01-01,11.04,46.599998474121094,,,,-0.7861716170415731,-1.792299593032874,,,0.18716931216931218,0.021825396825396824,,,,,,,N/A,NO_STRESS
2018-01-02,9.77,49.16999816894531,,,,-1.0808691177559826,-1.5871526984455178,,,0.037698412698412696,0.07407407407407407,,,,,,,N/A,NO_STRESS
2018-01-03,9.15,47.599998474121094,,,,-1.2227645895669834,-1.7071741753895724,,,0.0026455026455026454,0.042328042328042326,,,,,,,N/A,NO_STRESS
2018-01-04,9.22,47.380001068115234,,,,-1.203116137159439,-1.7206452501660612,,,0.005291005291005291,0.03968253968253968,,,,,,,N/A,NO_STRESS
2018-01-05,9.22,46.06999969482422,,,,-1.2001160596691332,-1.818893409394345,,,0.005952380952380952,0.01455026455026455,,,,,,,N/A,NO_STRESS
2018-01-08,9.52,45.900001525878906,,,,-1.1274511978822304,-1.8272215802862954,,,0.021164021164021163,0.01455026455026455,,,,,,,N/A,NO_STRESS
2018-01-09,10.08,47.290000915527344,,,,-0.9945983924357776,-1.71329644344639,,,0.09325396825396826,0.04034391534391534,,,,,,,N/A,NO_STRESS
2018-01-10,9.82,49.16999816894531,,,,-1.0527383563621158,-1.5615434348247483,,,0.05357142857142857,0.08134920634920635,,,,,,,N/A,NO_STRESS
2018-01-11,9.88,48.189998626708984,,,,-1.036333966863303,-1.6347797535411006,,,0.06084656084656084,0.05952380952380952,,,,,,,N/A,NO_STRESS
2018-01-12,10.16,47.61000061035156,,,,-0.9689203780373402,-1.6781381005914655,,,0.10714285714285714,0.04894179894179894,,,,,,,N/A,NO_STRESS
2018-01-15,10.16,47.61000061035156,,,,-0.96704452375656,-1.675745901940758,,,0.1078042328042328,0.0496031746031746,,,,,,,N/A,NO_STRESS
2018-01-16,11.66,45.90999984741211,,,,-0.6168091786973349,-1.8072101484996395,,,0.28835978835978837,0.015873015873015872,,,,,,,N/A,NO_STRESS
2018-01-17,11.91,45.880001068115234,,,,-0.5579702438180577,-1.8054763580438535,,,0.32142857142857145,0.01455026455026455,,,,,,,N/A,NO_STRESS
2018-01-18,12.22,48.54999923706055,,,,-0.4852660716530382,-1.5901119325755142,,,0.3611111111111111,0.07275132275132275,,,,,,,N/A,NO_STRESS
2018-01-19,11.27,48.54999923706055,,,,-0.7052465888923125,-1.58623985269881,,,0.22817460317460317,0.07341269841269842,,,,,,,N/A,NO_STRESS
2018-01-22,11.03,52.599998474121094,,,,-0.7600887806179821,-1.2622723903996644,,,0.19973544973544974,0.17724867724867724,,,,,,,N/A,NO_STRESS
2018-01-23,11.1,52.54999923706055,,,,-0.7429874423883366,-1.2634443862636848,,,0.21031746031746032,0.17592592592592593,,,,,,,N/A,NO_STRESS
2018-01-24,11.47,54.11000061035156,,,,-0.6560722928108798,-1.1370897159097486,,,0.2691798941798942,0.20634920634920634,,,,,,,N/A,NO_STRESS
2018-01-25,11.58,53.380001068115234,,,,-0.6295326797584464,-1.192650859003599,,,0.28835978835978837,0.19047619047619047,,,,,,,N/A,NO_STRESS
2018-01-26,11.08,55.630001068115234,,,,-0.7445009526189014,-1.0109502679894744,,,0.21031746031746032,0.23677248677248677,,,,,,,N/A,NO_STRESS
2018-01-29,13.84,55.97999954223633,,,,-0.10317216096168652,-0.9805513602746149,,,0.5793650793650794,0.24206349206349206,,,,,,,N/A,NO_STRESS
2018-01-30,14.79,57.279998779296875,,,,0.11752151046606435,-0.8743821141277125,,,0.6865079365079365,0.25,,,,,,,N/A,NO_STRESS
2018-01-31,13.54,57.20000076293945,,,,-0.17182206539237735,-0.8784240174061934,,,0.542989417989418,0.25,,,,,,,N/A,NO_STRESS
2018-02-01,13.47,57.83000183105469,,,,-0.18707671665314768,-0.8257970900706644,,,0.5376984126984127,0.25925925925925924,,,,,,,N/A,NO_STRESS
2018-02-02,17.31,60.33000183105469,,,,0.7042414278177545,-0.6237369599777108,,,0.8346560846560847,0.28174603174603174,,,,,,,N/A,EQUITY_DRIVEN
2018-02-05,37.32,60.40999984741211,,,,5.2471083309472695,-0.6153004265622757,,,0.9986772486772487,0.2830687830687831,,,,,,,N/A,EQUITY_DRIVEN
2018-02-06,29.98,60.40999984741211,,,,3.539710907147984,-0.6132917981422448,,,0.9933862433862434,0.2837301587301587,,,,,,,N/A,EQUITY_DRIVEN
2018-02-07,27.73,66.06999969482422,,,,3.009307116566102,-0.15708467336975518,,,0.9854497354497355,0.38095238095238093,,,,,,,N/A,EQUITY_DRIVEN
2018-02-08,33.46,67.8499984741211,,,,4.239932770161699,-0.012136368854116251,,,0.996031746031746,0.44113756613756616,,,,,,,N/A,EQUITY_DRIVEN
2018-02-09,29.06,67.8499984741211,,,,3.2357542205382552,-0.010029427116007066,,,0.9907407407407407,0.4417989417989418,,,,,,,N/A,EQUITY_DRIVEN
2018-02-12,25.61,69.86000061035156,,,,2.461495050500788,0.15401356557041104,,,0.9596560846560847,0.5238095238095238,,,,,,,N/A,EQUITY_DRIVEN
2018-02-13,24.97,68.97000122070312,,,,2.3094266139052637,0.08396323226029352,,,0.9523809523809523,0.48544973544973546,,,,,,,N/A,EQUITY_DRIVEN
2018-02-14,19.26,69.5199966430664,,,,1.0572731224128555,0.13007798479999055,,,0.8677248677248677,0.5052910052910053,,,,,,,N/A,EQUITY_DRIVEN
2018-02-15,19.13,66.68000030517578,,,,1.027087074451555,-0.09797979806458589,,,0.8650793650793651,0.4021164021164021,,,,,,,N/A,EQUITY_DRIVEN
2018-02-16,19.46,63.029998779296875,,,,1.0973442638846995,-0.3917368653021026,,,0.876984126984127,0.31613756613756616,,,,,,,N/A,EQUITY_DRIVEN
2018-02-19,19.46,63.029998779296875,,,,1.0952177524223872,-0.38978397381969015,,,0.8763227513227513,0.3167989417989418,,,,,,,N/A,EQUITY_DRIVEN
2018-02-20,20.6,60.2599983215332,,,,1.3406474217869468,-0.612775416431975,,,0.8955026455026455,0.2804232804232804,,,,,,,N/A,EQUITY_DRIVEN
2018-02-21,20.02,61.15999984741211,,,,1.2117036382440238,-0.5375741682860957,,,0.8835978835978836,0.2976190476190476,,,,,,,N/A,EQUITY_DRIVEN
2018-02-22,18.72,61.13999938964844,,,,0.9270496421209228,-0.5372178566848685,,,0.8505291005291006,0.2976190476190476,,,,,,,N/A,EQUITY_DRIVEN
2018-02-23,16.49,64.5999984741211,,,,0.44111800339012786,-0.2532512858943823,,,0.7843915343915344,0.35714285714285715,,,,,,,N/A,NO_STRESS
2018-02-26,15.8,63.720001220703125,,,,0.29062003308157935,-0.32324172754097635,,,0.7486772486772487,0.333994708994709,,,,,,,N/A,NO_STRESS
2018-02-27,18.59,63.93000030517578,,,,0.8961589433690177,-0.30460320284956444,,,0.8452380952380952,0.3412698412698413,,,,,,,N/A,EQUITY_DRIVEN
2018-02-28,19.85,62.970001220703125,,,,1.167685676645914,-0.3816389976328256,,,0.8796296296296297,0.3201058201058201,,,,,,,N/A,EQUITY_DRIVEN
2018-03-01,22.47,63.65999984741211,,,,1.7311217068305076,-0.3236241401495787,,,0.923941798941799,0.33201058201058203,,,,,,,N/A,EQUITY_DRIVEN
2018-03-02,19.59,65.30000305175781,,,,1.1038613253927512,-0.18802368273830922,,,0.873015873015873,0.3783068783068783,,,,,,,N/A,EQUITY_DRIVEN
2018-03-05,18.73,64.70999908447266,,,,0.9153300603167981,-0.23502517257781666,,,0.8465608465608465,0.3664021164021164,,,,,,,N/A,EQUITY_DRIVEN
2018-03-06,18.36,63.5,,,,0.8335430757162529,-0.33290484359855044,,,0.832010582010582,0.32936507936507936,,,,,,,N/A,EQUITY_DRIVEN
2018-03-07,17.76,63.349998474121094,,,,0.7022518976926037,-0.34400957502345736,,,0.8161375661375662,0.328042328042328,,,,,,,N/A,EQUITY_DRIVEN
2018-03-08,16.54,61.58000183105469,,,,0.4371147487617362,-0.4878329137363107,,,0.7777777777777778,0.3029100529100529,,,,,,,N/A,NO_STRESS
2018-03-09,14.64,58.970001220703125,,,,0.025307980021675475,-0.7001406042500855,,,0.6474867724867724,0.26455026455026454,,,,,,,N/A,NO_STRESS
2018-03-12,15.78,58.290000915527344,,,,0.2715204804891301,-0.7539903489162497,,,0.7367724867724867,0.2605820105820106,,,,,,,N/A,NO_STRESS
2018-03-13,16.35,55.06999969482422,,,,0.39400232948707653,-1.0152733447546352,,,0.7724867724867724,0.22486772486772486,,,,,,,N/A,NO_STRESS
2018-03-14,17.23,57.849998474121094,,,,0.5832274243172778,-0.7857807775560122,,,0.8029100529100529,0.2619047619047619,,,,,,,N/A,EQUITY_DRIVEN
2018-03-15,16.59,57.709999084472656,,,,0.44360790744456274,-0.7953679803514689,,,0.7764550264550265,0.25925925925925924,,,,,,,N/A,NO_STRESS
2018-03-16,15.8,59.0099983215332,,,,0.2717276618025737,-0.6873263648850114,,,0.7334656084656085,0.2724867724867725,,,,,,,N/A,NO_STRESS
2018-03-19,19.02,59.97999954223633,,,,0.9662062571254602,-0.6065962346631125,,,0.8531746031746031,0.2857142857142857,,,,,,,N/A,EQUITY_DRIVEN
2018-03-20,18.2,57.88999938964844,,,,0.7871022411711084,-0.7759010374766613,,,0.8240740740740741,0.26455026455026454,,,,,,,N/A,EQUITY_DRIVEN
2018-03-21,17.86,55.720001220703125,,,,0.7118850282393194,-0.9510731564994005,,,0.8154761904761905,0.24074074074074073,,,,,,,N/A,EQUITY_DRIVEN
2018-03-22,23.34,55.93000030517578,,,,1.8893906065965158,-0.9316036701109266,,,0.9338624338624338,0.24338624338624337,,,,,,,N/A,EQUITY_DRIVEN
2018-03-23,24.87,56.16999816894531,,,,2.209271981089721,-0.9096808413130058,,,0.9497354497354498,0.24735449735449735,,,,,,,N/A,EQUITY_DRIVEN
2018-03-26,21.03,54.54999923706055,,,,1.3797315304210824,-1.0392665752629822,,,0.9007936507936508,0.2156084656084656,,,,,,,N/A,EQUITY_DRIVEN
2018-03-27,22.5,56.27000045776367,,,,1.689619343952681,-0.8963690931576748,,,0.9226190476190477,0.25,,,,,,,N/A,EQUITY_DRIVEN
2018-03-28,22.87,58.349998474121094,,,,1.7628661974690731,-0.7243341617795779,,,0.9285714285714286,0.27380952380952384,,,,,,,N/A,EQUITY_DRIVEN
2018-03-29,19.97,58.540000915527344,,,,1.140165092598895,-0.7068184487150173,,,0.8723544973544973,0.2751322751322751,,,,,,,N/A,EQUITY_DRIVEN
2018-03-30,19.97,58.540000915527344,,,,1.137827061817011,-0.7048021945306993,,,0.8716931216931217,0.2757936507936508,,,,,,,N/A,EQUITY_DRIVEN
2018-04-02,23.62,58.65999984741211,,,,1.9098052486083563,-0.6928937174980625,,,0.9358465608465608,0.2777777777777778,,,,,,,N/A,EQUITY_DRIVEN
2018-04-03,21.1,56.02000045776367,,,,1.3691807376483387,-0.9075659622269654,,,0.8968253968253969,0.24867724867724866,,,,,,,N/A,EQUITY_DRIVEN
2018-04-04,20.06,55.349998474121094,,,,1.1451531274491742,-0.9604025374809386,,,0.873015873015873,0.2328042328042328,,,,,,,N/A,EQUITY_DRIVEN
2018-04-05,18.94,53.720001220703125,,,,0.9050982858403187,-1.0920416018564463,,,0.8379629629629629,0.1917989417989418,,,,,,,N/A,EQUITY_DRIVEN
2018-04-06,21.49,56.06999969482422,,,,1.4426931761086337,-0.8959340647323806,,,0.9007936507936508,0.2526455026455027,,,,,,,N/A,EQUITY_DRIVEN
2018-04-09,21.77,52.5099983215332,,,,1.4974906266935755,-1.186579495066447,,,0.9034391534391535,0.17526455026455026,,,,,,,N/A,EQUITY_DRIVEN
2018-04-10,20.47,51.43000030517578,,,,1.2187212170138413,-1.2729300244611876,,,0.8756613756613757,0.14153439153439154,,,,,,,N/A,EQUITY_DRIVEN
2018-04-11,20.24,50.5,,,,1.1670097679796048,-1.346711520413615,,,0.8743386243386243,0.12037037037037036,,,,,,,N/A,EQUITY_DRIVEN
2018-04-12,18.49,51.4900016784668,,,,0.7948877469479543,-1.2620811152842126,,,0.8161375661375662,0.14616402116402116,,,,,,,N/A,EQUITY_DRIVEN
2018-04-13,17.41,51.13999938964844,,,,0.5649458339506038,-1.2879886568756813,,,0.783068783068783,0.13624338624338625,,,,,,,N/A,NO_STRESS
2018-04-16,16.56,49.7400016784668,,,,0.38394545178794864,-1.4007166635042028,,,0.7486772486772487,0.10449735449735449,,,,,,,N/A,NO_STRESS
2018-04-17,15.25,48.34000015258789,,,,0.105959285261221,-1.5131379172144164,,,0.6633597883597884,0.06878306878306878,,,,,,,N/A,NO_STRESS
2018-04-18,15.6,50.0,,,,0.17958481867395598,-1.3721600912441683,,,0.6917989417989417,0.1130952380952381,,,,,,,N/A,NO_STRESS
2018-04-19,15.96,51.099998474121094,,,,0.25501079636835633,-1.277736716224104,,,0.7182539682539683,0.13624338624338625,,,,,,,N/A,NO_STRESS
2018-04-20,16.88,52.709999084472656,,,,0.4486487625749968,-1.1412924015569446,,,0.7645502645502645,0.1931216931216931,,,,,,,N/A,NO_STRESS
2018-04-23,16.34,52.790000915527344,,,,0.3336786036607912,-1.1317732722422993,,,0.7394179894179894,0.19444444444444445,,,,,,,N/A,NO_STRESS
2018-04-24,18.02,53.0,,,,0.6877824223872147,-1.111569129523858,,,0.794973544973545,0.19907407407407407,,,,,,,N/A,NO_STRESS
2018-04-25,17.84,55.20000076293945,,,,0.6485280059367207,-0.9266950360799077,,,0.7896825396825397,0.2447089947089947,,,,,,,N/A,NO_STRESS
2018-04-26,16.24,53.13999938964844,,,,0.30947505773407286,-1.0961513523024422,,,0.7314814814814815,0.20105820105820105,,,,,,,N/A,NO_STRESS
2018-04-27,15.41,51.27000045776367,,,,0.13377732965981937,-1.2500743862352626,,,0.6666666666666666,0.1455026455026455,,,,,,,N/A,NO_STRESS
2018-04-30,15.93,50.349998474121094,,,,0.24323979556084763,-1.3242627183549693,,,0.707010582010582,0.12169312169312169,,,,,,,N/A,NO_STRESS
2018-05-01,15.49,51.779998779296875,,,,0.1501502860225159,-1.2021322019978318,,,0.6693121693121693,0.1693121693121693,,,,,,,N/A,NO_STRESS
2018-05-02,15.97,49.04999923706055,,,,0.25121022603343507,-1.427473159953881,,,0.7129629629629629,0.08862433862433862,,,,,,,N/A,NO_STRESS
2018-05-03,15.9,49.43000030517578,,,,0.23566914358415042,-1.3930226605524059,,,0.6984126984126984,0.10052910052910052,,,,,,,N/A,NO_STRESS
2018-05-04,14.77,49.43000030517578,,,,-0.0037900332474427897,-1.3900605671604436,,,0.6177248677248677,0.10119047619047619,,,,,,,N/A,NO_STRESS
2018-05-07,14.75,48.02000045776367,,,,-0.008290772283809896,-1.5051081953187715,,,0.6137566137566137,0.06084656084656084,,,,,,,N/A,NO_STRESS
2018-05-08,14.71,48.81999969482422,,,,-0.016559341547237837,-1.4345040756580378,,,0.6084656084656085,0.083994708994709,,,,,,,N/A,NO_STRESS
2018-05-09,13.42,49.369998931884766,,,,-0.28894731232450055,-1.385014964307283,,,0.49272486772486773,0.10317460317460317,,,,,,,N/A,NO_STRESS
2018-05-10,13.23,47.810001373291016,,,,-0.3287458833552862,-1.5120442019119695,,,0.47156084656084657,0.0582010582010582,,,,,,,N/A,NO_STRESS
2018-05-11,12.65,47.060001373291016,,,,-0.4512036898508472,-1.5706757615095222,,,0.41534391534391535,0.03968253968253968,,,,,,,N/A,NO_STRESS
2018-05-14,12.93,48.34000015258789,,,,-0.3916837358033547,-1.4594172809925605,,,0.44312169312169314,0.07341269841269842,,,,,,,N/A,NO_STRESS
2018-05-15,14.63,52.65999984741211,,,,-0.03281749310697242,-1.0935213080426622,,,0.5972222222222222,0.20767195767195767,,,,,,,N/A,NO_STRESS
2018-05-16,13.42,55.130001068115234,,,,-0.28906803792735414,-0.8833631750540281,,,0.4933862433862434,0.26322751322751325,,,,,,,N/A,NO_STRESS
2018-05-17,13.43,54.189998626708984,,,,-0.28700505608533095,-0.9601242832407896,,,0.49537037037037035,0.2447089947089947,,,,,,,N/A,NO_STRESS
2018-05-18,13.42,53.2599983215332,,,,-0.2889439278026063,-1.0359954558080593,,,0.49272486772486773,0.22354497354497355,,,,,,,N/A,NO_STRESS
2018-05-21,13.08,53.08000183105469,,,,-0.36055441371568436,-1.0486811424868097,,,0.4537037037037037,0.21825396825396826,,,,,,,N/A,NO_STRESS
2018-05-22,13.22,52.56999969482422,,,,-0.3295143573426168,-1.0897941069137183,,,0.47023809523809523,0.20634920634920634,,,,,,,N/A,NO_STRESS
2018-05-23,12.58,53.27000045776367,,,,-0.46341646982070184,-1.0289872927393762,,,0.4087301587301587,0.2275132275132275,,,,,,,N/A,NO_STRESS
2018-05-24,12.53,52.15999984741211,,,,-0.4729536107349708,-1.1213065694047504,,,0.40476190476190477,0.19444444444444445,,,,,,,N/A,NO_STRESS
2018-05-25,13.22,54.099998474121094,,,,-0.32599241711274224,-0.954267842005231,,,0.47354497354497355,0.24933862433862433,,,,,,,N/A,NO_STRESS
2018-05-28,13.22,54.099998474121094,,,,-0.32501027857319914,-0.9522409716328711,,,0.4742063492063492,0.25,,,,,,,N/A,NO_STRESS
2018-05-29,17.02,63.0,,,,0.4790107786320043,-0.19020834696448866,,,0.7698412698412699,0.39814814814814814,,,,,,,N/A,NO_STRESS
2018-05-30,14.94,61.86000061035156,,,,0.03923763671188249,-0.28536691161346106,,,0.6355820105820106,0.38227513227513227,,,,,,,N/A,NO_STRESS
2018-05-31,15.43,60.540000915527344,,,,0.14420471837690466,-0.39646024961901094,,,0.6726190476190477,0.36507936507936506,,,,,,,N/A,NO_STRESS
2018-06-01,13.46,56.939998626708984,,,,-0.2713153144065746,-0.7043506615961206,,,0.5099206349206349,0.30687830687830686,,,,,,,N/A,NO_STRESS
2018-06-04,12.74,54.29999923706055,,,,-0.4227460549519879,-0.9303711013274759,,,0.4226190476190476,0.2552910052910053,,,,,,,N/A,NO_STRESS
2018-06-05,12.4,54.459999084472656,,,,-0.49430461235032824,-0.9143184947007811,,,0.38756613756613756,0.25992063492063494,,,,,,,N/A,NO_STRESS
2018-06-06,11.64,56.439998626708984,,,,-0.6546974411418331,-0.7406929925650112,,,0.294973544973545,0.30753968253968256,,,,,,,N/A,NO_STRESS
2018-06-07,12.13,56.58000183105469,,,,-0.5505187738603334,-0.7264422428294709,,,0.35912698412698413,0.30952380952380953,,,,,,,N/A,NO_STRESS
2018-06-08,12.18,59.56999969482422,,,,-0.5399541105827218,-0.46542185794191643,,,0.3611111111111111,0.3531746031746032,,,,,,,N/A,NO_STRESS
2018-06-11,12.35,57.83000183105469,,,,-0.5040904296341584,-0.6146491779670227,,,0.38227513227513227,0.3287037037037037,,,,,,,N/A,NO_STRESS
2018-06-12,12.34,55.959999084472656,,,,-0.5062404068162363,-0.7749563034143997,,,0.3802910052910053,0.3002645502645503,,,,,,,N/A,NO_STRESS
2018-06-13,12.94,53.790000915527344,,,,-0.3793852973008432,-0.9608321939127004,,,0.44907407407407407,0.23677248677248677,,,,,,,N/A,NO_STRESS
2018-06-14,12.12,52.5,,,,-0.5530933424012093,-1.0699692711679407,,,0.3531746031746032,0.20238095238095238,,,,,,,N/A,NO_STRESS
2018-06-15,11.98,53.08000183105469,,,,-0.5825105659754206,-1.0170420961650384,,,0.3386243386243386,0.22288359788359788,,,,,,,N/A,NO_STRESS
2018-06-18,12.31,52.33000183105469,,,,-0.5121354845399129,-1.0792104413536974,,,0.3783068783068783,0.19973544973544974,,,,,,,N/A,NO_STRESS
2018-06-19,13.35,52.400001525878906,,,,-0.2912355336599017,-1.0703551646512017,,,0.4947089947089947,0.20105820105820105,,,,,,,N/A,NO_STRESS
2018-06-20,12.79,51.91999816894531,,,,-0.40962544420081104,-1.1090118094782042,,,0.4305555555555556,0.1865079365079365,,,,,,,N/A,NO_STRESS
2018-06-21,14.64,53.09000015258789,,,,-0.018456781318266273,-1.0052902013116718,,,0.6097883597883598,0.22883597883597884,,,,,,,N/A,NO_STRESS
2018-06-22,13.77,53.029998779296875,,,,-0.2032166978988052,-1.0079326337880354,,,0.544973544973545,0.2261904761904762,,,,,,,N/A,NO_STRESS
2018-06-25,17.33,53.040000915527344,,,,0.5494603336700997,-1.0044076281623107,,,0.783068783068783,0.2275132275132275,,,,,,,N/A,NO_STRESS
2018-06-26,15.92,51.29999923706055,,,,0.24985446029825845,-1.151736446893557,,,0.7136243386243386,0.16071428571428573,,,,,,,N/A,NO_STRESS
2018-06-27,17.91,53.04999923706055,,,,0.6699357657324998,-0.9979346699998245,,,0.798941798941799,0.23015873015873015,,,,,,,N/A,NO_STRESS
2018-06-28,16.85,52.130001068115234,,,,0.44420553565442955,-1.0747881816317721,,,0.7612433862433863,0.1970899470899471,,,,,,,N/A,NO_STRESS
2018-06-29,16.09,51.16999816894531,,,,0.28256752566275917,-1.1549189165884943,,,0.7275132275132276,0.15873015873015872,,,,,,,N/A,NO_STRESS
2018-07-02,15.6,50.25,,,,0.17816651428853128,-1.2311747495525331,,,0.6851851851851852,0.13227513227513227,,,,,,,N/A,NO_STRESS
2018-07-03,16.14,51.220001220703125,,,,0.2914925555360321,-1.1441598484520548,,,0.7301587301587301,0.16137566137566137,,,,,,,N/A,NO_STRESS
2018-07-04,16.14,51.220001220703125,,,,0.29080492266737545,-1.141154377095025,,,0.7294973544973545,0.16203703703703703,,,,,,,N/A,NO_STRESS
2018-07-05,14.97,51.459999084472656,,,,0.04256919365948238,-1.1176508144810156,,,0.6309523809523809,0.17195767195767195,,,,,,,N/A,NO_STRESS
2018-07-06,13.37,50.130001068115234,,,,-0.29635621182290633,-1.2296156081595149,,,0.4914021164021164,0.1283068783068783,,,,,,,N/A,NO_STRESS
2018-07-09,12.69,49.689998626708984,,,,-0.4403670346318173,-1.2642551289244468,,,0.41534391534391535,0.11772486772486772,,,,,,,N/A,NO_STRESS
2018-07-10,12.64,49.810001373291016,,,,-0.45083309170109376,-1.2504263092713137,,,0.4107142857142857,0.12037037037037036,,,,,,,N/A,NO_STRESS
2018-07-11,13.63,50.47999954223633,,,,-0.24106787179333472,-1.189659260952353,,,0.5238095238095238,0.14285714285714285,,,,,,,N/A,NO_STRESS
2018-07-12,12.58,48.56999969482422,,,,-0.4626831323597972,-1.3516488215731444,,,0.4080687830687831,0.082010582010582,,,,,,,N/A,NO_STRESS
2018-07-13,12.18,48.279998779296875,,,,-0.5456585726949214,-1.3737415501693322,,,0.35912698412698413,0.07142857142857142,,,,,,,N/A,NO_STRESS
2018-07-16,12.83,47.790000915527344,,,,-0.4057638249823352,-1.4138693501772654,,,0.4332010582010582,0.05952380952380952,,,,,,,N/A,NO_STRESS
2018-07-17,12.06,46.63999938964844,,,,-0.5733413826540689,-1.512954919666867,,,0.35185185185185186,0.0291005291005291,,,,,,,N/A,NO_STRESS
2018-07-18,12.1,45.2599983215332,,,,-0.565768693202613,-1.6310332950993793,,,0.3544973544973545,0.010582010582010581,,,,,,,N/A,NO_STRESS
2018-07-19,12.87,47.11000061035156,,,,-0.393961770666436,-1.468150990679697,,,0.4444444444444444,0.04365079365079365,,,,,,,N/A,NO_STRESS
2018-07-20,12.86,49.04999923706055,,,,-0.39394929631331593,-1.2970590592040325,,,0.44246031746031744,0.10383597883597884,,,,,,,N/A,NO_STRESS
2018-07-23,12.62,51.5099983215332,,,,-0.4454193662097317,-1.0799101965508953,,,0.414021164021164,0.1917989417989418,,,,,,,N/A,NO_STRESS
2018-07-24,12.41,50.310001373291016,,,,-0.4907957157035329,-1.1835439147157967,,,0.39351851851851855,0.14814814814814814,,,,,,,N/A,NO_STRESS
2018-07-25,12.29,48.290000915527344,,,,-0.5170237266969863,-1.3596652805290879,,,0.375,0.07804232804232804,,,,,,,N/A,NO_STRESS
2018-07-26,12.14,49.27000045776367,,,,-0.5493823052343748,-1.2723069718871411,,,0.36044973544973546,0.11507936507936507,,,,,,,N/A,NO_STRESS
2018-07-27,13.03,48.83000183105469,,,,-0.34347829504297495,-1.3101170910490838,,,0.4669312169312169,0.0992063492063492,,,,,,,N/A,NO_STRESS
2018-07-30,14.26,49.41999816894531,,,,-0.057249806072306134,-1.2555086307251844,,,0.5892857142857143,0.12169312169312169,,,,,,,N/A,NO_STRESS
2018-07-31,12.83,46.5,,,,-0.38549679508673135,-1.5128880521889336,,,0.4417989417989418,0.026455026455026454,,,,,,,N/A,NO_STRESS
2018-08-01,13.15,48.380001068115234,,,,-0.3086610057638911,-1.3426047015613995,,,0.4834656084656085,0.08465608465608465,,,,,,,N/A,NO_STRESS
2018-08-02,12.19,48.0,,,,-0.5309579326843205,-1.3738638525192657,,,0.36574074074074076,0.06944444444444445,,,,,,,N/A,NO_STRESS
2018-08-03,11.64,47.66999816894531,,,,-0.6581816774295206,-1.4003469363225505,,,0.29563492063492064,0.06084656084656084,,,,,,,N/A,NO_STRESS
2018-08-06,11.27,46.86000061035156,,,,-0.7433629362062907,-1.469643291583278,,,0.2328042328042328,0.037037037037037035,,,,,,,N/A,NO_STRESS
2018-08-07,10.93,47.150001525878906,,,,-0.821979939442463,-1.4403703640259033,,,0.19378306878306878,0.047619047619047616,,,,,,,N/A,NO_STRESS
2018-08-08,10.85,46.84000015258789,,,,-0.8389257433155838,-1.4652533566201713,,,0.1865079365079365,0.037037037037037035,,,,,,,N/A,NO_STRESS
2018-08-09,11.27,47.349998474121094,,,,-0.7372462382911238,-1.4167268513143907,,,0.2361111111111111,0.056878306878306875,,,,,,,N/A,NO_STRESS
2018-08-10,13.16,50.630001068115234,,,,-0.28642754137793086,-1.119193508492841,,,0.4933862433862434,0.17526455026455026,,,,,,,N/A,NO_STRESS
2018-08-13,14.78,50.77000045776367,,,,0.10148400347356615,-1.103701647860383,,,0.6507936507936508,0.17989417989417988,,,,,,,N/A,NO_STRESS
2018-08-14,13.31,49.84000015258789,,,,-0.2471230939726906,-1.1840777179359794,,,0.5105820105820106,0.14682539682539683,,,,,,,N/A,NO_STRESS
2018-08-15,14.64,51.52000045776367,,,,0.07299022943546209,-1.0304192343092773,,,0.628968253968254,0.21428571428571427,,,,,,,N/A,NO_STRESS
2018-08-16,13.45,50.61000061035156,,,,-0.20949703127644434,-1.109306066526368,,,0.5337301587301587,0.17592592592592593,,,,,,,N/A,NO_STRESS
2018-08-17,12.64,50.689998626708984,,,,-0.40157114965994994,-1.0992487274611744,,,0.4298941798941799,0.18121693121693122,,,,,,,N/A,NO_STRESS
2018-08-20,12.49,50.970001220703125,,,,-0.4355134496238611,-1.0712860609116293,,,0.4166666666666667,0.18783068783068782,,,,,,,N/A,NO_STRESS
2018-08-21,12.86,50.31999969482422,,,,-0.34383982154510334,-1.126753886152982,,,0.4603174603174603,0.16666666666666666,,,,,,,N/A,NO_STRESS
2018-08-22,12.25,49.63999938964844,,,,-0.4903492175405079,-1.185403469421887,,,0.3816137566137566,0.14153439153439154,,,,,,,N/A,NO_STRESS
2018-08-23,12.41,49.20000076293945,,,,-0.4491337863224447,-1.222241038351759,,,0.4060846560846561,0.12433862433862433,,,,,,,N/A,NO_STRESS
2018-08-24,11.99,49.15999984741211,,,,-0.5502159919136617,-1.2230870008517642,,,0.3492063492063492,0.12169312169312169,,,,,,,N/A,NO_STRESS
2018-08-27,12.16,49.380001068115234,,,,-0.5063509951520094,-1.2002835536570238,,,0.37037037037037035,0.1349206349206349,,,,,,,N/A,NO_STRESS
2018-08-28,12.5,49.95000076293945,,,,-0.42067255698725387,-1.1459567683659415,,,0.42394179894179895,0.15674603174603174,,,,,,,N/A,NO_STRESS
2018-08-29,12.25,49.099998474121094,,,,-0.48048094932221946,-1.219753035203291,,,0.38492063492063494,0.12037037037037036,,,,,,,N/A,NO_STRESS
2018-08-30,13.53,50.40999984741211,,,,-0.16284524131586312,-1.0988909789745147,,,0.5555555555555556,0.17989417989417988,,,,,,,N/A,NO_STRESS
2018-08-31,12.86,50.709999084472656,,,,-0.3270742101214079,-1.0691977949242015,,,0.4689153439153439,0.1931216931216931,,,,,,,N/A,NO_STRESS
2018-09-03,12.86,50.709999084472656,,,,-0.32578196957518923,-1.0665253284166731,,,0.4695767195767196,0.19378306878306878,,,,,,,N/A,NO_STRESS
2018-09-04,13.16,49.56999969482422,,,,-0.25062969024807463,-1.1667360224593242,,,0.5085978835978836,0.14616402116402116,,,,,,,N/A,NO_STRESS
2018-09-05,13.91,48.400001525878906,,,,-0.06391510468456262,-1.2692481446343267,,,0.5912698412698413,0.09391534391534391,,,,,,,N/A,NO_STRESS
2018-09-06,14.65,48.650001525878906,,,,0.12039585665084951,-1.2432520347054579,,,0.6521164021164021,0.10449735449735449,,,,,,,N/A,NO_STRESS
2018-09-07,14.88,49.43000030517578,,,,0.17775466866359235,-1.169548776338871,,,0.6798941798941799,0.14285714285714285,,,,,,,N/A,NO_STRESS
2018-09-10,14.16,47.689998626708984,,,,-0.0002653530959555448,-1.3232975400137856,,,0.6150793650793651,0.06746031746031746,,,,,,,N/A,NO_STRESS
2018-09-11,13.22,47.970001220703125,,,,-0.23248990813660256,-1.294307247862925,,,0.5171957671957672,0.07671957671957672,,,,,,,N/A,NO_STRESS
2018-09-12,13.14,46.790000915527344,,,,-0.2514631057036936,-1.3968264734502571,,,0.5052910052910053,0.03571428571428571,,,,,,,N/A,NO_STRESS
2018-09-13,12.37,46.060001373291016,,,,-0.44081431035431,-1.4582987494106379,,,0.40145502645502645,0.01984126984126984,,,,,,,N/A,NO_STRESS
2018-09-14,12.07,47.45000076293945,,,,-0.5142589337726025,-1.3291039122852715,,,0.3611111111111111,0.06283068783068783,,,,,,,N/A,NO_STRESS
2018-09-17,13.68,46.810001373291016,,,,-0.11525946504322174,-1.3827188802393648,,,0.5833333333333334,0.03835978835978836,,,,,,,N/A,NO_STRESS
2018-09-18,12.79,47.970001220703125,,,,-0.33485571243712553,-1.2746916582693348,,,0.4576719576719577,0.08267195767195767,,,,,,,N/A,NO_STRESS
2018-09-19,11.75,48.790000915527344,,,,-0.5911197461939383,-1.1976480443855717,,,0.31812169312169314,0.11904761904761904,,,,,,,N/A,NO_STRESS
2018-09-20,11.8,49.34000015258789,,,,-0.5777830164257667,-1.1451151406649462,,,0.328042328042328,0.14814814814814814,,,,,,,N/A,NO_STRESS
2018-09-21,11.68,48.83000183105469,,,,-0.6063890304405625,-1.187725604292063,,,0.30952380952380953,0.12367724867724868,,,,,,,N/A,NO_STRESS
2018-09-24,12.2,48.310001373291016,,,,-0.47669101479965437,-1.2310667266460504,,,0.38293650793650796,0.09854497354497355,,,,,,,N/A,NO_STRESS
2018-09-25,12.42,49.380001068115234,,,,-0.4216296889629756,-1.1319294621004865,,,0.421957671957672,0.1541005291005291,,,,,,,N/A,NO_STRESS
2018-09-26,12.89,47.439998626708984,,,,-0.3047717345718448,-1.3024938398679335,,,0.4887566137566138,0.06349206349206349,,,,,,,N/A,NO_STRESS
2018-09-27,12.41,45.709999084472656,,,,-0.42250942564197813,-1.4538557986116483,,,0.41865079365079366,0.01455026455026455,,,,,,,N/A,NO_STRESS
2018-09-28,12.12,46.15999984741211,,,,-0.4932418549738416,-1.4096313950414847,,,0.37037037037037035,0.02447089947089947,,,,,,,N/A,NO_STRESS
2018-10-01,12.0,44.279998779296875,,,,-0.5220733684945,-1.5734868198659233,,,0.3558201058201058,0.003968253968253968,,,,,,,N/A,NO_STRESS
2018-10-02,12.05,45.349998474121094,,,,-0.508275972189465,-1.4732113117813488,,,0.3644179894179894,0.01455026455026455,,,,,,,N/A,NO_STRESS
2018-10-03,11.61,50.209999084472656,,,,-0.6157933233204085,-1.0349858082477992,,,0.2976190476190476,0.1984126984126984,,,,,,,N/A,NO_STRESS
2018-10-04,14.22,55.06999969482422,,,,0.030314293208790605,-0.5978892013409981,,,0.6428571428571429,0.38293650793650796,,,,,,,N/A,NO_STRESS
2018-10-05,14.82,55.189998626708984,,,,0.1800194082405838,-0.5854291408649966,,,0.6944444444444444,0.3862433862433862,,,,,,,N/A,NO_STRESS
2018-10-08,15.69,55.189998626708984,,,,0.3973497853985114,-0.5838776395599754,,,0.7486772486772487,0.3869047619047619,,,,,,,N/A,NO_STRESS
2018-10-09,15.95,53.45000076293945,,,,0.4627678514147249,-0.737991168732593,,,0.7731481481481481,0.3386243386243386,,,,,,,N/A,NO_STRESS
2018-10-10,22.96,55.70000076293945,,,,2.1949020059328763,-0.5346460628008818,,,0.9563492063492064,0.4060846560846561,,,,,,,N/A,EQUITY_DRIVEN
2018-10-11,24.98,56.06999969482422,,,,2.6800412501264312,-0.499813323938343,,,0.9722222222222222,0.41865079365079366,,,,,,,N/A,EQUITY_DRIVEN
2018-10-12,21.31,54.369998931884766,,,,1.7714922299294082,-0.6504267196401139,,,0.9312169312169312,0.3664021164021164,,,,,,,N/A,EQUITY_DRIVEN
2018-10-15,21.3,51.25,,,,1.7636198869256,-0.9278083815780441,,,0.9298941798941799,0.24603174603174602,,,,,,,N/A,EQUITY_DRIVEN
2018-10-16,17.62,50.18000030517578,,,,0.8595092255424674,-1.0210618443335397,,,0.8373015873015873,0.1984126984126984,,,,,,,N/A,EQUITY_DRIVEN
2018-10-17,17.4,48.9900016784668,,,,0.8048228230806789,-1.1247201532848972,,,0.832010582010582,0.13756613756613756,,,,,,,N/A,EQUITY_DRIVEN
2018-10-18,20.06,52.63999938964844,,,,1.453610445030493,-0.7955464125353165,,,0.9041005291005291,0.3134920634920635,,,,,,,N/A,EQUITY_DRIVEN
2018-10-19,19.89,52.040000915527344,,,,1.4086598033607804,-0.847104204874115,,,0.8968253968253969,0.2857142857142857,,,,,,,N/A,EQUITY_DRIVEN
2018-10-22,19.64,51.849998474121094,,,,1.3444858091261769,-0.861901611708563,,,0.8928571428571429,0.2804232804232804,,,,,,,N/A,EQUITY_DRIVEN
2018-10-23,20.71,55.0099983215332,,,,1.601940228273978,-0.5771303414178136,,,0.9193121693121693,0.3915343915343915,,,,,,,N/A,EQUITY_DRIVEN
2018-10-24,25.23,57.689998626708984,,,,2.6881761822929118,-0.33555746336500636,,,0.9748677248677249,0.4523809523809524,,,,,,,N/A,EQUITY_DRIVEN
2018-10-25,24.22,56.70000076293945,,,,2.4310231407016927,-0.4226659467289812,,,0.9642857142857143,0.43783068783068785,,,,,,,N/A,EQUITY_DRIVEN
2018-10-26,24.16,62.70000076293945,,,,2.406735767847972,0.11696089505416467,,,0.9629629629629629,0.5343915343915344,,,,,,,N/A,EQUITY_DRIVEN
2018-10-29,24.7,59.77000045776367,,,,2.5230733625589306,-0.14476153488809662,,,0.966931216931217,0.4880952380952381,,,,,,,N/A,EQUITY_DRIVEN
2018-10-30,23.35,61.790000915527344,,,,2.189865306938818,0.03771946481915785,,,0.9523809523809523,0.5238095238095238,,,,,,,N/A,EQUITY_DRIVEN
2018-10-31,21.23,60.130001068115234,,,,1.678989380326017,-0.11001783084863263,,,0.921957671957672,0.4947089947089947,,,,,,,N/A,EQUITY_DRIVEN
2018-11-01,19.34,58.540000915527344,,,,1.2275754902174842,-0.25148739532182335,,,0.873015873015873,0.4669312169312169,,,,,,,N/A,EQUITY_DRIVEN
2018-11-02,19.51,61.41999816894531,,,,1.2680639064384567,0.008925191498630726,,,0.8809523809523809,0.5224867724867724,,,,,,,N/A,EQUITY_DRIVEN
2018-11-05,19.96,59.900001525878906,,,,1.3806939615500626,-0.1262440593164706,,,0.8888888888888888,0.4933862433862434,,,,,,,N/A,EQUITY_DRIVEN
2018-11-06,19.91,59.0099983215332,,,,1.3717044557830382,-0.20447035723564086,,,0.8888888888888888,0.4781746031746032,,,,,,,N/A,EQUITY_DRIVEN
2018-11-07,16.36,59.0099983215332,,,,0.5220629916551819,-0.20237417089229717,,,0.7883597883597884,0.47883597883597884,,,,,,,N/A,NO_STRESS
2018-11-08,16.72,51.58000183105469,,,,0.6091170296798534,-0.8718732002181183,,,0.8015873015873016,0.2671957671957672,,,,,,,N/A,EQUITY_DRIVEN
2018-11-09,17.36,53.540000915527344,,,,0.7638528225709065,-0.6929147901355174,,,0.8240740740740741,0.3492063492063492,,,,,,,N/A,EQUITY_DRIVEN
2018-11-12,20.45,53.540000915527344,,,,1.5073622254207693,-0.6911535514211415,,,0.9047619047619048,0.3498677248677249,,,,,,,N/A,EQUITY_DRIVEN
2018-11-13,20.02,52.22999954223633,,,,1.402766273176848,-0.8076444784173741,,,0.8961640211640212,0.30158730158730157,,,,,,,N/A,EQUITY_DRIVEN
2018-11-14,21.25,53.900001525878906,,,,1.6941692811074711,-0.6551062162583283,,,0.9246031746031746,0.35978835978835977,,,,,,,N/A,EQUITY_DRIVEN
2018-11-15,19.98,56.220001220703125,,,,1.386259688949262,-0.44430477210153063,,,0.8921957671957672,0.43915343915343913,,,,,,,N/A,EQUITY_DRIVEN
2018-11-16,18.14,60.43000030517578,,,,0.9438990418041592,-0.06329866457693142,,,0.8379629629629629,0.5178571428571429,,,,,,,N/A,EQUITY_DRIVEN
2018-11-19,20.1,59.470001220703125,,,,1.4104412055036106,-0.1493432833379088,,,0.8981481481481481,0.4933862433862434,,,,,,,N/A,EQUITY_DRIVEN
2018-11-20,22.48,59.4900016784668,,,,1.9737101053225043,-0.1466413111765484,,,0.9431216931216931,0.4947089947089947,,,,,,,N/A,EQUITY_DRIVEN
2018-11-21,20.8,57.650001525878906,,,,1.5687171112915061,-0.3118627786550853,,,0.9140211640211641,0.46164021164021163,,,,,,,N/A,EQUITY_DRIVEN
2018-11-22,20.8,57.650001525878906,,,,1.5656162613422218,-0.310753667948501,,,0.9133597883597884,0.4623015873015873,,,,,,,N/A,EQUITY_DRIVEN
2018-11-23,21.52,57.310001373291016,,,,1.7335877937768869,-0.3402979223257005,,,0.9272486772486772,0.45634920634920634,,,,,,,N/A,EQUITY_DRIVEN
2018-11-26,18.9,51.529998779296875,,,,1.1101373308993587,-0.8608384791118123,,,0.8531746031746031,0.26587301587301587,,,,,,,N/A,EQUITY_DRIVEN
2018-11-27,19.02,51.2400016784668,,,,1.140000448696325,-0.8847855822184986,,,0.8564814814814815,0.24867724867724866,,,,,,,N/A,EQUITY_DRIVEN
2018-11-28,18.49,50.7599983215332,,,,1.0144860551636097,-0.925719631076531,,,0.841931216931217,0.22883597883597884,,,,,,,N/A,EQUITY_DRIVEN
2018-11-29,18.79,50.91999816894531,,,,1.0872451747759428,-0.9088382289145498,,,0.8544973544973545,0.23412698412698413,,,,,,,N/A,EQUITY_DRIVEN
2018-11-30,18.07,52.43000030517578,,,,0.9214701677944734,-0.7701578879619109,,,0.832010582010582,0.31283068783068785,,,,,,,N/A,EQUITY_DRIVEN
2018-12-03,16.44,50.310001373291016,,,,0.5384037220582464,-0.9593783643249256,,,0.7843915343915344,0.2056878306878307,,,,,,,N/A,NO_STRESS
2018-12-04,20.74,53.86000061035156,,,,1.5772856704557556,-0.6364265043270905,,,0.9140211640211641,0.3664021164021164,,,,,,,N/A,EQUITY_DRIVEN
2018-12-05,20.74,53.86000061035156,,,,1.5793961632809204,-0.6345567553909025,,,0.9146825396825397,0.36706349206349204,,,,,,,N/A,EQUITY_DRIVEN
2018-12-06,21.19,53.86000061035156,,,,1.6940143441248814,-0.6325576926202863,,,0.9259259259259259,0.36772486772486773,,,,,,,N/A,EQUITY_DRIVEN
2018-12-07,23.23,60.7400016784668,,,,2.1890093137452973,-0.007942034437040885,,,0.9576719576719577,0.544973544973545,,,,,,,N/A,EQUITY_DRIVEN
2018-12-10,22.64,60.2599983215332,,,,2.0550271954243713,-0.04939736084979809,,,0.9537037037037037,0.5297619047619048,,,,,,,N/A,EQUITY_DRIVEN
2018-12-11,21.76,58.72999954223633,,,,1.8506877304211862,-0.18628571875105593,,,0.9378306878306878,0.49603174603174605,,,,,,,N/A,EQUITY_DRIVEN
2018-12-12,21.46,58.22999954223633,,,,1.7851708841604252,-0.22979514027575726,,,0.9325396825396826,0.48677248677248675,,,,,,,N/A,EQUITY_DRIVEN
2018-12-13,20.65,55.75,,,,1.5978775065469155,-0.45355722454356373,,,0.9113756613756614,0.43915343915343913,,,,,,,N/A,EQUITY_DRIVEN
2018-12-14,21.63,56.130001068115234,,,,1.8483367797346804,-0.4167751377910781,,,0.9378306878306878,0.45105820105820105,,,,,,,N/A,EQUITY_DRIVEN
2018-12-17,24.52,55.40999984741211,,,,2.5578929870909173,-0.4806492416559987,,,0.9761904761904762,0.4279100529100529,,,,,,,N/A,EQUITY_DRIVEN
2018-12-18,25.58,59.400001525878906,,,,2.815570208176214,-0.11335791902163951,,,0.9854497354497355,0.5152116402116402,,,,,,,N/A,EQUITY_DRIVEN
2018-12-19,25.58,59.0099983215332,,,,2.807697895521371,-0.14733777029775832,,,0.9847883597883598,0.5099206349206349,,,,,,,N/A,EQUITY_DRIVEN
2018-12-20,28.38,58.7599983215332,,,,3.477564851571006,-0.16880944179579074,,,0.9947089947089947,0.5026455026455027,,,,,,,N/A,EQUITY_DRIVEN
2018-12-21,30.11,61.61000061035156,,,,3.8699930227905246,0.0942502604959956,,,0.9973544973544973,0.5701058201058201,,,,,,,N/A,EQUITY_DRIVEN
2018-12-24,36.07,66.04000091552734,,,,5.2231584925020496,0.5029233175783395,,,0.9986772486772487,0.6693121693121693,,,,,,,N/A,EQUITY_DRIVEN
2018-12-25,36.07,66.04000091552734,,,,5.132598755485801,0.5042117428567787,,,0.998015873015873,0.669973544973545,,,,,,,N/A,EQUITY_DRIVEN
2018-12-26,30.41,63.88999938964844,,,,3.772617410450901,0.3083631237597728,,,0.9947089947089947,0.6183862433862434,,,,,,,N/A,EQUITY_DRIVEN
2018-12-27,29.96,68.33999633789062,,,,3.6399956039474923,0.7213862729200778,,,0.9907407407407407,0.7380952380952381,,,,,,,N/A,EQUITY_DRIVEN
2018-12-28,28.34,66.66000366210938,,,,3.2465847442665874,0.5698890717064824,,,0.9867724867724867,0.6917989417989417,,,,,,,N/A,EQUITY_DRIVEN
2018-12-31,25.42,66.58000183105469,,,,2.5692913891949387,0.5656501565810976,,,0.9735449735449735,0.6865079365079365,,,,,,,N/A,EQUITY_DRIVEN
2019-01-01,25.42,66.58000183105469,,,,2.570666194797165,0.5710260054803982,,,0.9742063492063492,0.6871693121693122,,,,,,,N/A,EQUITY_DRIVEN
2019-01-02,23.22,62.79999923706055,,,,2.070308149588598,0.22319250271046345,,,0.9523809523809523,0.5886243386243386,,,,,,,N/A,EQUITY_DRIVEN
2019-01-03,25.45,65.79000091552734,,,,2.5870343780841347,0.5081485739753646,,,0.9775132275132276,0.6686507936507936,,,,,,,N/A,EQUITY_DRIVEN
2019-01-04,21.38,65.81999969482422,,,,1.6574350156745,0.5186284366679309,,,0.9312169312169312,0.6706349206349206,,,,,,,N/A,EQUITY_DRIVEN
2019-01-07,21.4,60.880001068115234,,,,1.6676737858270276,0.05444390685098624,,,0.9325396825396826,0.5582010582010583,,,,,,,N/A,EQUITY_DRIVEN
2019-01-08,20.47,59.04999923706055,,,,1.4572372581563706,-0.11674729561271006,,,0.9027777777777778,0.5145502645502645,,,,,,,N/A,EQUITY_DRIVEN
2019-01-09,19.98,57.02000045776367,,,,1.3472624392237718,-0.3094820002243067,,,0.8908730158730159,0.4669312169312169,,,,,,,N/A,EQUITY_DRIVEN
2019-01-10,19.5,56.650001525878906,,,,1.23749674930389,-0.3428742297431922,,,0.876984126984127,0.46164021164021163,,,,,,,N/A,EQUITY_DRIVEN
2019-01-11,18.19,55.939998626708984,,,,0.932935832119045,-0.40949699023669295,,,0.8373015873015873,0.4451058201058201,,,,,,,N/A,EQUITY_DRIVEN
2019-01-14,19.07,55.34000015258789,,,,1.1405687316616466,-0.46598330092442725,,,0.8650793650793651,0.42592592592592593,,,,,,,N/A,EQUITY_DRIVEN
2019-01-15,18.6,53.0099983215332,,,,1.0307355557561142,-0.692390266829876,,,0.8505291005291006,0.3386243386243386,,,,,,,N/A,EQUITY_DRIVEN
2019-01-16,19.04,51.95000076293945,,,,1.1356122962554123,-0.7949300449179658,,,0.8664021164021164,0.29365079365079366,,,,,,,N/A,EQUITY_DRIVEN
2019-01-17,18.06,53.439998626708984,,,,0.9069988594373323,-0.6464166198921074,,,0.8333333333333334,0.35978835978835977,,,,,,,N/A,EQUITY_DRIVEN
2019-01-18,17.8,53.779998779296875,,,,0.8465756976812199,-0.6109993596032768,,,0.8253968253968254,0.36904761904761907,,,,,,,N/A,EQUITY_DRIVEN
2019-01-21,17.8,53.779998779296875,,,,0.8477773487286788,-0.6091110032435059,,,0.826058201058201,0.3697089947089947,,,,,,,N/A,EQUITY_DRIVEN
2019-01-22,20.8,54.63999938964844,,,,1.5541671016528313,-0.5214794910111813,,,0.921957671957672,0.41005291005291006,,,,,,,N/A,EQUITY_DRIVEN
2019-01-23,19.52,54.189998626708984,,,,1.2513935716170548,-0.5645852574819432,,,0.8849206349206349,0.39616402116402116,,,,,,,N/A,EQUITY_DRIVEN
2019-01-24,18.89,54.18000030517578,,,,1.1019902758938036,-0.5636998205883215,,,0.8624338624338624,0.3955026455026455,,,,,,,N/A,EQUITY_DRIVEN
2019-01-25,17.42,52.5,,,,0.7558105858661704,-0.7310448970753666,,,0.8174603174603174,0.3194444444444444,,,,,,,N/A,EQUITY_DRIVEN
2019-01-28,18.87,50.95000076293945,,,,1.0956801994174163,-0.8854614640077141,,,0.8611111111111112,0.23677248677248677,,,,,,,N/A,EQUITY_DRIVEN
2019-01-29,19.13,49.79999923706055,,,,1.1556471783404494,-0.9995881202906517,,,0.871031746031746,0.18121693121693122,,,,,,,N/A,EQUITY_DRIVEN
2019-01-30,17.66,48.31999969482422,,,,0.8107756517958865,-1.1476307397444985,,,0.8187830687830688,0.10714285714285714,,,,,,,N/A,EQUITY_DRIVEN
2019-01-31,16.57,49.810001373291016,,,,0.555355199162154,-0.9945472117540876,,,0.791005291005291,0.18452380952380953,,,,,,,N/A,NO_STRESS
2019-02-01,16.14,48.790000915527344,,,,0.45501922532608824,-1.0965513312258741,,,0.7698412698412699,0.12896825396825398,,,,,,,N/A,NO_STRESS
2019-02-04,15.73,48.869998931884766,,,,0.3588475820050244,-1.0867460542677654,,,0.7407407407407407,0.1388888888888889,,,,,,,N/A,NO_STRESS
2019-02-05,15.57,48.619998931884766,,,,0.3216896472369946,-1.1102421036503483,,,0.7294973544973545,0.12169312169312169,,,,,,,N/A,NO_STRESS
2019-02-06,15.38,47.439998626708984,,,,0.2774906372884287,-1.2287716164215765,,,0.7195767195767195,0.06944444444444445,,,,,,,N/A,NO_STRESS
2019-02-07,16.37,48.970001220703125,,,,0.5099957476341314,-1.0692076482009172,,,0.7883597883597884,0.14417989417989419,,,,,,,N/A,NO_STRESS
2019-02-08,15.72,49.630001068115234,,,,0.35660379548268706,-0.9988796413098437,,,0.7407407407407407,0.18386243386243387,,,,,,,N/A,NO_STRESS
2019-02-11,15.97,48.31999969482422,,,,0.4147775693735808,-1.1304881566876843,,,0.7638888888888888,0.10912698412698413,,,,,,,N/A,NO_STRESS
2019-02-12,15.43,49.02000045776367,,,,0.2872001550354744,-1.0558087055442422,,,0.718915343915344,0.14814814814814814,,,,,,,N/A,NO_STRESS
2019-02-13,15.65,48.16999816894531,,,,0.3384737587758509,-1.1401633689539852,,,0.7354497354497355,0.10052910052910052,,,,,,,N/A,NO_STRESS
2019-02-14,16.22,47.189998626708984,,,,0.4721098353046233,-1.2375785870279952,,,0.7777777777777778,0.05952380952380952,,,,,,,N/A,NO_STRESS
2019-02-15,14.91,45.72999954223633,,,,0.16391203433533844,-1.3839412322719824,,,0.6891534391534392,0.018518518518518517,,,,,,,N/A,NO_STRESS
2019-02-18,14.91,45.72999954223633,,,,0.1638578916469422,-1.3802911258446842,,,0.6884920634920635,0.01917989417989418,,,,,,,N/A,NO_STRESS
2019-02-19,14.88,45.060001373291016,,,,0.1569167898623274,-1.4455527838123878,,,0.6871693121693122,0.011904761904761904,,,,,,,N/A,NO_STRESS
2019-02-20,14.02,44.540000915527344,,,,-0.04543985251723494,-1.4948851781183712,,,0.6170634920634921,0.005291005291005291,,,,,,,N/A,NO_STRESS
2019-02-21,14.46,46.54999923706055,,,,0.057780704098100995,-1.2848248342183222,,,0.6494708994708994,0.03968253968253968,,,,,,,N/A,NO_STRESS
2019-02-22,13.51,47.220001220703125,,,,-0.1655483120002393,-1.2126692232087546,,,0.5806878306878307,0.06746031746031746,,,,,,,N/A,NO_STRESS
2019-02-25,14.85,46.15999984741211,,,,0.14911506042897374,-1.3177907701318616,,,0.6845238095238095,0.03306878306878307,,,,,,,N/A,NO_STRESS
2019-02-26,15.17,46.279998779296875,,,,0.22405570762888644,-1.3017854821466148,,,0.6997354497354498,0.037037037037037035,,,,,,,N/A,NO_STRESS
2019-02-27,14.7,46.279998779296875,,,,0.11372865443923197,-1.298134343346895,,,0.667989417989418,0.037698412698412696,,,,,,,N/A,NO_STRESS
2019-02-28,14.78,47.220001220703125,,,,0.13233139861314283,-1.1985500687422845,,,0.6792328042328042,0.07208994708994709,,,,,,,N/A,NO_STRESS
2019-03-01,13.57,47.900001525878906,,,,-0.15151415160019596,-1.1259252862923452,,,0.5866402116402116,0.10317460317460317,,,,,,,N/A,NO_STRESS
2019-03-04,14.63,46.7400016784668,,,,0.09809557416455732,-1.2415467611177038,,,0.6534391534391535,0.051587301587301584,,,,,,,N/A,NO_STRESS
2019-03-05,14.74,45.86000061035156,,,,0.12446645290010955,-1.3280662909893102,,,0.673941798941799,0.02513227513227513,,,,,,,N/A,NO_STRESS
2019-03-06,15.74,45.630001068115234,,,,0.35947032655485356,-1.3478045818738267,,,0.7420634920634921,0.01984126984126984,,,,,,,N/A,NO_STRESS
2019-03-07,16.59,45.83000183105469,,,,0.5584979468890244,-1.3235425430826724,,,0.7956349206349206,0.025793650793650792,,,,,,,N/A,NO_STRESS
2019-03-08,16.05,45.83000183105469,,,,0.4306930425219942,-1.3197833525264453,,,0.7665343915343915,0.026455026455026454,,,,,,,N/A,NO_STRESS
2019-03-11,14.33,44.84000015258789,,,,0.025902022529917072,-1.4168317217773048,,,0.6362433862433863,0.007275132275132275,,,,,,,N/A,NO_STRESS
2019-03-12,13.77,44.86000061035156,,,,-0.10595309256242935,-1.4105895554030081,,,0.6018518518518519,0.009259259259259259,,,,,,,N/A,NO_STRESS
2019-03-13,13.41,44.56999969482422,,,,-0.19068844683228284,-1.4358802650746336,,,0.5582010582010583,0.006613756613756613,,,,,,,N/A,NO_STRESS
2019-03-14,13.5,45.2400016784668,,,,-0.16958885108995916,-1.3635911622183379,,,0.5767195767195767,0.018518518518518517,,,,,,,N/A,NO_STRESS
2019-03-15,12.88,46.04999923706055,,,,-0.3150779573554387,-1.277468435394193,,,0.4947089947089947,0.03968253968253968,,,,,,,N/A,NO_STRESS
2019-03-18,13.1,44.95000076293945,,,,-0.2632910736669721,-1.385527912733169,,,0.5165343915343915,0.013227513227513227,,,,,,,N/A,NO_STRESS
2019-03-19,13.56,43.68000030517578,,,,-0.15492946819655967,-1.5102148550697865,,,0.5859788359788359,0.0013227513227513227,,,,,,,N/A,NO_STRESS
2019-03-20,13.91,42.529998779296875,,,,-0.0725909310852274,-1.621898575630175,,,0.6104497354497355,0.0013227513227513227,,,,,,,N/A,NO_STRESS
2019-03-21,13.63,44.5099983215332,,,,-0.13840489382109533,-1.4164699185998986,,,0.5932539682539683,0.007936507936507936,,,,,,,N/A,NO_STRESS
2019-03-22,16.48,52.2599983215332,,,,0.5314624819338022,-0.6281180794916889,,,0.7883597883597884,0.36243386243386244,,,,,,,N/A,NO_STRESS
2019-03-25,16.33,57.11000061035156,,,,0.4959497259294895,-0.13479165364394255,,,0.7797619047619048,0.5396825396825397,,,,,,,N/A,NO_STRESS
2019-03-26,14.68,56.5099983215332,,,,0.10794904348447999,-0.1946631683701031,,,0.6633597883597884,0.5277777777777778,,,,,,,N/A,NO_STRESS
2019-03-27,15.15,60.970001220703125,,,,0.21861873900367992,0.2594617877332939,,,0.6997354497354498,0.6362433862433863,,,,,,,N/A,NO_STRESS
2019-03-28,14.43,59.93000030517578,,,,0.049812858223878986,0.15496985017297818,,,0.6441798941798942,0.6084656084656085,,,,,,,N/A,NO_STRESS
2019-03-29,13.71,58.54999923706055,,,,-0.11885043480754133,0.0160113997179808,,,0.6018518518518519,0.5714285714285714,,,,,,,N/A,NO_STRESS
2019-04-01,13.4,52.689998626708984,,,,-0.1913525644963187,-0.5786942022464283,,,0.5582010582010583,0.3855820105820106,,,,,,,N/A,NO_STRESS
2019-04-02,13.36,54.209999084472656,,,,-0.20038003891430753,-0.42271223668754854,,,0.5515873015873016,0.455026455026455,,,,,,,N/A,NO_STRESS
2019-04-03,13.74,53.84000015258789,,,,-0.11103752646381398,-0.4590430364527056,,,0.6058201058201058,0.42857142857142855,,,,,,,N/A,NO_STRESS
2019-04-04,13.58,51.70000076293945,,,,-0.14832393385390008,-0.675172335303239,,,0.5925925925925926,0.3373015873015873,,,,,,,N/A,NO_STRESS
2019-04-05,12.82,49.220001220703125,,,,-0.3265607045716679,-0.9252841581224904,,,0.4755291005291005,0.1984126984126984,,,,,,,N/A,NO_STRESS
2019-04-08,13.18,47.88999938964844,,,,-0.24131175969160043,-1.0578832131227693,,,0.533068783068783,0.12169312169312169,,,,,,,N/A,NO_STRESS
2019-04-09,14.28,48.83000183105469,,,,0.017514453060087157,-0.9597611367420317,,,0.6441798941798942,0.17592592592592593,,,,,,,N/A,NO_STRESS
2019-04-10,13.3,48.599998474121094,,,,-0.21226901455608563,-0.9805590363991458,,,0.546957671957672,0.16137566137566137,,,,,,,N/A,NO_STRESS
2019-04-11,13.02,46.900001525878906,,,,-0.27722879244584986,-1.1503689825447154,,,0.5112433862433863,0.08068783068783068,,,,,,,N/A,NO_STRESS
2019-04-12,12.01,48.84000015258789,,,,-0.5134412280276704,-0.95061767510052,,,0.3584656084656085,0.1818783068783069,,,,,,,N/A,NO_STRESS
2019-04-15,12.32,47.63999938964844,,,,-0.4395911510241604,-1.0698477334440777,,,0.4087301587301587,0.11375661375661375,,,,,,,N/A,NO_STRESS
2019-04-16,12.18,48.310001373291016,,,,-0.47136124679816466,-0.9990487229923701,,,0.38492063492063494,0.14682539682539683,,,,,,,N/A,NO_STRESS
2019-04-17,12.6,48.650001525878906,,,,-0.37198880829789777,-0.9619211535764093,,,0.455026455026455,0.16997354497354497,,,,,,,N/A,NO_STRESS
2019-04-18,12.09,49.22999954223633,,,,-0.49127635475868253,-0.9005118876204959,,,0.3723544973544973,0.21031746031746032,,,,,,,N/A,NO_STRESS
2019-04-19,12.09,49.22999954223633,,,,-0.4907913103090655,-0.8981556315835723,,,0.373015873015873,0.210978835978836,,,,,,,N/A,NO_STRESS
2019-04-22,12.42,48.779998779296875,,,,-0.4129665418064063,-0.9414560401909671,,,0.43584656084656087,0.17592592592592593,,,,,,,N/A,NO_STRESS
2019-04-23,12.28,49.790000915527344,,,,-0.44557413970966225,-0.8364683743304707,,,0.4060846560846561,0.2447089947089947,,,,,,,N/A,NO_STRESS
2019-04-24,13.14,50.52000045776367,,,,-0.2430998786719482,-0.7600770231527497,,,0.5363756613756614,0.28505291005291006,,,,,,,N/A,NO_STRESS
2019-04-25,13.25,49.790000915527344,,,,-0.2169438803815956,-0.8320975497509127,,,0.5555555555555556,0.24537037037037038,,,,,,,N/A,NO_STRESS
2019-04-26,12.73,49.43000030517578,,,,-0.338856489829849,-0.8664066886797281,,,0.47619047619047616,0.2294973544973545,,,,,,,N/A,NO_STRESS
2019-04-29,13.11,48.04999923706055,,,,-0.24943399223585294,-1.004297606455451,,,0.533068783068783,0.1349206349206349,,,,,,,N/A,NO_STRESS
2019-04-30,13.12,49.470001220703125,,,,-0.24691164253643572,-0.8574070856710758,,,0.5357142857142857,0.23677248677248677,,,,,,,N/A,NO_STRESS
2019-05-01,14.8,46.75,,,,0.1476531703246376,-1.131382162695124,,,0.6931216931216931,0.07076719576719577,,,,,,,N/A,NO_STRESS
2019-05-02,14.42,46.720001220703125,,,,0.05824861339928481,-1.1314072038748595,,,0.6554232804232805,0.06746031746031746,,,,,,,N/A,NO_STRESS
2019-05-03,12.87,45.779998779296875,,,,-0.30542897375463285,-1.2237503897869066,,,0.5059523809523809,0.03571428571428571,,,,,,,N/A,NO_STRESS
2019-05-06,15.44,47.81999969482422,,,,0.29904500277970314,-1.0138774125711196,,,0.7248677248677249,0.1283068783068783,,,,,,,N/A,NO_STRESS
2019-05-07,19.32,52.36000061035156,,,,1.2123889767794982,-0.549263816359164,,,0.875,0.3968253968253968,,,,,,,N/A,EQUITY_DRIVEN
2019-05-08,19.4,51.310001373291016,,,,1.2321226966361067,-0.6547228520472339,,,0.8796296296296297,0.33994708994708994,,,,,,,N/A,EQUITY_DRIVEN
2019-05-09,19.1,54.720001220703125,,,,1.1623344029867406,-0.30281807283009726,,,0.8703703703703703,0.5079365079365079,,,,,,,N/A,EQUITY_DRIVEN
2019-05-10,16.04,53.4900016784668,,,,0.4433775282030506,-0.42716059918857435,,,0.7665343915343915,0.45105820105820105,,,,,,,N/A,NO_STRESS
2019-05-13,20.55,57.88999938964844,,,,1.5049429862119719,0.030850238888621012,,,0.9140211640211641,0.6025132275132276,,,,,,,N/A,EQUITY_DRIVEN
2019-05-14,18.06,55.349998474121094,,,,0.9187118616962354,-0.2303021231362469,,,0.8353174603174603,0.5324074074074074,,,,,,,N/A,EQUITY_DRIVEN
2019-05-15,16.44,57.400001525878906,,,,0.5380571278202775,-0.01436754430241047,,,0.7903439153439153,0.58994708994709,,,,,,,N/A,NO_STRESS
2019-05-16,15.29,56.97999954223633,,,,0.2693730401816756,-0.05526550305139459,,,0.7156084656084656,0.578042328042328,,,,,,,N/A,NO_STRESS
2019-05-17,15.96,56.970001220703125,,,,0.4280375694498463,-0.05405580070791804,,,0.7625661375661376,0.578042328042328,,,,,,,N/A,NO_STRESS
2019-05-20,16.31,56.54999923706055,,,,0.5161190311784584,-0.0954354977371934,,,0.7857142857142857,0.5701058201058201,,,,,,,N/A,NO_STRESS
2019-05-21,14.95,55.349998474121094,,,,0.19692662000443664,-0.21897614821421993,,,0.705026455026455,0.533068783068783,,,,,,,N/A,NO_STRESS
2019-05-22,14.75,54.959999084472656,,,,0.15068629364696826,-0.2577232292863204,,,0.6832010582010583,0.5119047619047619,,,,,,,N/A,NO_STRESS
2019-05-23,16.92,61.06999969482422,,,,0.667637000310277,0.3921042518075798,,,0.8134920634920635,0.6917989417989417,,,,,,,N/A,EQUITY_DRIVEN
2019-05-24,15.85,60.540000915527344,,,,0.41260695148267174,0.3380976353582953,,,0.753968253968254,0.6792328042328042,,,,,,,N/A,NO_STRESS
2019-05-27,15.85,60.540000915527344,,,,0.4122267059933887,0.34075251951903407,,,0.7533068783068783,0.6798941798941799,,,,,,,N/A,NO_STRESS
2019-05-28,17.5,61.77000045776367,,,,0.8041322384655283,0.47457021425707574,,,0.826058201058201,0.7076719576719577,,,,,,,N/A,EQUITY_DRIVEN
2019-05-29,17.9,63.15999984741211,,,,0.898249307251866,0.6270066430099938,,,0.8373015873015873,0.7341269841269841,,,,,,,N/A,EQUITY_DRIVEN
2019-05-30,17.3,61.7400016784668,,,,0.7544266900243556,0.47815779588230833,,,0.8148148148148148,0.7076719576719577,,,,,,,N/A,EQUITY_DRIVEN
2019-05-31,18.71,72.68000030517578,,,,1.0878555453125733,1.6552718298893077,,,0.8578042328042328,0.917989417989418,,,,,,,N/A,RATES_DRIVEN
2019-06-03,18.86,73.55999755859375,,,,1.1208423825609335,1.749167831229723,,,0.8637566137566137,0.9292328042328042,,,,,,,N/A,RATES_DRIVEN
2019-06-04,16.97,75.26000213623047,,,,0.670552789605903,1.9286192556598691,,,0.8068783068783069,0.9523809523809523,,,,,,,N/A,RATES_DRIVEN
2019-06-05,16.09,77.63999938964844,,,,0.46068773250794526,2.179621265692856,,,0.7665343915343915,0.9761904761904762,,,,,,,N/A,RATES_DRIVEN
2019-06-06,15.93,73.41999816894531,,,,0.42175291356446426,1.7264749016172056,,,0.7506613756613757,0.9226190476190477,,,,,,,N/A,RATES_DRIVEN
2019-06-07,16.3,68.69000244140625,,,,0.5084674767811872,1.2217880999172792,,,0.7784391534391535,0.843915343915344,,,,,,,N/A,RATES_DRIVEN
2019-06-10,15.94,65.62000274658203,,,,0.42194818726701605,0.8955343610878819,,,0.75,0.7896825396825397,,,,,,,N/A,NO_STRESS
2019-06-11,15.99,64.93000030517578,,,,0.43269900815639334,0.8237269275473478,,,0.7592592592592593,0.7777777777777778,,,,,,,N/A,NO_STRESS
2019-06-12,15.91,68.43000030517578,,,,0.4124954986451628,1.2009775985193964,,,0.7414021164021164,0.83994708994709,,,,,,,N/A,RATES_DRIVEN
2019-06-13,15.82,75.73999786376953,,,,0.38989858599655025,1.9843965873135003,,,0.7354497354497355,0.9576719576719577,,,,,,,N/A,RATES_DRIVEN
2019-06-14,15.28,80.81999969482422,,,,0.2608758025637947,2.522510855132963,,,0.6990740740740741,0.9894179894179894,,,,,,,N/A,RATES_DRIVEN
2019-06-17,15.35,76.87999725341797,,,,0.2764874467052753,2.09559916688501,,,0.701058201058201,0.9682539682539683,,,,,,,N/A,RATES_DRIVEN
2019-06-18,15.15,76.73999786376953,,,,0.22827680373407863,2.0756057613735126,,,0.6911375661375662,0.966931216931217,,,,,,,N/A,RATES_DRIVEN
2019-06-19,14.33,71.37000274658203,,,,0.033115228673160614,1.5009009867779015,,,0.6355820105820106,0.8994708994708994,,,,,,,N/A,RATES_DRIVEN
2019-06-20,14.75,72.37000274658203,,,,0.13228002979983433,1.6051587180310105,,,0.6666666666666666,0.9047619047619048,,,,,,,N/A,RATES_DRIVEN
2019-06-21,15.4,74.62999725341797,,,,0.2858457009415464,1.8421143139810099,,,0.7063492063492064,0.9391534391534392,,,,,,,N/A,RATES_DRIVEN
2019-06-24,15.26,73.76000213623047,,,,0.2515646397790208,1.745203319585481,,,0.6944444444444444,0.9232804232804233,,,,,,,N/A,RATES_DRIVEN
2019-06-25,16.28,74.22000122070312,,,,0.49267048701928834,1.7893438081499105,,,0.7764550264550265,0.9298941798941799,,,,,,,N/A,RATES_DRIVEN
2019-06-26,16.21,73.7300033569336,,,,0.4750892623535922,1.7344866135887984,,,0.7718253968253969,0.9193121693121693,,,,,,,N/A,RATES_DRIVEN
2019-06-27,15.82,69.91999816894531,,,,0.3815065986662466,1.3299224603825488,,,0.7321428571428571,0.875,,,,,,,N/A,RATES_DRIVEN
2019-06-28,15.08,70.43000030517578,,,,0.20491290710382942,1.3827059716525305,,,0.6825396825396826,0.876984126984127,,,,,,,N/A,RATES_DRIVEN
2019-07-01,14.06,66.52999877929688,,,,-0.03824698464631482,0.9697863937204954,,,0.6111111111111112,0.8055555555555556,,,,,,,N/A,RATES_DRIVEN
2019-07-02,12.93,68.5999984741211,,,,-0.30728342118188084,1.187998499218567,,,0.49537037037037035,0.8333333333333334,,,,,,,N/A,RATES_DRIVEN
2019-07-03,12.57,68.33000183105469,,,,-0.393190847298498,1.1582405766287065,,,0.4444444444444444,0.8267195767195767,,,,,,,N/A,RATES_DRIVEN
2019-07-04,12.57,68.33000183105469,,,,-0.39338366550728276,1.1568196060216143,,,0.4437830687830688,0.826058201058201,,,,,,,N/A,RATES_DRIVEN
2019-07-05,13.28,65.27999877929688,,,,-0.22514412146908375,0.8343996288465129,,,0.5370370370370371,0.7777777777777778,,,,,,,N/A,NO_STRESS
2019-07-08,13.96,63.220001220703125,,,,-0.06422759925009029,0.6168607255371071,,,0.6031746031746031,0.7380952380952381,,,,,,,N/A,NO_STRESS
2019-07-09,14.09,62.900001525878906,,,,-0.03403250606321739,0.5831955057684906,,,0.6124338624338624,0.7301587301587301,,,,,,,N/A,NO_STRESS
2019-07-10,13.03,62.38999938964844,,,,-0.28633789377635865,0.5295076977339765,,,0.501984126984127,0.7195767195767195,,,,,,,N/A,NO_STRESS
2019-07-11,12.93,62.959999084472656,,,,-0.31039027801932684,0.5898921601653343,,,0.4894179894179894,0.7328042328042328,,,,,,,N/A,NO_STRESS
2019-07-12,12.39,62.779998779296875,,,,-0.4392475672254703,0.5710220126328939,,,0.41005291005291006,0.7261904761904762,,,,,,,N/A,NO_STRESS
2019-07-15,12.68,61.900001525878906,,,,-0.37074139755075014,0.4784888762167366,,,0.45105820105820105,0.7129629629629629,,,,,,,N/A,NO_STRESS
2019-07-16,12.86,61.290000915527344,,,,-0.3281074878896219,0.4151732998388998,,,0.47354497354497355,0.701058201058201,,,,,,,N/A,NO_STRESS
2019-07-17,13.97,62.290000915527344,,,,-0.06439224848842673,0.5218757593546746,,,0.6018518518518519,0.7208994708994709,,,,,,,N/A,NO_STRESS
2019-07-18,13.53,63.119998931884766,,,,-0.1691689740049246,0.6104821507407127,,,0.5720899470899471,0.7447089947089947,,,,,,,N/A,NO_STRESS
2019-07-19,14.45,63.86000061035156,,,,0.04959874029072535,0.6901759583854049,,,0.6335978835978836,0.7605820105820106,,,,,,,N/A,NO_STRESS
2019-07-22,13.53,60.970001220703125,,,,-0.16939051301431837,0.3857164844683012,,,0.5727513227513228,0.6924603174603174,,,,,,,N/A,NO_STRESS
2019-07-23,12.61,61.22999954223633,,,,-0.3882992392091404,0.4147035042157582,,,0.44047619047619047,0.7017195767195767,,,,,,,N/A,NO_STRESS
2019-07-24,12.07,60.709999084472656,,,,-0.5164561323789851,0.360974279386355,,,0.35383597883597884,0.6851851851851852,,,,,,,N/A,NO_STRESS
2019-07-25,12.74,60.9900016784668,,,,-0.3567387882649096,0.392260751086939,,,0.45701058201058203,0.6957671957671958,,,,,,,N/A,NO_STRESS
2019-07-26,12.16,58.900001525878906,,,,-0.49430478021805985,0.17157257523962266,,,0.3697089947089947,0.6309523809523809,,,,,,,N/A,NO_STRESS
2019-07-29,12.83,58.54999923706055,,,,-0.335161211907623,0.13546485344082043,,,0.46825396825396826,0.6223544973544973,,,,,,,N/A,NO_STRESS
2019-07-30,13.94,57.84000015258789,,,,-0.07159693396339846,0.06099286166492037,,,0.5978835978835979,0.6097883597883598,,,,,,,N/A,NO_STRESS
2019-07-31,16.12,55.25,,,,0.44610259748476405,-0.21432179298473572,,,0.7638888888888888,0.5304232804232805,,,,,,,N/A,NO_STRESS
2019-08-01,17.87,64.68000030517578,,,,0.86060833434764,0.7922191270259662,,,0.8333333333333334,0.783068783068783,,,,,,,N/A,EQUITY_DRIVEN
2019-08-02,17.61,66.11000061035156,,,,0.7968776961332948,0.9448230612204709,,,0.8214285714285714,0.8108465608465608,,,,,,,N/A,EQUITY_DRIVEN
2019-08-05,24.59,77.23999786376953,,,,2.44658494335222,2.127586330782601,,,0.9695767195767195,0.9708994708994709,,,,,,,N/A,RATES_DRIVEN
2019-08-06,20.17,73.91999816894531,,,,1.3953761012590538,1.771295305168839,,,0.91005291005291,0.921957671957672,,,,,,,N/A,RATES_DRIVEN
2019-08-07,19.49,79.08000183105469,,,,1.233195209206584,2.314080004342845,,,0.8849206349206349,0.9828042328042328,,,,,,,N/A,RATES_DRIVEN
2019-08-08,16.91,78.55000305175781,,,,0.6232087261538881,2.251298013916181,,,0.8015873015873016,0.9761904761904762,,,,,,,N/A,RATES_DRIVEN
2019-08-09,17.97,78.97000122070312,,,,0.8732996559624558,2.28881518183914,,,0.8333333333333334,0.9814814814814815,,,,,,,N/A,RATES_DRIVEN
2019-08-12,21.09,81.58000183105469,,,,1.6071250387279095,2.554483222870917,,,0.9285714285714286,0.9907407407407407,,,,,,,N/A,RATES_DRIVEN
2019-08-13,17.52,77.69999694824219,,,,0.762872518067278,2.1403098143280355,,,0.8161375661375662,0.9695767195767195,,,,,,,N/A,RATES_DRIVEN
2019-08-14,22.1,87.22000122070312,,,,1.8386147201228067,3.1214804183986433,,,0.9484126984126984,0.9986772486772487,,,,,,,N/A,RATES_DRIVEN
2019-08-15,21.18,90.62000274658203,,,,1.6166050780145245,3.4467767013716504,,,0.9285714285714286,1.0,,,,,,,N/A,RATES_DRIVEN
2019-08-16,18.47,89.5199966430664,,,,0.9766232553591379,3.3048959517053635,,,0.83994708994709,0.9986772486772487,,,,,,,N/A,RATES_DRIVEN
2019-08-19,16.88,86.48999786376953,,,,0.6012494524900803,2.971685513956185,,,0.7916666666666666,0.9933862433862434,,,,,,,N/A,RATES_DRIVEN
2019-08-20,17.5,86.86000061035156,,,,0.7458235569239062,2.987974065794686,,,0.8101851851851852,0.9947089947089947,,,,,,,N/A,RATES_DRIVEN
2019-08-21,15.8,84.51000213623047,,,,0.34539918245155343,2.7317692516375343,,,0.7156084656084656,0.9907407407407407,,,,,,,N/A,RATES_DRIVEN
2019-08-22,16.68,83.1500015258789,,,,0.5508652699464035,2.579127931637742,,,0.7843915343915344,0.9880952380952381,,,,,,,N/A,RATES_DRIVEN
2019-08-23,19.87,91.81999969482422,,,,1.2973294106522522,3.4222625016133392,,,0.8888888888888888,1.0,,,,,,,N/A,RATES_DRIVEN
2019-08-26,19.32,87.9800033569336,,,,1.1653337658552865,3.0161885158125123,,,0.8716931216931217,0.9947089947089947,,,,,,,N/A,RATES_DRIVEN
2019-08-27,20.31,88.66999816894531,,,,1.393690471312487,3.0620423891641884,,,0.9074074074074074,0.9947089947089947,,,,,,,N/A,RATES_DRIVEN
2019-08-28,19.35,89.87000274658203,,,,1.1659947072412542,3.1563657614314677,,,0.873015873015873,0.9973544973544973,,,,,,,N/A,RATES_DRIVEN
2019-08-29,17.88,86.94000244140625,,,,0.8201073654483618,2.8503952446439613,,,0.8187830687830688,0.9894179894179894,,,,,,,N/A,RATES_DRIVEN
2019-08-30,18.98,86.88999938964844,,,,1.0748405164942103,2.82823436705982,,,0.8558201058201058,0.9880952380952381,,,,,,,N/A,RATES_DRIVEN
2019-09-02,18.98,86.88999938964844,,,,1.0723525705476988,2.810751173527044,,,0.8551587301587301,0.9874338624338624,,,,,,,N/A,RATES_DRIVEN
2019-09-03,19.66,85.2699966430664,,,,1.2281009613543528,2.639356844932771,,,0.8849206349206349,0.9814814814814815,,,,,,,N/A,RATES_DRIVEN
2019-09-04,17.33,81.5999984741211,,,,0.6834516093639016,2.2761401173671687,,,0.7916666666666666,0.9708994708994709,,,,,,,N/A,RATES_DRIVEN
2019-09-05,16.27,79.91999816894531,,,,0.4359720463966844,2.1071527715930825,,,0.7486772486772487,0.9629629629629629,,,,,,,N/A,RATES_DRIVEN
2019-09-06,15.0,78.81999969482422,,,,0.14017883544075596,1.9951649139235412,,,0.6587301587301587,0.9563492063492064,,,,,,,N/A,RATES_DRIVEN
2019-09-09,15.27,76.44000244140625,,,,0.20346981272759457,1.763403896990385,,,0.6693121693121693,0.9272486772486772,,,,,,,N/A,RATES_DRIVEN
2019-09-10,15.2,76.77999877929688,,,,0.1874616404243795,1.7908788320651188,,,0.6666666666666666,0.9351851851851852,,,,,,,N/A,RATES_DRIVEN
2019-09-11,14.61,76.69999694824219,,,,0.049951986487107324,1.7781209462185164,,,0.6164021164021164,0.9298941798941799,,,,,,,N/A,RATES_DRIVEN
2019-09-12,14.22,77.56999969482422,,,,-0.0410255475568996,1.854615456678237,,,0.5972222222222222,0.9431216931216931,,,,,,,N/A,RATES_DRIVEN
2019-09-13,13.74,85.52999877929688,,,,-0.153066872840734,2.59374353953987,,,0.5694444444444444,0.9814814814814815,,,,,,,N/A,RATES_DRIVEN
2019-09-16,14.67,85.94999694824219,,,,0.06361094901777987,2.617785139932626,,,0.6283068783068783,0.9814814814814815,,,,,,,N/A,RATES_DRIVEN
2019-09-17,14.44,84.76000213623047,,,,0.00948316142756784,2.4923278466171306,,,0.6097883597883598,0.9775132275132276,,,,,,,N/A,RATES_DRIVEN
2019-09-18,13.95,79.66000366210938,,,,-0.10506155849977486,2.0074307182118907,,,0.5753968253968254,0.955026455026455,,,,,,,N/A,RATES_DRIVEN
2019-09-19,14.05,78.13999938964844,,,,-0.08165695957529498,1.8591622044503553,,,0.583994708994709,0.9404761904761905,,,,,,,N/A,RATES_DRIVEN
2019-09-20,15.32,80.06999969482422,,,,0.21484457409077395,2.030608538310186,,,0.6759259259259259,0.958994708994709,,,,,,,N/A,RATES_DRIVEN
2019-09-23,14.91,81.01000213623047,,,,0.11953550746019233,2.1099763100340874,,,0.6534391534391535,0.9642857142857143,,,,,,,N/A,RATES_DRIVEN
2019-09-24,17.05,83.06999969482422,,,,0.6191892486012557,2.291071633458439,,,0.7857142857142857,0.9722222222222222,,,,,,,N/A,RATES_DRIVEN
2019-09-25,15.96,80.22000122070312,,,,0.3656940355538756,2.022263766419648,,,0.7275132275132276,0.9576719576719577,,,,,,,N/A,RATES_DRIVEN
2019-09-26,16.07,79.87000274658203,,,,0.39269986569182197,1.984914193341396,,,0.7394179894179894,0.9523809523809523,,,,,,,N/A,RATES_DRIVEN
2019-09-27,17.22,79.97000122070312,,,,0.6642908437331949,1.9902381786985834,,,0.7896825396825397,0.9537037037037037,,,,,,,N/A,RATES_DRIVEN
2019-09-30,16.24,77.19999694824219,,,,0.4376924268119711,1.7350318253827568,,,0.751984126984127,0.9232804232804233,,,,,,,N/A,RATES_DRIVEN
2019-10-01,18.56,85.61000061035156,,,,0.9824223627332372,2.497838769337568,,,0.83994708994709,0.9801587301587301,,,,,,,N/A,RATES_DRIVEN
2019-10-02,20.56,89.38999938964844,,,,1.4503783518887705,2.8273636191863636,,,0.9153439153439153,0.9947089947089947,,,,,,,N/A,RATES_DRIVEN
2019-10-03,19.12,87.94000244140625,,,,1.1101689411745086,2.685922589652431,,,0.8637566137566137,0.9894179894179894,,,,,,,N/A,RATES_DRIVEN
2019-10-04,17.04,83.1500015258789,,,,0.6217214917935303,2.2510437208848932,,,0.7870370370370371,0.968915343915344,,,,,,,N/A,RATES_DRIVEN
2019-10-07,17.86,81.86000061035156,,,,0.8123929963733082,2.13453638327688,,,0.8154761904761905,0.9642857142857143,,,,,,,N/A,RATES_DRIVEN
2019-10-08,20.28,80.47000122070312,,,,1.3757540961954415,2.014608832658441,,,0.9074074074074074,0.955026455026455,,,,,,,N/A,RATES_DRIVEN
2019-10-09,18.64,79.30999755859375,,,,0.9898280339580087,1.912061878637144,,,0.83994708994709,0.9431216931216931,,,,,,,N/A,RATES_DRIVEN
2019-10-10,17.57,80.13999938964844,,,,0.7382020563140839,1.9876189517083187,,,0.8015873015873016,0.9537037037037037,,,,,,,N/A,RATES_DRIVEN
2019-10-11,15.58,79.86000061035156,,,,0.27238070188010693,1.9608285698115306,,,0.6838624338624338,0.9470899470899471,,,,,,,N/A,RATES_DRIVEN
2019-10-14,14.57,79.86000061035156,,,,0.03578323503473497,1.961908709152598,,,0.6058201058201058,0.9477513227513228,,,,,,,N/A,RATES_DRIVEN
2019-10-15,13.54,80.05999755859375,,,,-0.205351615193611,1.9804277448594407,,,0.5482804232804233,0.9537037037037037,,,,,,,N/A,RATES_DRIVEN
2019-10-16,13.68,77.94000244140625,,,,-0.1730370998066498,1.7866741291693962,,,0.5562169312169312,0.9259259259259259,,,,,,,N/A,RATES_DRIVEN
2019-10-17,13.79,77.61000061035156,,,,-0.14775781164645352,1.7571540522474647,,,0.5634920634920635,0.9232804232804233,,,,,,,N/A,RATES_DRIVEN
2019-10-18,14.25,78.3499984741211,,,,-0.040760622306087395,1.8246779642445026,,,0.58994708994709,0.9325396825396826,,,,,,,N/A,RATES_DRIVEN
2019-10-21,14.0,80.25,,,,-0.09975731913915283,1.9973377203166918,,,0.5714285714285714,0.9576719576719577,,,,,,,N/A,RATES_DRIVEN
2019-10-22,14.46,78.7300033569336,,,,0.007435363867670653,1.8589673779749305,,,0.6038359788359788,0.9365079365079365,,,,,,,N/A,RATES_DRIVEN
2019-10-23,14.01,73.02999877929688,,,,-0.09818048731908878,1.3416304512645167,,,0.5701058201058201,0.8558201058201058,,,,,,,N/A,RATES_DRIVEN
2019-10-24,13.71,68.97000122070312,,,,-0.16848426624851806,0.9753182279422513,,,0.5509259259259259,0.8115079365079365,,,,,,,N/A,RATES_DRIVEN
2019-10-25,12.65,67.06999969482422,,,,-0.41598156118265517,0.8074377189941079,,,0.43452380952380953,0.7817460317460317,,,,,,,N/A,NO_STRESS
2019-10-28,13.11,67.41000366210938,,,,-0.3080475211759209,0.8426534773373355,,,0.4887566137566138,0.7857142857142857,,,,,,,N/A,NO_STRESS
2019-10-29,13.2,67.61000061035156,,,,-0.2873627368435068,0.8643601504328122,,,0.503968253968254,0.7883597883597884,,,,,,,N/A,NO_STRESS
2019-10-30,12.33,63.31999969482422,,,,-0.49110115504347396,0.47159790215241004,,,0.38822751322751325,0.7341269841269841,,,,,,,N/A,NO_STRESS
2019-10-31,13.22,65.87999725341797,,,,-0.2832218896864761,0.7094577767023047,,,0.5066137566137566,0.7685185185185185,,,,,,,N/A,NO_STRESS
2019-11-01,12.3,57.279998779296875,,,,-0.49836188284640054,-0.08312037045369078,,,0.38227513227513227,0.5906084656084656,,,,,,,N/A,NO_STRESS
2019-11-04,12.83,60.18000030517578,,,,-0.37475111460715627,0.18729491106988075,,,0.4503968253968254,0.6574074074074074,,,,,,,N/A,NO_STRESS
2019-11-05,13.1,61.47999954223633,,,,-0.3117253460629474,0.3101288708219801,,,0.4834656084656085,0.6984126984126984,,,,,,,N/A,NO_STRESS
2019-11-06,12.62,61.72999954223633,,,,-0.42402265147798696,0.3355500880842346,,,0.4252645502645503,0.7037037037037037,,,,,,,N/A,NO_STRESS
2019-11-07,12.73,67.08000183105469,,,,-0.3981179001274804,0.8351149495554053,,,0.43584656084656087,0.791005291005291,,,,,,,N/A,NO_STRESS
2019-11-08,12.07,64.44000244140625,,,,-0.5522865785643696,0.5923949443280132,,,0.34523809523809523,0.7513227513227513,,,,,,,N/A,NO_STRESS
2019-11-11,12.69,64.44000244140625,,,,-0.40739344895306956,0.5953498421251165,,,0.43452380952380953,0.751984126984127,,,,,,,N/A,NO_STRESS
2019-11-12,12.68,69.81999969482422,,,,-0.41009828965859113,1.100004179247589,,,0.43187830687830686,0.8386243386243386,,,,,,,N/A,RATES_DRIVEN
2019-11-13,13.0,66.0999984741211,,,,-0.33576779822374014,0.7540993820620876,,,0.4775132275132275,0.783068783068783,,,,,,,N/A,NO_STRESS
2019-11-14,13.05,64.16999816894531,,,,-0.3247094149064457,0.5751842270932686,,,0.48148148148148145,0.7513227513227513,,,,,,,N/A,NO_STRESS
2019-11-15,12.05,61.70000076293945,,,,-0.5591392813288417,0.34546147984640735,,,0.33664021164021163,0.7037037037037037,,,,,,,N/A,NO_STRESS
2019-11-18,12.46,64.12999725341797,,,,-0.4635194051365111,0.5754137288844732,,,0.4007936507936508,0.7526455026455027,,,,,,,N/A,NO_STRESS
2019-11-19,12.86,62.63999938964844,,,,-0.3703502864055081,0.43699808387063577,,,0.45436507936507936,0.7222222222222222,,,,,,,N/A,NO_STRESS
2019-11-20,12.78,65.58000183105469,,,,-0.3893848662371423,0.7148892711568515,,,0.43716931216931215,0.7751322751322751,,,,,,,N/A,NO_STRESS
2019-11-21,13.13,61.83000183105469,,,,-0.30743269137814255,0.3630160589119477,,,0.4914021164021164,0.7103174603174603,,,,,,,N/A,NO_STRESS
2019-11-22,12.34,62.16999816894531,,,,-0.4921747795122351,0.39658597366383225,,,0.3816137566137566,0.7182539682539683,,,,,,,N/A,NO_STRESS
2019-11-25,11.87,61.54999923706055,,,,-0.601482907022806,0.3396734508736815,,,0.3167989417989418,0.6997354497354498,,,,,,,N/A,NO_STRESS
2019-11-26,11.54,60.38999938964844,,,,-0.6778068417758453,0.2317252843324084,,,0.2757936507936508,0.6653439153439153,,,,,,,N/A,NO_STRESS
2019-11-27,11.75,57.619998931884766,,,,-0.6281820303889973,-0.027943846190612638,,,0.3048941798941799,0.5978835978835979,,,,,,,N/A,NO_STRESS
2019-11-28,11.75,57.619998931884766,,,,-0.62813905177823,-0.025640330897465462,,,0.3055555555555556,0.5985449735449735,,,,,,,N/A,NO_STRESS
2019-11-29,12.62,56.56999969482422,,,,-0.424805667178863,-0.12311715194382206,,,0.42328042328042326,0.5753968253968254,,,,,,,N/A,NO_STRESS
2019-12-02,14.91,59.41999816894531,,,,0.11036683052274336,0.150391479116139,,,0.6435185185185185,0.6468253968253969,,,,,,,N/A,NO_STRESS
2019-12-03,15.96,64.62000274658203,,,,0.3550428469089857,0.6484263668085027,,,0.718915343915344,0.7724867724867724,,,,,,,N/A,NO_STRESS
2019-12-04,14.8,63.0099983215332,,,,0.0822541196984346,0.496623247338253,,,0.6329365079365079,0.7447089947089947,,,,,,,N/A,NO_STRESS
2019-12-05,14.52,63.72999954223633,,,,0.01562452094256582,0.5672664416789495,,,0.6005291005291006,0.7619047619047619,,,,,,,N/A,NO_STRESS
2019-12-06,13.62,64.06999969482422,,,,-0.19609100748611116,0.6018198991607812,,,0.5436507936507936,0.7671957671957672,,,,,,,N/A,NO_STRESS
2019-12-09,15.86,67.29000091552734,,,,0.32791528647592494,0.9123987072641871,,,0.705026455026455,0.8201058201058201,,,,,,,N/A,RATES_DRIVEN
2019-12-10,15.68,67.08999633789062,,,,0.2843996215132465,0.8952018083608321,,,0.6865079365079365,0.8187830687830688,,,,,,,N/A,RATES_DRIVEN
2019-12-11,14.99,61.29999923706055,,,,0.12153295447521988,0.34110256926369537,,,0.6468253968253969,0.7037037037037037,,,,,,,N/A,NO_STRESS
2019-12-12,13.94,61.630001068115234,,,,-0.12540615085920934,0.3749883424397742,,,0.5588624338624338,0.7129629629629629,,,,,,,N/A,NO_STRESS
2019-12-13,12.63,56.439998626708984,,,,-0.4328918834155668,-0.1226471531003509,,,0.414021164021164,0.5714285714285714,,,,,,,N/A,NO_STRESS
2019-12-16,12.14,56.130001068115234,,,,-0.5481735306150542,-0.1503002479705254,,,0.3419312169312169,0.5654761904761905,,,,,,,N/A,NO_STRESS
2019-12-17,12.29,55.380001068115234,,,,-0.5131646994622943,-0.22077019726444463,,,0.36177248677248675,0.5383597883597884,,,,,,,N/A,NO_STRESS
2019-12-18,12.58,53.40999984741211,,,,-0.4456696290365895,-0.409823378190178,,,0.40476190476190477,0.44841269841269843,,,,,,,N/A,NO_STRESS
2019-12-19,12.5,53.70000076293945,,,,-0.4651470511326034,-0.3794952971547007,,,0.3941798941798942,0.45634920634920634,,,,,,,N/A,NO_STRESS
2019-12-20,12.51,54.189998626708984,,,,-0.4635672874429551,-0.32970146573824,,,0.3955026455026455,0.49206349206349204,,,,,,,N/A,NO_STRESS
2019-12-23,12.61,55.310001373291016,,,,-0.4408823773324611,-0.21850730443822225,,,0.4080687830687831,0.5370370370370371,,,,,,,N/A,NO_STRESS
2019-12-24,12.67,58.31999969482422,,,,-0.42707349948269857,0.07755534247070484,,,0.4193121693121693,0.6283068783068783,,,,,,,N/A,NO_STRESS
2019-12-25,12.67,58.31999969482422,,,,-0.42733094841515135,0.07950662452251672,,,0.41865079365079366,0.628968253968254,,,,,,,N/A,NO_STRESS
2019-12-26,12.65,56.41999816894531,,,,-0.432356554109248,-0.10493544541548741,,,0.41534391534391535,0.578042328042328,,,,,,,N/A,NO_STRESS
2019-12-27,13.43,55.29999923706055,,,,-0.24938422888361975,-0.21312149111126485,,,0.5191798941798942,0.5370370370370371,,,,,,,N/A,NO_STRESS
2019-12-30,14.82,59.630001068115234,,,,0.07650333352985961,0.21322332132120372,,,0.6302910052910053,0.6666666666666666,,,,,,,N/A,NO_STRESS
2019-12-31,13.78,58.279998779296875,,,,-0.1691152214287415,0.0818305482298052,,,0.5502645502645502,0.6296296296296297,,,,,,,N/A,NO_STRESS
2020-01-01,13.78,58.279998779296875,,,,-0.1699518697412716,0.08316360449187273,,,0.5496031746031746,0.6302910052910053,,,,,,,N/A,NO_STRESS
2020-01-02,12.47,57.20000076293945,,,,-0.4789440104746769,-0.021617487398182745,,,0.3776455026455027,0.6025132275132276,,,,,,,N/A,NO_STRESS
2020-01-03,14.02,60.119998931884766,,,,-0.11479010942964506,0.2672948158998954,,,0.5654761904761905,0.6812169312169312,,,,,,,N/A,NO_STRESS
2020-01-06,13.85,62.790000915527344,,,,-0.1558715811198291,0.5317391827711265,,,0.5515873015873016,0.7619047619047619,,,,,,,N/A,NO_STRESS
2020-01-07,13.79,62.630001068115234,,,,-0.1709411405863705,0.5171115824548349,,,0.5482804232804233,0.7566137566137566,,,,,,,N/A,NO_STRESS
2020-01-08,13.45,60.4900016784668,,,,-0.2521241169317937,0.30695875856307114,,,0.5125661375661376,0.6984126984126984,,,,,,,N/A,NO_STRESS
2020-01-09,12.54,57.65999984741211,,,,-0.46714428484835224,0.028526314271146897,,,0.38227513227513227,0.6177248677248677,,,,,,,N/A,NO_STRESS
2020-01-10,12.56,53.31999969482422,,,,-0.4627372814970203,-0.39855685052179973,,,0.3835978835978836,0.44642857142857145,,,,,,,N/A,NO_STRESS
2020-01-13,12.32,53.27000045776367,,,,-0.5197430343203039,-0.40170019567593257,,,0.3445767195767196,0.4451058201058201,,,,,,,N/A,NO_STRESS
2020-01-14,12.39,52.349998474121094,,,,-0.503581140588679,-0.49086746461952857,,,0.35714285714285715,0.39814814814814814,,,,,,,N/A,NO_STRESS
2020-01-15,12.42,50.540000915527344,,,,-0.49684029944916075,-0.6681027044028789,,,0.36507936507936506,0.2976190476190476,,,,,,,N/A,NO_STRESS
2020-01-16,12.32,50.369998931884766,,,,-0.5206984517784797,-0.6828988680406822,,,0.3412698412698413,0.28835978835978837,,,,,,,N/A,NO_STRESS
2020-01-17,12.1,49.66999816894531,,,,-0.5728359283689065,-0.7501692710550821,,,0.30357142857142855,0.25066137566137564,,,,,,,N/A,NO_STRESS
2020-01-20,12.1,49.66999816894531,,,,-0.5731059526143453,-0.7480214562949948,,,0.3029100529100529,0.25132275132275134,,,,,,,N/A,NO_STRESS
2020-01-21,12.85,53.41999816894531,,,,-0.3961748038810545,-0.3739179524913772,,,0.4312169312169312,0.458994708994709,,,,,,,N/A,NO_STRESS
2020-01-22,12.91,51.310001373291016,,,,-0.38199242714628556,-0.5816098949890326,,,0.44841269841269843,0.3458994708994709,,,,,,,N/A,NO_STRESS
2020-01-23,12.98,55.34000015258789,,,,-0.3656090779930334,-0.17889854705645977,,,0.455026455026455,0.5522486772486772,,,,,,,N/A,NO_STRESS
2020-01-24,14.56,59.939998626708984,,,,0.006929138896340771,0.2807769894311645,,,0.5952380952380952,0.6931216931216931,,,,,,,N/A,NO_STRESS
2020-01-27,18.23,66.7300033569336,,,,0.8721836870662713,0.9574517779634732,,,0.8293650793650794,0.8571428571428571,,,,,,,N/A,RATES_DRIVEN
2020-01-28,16.28,65.5999984741211,,,,0.4097795108375087,0.8447696741322263,,,0.7453703703703703,0.8333333333333334,,,,,,,N/A,RATES_DRIVEN
2020-01-29,16.39,66.16999816894531,,,,0.4343443908940668,0.901552921624722,,,0.7552910052910053,0.8478835978835979,,,,,,,N/A,RATES_DRIVEN
2020-01-30,15.49,71.06999969482422,,,,0.2204044390355518,1.3884266852007512,,,0.669973544973545,0.8941798941798942,,,,,,,N/A,RATES_DRIVEN
2020-01-31,18.84,72.9800033569336,,,,1.0103519105878849,1.5770801193056776,,,0.8452380952380952,0.8994708994708994,,,,,,,N/A,RATES_DRIVEN
2020-02-03,17.97,72.80999755859375,,,,0.8025772579953722,1.5581153295559982,,,0.8167989417989417,0.8968253968253969,,,,,,,N/A,RATES_DRIVEN
2020-02-04,16.05,68.16999816894531,,,,0.3472853505889371,1.0959731338125818,,,0.7228835978835979,0.8664021164021164,,,,,,,N/A,RATES_DRIVEN
2020-02-05,15.15,64.06999969482422,,,,0.1335740821497645,0.6885747992233392,,,0.6428571428571429,0.8115079365079365,,,,,,,N/A,RATES_DRIVEN
2020-02-06,14.96,61.2400016784668,,,,0.08761828161847131,0.4072463333750168,,,0.6335978835978836,0.7407407407407407,,,,,,,N/A,NO_STRESS
2020-02-07,15.47,65.58999633789062,,,,0.20703884855384935,0.8387670049676011,,,0.6640211640211641,0.832010582010582,,,,,,,N/A,RATES_DRIVEN
2020-02-10,15.04,68.12999725341797,,,,0.10412009308349035,1.0894833982811702,,,0.6362433862433863,0.8650793650793651,,,,,,,N/A,RATES_DRIVEN
2020-02-11,15.18,64.88999938964844,,,,0.13612148256422743,0.7667474700998851,,,0.6441798941798942,0.8227513227513228,,,,,,,N/A,RATES_DRIVEN
2020-02-12,13.74,63.52000045776367,,,,-0.20542869392085294,0.630474592022251,,,0.5224867724867724,0.7962962962962963,,,,,,,N/A,NO_STRESS
2020-02-13,14.15,63.5099983215332,,,,-0.10872176111043019,0.629236330296523,,,0.5548941798941799,0.794973544973545,,,,,,,N/A,NO_STRESS
2020-02-14,13.68,62.380001068115234,,,,-0.22027546317933552,0.5175632870903428,,,0.5145502645502645,0.7645502645502645,,,,,,,N/A,NO_STRESS
2020-02-17,13.68,62.380001068115234,,,,-0.22051637629165452,0.5179226506955759,,,0.5138888888888888,0.7652116402116402,,,,,,,N/A,NO_STRESS
2020-02-18,14.83,67.66000366210938,,,,0.05128816265697509,1.0410822806274478,,,0.6150793650793651,0.8611111111111112,,,,,,,N/A,RATES_DRIVEN
2020-02-19,14.38,68.04000091552734,,,,-0.056283491822806814,1.077331225445698,,,0.5661375661375662,0.8637566137566137,,,,,,,N/A,RATES_DRIVEN
2020-02-20,15.56,69.5999984741211,,,,0.222275868086738,1.2298347741383644,,,0.6693121693121693,0.8822751322751323,,,,,,,N/A,RATES_DRIVEN
2020-02-21,17.08,74.54000091552734,,,,0.581134319759757,1.7144437572586668,,,0.7791005291005291,0.9153439153439153,,,,,,,N/A,RATES_DRIVEN
2020-02-24,25.03,86.91999816894531,,,,2.453641001817017,2.9192622771860592,,,0.9748677248677249,0.9867724867724867,,,,,,,N/A,RATES_DRIVEN
2020-02-25,27.85,87.37999725341797,,,,3.09593027689761,2.9443378720517495,,,0.9854497354497355,0.9894179894179894,,,,,,,N/A,RATES_DRIVEN
2020-02-26,27.56,87.0,,,,3.0056711204654123,2.889201087264249,,,0.9828042328042328,0.9867724867724867,,,,,,,N/A,RATES_DRIVEN
2020-02-27,39.16,92.58999633789062,,,,5.587530187964422,3.4038418225667724,,,1.0,1.0,,,,,,,N/A,EQUITY_DRIVEN
2020-02-28,40.11,109.66999816894531,,,,5.672409435446902,4.968440283866299,,,1.0,1.0,,,,,,,N/A,EQUITY_DRIVEN
2020-03-02,33.42,104.88999938964844,,,,4.122597995704422,4.453212291160031,,,0.9920634920634921,0.9986772486772487,,,,,,,N/A,RATES_DRIVEN
2020-03-03,36.82,102.97000122070312,,,,4.793519430086204,4.22098570789063,,,0.996031746031746,0.9973544973544973,,,,,,,N/A,RATES_DRIVEN
2020-03-04,31.99,89.58999633789062,,,,3.702283029752558,2.9622659512963976,,,0.9894179894179894,0.9907407407407407,,,,,,,N/A,RATES_DRIVEN
2020-03-05,39.62,96.95999908447266,,,,5.244345887763378,3.613642582650308,,,0.9986772486772487,0.996031746031746,,,,,,,N/A,EQUITY_DRIVEN
2020-03-06,41.94,125.20999908447266,,,,5.608120815565041,6.054971467728886,,,1.0,1.0,,,,,,,N/A,EQUITY_DRIVEN
2020-03-09,54.46,163.6999969482422,,,,7.852725455848337,8.9835689912083,,,1.0,1.0,,,,,,,N/A,EQUITY_DRIVEN
2020-03-10,47.3,123.72000122070312,,,,6.252209054455887,5.480333346178156,,,0.9986772486772487,0.9973544973544973,,,,,,,N/A,EQUITY_DRIVEN
2020-03-11,53.9,127.83999633789062,,,,7.252643175082152,5.696229618530064,,,0.9986772486772487,0.9986772486772487,,,,,,,N/A,EQUITY_DRIVEN
2020-03-12,75.47,152.6199951171875,,,,10.421757807092439,7.425725939756739,,,1.0,0.9986772486772487,,,,,,,N/A,EQUITY_DRIVEN
2020-03-13,57.83,138.39999389648438,,,,7.113659221444325,6.149482328412928,,,0.9986772486772487,0.9973544973544973,,,,,,,N/A,EQUITY_DRIVEN
2020-03-16,82.69,124.52999877929688,,,,10.407056977491923,5.0048635165663695,,,1.0,0.9933862433862434,,,,,,,N/A,EQUITY_DRIVEN
2020-03-17,75.91,109.8499984741211,,,,8.850926689515175,3.855515671582,,,0.9986772486772487,0.9907407407407407,,,,,,,N/A,EQUITY_DRIVEN
2020-03-18,76.45,124.13999938964844,,,,8.483474545457096,4.839333711969541,,,0.9986772486772487,0.9920634920634921,,,,,,,N/A,EQUITY_DRIVEN
2020-03-19,72.0,141.1300048828125,,,,7.552484091232375,5.936224500675301,,,0.9947089947089947,0.9973544973544973,,,,,,,N/A,RATES_DRIVEN
2020-03-20,66.04,133.3699951171875,,,,6.552677025824022,5.272625640848827,,,0.9933862433862434,0.9947089947089947,,,,,,,N/A,RATES_DRIVEN
2020-03-23,61.59,135.3800048828125,,,,5.831197101435036,5.30530324685683,,,0.9920634920634921,0.9947089947089947,,,,,,,N/A,RATES_DRIVEN
2020-03-24,61.67,111.08999633789062,,,,5.707210897961657,3.5915863430321537,,,0.9920634920634921,0.9854497354497355,,,,,,,N/A,EQUITY_DRIVEN
2020-03-25,63.95,87.13999938964844,,,,5.846208067433396,1.9440998521423882,,,0.9920634920634921,0.9616402116402116,,,,,,,N/A,EQUITY_DRIVEN
2020-03-26,61.0,88.4800033569336,,,,5.375216619793771,2.027463019597701,,,0.9880952380952381,0.966931216931217,,,,,,,N/A,EQUITY_DRIVEN
2020-03-27,65.54,88.33000183105469,,,,5.776778870927872,2.0093086253590946,,,0.9920634920634921,0.9656084656084656,,,,,,,N/A,EQUITY_DRIVEN
2020-03-30,57.08,90.69999694824219,,,,4.714250438134027,2.1607400006423507,,,0.9841269841269841,0.9748677248677249,,,,,,,N/A,EQUITY_DRIVEN
2020-03-31,53.54,83.87000274658203,,,,4.250821425915631,1.692409110526122,,,0.9801587301587301,0.9391534391534392,,,,,,,N/A,EQUITY_DRIVEN
2020-04-01,57.06,83.12999725341797,,,,4.579533999636845,1.6370319681227827,,,0.9828042328042328,0.9351851851851852,,,,,,,N/A,EQUITY_DRIVEN
2020-04-02,50.91,71.98999786376953,,,,3.848116683893309,0.8832714603361013,,,0.9775132275132276,0.8637566137566137,,,,,,,N/A,EQUITY_DRIVEN
2020-04-03,46.8,65.01000213623047,,,,3.362674635295616,0.41145821141404404,,,0.9748677248677249,0.7976190476190477,,,,,,,N/A,EQUITY_DRIVEN
2020-04-06,45.24,66.27999877929688,,,,3.1655964966626606,0.49611529995780945,,,0.9735449735449735,0.8174603174603174,,,,,,,N/A,EQUITY_DRIVEN
2020-04-07,46.7,72.20999908447266,,,,3.296834213725187,0.8942197013195353,,,0.9735449735449735,0.8637566137566137,,,,,,,N/A,EQUITY_DRIVEN
2020-04-08,43.35,75.70999908447266,,,,2.9126919765054073,1.1274410431594486,,,0.9708994708994709,0.8822751322751323,,,,,,,N/A,EQUITY_DRIVEN
2020-04-09,41.67,74.38999938964844,,,,2.714233071922925,1.0367805003066104,,,0.9682539682539683,0.876984126984127,,,,,,,N/A,EQUITY_DRIVEN
2020-04-10,41.67,74.38999938964844,,,,2.69734891813289,1.0346731697614056,,,0.9675925925925926,0.8763227513227513,,,,,,,N/A,EQUITY_DRIVEN
2020-04-13,41.17,75.8499984741211,,,,2.628035251891563,1.1303177816057728,,,0.9656084656084656,0.8835978835978836,,,,,,,N/A,EQUITY_DRIVEN
2020-04-14,37.76,69.5199966430664,,,,2.254155363156794,0.7034534468571726,,,0.9603174603174603,0.8458994708994709,,,,,,,N/A,EQUITY_DRIVEN
2020-04-15,40.84,70.5,,,,2.5661278996625434,0.7676895146228803,,,0.9642857142857143,0.8531746031746031,,,,,,,N/A,EQUITY_DRIVEN
2020-04-16,40.11,69.93000030517578,,,,2.475443768055475,0.727819708643451,,,0.9623015873015873,0.8505291005291006,,,,,,,N/A,EQUITY_DRIVEN
2020-04-17,38.15,69.83999633789062,,,,2.25822554752254,0.7201993409332348,,,0.9576719576719577,0.8465608465608465,,,,,,,N/A,EQUITY_DRIVEN
2020-04-20,43.83,70.5999984741211,,,,2.835388981783302,0.7695012764410795,,,0.9708994708994709,0.8531746031746031,,,,,,,N/A,EQUITY_DRIVEN
2020-04-21,45.41,73.83000183105469,,,,2.978811435932116,0.9839332698417121,,,0.9722222222222222,0.8703703703703703,,,,,,,N/A,EQUITY_DRIVEN
2020-04-22,41.98,72.29000091552734,,,,2.6071860969101106,0.878652629110108,,,0.966931216931217,0.8571428571428571,,,,,,,N/A,EQUITY_DRIVEN
2020-04-23,41.38,67.25,,,,2.5308136856418,0.5395501321173546,,,0.9616402116402116,0.8134920634920635,,,,,,,N/A,EQUITY_DRIVEN
2020-04-24,35.93,66.08999633789062,,,,1.9615520439663152,0.4606967939168764,,,0.9444444444444444,0.794973544973545,,,,,,,N/A,EQUITY_DRIVEN
2020-04-27,33.29,62.70000076293945,,,,1.684450771377047,0.2327011131794674,,,0.9404761904761905,0.7281746031746031,,,,,,,N/A,EQUITY_DRIVEN
2020-04-28,33.57,58.88999938964844,,,,1.7072368973250214,-0.02320197670906367,,,0.9431216931216931,0.6388888888888888,,,,,,,N/A,EQUITY_DRIVEN
2020-04-29,31.23,57.150001525878906,,,,1.4630340050946253,-0.14020642152531082,,,0.9365079365079365,0.58994708994709,,,,,,,N/A,EQUITY_DRIVEN
2020-04-30,34.15,53.59000015258789,,,,1.755555097292125,-0.3787565876401824,,,0.9431216931216931,0.4656084656084656,,,,,,,N/A,EQUITY_DRIVEN
2020-05-01,37.19,48.11000061035156,,,,2.0573141373288433,-0.7454301402007814,,,0.9484126984126984,0.14417989417989419,,,,,,,N/A,EQUITY_DRIVEN
2020-05-04,35.97,49.25,,,,1.9253673463124916,-0.6686227642195232,,,0.9431216931216931,0.22486772486772486,,,,,,,N/A,EQUITY_DRIVEN
2020-05-05,33.61,49.650001525878906,,,,1.6796383807273128,-0.641497895712081,,,0.9391534391534392,0.2526455026455027,,,,,,,N/A,EQUITY_DRIVEN
2020-05-06,34.12,51.310001373291016,,,,1.7253307629303727,-0.530234528299264,,,0.9391534391534392,0.3505291005291005,,,,,,,N/A,EQUITY_DRIVEN
2020-05-07,31.44,54.93000030517578,,,,1.4493454246001314,-0.2879591330991097,,,0.9298941798941799,0.5119047619047619,,,,,,,N/A,EQUITY_DRIVEN
2020-05-08,27.98,57.400001525878906,,,,1.096232300812758,-0.12298779843223714,,,0.917989417989418,0.5998677248677249,,,,,,,N/A,EQUITY_DRIVEN
2020-05-11,27.57,61.599998474121094,,,,1.0520057088422345,0.15761437194348557,,,0.9140211640211641,0.7037037037037037,,,,,,,N/A,EQUITY_DRIVEN
2020-05-12,33.04,61.2599983215332,,,,1.5999258432614296,0.13398996144878345,,,0.9312169312169312,0.6944444444444444,,,,,,,N/A,EQUITY_DRIVEN
2020-05-13,35.28,57.560001373291016,,,,1.8193663209132833,-0.1146030811173372,,,0.9404761904761905,0.5978835978835979,,,,,,,N/A,EQUITY_DRIVEN
2020-05-14,32.61,59.04999923706055,,,,1.5453171890126123,-0.015357813258972914,,,0.9285714285714286,0.6448412698412699,,,,,,,N/A,EQUITY_DRIVEN
2020-05-15,31.89,56.529998779296875,,,,1.4683395932591627,-0.18486589806653964,,,0.9259259259259259,0.5674603174603174,,,,,,,N/A,EQUITY_DRIVEN
2020-05-18,29.3,58.70000076293945,,,,1.2046179369813836,-0.039992175680349795,,,0.9166666666666666,0.6309523809523809,,,,,,,N/A,EQUITY_DRIVEN
2020-05-19,30.53,60.09000015258789,,,,1.3244211832214061,0.05237854709521282,,,0.921957671957672,0.66005291005291,,,,,,,N/A,EQUITY_DRIVEN
2020-05-20,27.99,58.849998474121094,,,,1.0666111824211206,-0.03143474248175278,,,0.91005291005291,0.6322751322751323,,,,,,,N/A,EQUITY_DRIVEN
2020-05-21,29.53,55.619998931884766,,,,1.217813851087756,-0.24851502188334804,,,0.9153439153439153,0.5317460317460317,,,,,,,N/A,EQUITY_DRIVEN
2020-05-22,28.16,51.66999816894531,,,,1.0776134098964278,-0.5133215443208338,,,0.9087301587301587,0.3664021164021164,,,,,,,N/A,EQUITY_DRIVEN
2020-05-25,28.16,51.66999816894531,,,,1.0748158251682587,-0.5129426154954554,,,0.908068783068783,0.36706349206349204,,,,,,,N/A,EQUITY_DRIVEN
2020-05-26,28.01,52.220001220703125,,,,1.057049603581801,-0.47571755639826213,,,0.906084656084656,0.39285714285714285,,,,,,,N/A,EQUITY_DRIVEN
2020-05-27,27.62,52.97999954223633,,,,1.0153890597334367,-0.4244914079361573,,,0.8994708994708994,0.4246031746031746,,,,,,,N/A,EQUITY_DRIVEN
2020-05-28,28.59,50.56999969482422,,,,1.1095628466073795,-0.5855479296761091,,,0.9113756613756614,0.30687830687830686,,,,,,,N/A,EQUITY_DRIVEN
2020-05-29,27.51,51.54999923706055,,,,0.999033214199817,-0.5192448644961737,,,0.8941798941798942,0.36243386243386244,,,,,,,N/A,EQUITY_DRIVEN
2020-06-01,28.23,55.06999969482422,,,,1.0682513789391879,-0.28309486201268963,,,0.9074074074074074,0.5132275132275133,,,,,,,N/A,EQUITY_DRIVEN
2020-06-02,26.84,55.349998474121094,,,,0.926970792545271,-0.26452551913023015,,,0.8915343915343915,0.5284391534391535,,,,,,,N/A,EQUITY_DRIVEN
2020-06-03,25.66,61.2400016784668,,,,0.8070052274551445,0.1298340758252183,,,0.8902116402116402,0.6924603174603174,,,,,,,N/A,EQUITY_DRIVEN
2020-06-04,25.81,61.18000030517578,,,,0.8198634397206331,0.1250491820810171,,,0.8902116402116402,0.6891534391534392,,,,,,,N/A,EQUITY_DRIVEN
2020-06-05,24.52,61.970001220703125,,,,0.6891214298488704,0.1772057331488908,,,0.8697089947089947,0.716931216931217,,,,,,,N/A,EQUITY_DRIVEN
2020-06-08,25.81,62.77000045776367,,,,0.8158364682703483,0.22988038026386162,,,0.8895502645502645,0.7288359788359788,,,,,,,N/A,EQUITY_DRIVEN
2020-06-09,27.57,62.939998626708984,,,,0.9890764259998797,0.2401934633534974,,,0.8948412698412699,0.7341269841269841,,,,,,,N/A,EQUITY_DRIVEN
2020-06-10,27.57,60.02000045776367,,,,0.9864984535823504,0.043276691866348665,,,0.8941798941798942,0.6521164021164021,,,,,,,N/A,EQUITY_DRIVEN
2020-06-11,40.79,56.470001220703125,,,,2.295345772646405,-0.19587534981948648,,,0.9576719576719577,0.5542328042328042,,,,,,,N/A,EQUITY_DRIVEN
2020-06-12,36.09,55.810001373291016,,,,1.8207776733912162,-0.2410886760980687,,,0.9444444444444444,0.5317460317460317,,,,,,,N/A,EQUITY_DRIVEN
2020-06-15,34.4,58.09000015258789,,,,1.647344738824159,-0.08887017182225437,,,0.9365079365079365,0.6018518518518519,,,,,,,N/A,EQUITY_DRIVEN
2020-06-16,33.67,60.4900016784668,,,,1.5698685122888345,0.07129628646916801,,,0.9325396825396826,0.6673280423280423,,,,,,,N/A,EQUITY_DRIVEN
2020-06-17,33.47,58.15999984741211,,,,1.5451526592259786,-0.08619216440007971,,,0.9285714285714286,0.6005291005291006,,,,,,,N/A,EQUITY_DRIVEN
2020-06-18,32.94,55.150001525878906,,,,1.4880938749468722,-0.2894943381088519,,,0.921957671957672,0.5,,,,,,,N/A,EQUITY_DRIVEN
2020-06-19,35.12,53.45000076293945,,,,1.6978498075966957,-0.40445344519571663,,,0.9365079365079365,0.43716931216931215,,,,,,,N/A,EQUITY_DRIVEN
2020-06-22,31.77,53.93000030517578,,,,1.36304680542865,-0.37272221154360685,,,0.9153439153439153,0.4576719576719577,,,,,,,N/A,EQUITY_DRIVEN
2020-06-23,31.37,54.040000915527344,,,,1.3198015685642615,-0.36594961201684656,,,0.9126984126984127,0.46164021164021163,,,,,,,N/A,EQUITY_DRIVEN
2020-06-24,33.84,54.88999938964844,,,,1.5583435263000553,-0.3092018333811258,,,0.9312169312169312,0.48677248677248675,,,,,,,N/A,EQUITY_DRIVEN
2020-06-25,32.22,51.56999969482422,,,,1.394691225284863,-0.5331981941056765,,,0.9166666666666666,0.34656084656084657,,,,,,,N/A,EQUITY_DRIVEN
2020-06-26,34.73,51.209999084472656,,,,1.6361743271061149,-0.5578558840766911,,,0.9351851851851852,0.31746031746031744,,,,,,,N/A,EQUITY_DRIVEN
2020-06-29,31.78,52.959999084472656,,,,1.342467963038953,-0.4405680971221251,,,0.9113756613756614,0.4060846560846561,,,,,,,N/A,EQUITY_DRIVEN
2020-06-30,30.43,54.130001068115234,,,,1.2066250145306534,-0.3624798976372528,,,0.9034391534391535,0.4656084656084656,,,,,,,N/A,EQUITY_DRIVEN
2020-07-01,28.62,53.279998779296875,,,,1.0263597160320748,-0.42047189889350245,,,0.8928571428571429,0.421957671957672,,,,,,,N/A,EQUITY_DRIVEN
2020-07-02,27.68,50.959999084472656,,,,0.9317719311082688,-0.5771393511043845,,,0.876984126984127,0.3029100529100529,,,,,,,N/A,EQUITY_DRIVEN
2020-07-03,27.68,50.959999084472656,,,,0.9297558528619042,-0.5770174756248846,,,0.8763227513227513,0.30357142857142855,,,,,,,N/A,EQUITY_DRIVEN
2020-07-06,27.94,52.029998779296875,,,,0.9530942423462302,-0.504828621520856,,,0.8796296296296297,0.3637566137566138,,,,,,,N/A,EQUITY_DRIVEN
2020-07-07,29.43,50.97999954223633,,,,1.0961879272689874,-0.575869318406431,,,0.8955026455026455,0.3055555555555556,,,,,,,N/A,EQUITY_DRIVEN
2020-07-08,28.08,49.79999923706055,,,,0.9616018884403149,-0.6556353074212269,,,0.8822751322751323,0.2400793650793651,,,,,,,N/A,EQUITY_DRIVEN
2020-07-09,29.26,50.06999969482422,,,,1.0742698175207208,-0.6376230614116882,,,0.8928571428571429,0.25132275132275134,,,,,,,N/A,EQUITY_DRIVEN
2020-07-10,27.29,49.189998626708984,,,,0.8796617087999572,-0.6970531012349757,,,0.8611111111111112,0.19576719576719576,,,,,,,N/A,EQUITY_DRIVEN
2020-07-13,32.19,49.54999923706055,,,,1.3548596526794556,-0.6726809972904667,,,0.9140211640211641,0.22486772486772486,,,,,,,N/A,EQUITY_DRIVEN
2020-07-14,29.52,50.810001373291016,,,,1.091337953736205,-0.5875085715331848,,,0.8941798941798942,0.2962962962962963,,,,,,,N/A,EQUITY_DRIVEN
2020-07-15,27.76,47.08000183105469,,,,0.9172301957359714,-0.838596973375456,,,0.8703703703703703,0.0873015873015873,,,,,,,N/A,EQUITY_DRIVEN
2020-07-16,28.0,46.43000030517578,,,,0.9382864996953286,-0.8816330238897625,,,0.8756613756613757,0.06018518518518518,,,,,,,N/A,EQUITY_DRIVEN
2020-07-17,25.68,45.68000030517578,,,,0.7102072756368579,-0.931203913470306,,,0.8505291005291006,0.031746031746031744,,,,,,,N/A,EQUITY_DRIVEN
2020-07-20,24.46,46.81999969482422,,,,0.5895810899722499,-0.8538201717127303,,,0.828042328042328,0.08068783068783068,,,,,,,N/A,EQUITY_DRIVEN
2020-07-21,24.84,46.45000076293945,,,,0.624935650732554,-0.8783887392927486,,,0.8333333333333334,0.06349206349206349,,,,,,,N/A,EQUITY_DRIVEN
2020-07-22,24.32,45.31999969482422,,,,0.5726270861714161,-0.953596373053079,,,0.8253968253968254,0.027777777777777776,,,,,,,N/A,EQUITY_DRIVEN
2020-07-23,26.08,43.93000030517578,,,,0.74236144246054,-1.0459717021906845,,,0.8531746031746031,0.003968253968253968,,,,,,,N/A,EQUITY_DRIVEN
2020-07-24,25.84,42.47999954223633,,,,0.7170204455360508,-1.1420572412018064,,,0.8518518518518519,0.0013227513227513227,,,,,,,N/A,EQUITY_DRIVEN
2020-07-27,24.74,42.61000061035156,,,,0.6079539648700174,-1.1320821687222171,,,0.8293650793650794,0.003968253968253968,,,,,,,N/A,EQUITY_DRIVEN
2020-07-28,25.44,41.27000045776367,,,,0.6743691914734471,-1.220607362380857,,,0.83994708994709,0.0013227513227513227,,,,,,,N/A,EQUITY_DRIVEN
2020-07-29,24.1,41.630001068115234,,,,0.542111626735362,-1.1943835405021963,,,0.8161375661375662,0.0026455026455026454,,,,,,,N/A,EQUITY_DRIVEN
2020-07-30,24.76,40.65999984741211,,,,0.6048583294789502,-1.2572510598216777,,,0.828042328042328,0.0013227513227513227,,,,,,,N/A,EQUITY_DRIVEN
2020-07-31,24.46,41.97999954223633,,,,0.5739676598929278,-1.1666996197522497,,,0.8194444444444444,0.005291005291005291,,,,,,,N/A,EQUITY_DRIVEN
2020-08-03,24.28,43.130001068115234,,,,0.5548629416501989,-1.0879076866137969,,,0.8161375661375662,0.010582010582010581,,,,,,,N/A,EQUITY_DRIVEN
2020-08-04,23.76,44.11000061035156,,,,0.502538438992269,-1.0210554627886064,,,0.8108465608465608,0.015873015873015872,,,,,,,N/A,EQUITY_DRIVEN
2020-08-05,22.99,41.75,,,,0.42588582149044063,-1.177264101546957,,,0.8029100529100529,0.005291005291005291,,,,,,,N/A,EQUITY_DRIVEN
2020-08-06,22.65,42.599998474121094,,,,0.39123757381025615,-1.1189196978419627,,,0.798941798941799,0.010582010582010581,,,,,,,N/A,NO_STRESS
2020-08-07,22.21,41.459999084472656,,,,0.34685515967802694,-1.1934309055483925,,,0.7923280423280423,0.003968253968253968,,,,,,,N/A,NO_STRESS
2020-08-10,22.13,42.209999084472656,,,,0.3376203080871419,-1.1418608994569976,,,0.791005291005291,0.009259259259259259,,,,,,,N/A,NO_STRESS
2020-08-11,24.03,45.2599983215332,,,,0.5217096234721913,-0.9375314043556527,,,0.8108465608465608,0.04298941798941799,,,,,,,N/A,EQUITY_DRIVEN
2020-08-12,22.28,44.22999954223633,,,,0.34915457642212067,-1.0053529333243665,,,0.791005291005291,0.023809523809523808,,,,,,,N/A,NO_STRESS
2020-08-13,22.13,45.08000183105469,,,,0.33302748706751417,-0.9480227261886016,,,0.7876984126984127,0.042328042328042326,,,,,,,N/A,NO_STRESS
2020-08-14,22.05,43.09000015258789,,,,0.3237420302795591,-1.0798031263623211,,,0.7843915343915344,0.015873015873015872,,,,,,,N/A,NO_STRESS
2020-08-17,21.35,45.810001373291016,,,,0.2538079258270536,-0.8978190968256073,,,0.7724867724867724,0.062169312169312166,,,,,,,N/A,NO_STRESS
2020-08-18,21.51,46.060001373291016,,,,0.2681286421040361,-0.880436665907005,,,0.7777777777777778,0.07473544973544974,,,,,,,N/A,NO_STRESS
2020-08-19,22.54,44.599998474121094,,,,0.3676022156513721,-0.9767510092149837,,,0.794973544973545,0.031746031746031744,,,,,,,N/A,NO_STRESS
2020-08-20,22.72,44.58000183105469,,,,0.38373923697131407,-0.9769515505810462,,,0.7976190476190477,0.031746031746031744,,,,,,,N/A,NO_STRESS
2020-08-21,22.54,45.13999938964844,,,,0.36456789889310265,-0.9386941346628493,,,0.792989417989418,0.047619047619047616,,,,,,,N/A,NO_STRESS
2020-08-24,22.37,46.33000183105469,,,,0.3463829048758241,-0.8586386738791585,,,0.7870370370370371,0.08994708994708994,,,,,,,N/A,NO_STRESS
2020-08-25,22.03,47.88999938964844,,,,0.31152857942230905,-0.7540910804804078,,,0.7777777777777778,0.1593915343915344,,,,,,,N/A,NO_STRESS
2020-08-26,23.27,47.9900016784668,,,,0.4317155972141586,-0.7466328568779815,,,0.8042328042328042,0.16534391534391535,,,,,,,N/A,EQUITY_DRIVEN
2020-08-27,24.47,49.290000915527344,,,,0.5478871116564294,-0.6596354253974017,,,0.8201058201058201,0.2447089947089947,,,,,,,N/A,EQUITY_DRIVEN
2020-08-28,22.96,48.189998626708984,,,,0.397874270360357,-0.7318401200858371,,,0.796957671957672,0.1779100529100529,,,,,,,N/A,NO_STRESS
2020-08-31,26.41,47.02000045776367,,,,0.7351121782709499,-0.8085442346581615,,,0.8531746031746031,0.12301587301587301,,,,,,,N/A,EQUITY_DRIVEN
2020-09-01,26.12,44.29999923706055,,,,0.7046363180164,-0.9876132857280914,,,0.8518518518518519,0.027777777777777776,,,,,,,N/A,EQUITY_DRIVEN
2020-09-02,26.57,44.86000061035156,,,,0.7468605520912963,-0.9491715619948725,,,0.8531746031746031,0.03902116402116402,,,,,,,N/A,EQUITY_DRIVEN
2020-09-03,33.6,45.7599983215332,,,,1.434243553120286,-0.8885178711739934,,,0.9259259259259259,0.06746031746031746,,,,,,,N/A,EQUITY_DRIVEN
2020-09-04,30.75,47.040000915527344,,,,1.1509605737450745,-0.8030237430816946,,,0.9021164021164021,0.1283068783068783,,,,,,,N/A,EQUITY_DRIVEN
2020-09-07,30.75,47.040000915527344,,,,1.1478625284392314,-0.802508147015209,,,0.9014550264550265,0.12896825396825398,,,,,,,N/A,EQUITY_DRIVEN
2020-09-08,31.46,50.68000030517578,,,,1.2142771297634667,-0.5612952138822364,,,0.906084656084656,0.3253968253968254,,,,,,,N/A,EQUITY_DRIVEN
2020-09-09,28.81,48.81999969482422,,,,0.9515463104566023,-0.6845144658447267,,,0.8822751322751323,0.21825396825396826,,,,,,,N/A,EQUITY_DRIVEN
2020-09-10,29.71,45.209999084472656,,,,1.0371674782359512,-0.9229591577262678,,,0.8902116402116402,0.051587301587301584,,,,,,,N/A,EQUITY_DRIVEN
2020-09-11,26.87,43.119998931884766,,,,0.7562956285173643,-1.0600537959240073,,,0.8465608465608465,0.017195767195767195,,,,,,,N/A,EQUITY_DRIVEN
2020-09-14,25.85,44.209999084472656,,,,0.6542538045364763,-0.9864790496375855,,,0.8386243386243386,0.026455026455026454,,,,,,,N/A,EQUITY_DRIVEN
2020-09-15,25.59,43.060001373291016,,,,0.6269340951800662,-1.060884630058742,,,0.8293650793650794,0.015873015873015872,,,,,,,N/A,EQUITY_DRIVEN
2020-09-16,26.04,42.43000030517578,,,,0.669280584009376,-1.1005045553383745,,,0.8386243386243386,0.010582010582010581,,,,,,,N/A,EQUITY_DRIVEN
2020-09-17,26.46,38.45000076293945,,,,0.70861499875323,-1.3601378283567793,,,0.8425925925925926,0.0013227513227513227,,,,,,,N/A,EQUITY_DRIVEN
2020-09-18,25.83,37.2400016784668,,,,0.6449159265885432,-1.4362692451070092,,,0.8333333333333334,0.0013227513227513227,,,,,,,N/A,EQUITY_DRIVEN
2020-09-21,27.78,38.630001068115234,,,,0.8342732429729807,-1.341744134231581,,,0.8611111111111112,0.003968253968253968,,,,,,,N/A,EQUITY_DRIVEN
2020-09-22,26.86,39.349998474121094,,,,0.7418368336380666,-1.2920452284350394,,,0.843915343915344,0.005291005291005291,,,,,,,N/A,EQUITY_DRIVEN
2020-09-23,28.58,38.630001068115234,,,,0.9084752533781872,-1.3369511587466323,,,0.876984126984127,0.004629629629629629,,,,,,,N/A,EQUITY_DRIVEN
2020-09-24,28.51,37.220001220703125,,,,0.8992140173441859,-1.426875830934511,,,0.8756613756613757,0.0013227513227513227,,,,,,,N/A,EQUITY_DRIVEN
2020-09-25,26.38,36.970001220703125,,,,0.6879173320136281,-1.4407042760564606,,,0.8346560846560847,0.0013227513227513227,,,,,,,N/A,EQUITY_DRIVEN
2020-09-28,26.19,37.400001525878906,,,,0.6672742363453913,-1.4106154990618194,,,0.8333333333333334,0.005291005291005291,,,,,,,N/A,EQUITY_DRIVEN
2020-09-29,26.27,36.619998931884766,,,,0.6731770772682948,-1.4597057142704557,,,0.8333333333333334,0.0013227513227513227,,,,,,,N/A,EQUITY_DRIVEN
2020-09-30,26.37,39.209999084472656,,,,0.6810582921445442,-1.289164085588455,,,0.8333333333333334,0.011904761904761904,,,,,,,N/A,EQUITY_DRIVEN
2020-10-01,26.7,38.650001525878906,,,,0.7115170437183969,-1.3246276726500412,,,0.8386243386243386,0.011904761904761904,,,,,,,N/A,EQUITY_DRIVEN
2020-10-02,27.63,39.970001220703125,,,,0.8008984744802331,-1.237327235865211,,,0.8518518518518519,0.015873015873015872,,,,,,,N/A,EQUITY_DRIVEN
2020-10-05,27.96,39.810001373291016,,,,0.8311908199428586,-1.2463260964157528,,,0.8611111111111112,0.015873015873015872,,,,,,,N/A,EQUITY_DRIVEN
2020-10-06,29.48,57.75,,,,0.9782532445619719,-0.07590361998367494,,,0.8862433862433863,0.58994708994709,,,,,,,N/A,EQUITY_DRIVEN
2020-10-07,28.06,56.97999954223633,,,,0.8363145797653384,-0.12704389867050964,,,0.8650793650793651,0.5641534391534392,,,,,,,N/A,EQUITY_DRIVEN
2020-10-08,26.36,57.310001373291016,,,,0.6672805925376218,-0.10631869756644109,,,0.8253968253968254,0.5747354497354498,,,,,,,N/A,EQUITY_DRIVEN
2020-10-09,25.0,57.52000045776367,,,,0.531836612396816,-0.09346938273453112,,,0.794973544973545,0.578042328042328,,,,,,,N/A,NO_STRESS
2020-10-12,25.07,57.52000045776367,,,,0.5370779419875921,-0.09422398679192961,,,0.7962962962962963,0.5773809523809523,,,,,,,N/A,NO_STRESS
2020-10-13,26.07,55.59000015258789,,,,0.6336763113886114,-0.22118120392313922,,,0.8187830687830688,0.5171957671957672,,,,,,,N/A,EQUITY_DRIVEN
2020-10-14,26.4,53.5,,,,0.6642257242115698,-0.3584887049499539,,,0.828042328042328,0.44576719576719576,,,,,,,N/A,EQUITY_DRIVEN
2020-10-15,26.97,55.619998931884766,,,,0.7183433812261035,-0.22058295850536982,,,0.8373015873015873,0.5178571428571429,,,,,,,N/A,EQUITY_DRIVEN
2020-10-16,27.41,57.25,,,,0.7595921439624614,-0.11480874734355198,,,0.8386243386243386,0.5674603174603174,,,,,,,N/A,EQUITY_DRIVEN
2020-10-19,29.18,61.15999984741211,,,,0.9315606193824165,0.14005494058946272,,,0.8809523809523809,0.6832010582010583,,,,,,,N/A,EQUITY_DRIVEN
2020-10-20,29.35,60.41999816894531,,,,0.9458078164649092,0.09030034964322281,,,0.8835978835978836,0.6626984126984127,,,,,,,N/A,EQUITY_DRIVEN
2020-10-21,28.65,59.06999969482422,,,,0.8744731356856,0.0005640072541097642,,,0.8756613756613757,0.6322751322751323,,,,,,,N/A,EQUITY_DRIVEN
2020-10-22,28.11,59.72999954223633,,,,0.8190425023653137,0.04265127291977911,,,0.8624338624338624,0.6402116402116402,,,,,,,N/A,EQUITY_DRIVEN
2020-10-23,27.55,58.459999084472656,,,,0.7617767487549877,-0.04173243536342031,,,0.8346560846560847,0.6044973544973545,,,,,,,N/A,EQUITY_DRIVEN
2020-10-26,32.46,58.95000076293945,,,,1.2424176678370171,-0.010322481283627543,,,0.9140211640211641,0.6203703703703703,,,,,,,N/A,EQUITY_DRIVEN
2020-10-27,33.35,57.880001068115234,,,,1.3263121853500872,-0.08141457692050218,,,0.9193121693121693,0.5873015873015873,,,,,,,N/A,EQUITY_DRIVEN
2020-10-28,40.28,57.130001068115234,,,,2.0005115197819414,-0.1314086563207039,,,0.9563492063492064,0.5529100529100529,,,,,,,N/A,EQUITY_DRIVEN
2020-10-29,37.59,61.29999923706055,,,,1.730203229384606,0.14161951874333514,,,0.9470899470899471,0.6924603174603174,,,,,,,N/A,EQUITY_DRIVEN
2020-10-30,38.02,61.90999984741211,,,,1.7661911581060379,0.18066162735253438,,,0.9484126984126984,0.7129629629629629,,,,,,,N/A,EQUITY_DRIVEN
2020-11-02,37.13,63.560001373291016,,,,1.673476942656405,0.2878474848248333,,,0.9417989417989417,0.7526455026455027,,,,,,,N/A,EQUITY_DRIVEN
2020-11-03,35.55,64.37000274658203,,,,1.5142809189701498,0.3397030839058164,,,0.9325396825396826,0.7658730158730159,,,,,,,N/A,EQUITY_DRIVEN
2020-11-04,29.57,47.7400016784668,,,,0.9271657946673654,-0.7546321903959808,,,0.8796296296296297,0.16137566137566137,,,,,,,N/A,EQUITY_DRIVEN
2020-11-05,27.58,43.7599983215332,,,,0.7305382592435703,-1.0163005702617656,,,0.8293650793650794,0.041005291005291,,,,,,,N/A,EQUITY_DRIVEN
2020-11-06,24.86,39.880001068115234,,,,0.46286434806835364,-1.2705409647509271,,,0.7645502645502645,0.017195767195767195,,,,,,,N/A,NO_STRESS
2020-11-09,25.75,44.939998626708984,,,,0.548123330220385,-0.9375451408612414,,,0.7870370370370371,0.062169312169312166,,,,,,,N/A,NO_STRESS
2020-11-10,24.8,46.189998626708984,,,,0.45340701471796374,-0.8552708404262666,,,0.7605820105820106,0.10383597883597884,,,,,,,N/A,NO_STRESS
2020-11-11,23.45,46.189998626708984,,,,0.3196177333760041,-0.8548723624609476,,,0.7367724867724867,0.10449735449735449,,,,,,,N/A,NO_STRESS
2020-11-12,25.35,44.16999816894531,,,,0.5040806329501419,-0.9867690536221795,,,0.7724867724867724,0.046296296296296294,,,,,,,N/A,NO_STRESS
2020-11-13,23.1,42.95000076293945,,,,0.2818757943231645,-1.0655604354564707,,,0.7275132275132276,0.03571428571428571,,,,,,,N/A,NO_STRESS
2020-11-16,22.45,42.4900016784668,,,,0.21660402968270848,-1.0944574918289776,,,0.7103174603174603,0.031746031746031744,,,,,,,N/A,NO_STRESS
2020-11-17,22.71,43.08000183105469,,,,0.24062569892293548,-1.0545516867469933,,,0.7195767195767195,0.03968253968253968,,,,,,,N/A,NO_STRESS
2020-11-18,23.84,43.619998931884766,,,,0.3500849068580395,-1.0182844787435328,,,0.7380952380952381,0.04497354497354497,,,,,,,N/A,NO_STRESS
2020-11-19,23.11,43.529998779296875,,,,0.2768308184895436,-1.0234913546175812,,,0.7261904761904762,0.04497354497354497,,,,,,,N/A,NO_STRESS
2020-11-20,23.7,42.310001373291016,,,,0.3333024176483657,-1.1027719384840038,,,0.7354497354497355,0.0291005291005291,,,,,,,N/A,NO_STRESS
2020-11-23,22.66,43.040000915527344,,,,0.2295473289314614,-1.054316725149044,,,0.7142857142857143,0.03968253968253968,,,,,,,N/A,NO_STRESS
2020-11-24,21.64,42.380001068115234,,,,0.12779151399314465,-1.096806841481532,,,0.6891534391534392,0.03042328042328042,,,,,,,N/A,NO_STRESS
2020-11-25,21.25,39.619998931884766,,,,0.08793198095221966,-1.2757233656166587,,,0.673941798941799,0.015873015873015872,,,,,,,N/A,NO_STRESS
2020-11-26,21.25,39.619998931884766,,,,0.08642346428450629,-1.274139031777178,,,0.6732804232804233,0.016534391534391533,,,,,,,N/A,NO_STRESS
2020-11-27,20.84,39.63999938964844,,,,0.04448417251344699,-1.2712930225549273,,,0.6626984126984127,0.018518518518518517,,,,,,,N/A,NO_STRESS
2020-11-30,20.57,40.84000015258789,,,,0.016350054177472945,-1.1918686237618286,,,0.6507936507936508,0.02513227513227513,,,,,,,N/A,NO_STRESS
2020-12-01,20.77,41.529998779296875,,,,0.03467338607023891,-1.1459849727950133,,,0.6574074074074074,0.0291005291005291,,,,,,,N/A,NO_STRESS
2020-12-02,21.17,43.91999816894531,,,,0.07283809378263142,-0.9893830363986752,,,0.6666666666666666,0.06084656084656084,,,,,,,N/A,NO_STRESS
2020-12-03,21.28,42.529998779296875,,,,0.08228554214614507,-1.079013174325665,,,0.6746031746031746,0.04298941798941799,,,,,,,N/A,NO_STRESS
2020-12-04,20.79,43.88999938964844,,,,0.032343125118275286,-0.9895938293419915,,,0.6547619047619048,0.062169312169312166,,,,,,,N/A,NO_STRESS
2020-12-07,21.3,49.66999816894531,,,,0.0814927381676057,-0.6128379639921278,,,0.6752645502645502,0.2698412698412698,,,,,,,N/A,NO_STRESS
2020-12-08,20.68,49.099998474121094,,,,0.01862496774878143,-0.6502084741617604,,,0.6468253968253969,0.2347883597883598,,,,,,,N/A,NO_STRESS
2020-12-09,22.27,48.47999954223633,,,,0.17514599009349788,-0.6909978804055391,,,0.6997354497354498,0.2037037037037037,,,,,,,N/A,NO_STRESS
2020-12-10,22.52,47.150001525878906,,,,0.19867099407530367,-0.7779614965947236,,,0.7076719576719577,0.1541005291005291,,,,,,,N/A,NO_STRESS
2020-12-11,23.31,47.52000045776367,,,,0.27581618489788673,-0.7536792024816762,,,0.7288359788359788,0.16534391534391535,,,,,,,N/A,NO_STRESS
2020-12-14,24.72,49.220001220703125,,,,0.41438354464704996,-0.6428317247924659,,,0.7552910052910053,0.2400793650793651,,,,,,,N/A,NO_STRESS
2020-12-15,22.89,48.13999938964844,,,,0.23097455926450453,-0.7127668251404325,,,0.7156084656084656,0.18915343915343916,,,,,,,N/A,NO_STRESS
2020-12-16,22.5,46.959999084472656,,,,0.19077797144674172,-0.7890376520374787,,,0.7017195767195767,0.1455026455026455,,,,,,,N/A,NO_STRESS
2020-12-17,21.93,44.150001525878906,,,,0.1327259735354526,-0.9709117808380218,,,0.6838624338624338,0.06746031746031746,,,,,,,N/A,NO_STRESS
2020-12-18,21.57,44.63999938964844,,,,0.09560189817476014,-0.9377548024935497,,,0.6772486772486772,0.082010582010582,,,,,,,N/A,NO_STRESS
2020-12-21,25.16,46.65999984741211,,,,0.4517325028933369,-0.8050514078048351,,,0.7698412698412699,0.13624338624338625,,,,,,,N/A,NO_STRESS
2020-12-22,24.23,43.56999969482422,,,,0.3577143306089472,-1.004580274074145,,,0.7407407407407407,0.0582010582010582,,,,,,,N/A,NO_STRESS
2020-12-23,23.31,42.7400016784668,,,,0.2648886592497876,-1.0565754141342298,,,0.7242063492063492,0.047619047619047616,,,,,,,N/A,NO_STRESS
2020-12-24,21.53,42.11000061035156,,,,0.08631608027599326,-1.095388551819887,,,0.671957671957672,0.03439153439153439,,,,,,,N/A,NO_STRESS
2020-12-25,21.53,42.11000061035156,,,,0.0852810466630257,-1.0931738595310636,,,0.6712962962962963,0.03505291005291005,,,,,,,N/A,NO_STRESS
2020-12-28,21.7,45.2599983215332,,,,0.10167637899035921,-0.88687390222499,,,0.6759259259259259,0.10317460317460317,,,,,,,N/A,NO_STRESS
2020-12-29,23.08,46.099998474121094,,,,0.24173952626227047,-0.8307522089649721,,,0.716931216931217,0.12698412698412698,,,,,,,N/A,NO_STRESS
2020-12-30,22.77,47.189998626708984,,,,0.2118095434989038,-0.7586214550979741,,,0.7103174603174603,0.16997354497354497,,,,,,,N/A,NO_STRESS
2020-12-31,22.75,48.97999954223633,,,,0.21053139001425808,-0.6409940904988227,,,0.7103174603174603,0.24338624338624337,,,,,,,N/A,NO_STRESS
2021-01-01,22.75,48.97999954223633,,,,0.2121744222721278,-0.639346215862925,,,0.7109788359788359,0.24404761904761904,,,,,,,N/A,NO_STRESS
2021-01-04,26.97,49.59000015258789,,,,0.6353800801864963,-0.5982228346374824,,,0.8234126984126984,0.2830687830687831,,,,,,,N/A,EQUITY_DRIVEN
2021-01-05,25.34,48.95000076293945,,,,0.4720822189177446,-0.6379695752773029,,,0.7777777777777778,0.24206349206349206,,,,,,,N/A,NO_STRESS
2021-01-06,25.07,44.63999938964844,,,,0.4450092655952229,-0.9151037709918136,,,0.7731481481481481,0.08796296296296297,,,,,,,N/A,NO_STRESS
2021-01-07,22.37,45.20000076293945,,,,0.1740262915555566,-0.8765532467738184,,,0.6911375661375662,0.10052910052910052,,,,,,,N/A,NO_STRESS
2021-01-08,21.56,44.810001373291016,,,,0.09253484900036976,-0.8996303147077158,,,0.6693121693121693,0.08994708994708994,,,,,,,N/A,NO_STRESS
2021-01-11,24.08,47.77000045776367,,,,0.3444304209439159,-0.7063524939545149,,,0.7407407407407407,0.19047619047619047,,,,,,,N/A,NO_STRESS
2021-01-12,23.33,50.119998931884766,,,,0.2687540186546048,-0.5529535686320146,,,0.7288359788359788,0.3148148148148148,,,,,,,N/A,NO_STRESS
2021-01-13,22.21,45.599998474121094,,,,0.15631382591429027,-0.8440222348785187,,,0.6832010582010583,0.11243386243386243,,,,,,,N/A,NO_STRESS
2021-01-14,23.25,46.22999954223633,,,,0.26008131546202035,-0.8016360391408117,,,0.7235449735449735,0.1388888888888889,,,,,,,N/A,NO_STRESS
2021-01-15,24.34,45.13999938964844,,,,0.36852435692001406,-0.8703717089705028,,,0.7486772486772487,0.10119047619047619,,,,,,,N/A,NO_STRESS
2021-01-18,24.34,45.13999938964844,,,,0.36749370616790616,-0.8683592635121202,,,0.748015873015873,0.10185185185185185,,,,,,,N/A,NO_STRESS
2021-01-19,23.24,45.22999954223633,,,,0.2563274953863863,-0.860600197750794,,,0.7195767195767195,0.10714285714285714,,,,,,,N/A,NO_STRESS
2021-01-20,21.58,42.529998779296875,,,,0.0895980653686909,-1.0325960746025757,,,0.6613756613756614,0.046296296296296294,,,,,,,N/A,NO_STRESS
2021-01-21,21.32,43.0099983215332,,,,0.06335021832747637,-0.9992855138800754,,,0.6455026455026455,0.05423280423280423,,,,,,,N/A,NO_STRESS
2021-01-22,21.91,43.09000015258789,,,,0.12254650027012576,-0.9917917583563909,,,0.6693121693121693,0.06018518518518518,,,,,,,N/A,NO_STRESS
2021-01-25,23.19,43.08000183105469,,,,0.2503241945077402,-0.9900243987096896,,,0.7156084656084656,0.05886243386243386,,,,,,,N/A,NO_STRESS
2021-01-26,23.02,43.13999938964844,,,,0.23271879875927193,-0.9837917849670793,,,0.7103174603174603,0.06613756613756613,,,,,,,N/A,NO_STRESS
2021-01-27,37.21,44.15999984741211,,,,1.649154313382667,-0.9159755988620979,,,0.9444444444444444,0.08068783068783068,,,,,,,N/A,EQUITY_DRIVEN
2021-01-28,30.21,45.529998779296875,,,,0.9468305869083824,-0.8259074278607734,,,0.8862433862433863,0.12433862433862433,,,,,,,N/A,EQUITY_DRIVEN
2021-01-29,33.09,47.40999984741211,,,,1.23146055560364,-0.7034583197551452,,,0.9113756613756614,0.19576719576719576,,,,,,,N/A,EQUITY_DRIVEN
2021-02-01,30.24,46.279998779296875,,,,0.944412487555104,-0.7747961443657526,,,0.8849206349206349,0.15476190476190477,,,,,,,N/A,EQUITY_DRIVEN
2021-02-02,25.56,45.90999984741211,,,,0.47584351199458513,-0.7972098095573413,,,0.7791005291005291,0.14153439153439154,,,,,,,N/A,NO_STRESS
2021-02-03,22.91,46.93000030517578,,,,0.2103994915510592,-0.7306869400111503,,,0.6984126984126984,0.17989417989417988,,,,,,,N/A,NO_STRESS
2021-02-04,21.77,47.25,,,,0.0959683454642845,-0.7089781749847732,,,0.6567460317460317,0.1984126984126984,,,,,,,N/A,NO_STRESS
2021-02-05,20.87,47.20000076293945,,,,0.00552369459381302,-0.7110600384065697,,,0.6137566137566137,0.19576719576719576,,,,,,,N/A,NO_STRESS
2021-02-08,21.24,48.45000076293945,,,,0.041766876959208124,-0.629694658974529,,,0.623015873015873,0.25,,,,,,,N/A,NO_STRESS
2021-02-09,21.63,46.75,,,,0.08038237094910743,-0.7374946010506825,,,0.6501322751322751,0.1712962962962963,,,,,,,N/A,NO_STRESS
2021-02-10,21.99,46.27000045776367,,,,0.11584857976685431,-0.7670261223147197,,,0.66005291005291,0.15476190476190477,,,,,,,N/A,NO_STRESS
2021-02-11,21.25,45.95000076293945,,,,0.04147682427185341,-0.7864244499084061,,,0.6223544973544973,0.14285714285714285,,,,,,,N/A,NO_STRESS
2021-02-12,19.97,47.0099983215332,,,,-0.08596058391485487,-0.7174307036151204,,,0.5714285714285714,0.1865079365079365,,,,,,,N/A,NO_STRESS
2021-02-15,19.97,47.0099983215332,,,,-0.08532182654211497,-0.7164177242299875,,,0.5720899470899471,0.18716931216931218,,,,,,,N/A,NO_STRESS
2021-02-16,21.46,56.779998779296875,,,,0.06350186149638147,-0.09024650159433696,,,0.6382275132275133,0.5846560846560847,,,,,,,N/A,NO_STRESS
2021-02-17,21.5,55.970001220703125,,,,0.06763186933097416,-0.1421518065766931,,,0.6415343915343915,0.5608465608465608,,,,,,,N/A,NO_STRESS
2021-02-18,22.49,56.119998931884766,,,,0.1666056664652693,-0.1323444202171039,,,0.6825396825396826,0.5661375661375662,,,,,,,N/A,NO_STRESS
2021-02-19,22.05,60.43000030517578,,,,0.12236437102048799,0.14381559075033165,,,0.666005291005291,0.6858465608465608,,,,,,,N/A,NO_STRESS
2021-02-22,23.45,62.41999816894531,,,,0.2617840963485985,0.27105420371021155,,,0.7242063492063492,0.7420634920634921,,,,,,,N/A,NO_STRESS
2021-02-23,23.11,61.72999954223633,,,,0.22788341546818308,0.22655193037599358,,,0.7096560846560847,0.7228835978835979,,,,,,,N/A,NO_STRESS
2021-02-24,21.34,61.91999816894531,,,,0.05099446651436696,0.2382257487502367,,,0.6296296296296297,0.7328042328042328,,,,,,,N/A,NO_STRESS
2021-02-25,28.89,74.16000366210938,,,,0.8038756715226275,1.0205832251377802,,,0.8664021164021164,0.8716931216931217,,,,,,,N/A,RATES_DRIVEN
2021-02-26,27.95,75.66000366210938,,,,0.7085821132858933,1.1139599332043446,,,0.83994708994709,0.8796296296296297,,,,,,,N/A,RATES_DRIVEN
2021-03-01,23.35,68.7300033569336,,,,0.2490358766552349,0.6690940364504244,,,0.7202380952380952,0.8346560846560847,,,,,,,N/A,RATES_DRIVEN
2021-03-02,24.1,57.70000076293945,,,,0.32358900416067193,-0.03720186377728366,,,0.7308201058201058,0.6124338624338624,,,,,,,N/A,NO_STRESS
2021-03-03,26.67,65.83000183105469,,,,0.5792195436574054,0.48188355139477457,,,0.8082010582010583,0.7936507936507936,,,,,,,N/A,EQUITY_DRIVEN
2021-03-04,28.57,68.12999725341797,,,,0.767467523300949,0.6275259209549938,,,0.8584656084656085,0.8234126984126984,,,,,,,N/A,EQUITY_DRIVEN
2021-03-05,24.66,69.37000274658203,,,,0.37651251856305046,0.7052194367774107,,,0.746031746031746,0.8359788359788359,,,,,,,N/A,RATES_DRIVEN
2021-03-08,25.47,71.6500015258789,,,,0.45623528592675183,0.8490689361132384,,,0.7724867724867724,0.8505291005291006,,,,,,,N/A,RATES_DRIVEN
2021-03-09,24.03,67.44000244140625,,,,0.3116089028021817,0.5783002652633028,,,0.7215608465608465,0.8148148148148148,,,,,,,N/A,RATES_DRIVEN
2021-03-10,22.56,63.189998626708984,,,,0.16401501301506846,0.30529567089200216,,,0.6746031746031746,0.7513227513227513,,,,,,,N/A,NO_STRESS
2021-03-11,21.91,63.900001525878906,,,,0.09833723915807922,0.349577003750612,,,0.6448412698412699,0.7619047619047619,,,,,,,N/A,NO_STRESS
2021-03-12,20.69,70.83000183105469,,,,-0.024055189484368033,0.791053154353856,,,0.5833333333333334,0.8465608465608465,,,,,,,N/A,RATES_DRIVEN
2021-03-15,20.03,70.79000091552734,,,,-0.09036349606457714,0.7867126598235146,,,0.5661375661375662,0.8452380952380952,,,,,,,N/A,RATES_DRIVEN
2021-03-16,19.79,70.80999755859375,,,,-0.11479404977642631,0.786213889933698,,,0.5529100529100529,0.8452380952380952,,,,,,,N/A,RATES_DRIVEN
2021-03-17,19.23,66.75,,,,-0.17087403825337133,0.5254897911399985,,,0.5370370370370371,0.8015873015873016,,,,,,,N/A,RATES_DRIVEN
2021-03-18,21.58,70.4800033569336,,,,0.06328305269304488,0.7623187466285263,,,0.6342592592592593,0.83994708994709,,,,,,,N/A,RATES_DRIVEN
2021-03-19,20.95,68.80000305175781,,,,-0.0002483554228985109,0.6535279814857464,,,0.5952380952380952,0.8267195767195767,,,,,,,N/A,RATES_DRIVEN
2021-03-22,18.88,67.62000274658203,,,,-0.20747510476801465,0.5767285113421265,,,0.5198412698412699,0.8095238095238095,,,,,,,N/A,RATES_DRIVEN
2021-03-23,20.3,60.77000045776367,,,,-0.0662223764145529,0.13835322827680346,,,0.5687830687830688,0.6693121693121693,,,,,,,N/A,NO_STRESS
2021-03-24,21.2,60.709999084472656,,,,0.02294159717600964,0.13378089243492639,,,0.6005291005291006,0.666005291005291,,,,,,,N/A,NO_STRESS
2021-03-25,19.81,59.540000915527344,,,,-0.11647886287759149,0.05815802992655674,,,0.5476190476190477,0.6349206349206349,,,,,,,N/A,NO_STRESS
2021-03-26,18.86,61.4900016784668,,,,-0.21184288422956843,0.18179149842943718,,,0.5125661375661376,0.6904761904761905,,,,,,,N/A,NO_STRESS
2021-03-29,20.74,65.95999908447266,,,,-0.024725077954709053,0.46614940585632836,,,0.582010582010582,0.7804232804232805,,,,,,,N/A,NO_STRESS
2021-03-30,19.61,67.44000244140625,,,,-0.1383785198910093,0.559170895284735,,,0.541005291005291,0.8062169312169312,,,,,,,N/A,RATES_DRIVEN
2021-03-31,19.4,71.2699966430664,,,,-0.160038945857003,0.8019950497839405,,,0.5337301587301587,0.8478835978835979,,,,,,,N/A,RATES_DRIVEN
2021-04-01,17.33,64.98999786376953,,,,-0.3677224792366577,0.3993094670185194,,,0.46164021164021163,0.7632275132275133,,,,,,,N/A,NO_STRESS
2021-04-02,17.33,64.98999786376953,,,,-0.36837985347186436,0.39794387080351956,,,0.460978835978836,0.7625661375661376,,,,,,,N/A,NO_STRESS
2021-04-05,17.91,61.790000915527344,,,,-0.3111492613483278,0.19214931529928486,,,0.48478835978835977,0.6964285714285714,,,,,,,N/A,NO_STRESS
2021-04-06,18.12,60.290000915527344,,,,-0.2909197969160942,0.0952189885085427,,,0.49206349206349204,0.6428571428571429,,,,,,,N/A,NO_STRESS
2021-04-07,17.16,62.540000915527344,,,,-0.38748204628493355,0.2383603023152443,,,0.4523809523809524,0.7129629629629629,,,,,,,N/A,NO_STRESS
2021-04-08,16.95,60.08000183105469,,,,-0.40910073543553993,0.08053530462203962,,,0.4444444444444444,0.6335978835978836,,,,,,,N/A,NO_STRESS
2021-04-09,16.69,61.209999084472656,,,,-0.43570077932503054,0.15225545333839122,,,0.4365079365079365,0.667989417989418,,,,,,,N/A,NO_STRESS
2021-04-12,16.91,63.5,,,,-0.4142242666865568,0.29793824209768294,,,0.44113756613756616,0.7367724867724867,,,,,,,N/A,NO_STRESS
2021-04-13,16.65,61.20000076293945,,,,-0.44089614342001593,0.15007665949766516,,,0.43253968253968256,0.6653439153439153,,,,,,,N/A,NO_STRESS
2021-04-14,16.99,60.08000183105469,,,,-0.40741783035164963,0.0777706256348353,,,0.44576719576719576,0.628968253968254,,,,,,,N/A,NO_STRESS
2021-04-15,16.57,59.04999923706055,,,,-0.4502387407167264,0.011356752309693382,,,0.4279100529100529,0.6071428571428571,,,,,,,N/A,NO_STRESS
2021-04-16,16.25,62.56999969482422,,,,-0.48300731449181,0.2358128678121767,,,0.41005291005291006,0.7116402116402116,,,,,,,N/A,NO_STRESS
2021-04-19,17.29,63.959999084472656,,,,-0.3792596141890125,0.323957885250969,,,0.4537037037037037,0.746031746031746,,,,,,,N/A,NO_STRESS
2021-04-20,18.68,64.3499984741211,,,,-0.240485501799411,0.34804982441766974,,,0.5026455026455027,0.7513227513227513,,,,,,,N/A,NO_STRESS
2021-04-21,17.5,62.27000045776367,,,,-0.3591025497979909,0.21496482507507922,,,0.4642857142857143,0.701058201058201,,,,,,,N/A,NO_STRESS
2021-04-22,18.71,59.619998931884766,,,,-0.23809327457620635,0.045514552122526086,,,0.5033068783068783,0.6150793650793651,,,,,,,N/A,NO_STRESS
2021-04-23,17.33,59.97999954223633,,,,-0.37706072866333207,0.0686083568686225,,,0.4537037037037037,0.6243386243386243,,,,,,,N/A,NO_STRESS
2021-04-26,17.64,60.97999954223633,,,,-0.3465694626998963,0.13228321950206143,,,0.4695767195767196,0.656084656084656,,,,,,,N/A,NO_STRESS
2021-04-27,17.56,60.150001525878906,,,,-0.3553889201141823,0.07865806218904552,,,0.4642857142857143,0.6309523809523809,,,,,,,N/A,NO_STRESS
2021-04-28,17.28,60.310001373291016,,,,-0.38435411250781126,0.0884102568928219,,,0.4444444444444444,0.6349206349206349,,,,,,,N/A,NO_STRESS
2021-04-29,17.61,59.02000045776367,,,,-0.3521305334839278,0.00560134132823419,,,0.4662698412698413,0.5965608465608465,,,,,,,N/A,NO_STRESS
2021-04-30,18.61,58.130001068115234,,,,-0.25245898453118143,-0.051512543305115406,,,0.49867724867724866,0.5687830687830688,,,,,,,N/A,NO_STRESS
2021-05-03,18.31,57.33000183105469,,,,-0.28362609815734946,-0.10254261734527483,,,0.49206349206349204,0.544973544973545,,,,,,,N/A,NO_STRESS
2021-05-04,19.48,58.5099983215332,,,,-0.16677112609803638,-0.02705081555565511,,,0.5343915343915344,0.5793650793650794,,,,,,,N/A,NO_STRESS
2021-05-05,19.15,56.93000030517578,,,,-0.20104592635642107,-0.1282945592063241,,,0.5238095238095238,0.5277777777777778,,,,,,,N/A,NO_STRESS
2021-05-06,18.39,57.75,,,,-0.2785386429974941,-0.07613366890532597,,,0.4894179894179894,0.5615079365079365,,,,,,,N/A,NO_STRESS
2021-05-07,16.69,54.130001068115234,,,,-0.45086690220514264,-0.30807755218542365,,,0.416005291005291,0.45965608465608465,,,,,,,N/A,NO_STRESS
2021-05-10,19.66,55.47999954223633,,,,-0.15217756822364004,-0.22184888070336098,,,0.542989417989418,0.4947089947089947,,,,,,,N/A,NO_STRESS
2021-05-11,21.84,58.0099983215332,,,,0.06676096296295064,-0.06032193850723452,,,0.6428571428571429,0.5661375661375662,,,,,,,N/A,NO_STRESS
2021-05-12,27.59,58.470001220703125,,,,0.645994329789737,-0.03137888110136737,,,0.8267195767195767,0.578042328042328,,,,,,,N/A,EQUITY_DRIVEN
2021-05-13,23.13,56.59000015258789,,,,0.1939470519892797,-0.15221154938380366,,,0.6970899470899471,0.5185185185185185,,,,,,,N/A,NO_STRESS
2021-05-14,18.81,54.9900016784668,,,,-0.24347456391270225,-0.2548817042714838,,,0.4973544973544973,0.46825396825396826,,,,,,,N/A,NO_STRESS
2021-05-17,19.72,58.59000015258789,,,,-0.1522906114508973,-0.02472694368117527,,,0.5396825396825397,0.5833333333333334,,,,,,,N/A,NO_STRESS
2021-05-18,21.34,57.18000030517578,,,,0.011075385055647216,-0.11542592460111649,,,0.6117724867724867,0.5317460317460317,,,,,,,N/A,NO_STRESS
2021-05-19,22.18,57.310001373291016,,,,0.0952499168075701,-0.10762193189367524,,,0.6534391534391535,0.5370370370370371,,,,,,,N/A,NO_STRESS
2021-05-20,20.67,55.040000915527344,,,,-0.05794024501757225,-0.2532770354086477,,,0.5687830687830688,0.4656084656084656,,,,,,,N/A,NO_STRESS
2021-05-21,20.15,54.59000015258789,,,,-0.11102505996814337,-0.28234668293392334,,,0.5542328042328042,0.455026455026455,,,,,,,N/A,NO_STRESS
2021-05-24,18.4,54.939998626708984,,,,-0.2885104357081438,-0.26026550449449665,,,0.47619047619047616,0.4603174603174603,,,,,,,N/A,NO_STRESS
2021-05-25,18.84,53.720001220703125,,,,-0.24444403789290237,-0.33880770995496134,,,0.4914021164021164,0.4312169312169312,,,,,,,N/A,NO_STRESS
2021-05-26,17.36,52.81999969482422,,,,-0.3944919819459764,-0.3966661934632624,,,0.43187830687830686,0.4074074074074074,,,,,,,N/A,NO_STRESS
2021-05-27,16.74,53.470001220703125,,,,-0.45737212143248407,-0.35521218179454694,,,0.40476190476190477,0.421957671957672,,,,,,,N/A,NO_STRESS
2021-05-28,16.76,52.040000915527344,,,,-0.45564633326853354,-0.4469613184189827,,,0.40476190476190477,0.3921957671957672,,,,,,,N/A,NO_STRESS
2021-05-31,16.76,52.040000915527344,,,,-0.4562306916109809,-0.4471601840946881,,,0.4041005291005291,0.3915343915343915,,,,,,,N/A,NO_STRESS
2021-06-01,17.9,54.9900016784668,,,,-0.3415831767344977,-0.258489549378791,,,0.45701058201058203,0.4623015873015873,,,,,,,N/A,NO_STRESS
2021-06-02,17.48,55.209999084472656,,,,-0.384956589722489,-0.24488446862280744,,,0.43386243386243384,0.4722222222222222,,,,,,,N/A,NO_STRESS
2021-06-03,18.04,53.959999084472656,,,,-0.32887631707833964,-0.32540938555694077,,,0.46164021164021163,0.43915343915343913,,,,,,,N/A,NO_STRESS
2021-06-04,16.42,49.779998779296875,,,,-0.4938748705876114,-0.5937326418713735,,,0.38227513227513227,0.31613756613756616,,,,,,,N/A,NO_STRESS
2021-06-07,16.42,49.54999923706055,,,,-0.4946438499315544,-0.6086404340541162,,,0.3816137566137566,0.30357142857142855,,,,,,,N/A,NO_STRESS
2021-06-08,17.07,49.93000030517578,,,,-0.4293946665418224,-0.5845079562147178,,,0.4126984126984127,0.32407407407407407,,,,,,,N/A,NO_STRESS
2021-06-09,17.89,52.84000015258789,,,,-0.3470905785556617,-0.39841139421558797,,,0.4537037037037037,0.4021164021164021,,,,,,,N/A,NO_STRESS
2021-06-10,16.1,48.2599983215332,,,,-0.5296834587358802,-0.6928180812848252,,,0.35714285714285715,0.23544973544973544,,,,,,,N/A,NO_STRESS
2021-06-11,15.65,50.849998474121094,,,,-0.5759453435574506,-0.5269459963673164,,,0.3220899470899471,0.35185185185185186,,,,,,,N/A,NO_STRESS
2021-06-14,16.39,54.029998779296875,,,,-0.5013555597941753,-0.3232124128162942,,,0.37632275132275134,0.43915343915343913,,,,,,,N/A,NO_STRESS
2021-06-15,17.02,52.91999816894531,,,,-0.43805412250400605,-0.3946529528141519,,,0.4074074074074074,0.4007936507936508,,,,,,,N/A,NO_STRESS
2021-06-16,18.15,54.279998779296875,,,,-0.3240254961867748,-0.3076724382773199,,,0.46825396825396826,0.44841269841269843,,,,,,,N/A,NO_STRESS
2021-06-17,17.75,54.90999984741211,,,,-0.36564517060204327,-0.2678318279018657,,,0.4444444444444444,0.455026455026455,,,,,,,N/A,NO_STRESS
2021-06-18,20.7,60.45000076293945,,,,-0.06644694540541535,0.08726483405313586,,,0.5714285714285714,0.6402116402116402,,,,,,,N/A,NO_STRESS
2021-06-21,17.89,61.86000061035156,,,,-0.353540987162928,0.17684042124476226,,,0.4503968253968254,0.6931216931216931,,,,,,,N/A,NO_STRESS
2021-06-22,16.66,58.63999938964844,,,,-0.4793271895191391,-0.030991892734657172,,,0.38227513227513227,0.5806878306878307,,,,,,,N/A,NO_STRESS
2021-06-23,16.32,55.599998474121094,,,,-0.5146273527272937,-0.22737434745705168,,,0.36243386243386244,0.48412698412698413,,,,,,,N/A,NO_STRESS
2021-06-24,15.97,54.83000183105469,,,,-0.550846213758721,-0.2775392854267347,,,0.33664021164021163,0.4470899470899471,,,,,,,N/A,NO_STRESS
2021-06-25,15.62,55.58000183105469,,,,-0.5872185508800314,-0.22998662675230896,,,0.3082010582010582,0.48148148148148145,,,,,,,N/A,NO_STRESS
2021-06-28,15.76,56.33000183105469,,,,-0.573739069323226,-0.18250309719725474,,,0.31746031746031744,0.5,,,,,,,N/A,NO_STRESS
2021-06-29,16.02,56.79999923706055,,,,-0.548116070391684,-0.15314368521715316,,,0.3386243386243386,0.5145502645502645,,,,,,,N/A,NO_STRESS
2021-06-30,15.83,57.27000045776367,,,,-0.5684928158614585,-0.1237742070617818,,,0.3201058201058201,0.5291005291005291,,,,,,,N/A,NO_STRESS
2021-07-01,15.48,57.52000045776367,,,,-0.6052057594270007,-0.10861693889855531,,,0.2976190476190476,0.5396825396825397,,,,,,,N/A,NO_STRESS
2021-07-02,15.07,52.40999984741211,,,,-0.6479221121022568,-0.43863898632839887,,,0.2724867724867725,0.37566137566137564,,,,,,,N/A,NO_STRESS
2021-07-05,15.07,52.40999984741211,,,,-0.6483056727964657,-0.4388239399141392,,,0.2718253968253968,0.375,,,,,,,N/A,NO_STRESS
2021-07-06,16.44,56.54999923706055,,,,-0.5084305572118535,-0.1723241122355,,,0.373015873015873,0.5033068783068783,,,,,,,N/A,NO_STRESS
2021-07-07,16.2,60.650001525878906,,,,-0.5335222496118599,0.09126564972384336,,,0.3478835978835979,0.6441798941798942,,,,,,,N/A,NO_STRESS
2021-07-08,19.0,61.68000030517578,,,,-0.24759273293037687,0.15688255315301194,,,0.5013227513227513,0.6812169312169312,,,,,,,N/A,NO_STRESS
2021-07-09,16.18,59.91999816894531,,,,-0.5368128418360145,0.04251529108527665,,,0.34523809523809523,0.6111111111111112,,,,,,,N/A,NO_STRESS
2021-07-12,16.17,60.779998779296875,,,,-0.5385004561046594,0.09718419185378588,,,0.3439153439153439,0.6481481481481481,,,,,,,N/A,NO_STRESS
2021-07-13,17.12,60.79999923706055,,,,-0.4419959912270606,0.09765397494299666,,,0.4060846560846561,0.6481481481481481,,,,,,,N/A,NO_STRESS
2021-07-14,16.33,57.310001373291016,,,,-0.5236033883027726,-0.12832826592226293,,,0.35912698412698413,0.5244708994708994,,,,,,,N/A,NO_STRESS
2021-07-15,17.01,56.97999954223633,,,,-0.45474053489893856,-0.15030542699711816,,,0.39814814814814814,0.5079365079365079,,,,,,,N/A,NO_STRESS
2021-07-16,18.45,58.2400016784668,,,,-0.30802051065588104,-0.0696988547542031,,,0.4722222222222222,0.5582010582010583,,,,,,,N/A,NO_STRESS
2021-07-19,22.5,67.58000183105469,,,,0.10622263642821411,0.5323293057123616,,,0.666005291005291,0.8055555555555556,,,,,,,N/A,RATES_DRIVEN
2021-07-20,19.73,69.30999755859375,,,,-0.17933876342408264,0.6424296038308839,,,0.5317460317460317,0.8267195767195767,,,,,,,N/A,RATES_DRIVEN
2021-07-21,17.91,65.27999877929688,,,,-0.36723834845243747,0.38073188759916393,,,0.44907407407407407,0.7625661375661376,,,,,,,N/A,NO_STRESS
2021-07-22,17.69,64.95999908447266,,,,-0.3907858431343741,0.35876701581786596,,,0.43386243386243384,0.7566137566137566,,,,,,,N/A,NO_STRESS
2021-07-23,17.2,65.27999877929688,,,,-0.44181667150490117,0.3782322780153511,,,0.4007936507936508,0.7619047619047619,,,,,,,N/A,NO_STRESS
2021-07-26,17.58,69.02999877929688,,,,-0.40353447293971967,0.6191056361280587,,,0.42592592592592593,0.8253968253968254,,,,,,,N/A,RATES_DRIVEN
2021-07-27,19.36,70.06999969482422,,,,-0.22133641175479546,0.6846235469142385,,,0.5145502645502645,0.8359788359788359,,,,,,,N/A,RATES_DRIVEN
2021-07-28,18.31,62.400001525878906,,,,-0.3302917016225568,0.1877178364617216,,,0.4636243386243386,0.6970899470899471,,,,,,,N/A,NO_STRESS
2021-07-29,17.7,62.08000183105469,,,,-0.3937643820108463,0.16590863807990333,,,0.4312169312169312,0.6878306878306878,,,,,,,N/A,NO_STRESS
2021-07-30,18.24,61.189998626708984,,,,-0.33869794660942365,0.10729954177209006,,,0.46164021164021163,0.6468253968253969,,,,,,,N/A,NO_STRESS
2021-08-02,19.46,64.29000091552734,,,,-0.21363906254076684,0.30668540996180627,,,0.5171957671957672,0.7407407407407407,,,,,,,N/A,NO_STRESS
2021-08-03,18.04,65.41999816894531,,,,-0.36067337804517796,0.3784137530469393,,,0.44775132275132273,0.7605820105820106,,,,,,,N/A,NO_STRESS
2021-08-04,17.97,62.66999816894531,,,,-0.3686869889452948,0.19918965329773444,,,0.4444444444444444,0.701058201058201,,,,,,,N/A,NO_STRESS
2021-08-05,17.28,63.56999969482422,,,,-0.440601495053115,0.25614414413003994,,,0.3921957671957672,0.7261904761904762,,,,,,,N/A,NO_STRESS
2021-08-06,16.15,62.63999938964844,,,,-0.5579585629446857,0.19456400505396146,,,0.3187830687830688,0.6977513227513228,,,,,,,N/A,NO_STRESS
2021-08-09,16.72,65.72000122070312,,,,-0.4999778369615019,0.3927677304030781,,,0.3630952380952381,0.7658730158730159,,,,,,,N/A,NO_STRESS
2021-08-10,16.79,66.55000305175781,,,,-0.49330926943917963,0.4450392897388097,,,0.36772486772486773,0.783068783068783,,,,,,,N/A,NO_STRESS
2021-08-11,16.06,60.65999984741211,,,,-0.5693711800994458,0.06193526665565612,,,0.3082010582010582,0.6177248677248677,,,,,,,N/A,NO_STRESS
2021-08-12,15.59,57.38999938964844,,,,-0.618740463616999,-0.15103117518928905,,,0.2671957671957672,0.5026455026455027,,,,,,,N/A,NO_STRESS
2021-08-13,15.45,55.45000076293945,,,,-0.6339767547923626,-0.277545668911219,,,0.25793650793650796,0.4365079365079365,,,,,,,N/A,NO_STRESS
2021-08-16,16.12,59.400001525878906,,,,-0.5655491649202784,-0.02201172183457952,,,0.31283068783068785,0.5707671957671958,,,,,,,N/A,NO_STRESS
2021-08-17,17.91,60.279998779296875,,,,-0.38127542473006115,0.034124114357544706,,,0.44047619047619047,0.6005291005291006,,,,,,,N/A,NO_STRESS
2021-08-18,21.57,58.04999923706055,,,,-0.003535982200334489,-0.11153449362504776,,,0.625,0.5251322751322751,,,,,,,N/A,NO_STRESS
2021-08-19,21.67,59.380001068115234,,,,0.005624979117096864,-0.026137785115733697,,,0.6322751322751323,0.5674603174603174,,,,,,,N/A,NO_STRESS
2021-08-20,18.56,59.95000076293945,,,,-0.31779829175529417,0.009701889145114282,,,0.4675925925925926,0.5859788359788359,,,,,,,N/A,NO_STRESS
2021-08-23,17.15,62.22999954223633,,,,-0.4649727419331316,0.1567164389148537,,,0.38095238095238093,0.6798941798941799,,,,,,,N/A,NO_STRESS
2021-08-24,17.22,63.029998779296875,,,,-0.4586648968266688,0.20730478210861847,,,0.38425925925925924,0.7103174603174603,,,,,,,N/A,NO_STRESS
2021-08-25,16.79,64.51000213623047,,,,-0.5042095388275851,0.3022029121430427,,,0.35912698412698413,0.7420634920634921,,,,,,,N/A,NO_STRESS
2021-08-26,18.84,63.40999984741211,,,,-0.29244032310519347,0.22943949191245333,,,0.4801587301587302,0.7156084656084656,,,,,,,N/A,NO_STRESS
2021-08-27,16.39,57.97999954223633,,,,-0.5475252282800126,-0.12472685783686589,,,0.32936507936507936,0.5145502645502645,,,,,,,N/A,NO_STRESS
2021-08-30,16.19,60.13999938964844,,,,-0.5685764445536172,0.015636402623975986,,,0.30687830687830686,0.58994708994709,,,,,,,N/A,NO_STRESS
2021-08-31,16.48,59.540000915527344,,,,-0.5385638566015604,-0.02385055500340388,,,0.33796296296296297,0.5667989417989417,,,,,,,N/A,NO_STRESS
2021-09-01,16.11,58.09000015258789,,,,-0.5770696234815911,-0.11878647479350114,,,0.2962962962962963,0.5152116402116402,,,,,,,N/A,NO_STRESS
2021-09-02,16.41,55.79999923706055,,,,-0.5448705374096436,-0.26809296997194615,,,0.3306878306878307,0.4298941798941799,,,,,,,N/A,NO_STRESS
2021-09-03,16.41,53.2599983215332,,,,-0.5436285517199941,-0.43341113144925897,,,0.33134920634920634,0.33994708994708994,,,,,,,N/A,NO_STRESS
2021-09-06,16.41,53.2599983215332,,,,-0.5428490468090321,-0.4332989218464479,,,0.33201058201058203,0.3406084656084656,,,,,,,N/A,NO_STRESS
2021-09-07,18.14,57.04999923706055,,,,-0.3625673905059472,-0.18677333311116925,,,0.45436507936507936,0.4669312169312169,,,,,,,N/A,NO_STRESS
2021-09-08,17.96,57.02000045776367,,,,-0.38132880270672126,-0.18936524128657137,,,0.44047619047619047,0.46494708994708994,,,,,,,N/A,NO_STRESS
2021-09-09,18.8,52.61000061035156,,,,-0.2942385444652127,-0.4773674797255461,,,0.48148148148148145,0.3253968253968254,,,,,,,N/A,NO_STRESS
2021-09-10,20.95,51.72999954223633,,,,-0.0708906567613287,-0.5346682820877636,,,0.5879629629629629,0.3055555555555556,,,,,,,N/A,NO_STRESS
2021-09-13,19.37,53.099998474121094,,,,-0.2350434145978687,-0.44542082279210726,,,0.5171957671957672,0.335978835978836,,,,,,,N/A,NO_STRESS
2021-09-14,19.46,51.72999954223633,,,,-0.225662851202599,-0.5347699420781484,,,0.5218253968253969,0.3062169312169312,,,,,,,N/A,NO_STRESS
2021-09-15,18.18,53.93000030517578,,,,-0.35832924880485634,-0.3911627049873504,,,0.45634920634920634,0.3697089947089947,,,,,,,N/A,NO_STRESS
2021-09-16,18.69,53.70000076293945,,,,-0.30443478932036144,-0.405781724726569,,,0.47883597883597884,0.3578042328042328,,,,,,,N/A,NO_STRESS
2021-09-17,20.81,56.060001373291016,,,,-0.08362837087873565,-0.2518055569102069,,,0.5859788359788359,0.4351851851851852,,,,,,,N/A,NO_STRESS
2021-09-20,25.71,59.58000183105469,,,,0.42542889406083223,-0.021967610544964232,,,0.7791005291005291,0.5687830687830688,,,,,,,N/A,NO_STRESS
2021-09-21,24.36,59.20000076293945,,,,0.28517219489876894,-0.04670201584204676,,,0.7367724867724867,0.5582010582010583,,,,,,,N/A,NO_STRESS
2021-09-22,20.87,55.91999816894531,,,,-0.0772141845278179,-0.2601077679826397,,,0.5892857142857143,0.43253968253968256,,,,,,,N/A,NO_STRESS
2021-09-23,18.63,56.790000915527344,,,,-0.30965125353724915,-0.20307465448694345,,,0.47619047619047616,0.458994708994709,,,,,,,N/A,NO_STRESS
2021-09-24,17.75,58.459999084472656,,,,-0.4008616190000253,-0.09415744909915895,,,0.4226190476190476,0.531084656084656,,,,,,,N/A,NO_STRESS
2021-09-27,18.76,60.5,,,,-0.2957904407704244,0.03896230779832299,,,0.48544973544973546,0.6111111111111112,,,,,,,N/A,NO_STRESS
2021-09-28,23.25,62.709999084472656,,,,0.17035039296579854,0.18284337786166288,,,0.7083333333333334,0.6957671957671958,,,,,,,N/A,NO_STRESS
2021-09-29,22.56,61.209999084472656,,,,0.09828391556642943,0.08483140171727992,,,0.6765873015873016,0.6369047619047619,,,,,,,N/A,NO_STRESS
2021-09-30,23.14,61.06999969482422,,,,0.15765398069724135,0.07552359801258855,,,0.701058201058201,0.628968253968254,,,,,,,N/A,NO_STRESS
2021-10-01,21.15,57.380001068115234,,,,-0.04980141690925267,-0.16564717425765801,,,0.5912698412698413,0.4880952380952381,,,,,,,N/A,NO_STRESS
2021-10-04,22.96,60.61000061035156,,,,0.13760577478691466,0.04442777177012302,,,0.6898148148148148,0.6097883597883598,,,,,,,N/A,NO_STRESS
2021-10-05,21.3,62.83000183105469,,,,-0.03509936290839559,0.18846162654715187,,,0.6038359788359788,0.701058201058201,,,,,,,N/A,NO_STRESS
2021-10-06,21.0,60.650001525878906,,,,-0.06642606639293423,0.04552076282418546,,,0.5859788359788359,0.6091269841269841,,,,,,,N/A,NO_STRESS
2021-10-07,19.54,60.90999984741211,,,,-0.21798226302915233,0.061886924021601585,,,0.5304232804232805,0.6203703703703703,,,,,,,N/A,NO_STRESS
2021-10-08,18.77,59.650001525878906,,,,-0.29785960808751727,-0.020633429272066482,,,0.4828042328042328,0.5674603174603174,,,,,,,N/A,NO_STRESS
2021-10-11,20.0,59.650001525878906,,,,-0.1702513077314694,-0.020566105006721753,,,0.5462962962962963,0.5681216931216931,,,,,,,N/A,NO_STRESS
2021-10-12,19.85,62.95000076293945,,,,-0.18581148575506642,0.19448469720617936,,,0.541005291005291,0.7037037037037037,,,,,,,N/A,NO_STRESS
2021-10-13,18.64,60.84000015258789,,,,-0.3110692909689713,0.0566740816699382,,,0.4742063492063492,0.6164021164021164,,,,,,,N/A,NO_STRESS
2021-10-14,16.86,59.349998474121094,,,,-0.49550576079001957,-0.0407073255793178,,,0.3611111111111111,0.5515873015873016,,,,,,,N/A,NO_STRESS
2021-10-15,16.3,62.70000076293945,,,,-0.5529884035216013,0.1774722998178837,,,0.31812169312169314,0.6911375661375662,,,,,,,N/A,NO_STRESS
2021-10-18,16.31,70.7699966430664,,,,-0.5511219130327886,0.7027282223692051,,,0.32076719576719576,0.8412698412698413,,,,,,,N/A,RATES_DRIVEN
2021-10-19,15.7,68.25,,,,-0.6139438932720391,0.536891385608354,,,0.25925925925925924,0.8095238095238095,,,,,,,N/A,RATES_DRIVEN
2021-10-20,15.49,65.47000122070312,,,,-0.635135389639202,0.35434686716413855,,,0.24801587301587302,0.7552910052910053,,,,,,,N/A,NO_STRESS
2021-10-21,15.01,69.41999816894531,,,,-0.6843464810141404,0.6104621287382179,,,0.21693121693121692,0.8253968253968254,,,,,,,N/A,RATES_DRIVEN
2021-10-22,15.43,72.04000091552734,,,,-0.6401351354097689,0.7794576574367141,,,0.24272486772486773,0.8518518518518519,,,,,,,N/A,RATES_DRIVEN
2021-10-25,15.24,68.95999908447266,,,,-0.6593399503363221,0.5770707420004678,,,0.23148148148148148,0.8174603174603174,,,,,,,N/A,RATES_DRIVEN
2021-10-26,15.98,66.69999694824219,,,,-0.5824479116141944,0.4282939904942027,,,0.291005291005291,0.7804232804232805,,,,,,,N/A,NO_STRESS
2021-10-27,16.98,70.05999755859375,,,,-0.4780703631883964,0.6460044427865183,,,0.37962962962962965,0.832010582010582,,,,,,,N/A,RATES_DRIVEN
2021-10-28,16.53,71.95999908447266,,,,-0.5240989178341199,0.7681686000818821,,,0.35185185185185186,0.8492063492063492,,,,,,,N/A,RATES_DRIVEN
2021-10-29,16.26,75.44999694824219,,,,-0.5513263365246638,0.9933631153799505,,,0.32142857142857145,0.8783068783068783,,,,,,,N/A,RATES_DRIVEN
2021-11-01,16.41,78.33999633789062,,,,-0.5347389953215332,1.1791233614990877,,,0.34325396825396826,0.9007936507936508,,,,,,,N/A,RATES_DRIVEN
2021-11-02,16.03,71.04000091552734,,,,-0.5731253237448879,0.7026017640516123,,,0.294973544973545,0.83994708994709,,,,,,,N/A,RATES_DRIVEN
2021-11-03,15.1,71.22000122070312,,,,-0.6684525973341738,0.7130078741251386,,,0.22354497354497355,0.8412698412698413,,,,,,,N/A,RATES_DRIVEN
2021-11-04,15.44,64.61000061035156,,,,-0.6322127613647703,0.28229858778955225,,,0.24801587301587302,0.7248677248677249,,,,,,,N/A,NO_STRESS
2021-11-05,16.48,66.9000015258789,,,,-0.523763759134846,0.430327298546006,,,0.35714285714285715,0.7751322751322751,,,,,,,N/A,NO_STRESS
2021-11-08,17.22,70.97000122070312,,,,-0.44642067664830487,0.6936908594558331,,,0.4060846560846561,0.8373015873015873,,,,,,,N/A,RATES_DRIVEN
2021-11-09,17.78,73.0199966430664,,,,-0.387462907892568,0.8252121825427707,,,0.44312169312169314,0.8571428571428571,,,,,,,N/A,RATES_DRIVEN
2021-11-10,18.73,78.30999755859375,,,,-0.28811856756500454,1.166521236080659,,,0.5026455026455027,0.8994708994708994,,,,,,,N/A,RATES_DRIVEN
2021-11-11,17.66,78.30999755859375,,,,-0.39790116232287526,1.163821822918237,,,0.43716931216931215,0.8988095238095238,,,,,,,N/A,RATES_DRIVEN
2021-11-12,16.29,78.61000061035156,,,,-0.5382699753931302,1.1805067018941433,,,0.3306878306878307,0.9034391534391535,,,,,,,N/A,RATES_DRIVEN
2021-11-15,16.49,81.58999633789062,,,,-0.515860120738692,1.3703406219819105,,,0.3611111111111111,0.9298941798941799,,,,,,,N/A,RATES_DRIVEN
2021-11-16,16.37,81.58000183105469,,,,-0.5263023319608514,1.3667853056329922,,,0.3419312169312169,0.9279100529100529,,,,,,,N/A,RATES_DRIVEN
2021-11-17,17.11,81.58000183105469,,,,-0.44751108453967653,1.3638882346536276,,,0.40343915343915343,0.9272486772486772,,,,,,,N/A,RATES_DRIVEN
2021-11-18,17.59,74.51000213623047,,,,-0.39604214714719754,0.9056513508703268,,,0.43783068783068785,0.8637566137566137,,,,,,,N/A,RATES_DRIVEN
2021-11-19,17.91,73.38999938964844,,,,-0.361264271450113,0.8326410778573323,,,0.4662698412698413,0.8492063492063492,,,,,,,N/A,RATES_DRIVEN
2021-11-22,19.17,79.20999908447266,,,,-0.22898031822275725,1.2063191761094265,,,0.541005291005291,0.9047619047619048,,,,,,,N/A,RATES_DRIVEN
2021-11-23,19.38,80.56999969482422,,,,-0.20631153567943658,1.2915633806467846,,,0.5502645502645502,0.921957671957672,,,,,,,N/A,RATES_DRIVEN
2021-11-24,18.58,83.1500015258789,,,,-0.28865554266117605,1.454529014790832,,,0.5,0.9365079365079365,,,,,,,N/A,RATES_DRIVEN
2021-11-25,18.58,83.1500015258789,,,,-0.28800804676452113,1.4507874629398765,,,0.5006613756613757,0.9358465608465608,,,,,,,N/A,RATES_DRIVEN
2021-11-26,28.62,89.44999694824219,,,,0.7564018766807561,1.8496362914956568,,,0.8683862433862434,0.9682539682539683,,,,,,,N/A,RATES_DRIVEN
2021-11-29,22.96,89.41000366210938,,,,0.16719639772419173,1.8410547046687646,,,0.7076719576719577,0.966931216931217,,,,,,,N/A,RATES_DRIVEN
2021-11-30,27.19,84.04000091552734,,,,0.606421112047309,1.493231893227739,,,0.8214285714285714,0.9365079365079365,,,,,,,N/A,RATES_DRIVEN
2021-12-01,31.12,82.97000122070312,,,,1.0131232155454992,1.4209412768186338,,,0.8941798941798942,0.9259259259259259,,,,,,,N/A,RATES_DRIVEN
2021-12-02,27.95,82.55000305175781,,,,0.682262084423878,1.3902499924055078,,,0.8445767195767195,0.9246031746031746,,,,,,,N/A,RATES_DRIVEN
2021-12-03,30.67,79.13999938964844,,,,0.9628555670693163,1.1700065671482236,,,0.8902116402116402,0.8928571428571429,,,,,,,N/A,RATES_DRIVEN
2021-12-06,27.18,87.88999938964844,,,,0.5990105420834009,1.7212315830655502,,,0.8161375661375662,0.9576719576719577,,,,,,,N/A,RATES_DRIVEN
2021-12-07,21.89,88.13999938964844,,,,0.04923516311458175,1.731052621689113,,,0.6521164021164021,0.9603174603174603,,,,,,,N/A,RATES_DRIVEN
2021-12-08,19.9,80.29000091552734,,,,-0.15762782973956688,1.229747101705034,,,0.5727513227513228,0.9074074074074074,,,,,,,N/A,RATES_DRIVEN
2021-12-09,21.58,79.54000091552734,,,,0.01651287892137007,1.1790585997794816,,,0.6415343915343915,0.8915343915343915,,,,,,,N/A,RATES_DRIVEN
2021-12-10,18.69,74.36000061035156,,,,-0.2837561685098874,0.8489295941746875,,,0.5072751322751323,0.8412698412698413,,,,,,,N/A,RATES_DRIVEN
2021-12-13,20.31,76.41000366210938,,,,-0.11584222893103427,0.9763528542237871,,,0.5826719576719577,0.8558201058201058,,,,,,,N/A,RATES_DRIVEN
2021-12-14,21.89,78.9800033569336,,,,0.04772800155932224,1.1360738056660302,,,0.6514550264550265,0.8849206349206349,,,,,,,N/A,RATES_DRIVEN
2021-12-15,19.29,74.05999755859375,,,,-0.22216657538447687,0.8230197258910078,,,0.5383597883597884,0.8346560846560847,,,,,,,N/A,RATES_DRIVEN
2021-12-16,20.57,69.0999984741211,,,,-0.08934009064125595,0.5081785755379558,,,0.5866402116402116,0.7751322751322751,,,,,,,N/A,NO_STRESS
2021-12-17,21.57,72.45999908447266,,,,0.01417930749004973,0.7189026008151063,,,0.6362433862433863,0.8174603174603174,,,,,,,N/A,RATES_DRIVEN
2021-12-20,22.87,77.0199966430664,,,,0.14850465006450703,1.0045823364748336,,,0.6957671957671958,0.8611111111111112,,,,,,,N/A,RATES_DRIVEN
2021-12-21,21.01,79.5199966430664,,,,-0.04504975028323834,1.1594106256531522,,,0.6031746031746031,0.8902116402116402,,,,,,,N/A,RATES_DRIVEN
2021-12-22,18.63,76.8499984741211,,,,-0.2922744325012096,0.9882800469967644,,,0.498015873015873,0.8571428571428571,,,,,,,N/A,RATES_DRIVEN
2021-12-23,17.96,77.29000091552734,,,,-0.3619377481640119,1.013385206890828,,,0.46494708994708994,0.8624338624338624,,,,,,,N/A,RATES_DRIVEN
2021-12-24,17.96,77.29000091552734,,,,-0.3621588798414124,1.010754467988833,,,0.4642857142857143,0.8617724867724867,,,,,,,N/A,RATES_DRIVEN
2021-12-27,17.68,80.12000274658203,,,,-0.391505986963058,1.186031965203356,,,0.44047619047619047,0.9021164021164021,,,,,,,N/A,RATES_DRIVEN
2021-12-28,17.54,77.5199966430664,,,,-0.4063550600477077,1.0194371614502682,,,0.42857142857142855,0.8611111111111112,,,,,,,N/A,RATES_DRIVEN
2021-12-29,16.95,78.0,,,,-0.46791660017092374,1.046926484985206,,,0.3855820105820106,0.8677248677248677,,,,,,,N/A,RATES_DRIVEN
2021-12-30,17.33,77.62000274658203,,,,-0.42874495839377774,1.0202857746164713,,,0.4166666666666667,0.8624338624338624,,,,,,,N/A,RATES_DRIVEN
2021-12-31,17.22,77.0999984741211,,,,-0.4403228755403046,0.9849509376584232,,,0.4054232804232804,0.8518518518518519,,,,,,,N/A,RATES_DRIVEN
2022-01-03,16.6,84.08000183105469,,,,-0.5049390346553406,1.4203195437017524,,,0.35978835978835977,0.9338624338624338,,,,,,,N/A,RATES_DRIVEN
2022-01-04,16.91,83.11000061035156,,,,-0.47286737888758096,1.3553557360389838,,,0.3783068783068783,0.9232804232804233,,,,,,,N/A,RATES_DRIVEN
2022-01-05,19.73,78.68000030517578,,,,-0.18026693803688598,1.0739798070776627,,,0.5575396825396826,0.8743386243386243,,,,,,,N/A,RATES_DRIVEN
2022-01-06,19.61,77.7300033569336,,,,-0.19333489567047496,1.0116044658375316,,,0.5509259259259259,0.8611111111111112,,,,,,,N/A,RATES_DRIVEN
2022-01-07,18.76,74.69000244140625,,,,-0.28215211241640276,0.8183739026378403,,,0.5072751322751323,0.8267195767195767,,,,,,,N/A,RATES_DRIVEN
2022-01-10,19.4,78.12000274658203,,,,-0.21624037704956806,1.0311973908874723,,,0.541005291005291,0.8637566137566137,,,,,,,N/A,RATES_DRIVEN
2022-01-11,18.41,77.8499984741211,,,,-0.3198344306468542,1.011549912435932,,,0.48148148148148145,0.8597883597883598,,,,,,,N/A,RATES_DRIVEN
2022-01-12,17.62,74.55000305175781,,,,-0.4025341972446687,0.8019652649899672,,,0.4298941798941799,0.8214285714285714,,,,,,,N/A,RATES_DRIVEN
2022-01-13,20.31,72.56999969482422,,,,-0.12336000411473771,0.675493075818275,,,0.5767195767195767,0.7936507936507936,,,,,,,N/A,NO_STRESS
2022-01-14,19.19,76.58999633789062,,,,-0.2407506263683607,0.9258549943172157,,,0.5264550264550265,0.8346560846560847,,,,,,,N/A,RATES_DRIVEN
2022-01-17,19.19,76.58999633789062,,,,-0.24163522253953407,0.9234092775652201,,,0.5257936507936508,0.833994708994709,,,,,,,N/A,RATES_DRIVEN
2022-01-18,22.79,84.62999725341797,,,,0.13257437660287505,1.4248769457068602,,,0.6944444444444444,0.9351851851851852,,,,,,,N/A,RATES_DRIVEN
2022-01-19,23.85,80.13999938964844,,,,0.24196641215022052,1.1396201701782596,,,0.7314814814814815,0.8988095238095238,,,,,,,N/A,RATES_DRIVEN
2022-01-20,25.59,80.95999908447266,,,,0.42203517271271346,1.1879197274552777,,,0.7757936507936508,0.9074074074074074,,,,,,,N/A,RATES_DRIVEN
2022-01-21,28.85,81.02999877929688,,,,0.7601399520024603,1.1890762417370853,,,0.8690476190476191,0.9087301587301587,,,,,,,N/A,RATES_DRIVEN
2022-01-24,29.9,83.7699966430664,,,,0.8673850738801365,1.357209669832743,,,0.8835978835978836,0.9285714285714286,,,,,,,N/A,RATES_DRIVEN
2022-01-25,31.16,84.56999969482422,,,,0.9962285163093484,1.403305190904304,,,0.8941798941798942,0.9338624338624338,,,,,,,N/A,RATES_DRIVEN
2022-01-26,31.96,85.75,,,,1.0768142059455208,1.472894620143196,,,0.9034391534391535,0.9404761904761905,,,,,,,N/A,RATES_DRIVEN
2022-01-27,30.49,85.62000274658203,,,,0.9212672264057299,1.4604158398070883,,,0.8849206349206349,0.9391534391534392,,,,,,,N/A,RATES_DRIVEN
2022-01-28,27.66,85.29000091552734,,,,0.6248034777834758,1.4355316774594822,,,0.8267195767195767,0.9351851851851852,,,,,,,N/A,RATES_DRIVEN
2022-01-31,24.83,85.13999938964844,,,,0.32877513102241335,1.4219901446495522,,,0.75,0.9325396825396826,,,,,,,N/A,RATES_DRIVEN
2022-02-01,21.96,85.22000122070312,,,,0.02865102251070128,1.4228787968194079,,,0.6415343915343915,0.9325396825396826,,,,,,,N/A,RATES_DRIVEN
2022-02-02,22.09,84.8499984741211,,,,0.041074811473330995,1.3957611363235944,,,0.6468253968253969,0.9298941798941799,,,,,,,N/A,RATES_DRIVEN
2022-02-03,24.35,85.73999786376953,,,,0.2754009468538888,1.4471522816097295,,,0.7341269841269841,0.9391534391534392,,,,,,,N/A,RATES_DRIVEN
2022-02-04,23.22,87.68000030517578,,,,0.1562240108669163,1.5634499733524334,,,0.701058201058201,0.955026455026455,,,,,,,N/A,RATES_DRIVEN
2022-02-07,22.86,87.44000244140625,,,,0.11732958478228443,1.5437129342553628,,,0.6798941798941799,0.9537037037037037,,,,,,,N/A,RATES_DRIVEN
2022-02-08,21.44,82.72000122070312,,,,-0.03216101098312375,1.2461275291221519,,,0.6044973544973545,0.9034391534391535,,,,,,,N/A,RATES_DRIVEN
2022-02-09,19.96,81.76000213623047,,,,-0.18780399626028216,1.1831719982416202,,,0.5423280423280423,0.8994708994708994,,,,,,,N/A,RATES_DRIVEN
2022-02-10,23.91,88.5199966430664,,,,0.22390196154220643,1.5996092081764794,,,0.7195767195767195,0.9629629629629629,,,,,,,N/A,RATES_DRIVEN
2022-02-11,27.36,94.02999877929688,,,,0.5830187319104211,1.935521794963013,,,0.8108465608465608,0.9775132275132276,,,,,,,N/A,RATES_DRIVEN
2022-02-14,28.33,102.27999877929688,,,,0.6827944809305942,2.435425333919481,,,0.8518518518518519,0.9788359788359788,,,,,,,N/A,RATES_DRIVEN
2022-02-15,25.7,94.0,,,,0.40640413755542115,1.9149674703476152,,,0.7685185185185185,0.9748677248677249,,,,,,,N/A,RATES_DRIVEN
2022-02-16,24.29,92.73999786376953,,,,0.25763493086558936,1.8302517587945624,,,0.7248677248677249,0.9735449735449735,,,,,,,N/A,RATES_DRIVEN
2022-02-17,28.11,96.16999816894531,,,,0.6556690961239323,2.03333882227885,,,0.8458994708994709,0.9761904761904762,,,,,,,N/A,RATES_DRIVEN
2022-02-18,27.75,94.36000061035156,,,,0.61623682367628,1.9145950956749418,,,0.8267195767195767,0.9748677248677249,,,,,,,N/A,RATES_DRIVEN
2022-02-21,27.75,94.36000061035156,,,,0.6144358213378366,1.9071732272792608,,,0.826058201058201,0.9742063492063492,,,,,,,N/A,RATES_DRIVEN
2022-02-22,28.81,95.54000091552734,,,,0.7234155602784301,1.9713741472138933,,,0.8617724867724867,0.9748677248677249,,,,,,,N/A,RATES_DRIVEN
2022-02-23,31.02,95.1500015258789,,,,0.9523391272787005,1.9397857492943935,,,0.8902116402116402,0.9735449735449735,,,,,,,N/A,RATES_DRIVEN
2022-02-24,30.32,100.75,,,,0.876722081275313,2.2699124295752418,,,0.8809523809523809,0.9775132275132276,,,,,,,N/A,RATES_DRIVEN
2022-02-25,27.59,93.33999633789062,,,,0.5890794945455445,1.813172306336804,,,0.8128306878306878,0.9656084656084656,,,,,,,N/A,RATES_DRIVEN
2022-02-28,30.15,100.4000015258789,,,,0.8549245995434,2.230757373997108,,,0.876984126984127,0.9761904761904762,,,,,,,N/A,RATES_DRIVEN
2022-03-01,33.32,118.26000213623047,,,,1.1837756426082573,3.283009551158999,,,0.9153439153439153,0.9854497354497355,,,,,,,N/A,RATES_DRIVEN
2022-03-02,30.74,110.27999877929688,,,,0.911220523638844,2.7859198565926655,,,0.8849206349206349,0.9828042328042328,,,,,,,N/A,RATES_DRIVEN
2022-03-03,30.48,115.18000030517578,,,,0.881652736482032,3.0560966275650157,,,0.8796296296296297,0.9841269841269841,,,,,,,N/A,RATES_DRIVEN
2022-03-04,31.98,131.82000732421875,,,,1.0359683059708067,3.9980350008627283,,,0.9021164021164021,0.9920634920634921,,,,,,,N/A,RATES_DRIVEN
2022-03-07,36.45,140.02999877929688,,,,1.4994457273835935,4.418017690175166,,,0.9391534391534392,0.996031746031746,,,,,,,N/A,RATES_DRIVEN
2022-03-08,35.13,133.3699951171875,,,,1.3574791799418202,3.9842547303658584,,,0.9312169312169312,0.9914021164021164,,,,,,,N/A,RATES_DRIVEN
2022-03-09,32.45,110.9000015258789,,,,1.0743991243897881,2.675625451849363,,,0.9034391534391535,0.9775132275132276,,,,,,,N/A,RATES_DRIVEN
2022-03-10,30.23,105.30999755859375,,,,0.8400075697831332,2.3437836843137068,,,0.8690476190476191,0.9722222222222222,,,,,,,N/A,RATES_DRIVEN
2022-03-11,30.75,99.02999877929688,,,,0.8919976379260017,1.9772459625601555,,,0.8809523809523809,0.9642857142857143,,,,,,,N/A,RATES_DRIVEN
2022-03-14,31.77,105.08000183105469,,,,0.9960543237456562,2.310688010444036,,,0.8921957671957672,0.9708994708994709,,,,,,,N/A,RATES_DRIVEN
2022-03-15,29.83,101.02999877929688,,,,0.7909284610039308,2.071855197829645,,,0.8611111111111112,0.9656084656084656,,,,,,,N/A,RATES_DRIVEN
2022-03-16,26.67,100.56999969482422,,,,0.45854308638350033,2.0372857830559283,,,0.7705026455026455,0.9629629629629629,,,,,,,N/A,RATES_DRIVEN
2022-03-17,25.67,91.76000213623047,,,,0.3522920086225139,1.5342827513844213,,,0.7394179894179894,0.9431216931216931,,,,,,,N/A,RATES_DRIVEN
2022-03-18,23.87,91.7699966430664,,,,0.1623529563970451,1.5300408610052663,,,0.6851851851851852,0.9431216931216931,,,,,,,N/A,RATES_DRIVEN
2022-03-21,23.53,101.94000244140625,,,,0.1253004224504642,2.0948016531820226,,,0.6785714285714286,0.9656084656084656,,,,,,,N/A,RATES_DRIVEN
2022-03-22,22.94,105.37999725341797,,,,0.06209203974747418,2.2776003271227263,,,0.6468253968253969,0.9722222222222222,,,,,,,N/A,RATES_DRIVEN
2022-03-23,23.57,105.72000122070312,,,,0.1268382341696928,2.2856713981656758,,,0.6785714285714286,0.9722222222222222,,,,,,,N/A,RATES_DRIVEN
2022-03-24,21.67,113.13999938964844,,,,-0.07367618597093925,2.6848414620576206,,,0.583994708994709,0.9788359788359788,,,,,,,N/A,RATES_DRIVEN
2022-03-25,20.81,125.2699966430664,,,,-0.1649884216805086,3.3324542333242255,,,0.531084656084656,0.9867724867724867,,,,,,,N/A,RATES_DRIVEN
2022-03-28,19.63,129.27999877929688,,,,-0.2901292829285793,3.5216483246903554,,,0.48544973544973546,0.9880952380952381,,,,,,,N/A,RATES_DRIVEN
2022-03-29,18.9,117.91999816894531,,,,-0.3674817671742426,2.8783124038099803,,,0.44841269841269843,0.9775132275132276,,,,,,,N/A,RATES_DRIVEN
2022-03-30,19.33,112.9800033569336,,,,-0.32224835609494373,2.5931102742825622,,,0.4656084656084656,0.9735449735449735,,,,,,,N/A,RATES_DRIVEN
2022-03-31,20.56,106.87999725341797,,,,-0.19302464579297895,2.250320322616783,,,0.5165343915343915,0.9656084656084656,,,,,,,N/A,RATES_DRIVEN
2022-04-01,19.63,108.33999633789062,,,,-0.2909430314466039,2.317929871268607,,,0.4834656084656085,0.9656084656084656,,,,,,,N/A,RATES_DRIVEN
2022-04-04,18.57,108.37000274658203,,,,-0.4028878599967554,2.308076442185087,,,0.41534391534391535,0.9656084656084656,,,,,,,N/A,RATES_DRIVEN
2022-04-05,21.03,116.37000274658203,,,,-0.14410459890749455,2.72207915483182,,,0.541005291005291,0.9761904761904762,,,,,,,N/A,RATES_DRIVEN
2022-04-06,22.1,123.91999816894531,,,,-0.03208008535517341,3.1029555337386223,,,0.6038359788359788,0.9801587301587301,,,,,,,N/A,RATES_DRIVEN
2022-04-07,21.55,122.66999816894531,,,,-0.09069660561341836,3.013774567868175,,,0.5687830687830688,0.9775132275132276,,,,,,,N/A,RATES_DRIVEN
2022-04-08,21.16,124.86000061035156,,,,-0.1326159244302667,3.1055075168080166,,,0.541005291005291,0.9828042328042328,,,,,,,N/A,RATES_DRIVEN
2022-04-11,24.37,129.8699951171875,,,,0.20429840429243812,3.339852361366553,,,0.7037037037037037,0.9880952380952381,,,,,,,N/A,RATES_DRIVEN
2022-04-12,24.26,117.79000091552734,,,,0.19165211097559762,2.6913258359964733,,,0.6931216931216931,0.9708994708994709,,,,,,,N/A,RATES_DRIVEN
2022-04-13,21.82,116.33000183105469,,,,-0.06641290426469158,2.5999412243874285,,,0.5833333333333334,0.9682539682539683,,,,,,,N/A,RATES_DRIVEN
2022-04-14,22.7,119.66000366210938,,,,0.025245246071658248,2.754741803881146,,,0.6283068783068783,0.9735449735449735,,,,,,,N/A,RATES_DRIVEN
2022-04-15,22.7,119.66000366210938,,,,0.024444551644160907,2.737173650384014,,,0.6276455026455027,0.9728835978835979,,,,,,,N/A,RATES_DRIVEN
2022-04-18,22.17,122.31999969482422,,,,-0.03234878384628577,2.854122471504181,,,0.6018518518518519,0.9735449735449735,,,,,,,N/A,RATES_DRIVEN
2022-04-19,21.37,122.73999786376953,,,,-0.11756253172884676,2.855959631535128,,,0.5515873015873016,0.9748677248677249,,,,,,,N/A,RATES_DRIVEN
2022-04-20,20.32,125.12000274658203,,,,-0.2288084870503546,2.955392885085474,,,0.5,0.9814814814814815,,,,,,,N/A,RATES_DRIVEN
2022-04-21,22.68,130.69000244140625,,,,0.019641375412131658,3.2099661263396855,,,0.6256613756613757,0.9880952380952381,,,,,,,N/A,RATES_DRIVEN
2022-04-22,28.21,128.1199951171875,,,,0.6019133770141961,3.057703008630832,,,0.8293650793650794,0.9841269841269841,,,,,,,N/A,RATES_DRIVEN
2022-04-25,27.02,131.6300048828125,,,,0.4751054434784565,3.206800110000996,,,0.7777777777777778,0.9880952380952381,,,,,,,N/A,RATES_DRIVEN
2022-04-26,33.52,129.27000427246094,,,,1.1583098054713716,3.067271497591449,,,0.9166666666666666,0.9828042328042328,,,,,,,N/A,RATES_DRIVEN
2022-04-27,31.6,130.11000061035156,,,,0.9533883885346129,3.0856941094070076,,,0.8888888888888888,0.9854497354497355,,,,,,,N/A,RATES_DRIVEN
2022-04-28,29.99,128.74000549316406,,,,0.7816134292594328,2.997945017575882,,,0.8597883597883598,0.9801587301587301,,,,,,,N/A,RATES_DRIVEN
2022-04-29,33.4,128.39999389648438,,,,1.1380896868922674,2.9607168682410614,,,0.9126984126984127,0.9788359788359788,,,,,,,N/A,RATES_DRIVEN
2022-05-02,32.34,135.1699981689453,,,,1.0237436930346044,3.2603274771921242,,,0.8994708994708994,0.9920634920634921,,,,,,,N/A,RATES_DRIVEN
2022-05-03,29.25,126.45999908447266,,,,0.6964166584278177,2.8236057592853094,,,0.8412698412698413,0.9735449735449735,,,,,,,N/A,RATES_DRIVEN
2022-05-04,25.42,121.98999786376953,,,,0.2917551751517758,2.595065976056464,,,0.7195767195767195,0.9576719576719577,,,,,,,N/A,RATES_DRIVEN
2022-05-05,31.2,122.72000122070312,,,,0.8984331406374104,2.614405633870953,,,0.8796296296296297,0.9603174603174603,,,,,,,N/A,RATES_DRIVEN
2022-05-06,30.19,121.41999816894531,,,,0.7899829939892147,2.5394059903590955,,,0.8571428571428571,0.955026455026455,,,,,,,N/A,RATES_DRIVEN
2022-05-09,34.75,125.22000122070312,,,,1.266751543014901,2.703098048162375,,,0.9285714285714286,0.9708994708994709,,,,,,,N/A,RATES_DRIVEN
2022-05-10,32.99,126.76000213623047,,,,1.0786289227816679,2.7585161355119405,,,0.9034391534391535,0.9735449735449735,,,,,,,N/A,RATES_DRIVEN
2022-05-11,32.56,118.05000305175781,,,,1.030668749264029,2.341437636341537,,,0.8994708994708994,0.9470899470899471,,,,,,,N/A,RATES_DRIVEN
2022-05-12,31.77,118.7300033569336,,,,0.9450716148943326,2.3613968206873786,,,0.8835978835978836,0.9484126984126984,,,,,,,N/A,RATES_DRIVEN
2022-05-13,28.87,114.61000061035156,,,,0.6381943671134012,2.1613658072957778,,,0.8293650793650794,0.9378306878306878,,,,,,,N/A,RATES_DRIVEN
2022-05-16,27.47,117.94999694824219,,,,0.4893418965758104,2.304898911199255,,,0.7671957671957672,0.9444444444444444,,,,,,,N/A,RATES_DRIVEN
2022-05-17,26.1,119.45999908447266,,,,0.3437794889813315,2.3629036323864736,,,0.7341269841269841,0.9484126984126984,,,,,,,N/A,RATES_DRIVEN
2022-05-18,30.96,114.86000061035156,,,,0.8532056992281275,2.1431556198907127,,,0.8690476190476191,0.9351851851851852,,,,,,,N/A,RATES_DRIVEN
2022-05-19,29.35,115.05000305175781,,,,0.6819305151900992,2.1428846329850835,,,0.8353174603174603,0.9351851851851852,,,,,,,N/A,RATES_DRIVEN
2022-05-20,29.43,111.0999984741211,,,,0.688491077236501,1.9554671680732485,,,0.8366402116402116,0.9285714285714286,,,,,,,N/A,RATES_DRIVEN
2022-05-23,28.48,110.19000244140625,,,,0.5867577527469263,1.9071194751790275,,,0.8108465608465608,0.9232804232804233,,,,,,,N/A,RATES_DRIVEN
2022-05-24,29.45,111.1500015258789,,,,0.6869191407993882,1.9430902429166546,,,0.8373015873015873,0.9285714285714286,,,,,,,N/A,RATES_DRIVEN
2022-05-25,28.37,105.69000244140625,,,,0.5713295954127784,1.6907395623184807,,,0.8082010582010583,0.9126984126984127,,,,,,,N/A,RATES_DRIVEN
2022-05-26,27.5,102.48999786376953,,,,0.47788786412198064,1.5418240680714468,,,0.7592592592592593,0.9047619047619048,,,,,,,N/A,RATES_DRIVEN
2022-05-27,25.72,98.4800033569336,,,,0.2885978041970677,1.3576493986195197,,,0.7116402116402116,0.8941798941798942,,,,,,,N/A,RATES_DRIVEN
2022-05-30,26.54,98.4800033569336,,,,0.3734914669495621,1.3540402816243948,,,0.7367724867724867,0.8935185185185185,,,,,,,N/A,RATES_DRIVEN
2022-05-31,26.19,107.12000274658203,,,,0.33501000985325025,1.736435711321892,,,0.7255291005291006,0.9153439153439153,,,,,,,N/A,RATES_DRIVEN
2022-06-01,25.69,109.37999725341797,,,,0.28072483819787886,1.831069410043072,,,0.705026455026455,0.917989417989418,,,,,,,N/A,RATES_DRIVEN
2022-06-02,24.72,99.2699966430664,,,,0.17670105834083819,1.374599188741179,,,0.673941798941799,0.8928571428571429,,,,,,,N/A,RATES_DRIVEN
2022-06-03,24.79,97.7300033569336,,,,0.18258002175736748,1.3022661953130934,,,0.6772486772486772,0.8875661375661376,,,,,,,N/A,RATES_DRIVEN
2022-06-06,25.07,102.26000213623047,,,,0.21061269039677846,1.5001025705861475,,,0.6865079365079365,0.8994708994708994,,,,,,,N/A,RATES_DRIVEN
2022-06-07,24.02,102.61000061035156,,,,0.09787708417346642,1.5111087990443757,,,0.6415343915343915,0.9021164021164021,,,,,,,N/A,RATES_DRIVEN
2022-06-08,23.96,105.29000091552734,,,,0.09002960657363082,1.625142565659154,,,0.6402116402116402,0.906084656084656,,,,,,,N/A,RATES_DRIVEN
2022-06-09,26.09,105.29000091552734,,,,0.31448772922679585,1.6198760228607845,,,0.7208994708994709,0.9054232804232805,,,,,,,N/A,RATES_DRIVEN
2022-06-10,27.75,114.2300033569336,,,,0.48896712461062053,2.008398654833896,,,0.7791005291005291,0.9312169312169312,,,,,,,N/A,RATES_DRIVEN
2022-06-13,34.02,139.2100067138672,,,,1.1517988948043754,3.0902298944179027,,,0.921957671957672,0.9947089947089947,,,,,,,N/A,RATES_DRIVEN
2022-06-14,32.69,144.08999633789062,,,,1.0079132007125815,3.2767591891420893,,,0.8994708994708994,0.9973544973544973,,,,,,,N/A,RATES_DRIVEN
2022-06-15,29.62,135.92999267578125,,,,0.6799133869679476,2.8999262101460648,,,0.83994708994709,0.9907407407407407,,,,,,,N/A,RATES_DRIVEN
2022-06-16,32.95,138.10000610351562,,,,1.0309796165338787,2.972442387651342,,,0.9007936507936508,0.9907407407407407,,,,,,,N/A,RATES_DRIVEN
2022-06-17,31.13,133.75,,,,0.8353051238964141,2.7665029558301963,,,0.8677248677248677,0.9854497354497355,,,,,,,N/A,RATES_DRIVEN
2022-06-20,31.03,133.75,,,,0.8224144210775992,2.7487428379092385,,,0.8650793650793651,0.9847883597883598,,,,,,,N/A,RATES_DRIVEN
2022-06-21,30.19,138.91000366210938,,,,0.730980292725991,2.9481396659206145,,,0.8432539682539683,0.9920634920634921,,,,,,,N/A,RATES_DRIVEN
2022-06-22,28.95,129.94000244140625,,,,0.5971854855712043,2.5519984103298667,,,0.8161375661375662,0.9735449735449735,,,,,,,N/A,RATES_DRIVEN
2022-06-23,29.05,125.9800033569336,,,,0.6060992057287446,2.3720422235992795,,,0.8161375661375662,0.9603174603174603,,,,,,,N/A,RATES_DRIVEN
2022-06-24,27.23,127.0,,,,0.4110696564237823,2.4024295481483624,,,0.7394179894179894,0.9629629629629629,,,,,,,N/A,RATES_DRIVEN
2022-06-27,26.95,133.22000122070312,,,,0.38000022301556785,2.647808197698696,,,0.7314814814814815,0.9788359788359788,,,,,,,N/A,RATES_DRIVEN
2022-06-28,28.36,135.22000122070312,,,,0.5295262830303867,2.715079176289989,,,0.794973544973545,0.9854497354497355,,,,,,,N/A,RATES_DRIVEN
2022-06-29,28.16,130.42999267578125,,,,0.5070598761410823,2.5021107133804885,,,0.7883597883597884,0.9722222222222222,,,,,,,N/A,RATES_DRIVEN
2022-06-30,28.71,135.5,,,,0.5642604708395534,2.696402333312276,,,0.8068783068783069,0.9867724867724867,,,,,,,N/A,RATES_DRIVEN
2022-07-01,26.7,144.1699981689453,,,,0.3489992245960168,3.032207533944477,,,0.7215608465608465,0.9973544973544973,,,,,,,N/A,RATES_DRIVEN
2022-07-04,27.53,144.1699981689453,,,,0.4360700394320668,3.0106659136215983,,,0.7433862433862434,0.9966931216931217,,,,,,,N/A,RATES_DRIVEN
2022-07-05,27.54,156.16000366210938,,,,0.4361893818830496,3.4680414857553306,,,0.7433862433862434,0.9986772486772487,,,,,,,N/A,RATES_DRIVEN
2022-07-06,26.73,151.13999938964844,,,,0.34870976084055155,3.238452950311151,,,0.7195767195767195,0.996031746031746,,,,,,,N/A,RATES_DRIVEN
2022-07-07,26.08,149.7100067138672,,,,0.2789158588696407,3.1575441974176712,,,0.6937830687830688,0.9947089947089947,,,,,,,N/A,RATES_DRIVEN
2022-07-08,24.64,145.25,,,,0.1250829309196387,2.9605147516158823,,,0.6402116402116402,0.9933862433862434,,,,,,,N/A,RATES_DRIVEN
2022-07-11,26.17,147.72000122070312,,,,0.28697459108740947,3.0378983540674285,,,0.6984126984126984,0.9933862433862434,,,,,,,N/A,RATES_DRIVEN
2022-07-12,27.29,148.11000061035156,,,,0.4048873435363666,3.0321980648091693,,,0.7334656084656085,0.9933862433862434,,,,,,,N/A,RATES_DRIVEN
2022-07-13,26.82,136.10000610351562,,,,0.35356966203325674,2.5479489845949637,,,0.7182539682539683,0.9775132275132276,,,,,,,N/A,RATES_DRIVEN
2022-07-14,26.4,137.75999450683594,,,,0.3074415050260548,2.598847582531791,,,0.7043650793650794,0.9775132275132276,,,,,,,N/A,RATES_DRIVEN
2022-07-15,24.23,129.85000610351562,,,,0.07509446516935249,2.28103968143345,,,0.6157407407407407,0.9523809523809523,,,,,,,N/A,RATES_DRIVEN
2022-07-18,25.3,127.69000244140625,,,,0.18843831614736592,2.189370213051382,,,0.656084656084656,0.9431216931216931,,,,,,,N/A,RATES_DRIVEN
2022-07-19,24.5,124.69999694824219,,,,0.1024092398118906,2.0665430454603526,,,0.6309523809523809,0.9298941798941799,,,,,,,N/A,RATES_DRIVEN
2022-07-20,23.88,122.9000015258789,,,,0.03578366409404518,1.9907010831280023,,,0.6005291005291006,0.9232804232804233,,,,,,,N/A,RATES_DRIVEN
2022-07-21,23.11,121.1500015258789,,,,-0.04688200699495822,1.9177116874950677,,,0.5701058201058201,0.9140211640211641,,,,,,,N/A,RATES_DRIVEN
2022-07-22,23.03,123.69999694824219,,,,-0.05615620785278269,2.0088834173961945,,,0.5648148148148148,0.9232804232804233,,,,,,,N/A,RATES_DRIVEN
2022-07-25,23.36,128.27000427246094,,,,-0.021566551795299132,2.1755587746306007,,,0.5873015873015873,0.9457671957671958,,,,,,,N/A,RATES_DRIVEN
2022-07-26,24.69,128.5500030517578,,,,0.119579640923911,2.177781722603488,,,0.6349206349206349,0.9470899470899471,,,,,,,N/A,RATES_DRIVEN
2022-07-27,23.24,117.27999877929688,,,,-0.03569345921122094,1.7436302788166935,,,0.5747354497354498,0.8968253968253969,,,,,,,N/A,RATES_DRIVEN
2022-07-28,22.33,119.93000030517578,,,,-0.13357585259624882,1.8385184965054613,,,0.5171957671957672,0.9087301587301587,,,,,,,N/A,RATES_DRIVEN
2022-07-29,21.33,116.36000061035156,,,,-0.24115463158926528,1.6980884714392874,,,0.455026455026455,0.8928571428571429,,,,,,,N/A,RATES_DRIVEN
2022-08-01,22.84,120.5,,,,-0.08101656570084019,1.848688848082452,,,0.5462962962962963,0.9087301587301587,,,,,,,N/A,RATES_DRIVEN
2022-08-02,23.93,129.22999572753906,,,,0.03427002473045952,2.1692054228665554,,,0.6005291005291006,0.9484126984126984,,,,,,,N/A,RATES_DRIVEN
2022-08-03,21.95,122.04000091552734,,,,-0.1784986440253797,1.8916251110043254,,,0.4933862433862434,0.9113756613756614,,,,,,,N/A,RATES_DRIVEN
2022-08-04,21.44,120.56999969482422,,,,-0.23416351834488766,1.830159397701685,,,0.45701058201058203,0.906084656084656,,,,,,,N/A,RATES_DRIVEN
2022-08-05,21.15,122.58000183105469,,,,-0.2663552171085484,1.8988084252678445,,,0.4332010582010582,0.9126984126984127,,,,,,,N/A,RATES_DRIVEN
2022-08-08,21.29,124.12000274658203,,,,-0.25260654532016164,1.949920304973992,,,0.4444444444444444,0.921957671957672,,,,,,,N/A,RATES_DRIVEN
2022-08-09,21.77,125.12000274658203,,,,-0.20228082666778294,1.9805031226564698,,,0.48214285714285715,0.9279100529100529,,,,,,,N/A,RATES_DRIVEN
2022-08-10,19.74,115.26000213623047,,,,-0.4209793659302775,1.6093404705962506,,,0.38095238095238093,0.8809523809523809,,,,,,,N/A,RATES_DRIVEN
2022-08-11,20.2,111.11000061035156,,,,-0.3727383250490086,1.4515588551445024,,,0.3941798941798942,0.8690476190476191,,,,,,,N/A,RATES_DRIVEN
2022-08-12,19.53,106.27999877929688,,,,-0.44571632650022314,1.269541581857228,,,0.3664021164021164,0.8518518518518519,,,,,,,N/A,RATES_DRIVEN
2022-08-15,19.95,113.81999969482422,,,,-0.4014217153606563,1.5451667980764234,,,0.38492063492063494,0.873015873015873,,,,,,,N/A,RATES_DRIVEN
2022-08-16,19.69,116.83000183105469,,,,-0.4302485447122884,1.6519981529443406,,,0.373015873015873,0.8849206349206349,,,,,,,N/A,RATES_DRIVEN
2022-08-17,19.9,117.69999694824219,,,,-0.40816446648113536,1.6794975774240144,,,0.38293650793650796,0.8862433862433863,,,,,,,N/A,RATES_DRIVEN
2022-08-18,19.56,120.26000213623047,,,,-0.4453929435247532,1.7684358460266087,,,0.3637566137566138,0.8994708994708994,,,,,,,N/A,RATES_DRIVEN
2022-08-19,20.6,123.80999755859375,,,,-0.33426328657967297,1.8926192816292036,,,0.4060846560846561,0.917989417989418,,,,,,,N/A,RATES_DRIVEN
2022-08-22,23.8,135.88999938964844,,,,0.00923599036564582,2.325477428828798,,,0.5925925925925926,0.9735449735449735,,,,,,,N/A,RATES_DRIVEN
2022-08-23,24.11,133.85000610351562,,,,0.041510666029738574,2.240596884094248,,,0.6097883597883598,0.966931216931217,,,,,,,N/A,RATES_DRIVEN
2022-08-24,22.82,133.1300048828125,,,,-0.0980698224985168,2.205222796736708,,,0.541005291005291,0.958994708994709,,,,,,,N/A,RATES_DRIVEN
2022-08-25,21.78,126.33000183105469,,,,-0.2103010106660487,1.951617366077075,,,0.47883597883597884,0.9298941798941799,,,,,,,N/A,RATES_DRIVEN
2022-08-26,25.56,122.94999694824219,,,,0.19607641371682724,1.8236025672647804,,,0.6633597883597884,0.9087301587301587,,,,,,,N/A,RATES_DRIVEN
2022-08-29,26.21,130.13999938964844,,,,0.2648911801445434,2.076031687171448,,,0.6970899470899471,0.9523809523809523,,,,,,,N/A,RATES_DRIVEN
2022-08-30,26.21,127.69000244140625,,,,0.26375904694678876,1.9803180101853384,,,0.6964285714285714,0.9332010582010583,,,,,,,N/A,RATES_DRIVEN
2022-08-31,25.87,124.83999633789062,,,,0.22631860377916282,1.8712523475455312,,,0.6812169312169312,0.9166666666666666,,,,,,,N/A,RATES_DRIVEN
2022-09-01,25.56,126.58000183105469,,,,0.1919416419265873,1.9268643759394517,,,0.6587301587301587,0.9285714285714286,,,,,,,N/A,RATES_DRIVEN
2022-09-02,25.47,120.72000122070312,,,,0.18115912795729888,1.7115347557600804,,,0.6554232804232805,0.8888888888888888,,,,,,,N/A,RATES_DRIVEN
2022-09-05,25.99,120.72000122070312,,,,0.23587986754325876,1.7063662533971296,,,0.6812169312169312,0.8882275132275133,,,,,,,N/A,RATES_DRIVEN
2022-09-06,26.91,133.5399932861328,,,,0.33360125525949735,2.155249141396696,,,0.7222222222222222,0.9629629629629629,,,,,,,N/A,RATES_DRIVEN
2022-09-07,24.64,133.1199951171875,,,,0.08696119697418936,2.131429019429626,,,0.621031746031746,0.9563492063492064,,,,,,,N/A,RATES_DRIVEN
2022-09-08,23.61,124.13999938964844,,,,-0.025793604497136437,1.8064850890523347,,,0.5753968253968254,0.908068783068783,,,,,,,N/A,RATES_DRIVEN
2022-09-09,22.79,121.54000091552734,,,,-0.1158614332655338,1.7090046997560333,,,0.5257936507936508,0.8875661375661376,,,,,,,N/A,RATES_DRIVEN
2022-09-12,23.87,123.06999969482422,,,,-0.0003367110650092133,1.7574511891455518,,,0.5826719576719577,0.8994708994708994,,,,,,,N/A,RATES_DRIVEN
2022-09-13,27.27,128.8699951171875,,,,0.36629756442412653,1.954995667203069,,,0.7314814814814815,0.9391534391534392,,,,,,,N/A,RATES_DRIVEN
2022-09-14,26.16,125.3499984741211,,,,0.2444632913931519,1.8248976424212997,,,0.6878306878306878,0.9193121693121693,,,,,,,N/A,RATES_DRIVEN
2022-09-15,26.27,124.06999969482422,,,,0.2548191885495546,1.7738474141862104,,,0.6951058201058201,0.9021164021164021,,,,,,,N/A,RATES_DRIVEN
2022-09-16,26.3,124.94999694824219,,,,0.25646573147976576,1.7982620905117164,,,0.6957671957671958,0.9113756613756614,,,,,,,N/A,RATES_DRIVEN
2022-09-19,25.76,133.7899932861328,,,,0.19611449981425347,2.098329701094324,,,0.6653439153439153,0.9656084656084656,,,,,,,N/A,RATES_DRIVEN
2022-09-20,27.16,134.66000366210938,,,,0.3466107489381268,2.1192992141672646,,,0.7261904761904762,0.966931216931217,,,,,,,N/A,RATES_DRIVEN
2022-09-21,27.99,130.5399932861328,,,,0.4351477909385883,1.9681049354676925,,,0.7757936507936508,0.9484126984126984,,,,,,,N/A,RATES_DRIVEN
2022-09-22,27.35,131.92999267578125,,,,0.3636395085295364,2.007960935091327,,,0.7328042328042328,0.9523809523809523,,,,,,,N/A,RATES_DRIVEN
2022-09-23,29.92,137.27999877929688,,,,0.6418183573762067,2.1829799126474962,,,0.8386243386243386,0.9761904761904762,,,,,,,N/A,RATES_DRIVEN
2022-09-26,32.26,153.61000061035156,,,,0.8947000935027151,2.728859504672722,,,0.8902116402116402,0.9973544973544973,,,,,,,N/A,RATES_DRIVEN
2022-09-27,32.6,158.1199951171875,,,,0.9293506805925987,2.8639641067520074,,,0.8955026455026455,0.9986772486772487,,,,,,,N/A,RATES_DRIVEN
2022-09-28,30.18,158.99000549316406,,,,0.6630740039899434,2.8737631389926968,,,0.8386243386243386,0.9986772486772487,,,,,,,N/A,RATES_DRIVEN
2022-09-29,31.84,148.13999938964844,,,,0.8421638284622772,2.491369757808843,,,0.8796296296296297,0.9894179894179894,,,,,,,N/A,RATES_DRIVEN
2022-09-30,31.62,141.88999938964844,,,,0.8158614167986687,2.268912434725882,,,0.873015873015873,0.9801587301587301,,,,,,,N/A,RATES_DRIVEN
2022-10-03,30.1,152.94000244140625,,,,0.6475450222588928,2.6256116410314534,,,0.8333333333333334,0.9933862433862434,,,,,,,N/A,RATES_DRIVEN
2022-10-04,29.07,151.2100067138672,,,,0.5328568670826271,2.5527973330569997,,,0.8068783068783069,0.9907407407407407,,,,,,,N/A,RATES_DRIVEN
2022-10-05,28.55,152.00999450683594,,,,0.4740032540530182,2.5646857156890572,,,0.7870370370370371,0.9907407407407407,,,,,,,N/A,RATES_DRIVEN
2022-10-06,30.52,153.2899932861328,,,,0.6880180456109259,2.591961352832644,,,0.8478835978835979,0.9933862433862434,,,,,,,N/A,RATES_DRIVEN
2022-10-07,31.36,148.4600067138672,,,,0.7780273803953593,2.4190363144279754,,,0.8664021164021164,0.9841269841269841,,,,,,,N/A,RATES_DRIVEN
2022-10-10,32.45,148.4600067138672,,,,0.8953710511640093,2.406272324880715,,,0.8908730158730159,0.9834656084656085,,,,,,,N/A,RATES_DRIVEN
2022-10-11,33.63,155.57000732421875,,,,1.0224166858274943,2.624222696916517,,,0.917989417989418,0.9947089947089947,,,,,,,N/A,RATES_DRIVEN
2022-10-12,33.57,160.72000122070312,,,,1.0131874567689794,2.7745840230958447,,,0.9133597883597884,0.9986772486772487,,,,,,,N/A,RATES_DRIVEN
2022-10-13,31.94,155.0800018310547,,,,0.8316312306797893,2.5758268108360958,,,0.876984126984127,0.9920634920634921,,,,,,,N/A,RATES_DRIVEN
2022-10-14,32.02,152.88999938964844,,,,0.8381485300129521,2.4909306628035375,,,0.8809523809523809,0.9867724867724867,,,,,,,N/A,RATES_DRIVEN
2022-10-17,31.37,150.4199981689453,,,,0.7643998055948124,2.3984959823665726,,,0.8604497354497355,0.9801587301587301,,,,,,,N/A,RATES_DRIVEN
2022-10-18,30.5,145.7899932861328,,,,0.6664579238044795,2.2387734056556563,,,0.8373015873015873,0.9708994708994709,,,,,,,N/A,RATES_DRIVEN
2022-10-19,30.76,147.72999572753906,,,,0.6930479933493464,2.2896702646340485,,,0.8465608465608465,0.9722222222222222,,,,,,,N/A,RATES_DRIVEN
2022-10-20,29.98,155.61000061035156,,,,0.6049000412013383,2.5272432520040637,,,0.8174603174603174,0.9933862433862434,,,,,,,N/A,RATES_DRIVEN
2022-10-21,29.69,156.9499969482422,,,,0.5708492105271272,2.5551864782377813,,,0.8108465608465608,0.9947089947089947,,,,,,,N/A,RATES_DRIVEN
2022-10-24,29.85,154.02000427246094,,,,0.5865762124654028,2.4490382676799025,,,0.8134920634920635,0.9880952380952381,,,,,,,N/A,RATES_DRIVEN
2022-10-25,28.46,147.77999877929688,,,,0.43089551958468236,2.24115629759281,,,0.7658730158730159,0.9682539682539683,,,,,,,N/A,RATES_DRIVEN
2022-10-26,27.28,140.1999969482422,,,,0.2986086614539992,1.9942181109834574,,,0.6984126984126984,0.955026455026455,,,,,,,N/A,RATES_DRIVEN
2022-10-27,27.39,142.77999877929688,,,,0.30918280735877013,2.0663218536108707,,,0.7037037037037037,0.9576719576719577,,,,,,,N/A,RATES_DRIVEN
2022-10-28,25.75,144.60000610351562,,,,0.12563142399737987,2.1139271695044015,,,0.6263227513227513,0.9616402116402116,,,,,,,N/A,RATES_DRIVEN
2022-10-31,25.88,147.9199981689453,,,,0.1384046349676029,2.207236203913647,,,0.6362433862433863,0.9682539682539683,,,,,,,N/A,RATES_DRIVEN
2022-11-01,25.81,148.4199981689453,,,,0.12923900290832926,2.2123830908204307,,,0.6283068783068783,0.9708994708994709,,,,,,,N/A,RATES_DRIVEN
2022-11-02,25.86,141.1699981689453,,,,0.13338988672419969,1.9792775249450738,,,0.6335978835978836,0.951058201058201,,,,,,,N/A,RATES_DRIVEN
2022-11-03,25.3,136.27999877929688,,,,0.06958571850236328,1.821089566601188,,,0.5958994708994709,0.9378306878306878,,,,,,,N/A,RATES_DRIVEN
2022-11-04,24.55,128.44000244140625,,,,-0.015546685225472237,1.573783818295564,,,0.5687830687830688,0.8902116402116402,,,,,,,N/A,RATES_DRIVEN
2022-11-07,24.35,128.3300018310547,,,,-0.03962517703017577,1.5653427798762478,,,0.5575396825396826,0.8875661375661376,,,,,,,N/A,RATES_DRIVEN
2022-11-08,25.54,126.33000183105469,,,,0.09137249752401079,1.4990572517530614,,,0.6044973544973545,0.8736772486772487,,,,,,,N/A,RATES_DRIVEN
2022-11-09,26.09,124.4000015258789,,,,0.15100794990351793,1.4353390527929777,,,0.6435185185185185,0.8558201058201058,,,,,,,N/A,RATES_DRIVEN
2022-11-10,23.53,111.69000244140625,,,,-0.13732714715967204,1.0419043564665067,,,0.5152116402116402,0.7870370370370371,,,,,,,N/A,NO_STRESS
2022-11-11,22.52,111.69000244140625,,,,-0.25230705814111265,1.039180051113854,,,0.44642857142857145,0.7863756613756614,,,,,,,N/A,NO_STRESS
2022-11-14,23.73,119.98999786376953,,,,-0.11835245361022116,1.2904907405476382,,,0.5198412698412699,0.8201058201058201,,,,,,,N/A,RATES_DRIVEN
2022-11-15,24.54,128.6199951171875,,,,-0.029162503945714,1.550429870576359,,,0.5648148148148148,0.8915343915343915,,,,,,,N/A,RATES_DRIVEN
2022-11-16,24.11,130.8300018310547,,,,-0.07933039115559307,1.6128411583173092,,,0.5403439153439153,0.9087301587301587,,,,,,,N/A,RATES_DRIVEN
2022-11-17,23.93,132.17999267578125,,,,-0.10140505781668224,1.6485978193068862,,,0.5284391534391535,0.9126984126984127,,,,,,,N/A,RATES_DRIVEN
2022-11-18,23.12,129.3300018310547,,,,-0.1945423575073749,1.556500986046594,,,0.48677248677248675,0.8955026455026455,,,,,,,N/A,RATES_DRIVEN
2022-11-21,22.36,132.1300048828125,,,,-0.28197592353982975,1.6364848272610208,,,0.4298941798941799,0.9113756613756614,,,,,,,N/A,RATES_DRIVEN
2022-11-22,21.29,133.52999877929688,,,,-0.4041744157677845,1.673423577468357,,,0.3551587301587302,0.9193121693121693,,,,,,,N/A,RATES_DRIVEN
2022-11-23,20.35,136.1999969482422,,,,-0.5119190670857438,1.7484161034983439,,,0.31216931216931215,0.9365079365079365,,,,,,,N/A,RATES_DRIVEN
2022-11-24,20.42,136.1999969482422,,,,-0.5054323895670717,1.7422108107269958,,,0.31216931216931215,0.9358465608465608,,,,,,,N/A,RATES_DRIVEN
2022-11-25,20.5,129.60000610351562,,,,-0.49814349412915043,1.5372142867115506,,,0.31216931216931215,0.8902116402116402,,,,,,,N/A,RATES_DRIVEN
2022-11-28,22.21,131.72999572753906,,,,-0.305694879182757,1.5964804170993034,,,0.42328042328042326,0.9034391534391535,,,,,,,N/A,RATES_DRIVEN
2022-11-29,21.89,131.22999572753906,,,,-0.3435667551237316,1.576270685234967,,,0.3994708994708995,0.9007936507936508,,,,,,,N/A,RATES_DRIVEN
2022-11-30,20.58,127.2699966430664,,,,-0.4939106428885836,1.4523315604701208,,,0.3134920634920635,0.8650793650793651,,,,,,,N/A,RATES_DRIVEN
2022-12-01,19.84,119.7699966430664,,,,-0.5795733715479342,1.222852668616356,,,0.2843915343915344,0.8015873015873016,,,,,,,N/A,RATES_DRIVEN
2022-12-02,19.06,118.62000274658203,,,,-0.6700468209381065,1.184999105955704,,,0.24338624338624337,0.794973544973545,,,,,,,N/A,NO_STRESS
2022-12-05,20.75,126.5,,,,-0.4792315012088632,1.4180377441581011,,,0.32142857142857145,0.8597883597883598,,,,,,,N/A,RATES_DRIVEN
2022-12-06,22.17,129.08999633789062,,,,-0.31910901628549704,1.4913410313143265,,,0.41865079365079366,0.8809523809523809,,,,,,,N/A,RATES_DRIVEN
2022-12-07,22.68,131.10000610351562,,,,-0.2627425851455987,1.5468349262425825,,,0.44907407407407407,0.8994708994708994,,,,,,,N/A,RATES_DRIVEN
2022-12-08,22.29,129.5399932861328,,,,-0.3092580647127759,1.4954042414772015,,,0.42592592592592593,0.8849206349206349,,,,,,,N/A,RATES_DRIVEN
2022-12-09,22.83,132.7899932861328,,,,-0.24932938116351436,1.5877454953061203,,,0.46296296296296297,0.9087301587301587,,,,,,,N/A,RATES_DRIVEN
2022-12-12,25.0,141.92999267578125,,,,-0.0023689635981659074,1.8546089572574136,,,0.583994708994709,0.9523809523809523,,,,,,,N/A,RATES_DRIVEN
2022-12-13,22.55,135.0800018310547,,,,-0.2858085644672389,1.6443551204582756,,,0.43915343915343913,0.9232804232804233,,,,,,,N/A,RATES_DRIVEN
2022-12-14,21.14,120.26000213623047,,,,-0.44980148162419276,1.1985160143053413,,,0.32936507936507936,0.7956349206349206,,,,,,,N/A,NO_STRESS
2022-12-15,22.83,111.26000213623047,,,,-0.2569906812850859,0.9274584692425089,,,0.460978835978836,0.753968253968254,,,,,,,N/A,NO_STRESS
2022-12-16,22.62,113.6500015258789,,,,-0.2830273484178653,0.9961904890709992,,,0.44047619047619047,0.7592592592592593,,,,,,,N/A,NO_STRESS
2022-12-19,22.42,118.31999969482422,,,,-0.30760126550091227,1.132527894645696,,,0.4246031746031746,0.783068783068783,,,,,,,N/A,NO_STRESS
2022-12-20,21.48,119.91999816894531,,,,-0.4168560034023296,1.177182451127641,,,0.3558201058201058,0.791005291005291,,,,,,,N/A,NO_STRESS
2022-12-21,20.07,115.0,,,,-0.580702818403418,1.0280668770355914,,,0.2804232804232804,0.7619047619047619,,,,,,,N/A,NO_STRESS
2022-12-22,21.97,112.05000305175781,,,,-0.36202371370300895,0.9379867709061023,,,0.3955026455026455,0.7513227513227513,,,,,,,N/A,NO_STRESS
2022-12-23,20.87,113.16999816894531,,,,-0.4904662723397857,0.9691094817489214,,,0.3134920634920635,0.753968253968254,,,,,,,N/A,NO_STRESS
2022-12-26,20.87,113.16999816894531,,,,-0.4908701709148576,0.966960963494529,,,0.31283068783068785,0.7533068783068783,,,,,,,N/A,NO_STRESS
2022-12-27,21.65,124.88999938964844,,,,-0.40123255791510354,1.3118668135683345,,,0.373015873015873,0.8359788359788359,,,,,,,N/A,RATES_DRIVEN
2022-12-28,22.14,120.06999969482422,,,,-0.345619292776845,1.1657555560981463,,,0.4060846560846561,0.7923280423280423,,,,,,,N/A,NO_STRESS
2022-12-29,21.44,120.25,,,,-0.4280672794836403,1.1680238275261092,,,0.3478835978835979,0.7923280423280423,,,,,,,N/A,NO_STRESS
2022-12-30,21.67,121.61000061035156,,,,-0.4027398730140589,1.2050866479212008,,,0.373015873015873,0.8042328042328042,,,,,,,N/A,RATES_DRIVEN
2023-01-02,21.67,121.61000061035156,,,,-0.40398629427353,1.2019031742562365,,,0.3723544973544973,0.8035714285714286,,,,,,,N/A,RATES_DRIVEN
2023-01-03,22.9,129.97000122070312,,,,-0.26249043828957985,1.4450910498773597,,,0.4669312169312169,0.8862433862433863,,,,,,,N/A,RATES_DRIVEN
2023-01-04,22.01,125.77999877929688,,,,-0.367348994289412,1.3175176022385207,,,0.3941798941798942,0.843915343915344,,,,,,,N/A,RATES_DRIVEN
2023-01-05,22.46,119.52999877929688,,,,-0.31666232410135436,1.1299842806842308,,,0.4246031746031746,0.7764550264550265,,,,,,,N/A,NO_STRESS
2023-01-06,21.13,113.87000274658203,,,,-0.47316970043694245,0.9605505809188707,,,0.31084656084656087,0.746031746031746,,,,,,,N/A,NO_STRESS
2023-01-09,21.97,116.66999816894531,,,,-0.3768867391762112,1.040505466394076,,,0.38955026455026454,0.7592592592592593,,,,,,,N/A,NO_STRESS
2023-01-10,20.58,119.5199966430664,,,,-0.540804027699863,1.1216117896454911,,,0.27976190476190477,0.7751322751322751,,,,,,,N/A,NO_STRESS
2023-01-11,21.09,115.16999816894531,,,,-0.4825568220547881,0.9910341669370658,,,0.3082010582010582,0.75,,,,,,,N/A,NO_STRESS
2023-01-12,18.83,112.33999633789062,,,,-0.7481437350904587,0.9055592080987944,,,0.1970899470899471,0.7328042328042328,,,,,,,N/A,NO_STRESS
2023-01-13,18.35,113.55000305175781,,,,-0.8051031229405889,0.9389979508482699,,,0.16666666666666666,0.7380952380952381,,,,,,,N/A,NO_STRESS
2023-01-16,19.49,113.55000305175781,,,,-0.6721730792212338,0.9369607965942292,,,0.2261904761904762,0.7374338624338624,,,,,,,N/A,NO_STRESS
2023-01-17,19.36,122.2699966430664,,,,-0.6863094369882096,1.1909256091233476,,,0.21626984126984128,0.8042328042328042,,,,,,,N/A,RATES_DRIVEN
2023-01-18,20.34,112.61000061035156,,,,-0.570290091601967,0.905644396293541,,,0.27116402116402116,0.7288359788359788,,,,,,,N/A,NO_STRESS
2023-01-19,20.52,114.52999877929688,,,,-0.5480412622357765,0.960384689703379,,,0.27645502645502645,0.7420634920634921,,,,,,,N/A,NO_STRESS
2023-01-20,19.85,114.76000213623047,,,,-0.6244372598411418,0.9657406236214118,,,0.25066137566137564,0.7433862433862434,,,,,,,N/A,NO_STRESS
2023-01-23,19.81,114.69000244140625,,,,-0.6270921040119409,0.9633254134148521,,,0.24801587301587302,0.7420634920634921,,,,,,,N/A,NO_STRESS
2023-01-24,19.2,112.76000213623047,,,,-0.6967463924603551,0.9061995686038388,,,0.21164021164021163,0.7248677248677249,,,,,,,N/A,NO_STRESS
2023-01-25,19.08,107.73999786376953,,,,-0.708740306012892,0.7587309435059439,,,0.20634920634920634,0.701058201058201,,,,,,,N/A,NO_STRESS
2023-01-26,18.73,104.27999877929688,,,,-0.7478871714664674,0.6565614821323325,,,0.1884920634920635,0.6865079365079365,,,,,,,N/A,NO_STRESS
2023-01-27,18.51,100.69999694824219,,,,-0.7716697088679424,0.551450694533678,,,0.17195767195767195,0.6759259259259259,,,,,,,N/A,NO_STRESS
2023-01-30,19.94,103.7699966430664,,,,-0.6012292961858893,0.6427653505809025,,,0.2619047619047619,0.6865079365079365,,,,,,,N/A,NO_STRESS
2023-01-31,19.4,99.54000091552734,,,,-0.6646648505372066,0.5230962299744795,,,0.2275132275132275,0.6732804232804233,,,,,,,N/A,NO_STRESS
2023-02-01,17.87,97.33000183105469,,,,-0.8456645487768952,0.45946747385606385,,,0.1388888888888889,0.6666666666666666,,,,,,,N/A,NO_STRESS
2023-02-02,18.73,97.76000213623047,,,,-0.7429850885033022,0.4738186270461159,,,0.1917989417989418,0.6693121693121693,,,,,,,N/A,NO_STRESS
2023-02-03,18.33,98.98999786376953,,,,-0.8016799785319779,0.5135926190348353,,,0.16666666666666666,0.6732804232804233,,,,,,,N/A,NO_STRESS
2023-02-06,19.43,105.62999725341797,,,,-0.6668112662460746,0.7123513920965404,,,0.23412698412698413,0.701058201058201,,,,,,,N/A,NO_STRESS
2023-02-07,18.66,103.1500015258789,,,,-0.7795079214219539,0.6402421584296,,,0.1865079365079365,0.6917989417989417,,,,,,,N/A,NO_STRESS
2023-02-08,19.63,100.75,,,,-0.6638764318996666,0.5695942472203195,,,0.25,0.6832010582010583,,,,,,,N/A,NO_STRESS
2023-02-09,20.71,102.44999694824219,,,,-0.5270498902516884,0.6213529266165576,,,0.30952380952380953,0.6904761904761905,,,,,,,N/A,NO_STRESS
2023-02-10,20.53,109.62999725341797,,,,-0.5583515709581668,0.8370161647196973,,,0.2962962962962963,0.7182539682539683,,,,,,,N/A,NO_STRESS
2023-02-13,20.34,110.66999816894531,,,,-0.5902885072590214,0.8697596831343596,,,0.29034391534391535,0.7222222222222222,,,,,,,N/A,NO_STRESS
2023-02-14,18.91,110.58999633789062,,,,-0.8046997759862495,0.8694059953187433,,,0.21164021164021163,0.7222222222222222,,,,,,,N/A,NO_STRESS
2023-02-15,18.23,108.63999938964844,,,,-0.914824472932259,0.8114740238382693,,,0.1626984126984127,0.716931216931217,,,,,,,N/A,NO_STRESS
2023-02-16,20.17,111.01000213623047,,,,-0.6285452707872244,0.8807107907481696,,,0.2857142857142857,0.7261904761904762,,,,,,,N/A,NO_STRESS
2023-02-17,20.02,110.11000061035156,,,,-0.657351764604349,0.852670147959047,,,0.28174603174603174,0.7182539682539683,,,,,,,N/A,NO_STRESS
2023-02-20,21.23,110.11000061035156,,,,-0.4706002908340701,0.8514265839599826,,,0.3505291005291005,0.7175925925925926,,,,,,,N/A,NO_STRESS
2023-02-21,22.87,119.62000274658203,,,,-0.20074294529143002,1.1323326832745915,,,0.498015873015873,0.7896825396825397,,,,,,,N/A,NO_STRESS
2023-02-22,22.29,118.20999908447266,,,,-0.2946039412356311,1.0882118571493355,,,0.44907407407407407,0.7791005291005291,,,,,,,N/A,NO_STRESS
2023-02-23,21.14,117.44999694824219,,,,-0.4901537565529178,1.0634896607669506,,,0.34325396825396826,0.7711640211640212,,,,,,,N/A,NO_STRESS
2023-02-24,21.67,122.83999633789062,,,,-0.39811347297455946,1.220347726607512,,,0.4021164021164021,0.8253968253968254,,,,,,,N/A,RATES_DRIVEN
2023-02-27,20.95,120.02999877929688,,,,-0.5230410237887609,1.134071805902021,,,0.33465608465608465,0.7962962962962963,,,,,,,N/A,NO_STRESS
2023-02-28,20.7,123.5999984741211,,,,-0.5665424147602144,1.2365408022563191,,,0.3167989417989418,0.8293650793650794,,,,,,,N/A,RATES_DRIVEN
2023-03-01,20.58,121.08000183105469,,,,-0.5880365371444782,1.1590392965837861,,,0.30952380952380953,0.8055555555555556,,,,,,,N/A,RATES_DRIVEN
2023-03-02,19.59,124.12000274658203,,,,-0.7661843861828014,1.2458262314719941,,,0.24867724867724866,0.8353174603174603,,,,,,,N/A,RATES_DRIVEN
2023-03-03,18.49,122.5199966430664,,,,-0.9658906709542721,1.1955614268080548,,,0.17592592592592593,0.8161375661375662,,,,,,,N/A,RATES_DRIVEN
2023-03-06,18.61,128.19000244140625,,,,-0.9445844650172989,1.359261295439067,,,0.18452380952380953,0.8690476190476191,,,,,,,N/A,RATES_DRIVEN
2023-03-07,19.59,133.3300018310547,,,,-0.7645297864337388,1.5063738081534672,,,0.251984126984127,0.917989417989418,,,,,,,N/A,RATES_DRIVEN
2023-03-08,19.11,129.75999450683594,,,,-0.8519512374581537,1.3972107096200392,,,0.2208994708994709,0.8875661375661376,,,,,,,N/A,RATES_DRIVEN
2023-03-09,22.61,129.27999877929688,,,,-0.20028928764407627,1.3791719949685362,,,0.48677248677248675,0.8816137566137566,,,,,,,N/A,RATES_DRIVEN
2023-03-10,24.8,140.05999755859375,,,,0.2133382776942731,1.6900885371416807,,,0.628968253968254,0.9497354497354498,,,,,,,N/A,RATES_DRIVEN
2023-03-13,26.52,173.58999633789062,,,,0.5416399262189933,2.6570667895312887,,,0.7195767195767195,1.0,,,,,,,N/A,RATES_DRIVEN
2023-03-14,23.73,169.64999389648438,,,,0.02066585255893415,2.527658660470256,,,0.5654761904761905,0.9986772486772487,,,,,,,N/A,RATES_DRIVEN
2023-03-15,26.14,169.64999389648438,,,,0.4900208927592195,2.5134888158497612,,,0.6997354497354498,0.998015873015873,,,,,,,N/A,RATES_DRIVEN
2023-03-16,22.99,167.9600067138672,,,,-0.11282757760429481,2.451229408751639,,,0.5257936507936508,0.996031746031746,,,,,,,N/A,RATES_DRIVEN
2023-03-17,25.51,180.11000061035156,,,,0.3837495643427216,2.783236202251186,,,0.656084656084656,1.0,,,,,,,N/A,RATES_DRIVEN
2023-03-20,24.15,182.63999938964844,,,,0.12101232575660759,2.836591608377286,,,0.593915343915344,1.0,,,,,,,N/A,RATES_DRIVEN
2023-03-21,21.38,162.30999755859375,,,,-0.4212970077563314,2.2455611022457247,,,0.3835978835978836,0.9920634920634921,,,,,,,N/A,RATES_DRIVEN
2023-03-22,22.26,142.83999633789062,,,,-0.24561796962141444,1.6858023661555492,,,0.4603174603174603,0.9470899470899471,,,,,,,N/A,RATES_DRIVEN
2023-03-23,22.61,151.39999389648438,,,,-0.17450431736821648,1.9214217036204482,,,0.49007936507936506,0.9722222222222222,,,,,,,N/A,RATES_DRIVEN
2023-03-24,21.74,173.66000366210938,,,,-0.34434108567306715,2.538262045571979,,,0.4193121693121693,0.9973544973544973,,,,,,,N/A,RATES_DRIVEN
2023-03-27,20.6,161.6699981689453,,,,-0.5688180440395899,2.1898983396359615,,,0.3194444444444444,0.9894179894179894,,,,,,,N/A,RATES_DRIVEN
2023-03-28,19.97,155.9600067138672,,,,-0.6928154279550748,2.0208626692404166,,,0.2857142857142857,0.9814814814814815,,,,,,,N/A,RATES_DRIVEN
2023-03-29,19.12,150.5800018310547,,,,-0.8609984924911921,1.8627319770669553,,,0.2222222222222222,0.9642857142857143,,,,,,,N/A,RATES_DRIVEN
2023-03-30,19.02,141.24000549316406,,,,-0.879288872945588,1.595483896029033,,,0.21825396825396826,0.9351851851851852,,,,,,,N/A,RATES_DRIVEN
2023-03-31,18.7,135.92999267578125,,,,-0.9413187172077913,1.4422871779083197,,,0.19576719576719576,0.916005291005291,,,,,,,N/A,RATES_DRIVEN
2023-04-03,18.55,138.1699981689453,,,,-0.9689483286592228,1.5003548004166964,,,0.17857142857142858,0.9259259259259259,,,,,,,N/A,RATES_DRIVEN
2023-04-04,19.0,147.75,,,,-0.8760660324261134,1.7620074992317014,,,0.22023809523809523,0.951058201058201,,,,,,,N/A,RATES_DRIVEN
2023-04-05,19.08,153.89999389648438,,,,-0.8579959716082538,1.9261122237729622,,,0.22552910052910052,0.9748677248677249,,,,,,,N/A,RATES_DRIVEN
2023-04-06,18.4,147.72999572753906,,,,-0.993813877613768,1.7479851626410854,,,0.17261904761904762,0.9477513227513228,,,,,,,N/A,RATES_DRIVEN
2023-04-07,18.4,147.72999572753906,,,,-0.991695059255943,1.7418054643366854,,,0.17328042328042328,0.9470899470899471,,,,,,,N/A,RATES_DRIVEN
2023-04-10,18.97,143.0,,,,-0.8740312488664355,1.6051882383272105,,,0.2222222222222222,0.9351851851851852,,,,,,,N/A,RATES_DRIVEN
2023-04-11,19.1,139.77999877929688,,,,-0.8453443931376415,1.5111514553114966,,,0.23148148148148148,0.921957671957672,,,,,,,N/A,RATES_DRIVEN
2023-04-12,19.09,129.67999267578125,,,,-0.8451236859722782,1.2279648955172755,,,0.23148148148148148,0.8558201058201058,,,,,,,N/A,RATES_DRIVEN
2023-04-13,17.8,119.94999694824219,,,,-1.1043946716752924,0.9561193620546286,,,0.1388888888888889,0.7513227513227513,,,,,,,N/A,NO_STRESS
2023-04-14,17.07,118.83999633789062,,,,-1.2494698606151475,0.9229773061322962,,,0.0958994708994709,0.7380952380952381,,,,,,,N/A,NO_STRESS
2023-04-17,16.95,122.69000244140625,,,,-1.2703351995619165,1.0268020298676865,,,0.08862433862433862,0.7817460317460317,,,,,,,N/A,NO_STRESS
2023-04-18,16.83,122.77999877929688,,,,-1.2911101819275776,1.0265714501048038,,,0.08333333333333333,0.7843915343915344,,,,,,,N/A,NO_STRESS
2023-04-19,16.46,124.0199966430664,,,,-1.362333562644052,1.0580672352815843,,,0.062169312169312166,0.794973544973545,,,,,,,N/A,NO_STRESS
2023-04-20,17.17,120.61000061035156,,,,-1.214896695699653,0.9611973935912267,,,0.10714285714285714,0.7579365079365079,,,,,,,N/A,NO_STRESS
2023-04-21,16.77,120.83999633789062,,,,-1.292479108387227,0.9650021545492273,,,0.082010582010582,0.7605820105820106,,,,,,,N/A,NO_STRESS
2023-04-24,16.89,126.27999877929688,,,,-1.2646090744542964,1.1125013500754124,,,0.08862433862433862,0.8174603174603174,,,,,,,N/A,RATES_DRIVEN
2023-04-25,18.76,137.1300048828125,,,,-0.8832010198623065,1.4083916914069645,,,0.21825396825396826,0.9126984126984127,,,,,,,N/A,RATES_DRIVEN
2023-04-26,18.84,130.38999938964844,,,,-0.8647349150615561,1.2187899962390067,,,0.2275132275132275,0.8637566137566137,,,,,,,N/A,RATES_DRIVEN
2023-04-27,17.03,122.43000030517578,,,,-1.2283126028672375,0.9963702240566489,,,0.10185185185185185,0.7698412698412699,,,,,,,N/A,NO_STRESS
2023-04-28,15.78,122.45999908447266,,,,-1.4769590498773417,0.9946259412144438,,,0.021164021164021163,0.7698412698412699,,,,,,,N/A,NO_STRESS
2023-05-01,16.08,128.17999267578125,,,,-1.4122217698143895,1.1494186950569323,,,0.03042328042328042,0.8293650793650794,,,,,,,N/A,RATES_DRIVEN
2023-05-02,17.78,137.5500030517578,,,,-1.0660315253350565,1.4037141335065542,,,0.15145502645502645,0.9140211640211641,,,,,,,N/A,RATES_DRIVEN
2023-05-03,18.34,134.5,,,,-0.9504432698218479,1.3159187813344813,,,0.18518518518518517,0.8941798941798942,,,,,,,N/A,RATES_DRIVEN
2023-05-04,20.09,140.7100067138672,,,,-0.595288469145005,1.4823198899993957,,,0.328042328042328,0.9259259259259259,,,,,,,N/A,RATES_DRIVEN
2023-05-05,17.19,130.2100067138672,,,,-1.1837589922667942,1.1903016358678793,,,0.11507936507936507,0.8584656084656085,,,,,,,N/A,RATES_DRIVEN
2023-05-08,16.98,135.07000732421875,,,,-1.2259165544549697,1.3201255641659386,,,0.09986772486772487,0.8941798941798942,,,,,,,N/A,RATES_DRIVEN
2023-05-09,17.71,133.92999267578125,,,,-1.0753388844578242,1.2851824780247791,,,0.15079365079365079,0.8902116402116402,,,,,,,N/A,RATES_DRIVEN
2023-05-10,16.94,125.5999984741211,,,,-1.231261753080583,1.053745971159635,,,0.09523809523809523,0.8015873015873016,,,,,,,N/A,RATES_DRIVEN
2023-05-11,16.93,128.2100067138672,,,,-1.231412171670482,1.1223584085249814,,,0.09523809523809523,0.8227513227513228,,,,,,,N/A,RATES_DRIVEN
2023-05-12,17.03,120.5199966430664,,,,-1.2087520941536967,0.9090245802953588,,,0.10912698412698413,0.7354497354497355,,,,,,,N/A,NO_STRESS
2023-05-15,17.12,127.88999938964844,,,,-1.1891989856283416,1.1082055806198878,,,0.11574074074074074,0.8174603174603174,,,,,,,N/A,RATES_DRIVEN
2023-05-16,17.99,130.3000030517578,,,,-1.0070833109198394,1.171113813574149,,,0.17989417989417988,0.8558201058201058,,,,,,,N/A,RATES_DRIVEN
2023-05-17,16.87,120.77999877929688,,,,-1.2364191692932651,0.9077408272246499,,,0.09126984126984126,0.7380952380952381,,,,,,,N/A,NO_STRESS
2023-05-18,16.05,122.5,,,,-1.4046067852428041,0.9523761633656807,,,0.0291005291005291,0.7552910052910053,,,,,,,N/A,NO_STRESS
2023-05-19,16.81,127.51000213623047,4.62,10.77,6.1499999999999995,-1.2443155363393246,1.0868091460911056,,,0.08994708994708994,0.8121693121693122,,,,,,,N/A,RATES_DRIVEN
2023-05-22,17.21,132.2899932861328,4.54,10.68,6.14,-1.1599694264398352,1.2145004087196163,,,0.1283068783068783,0.873015873015873,,,,,,,N/A,RATES_DRIVEN
2023-05-23,18.53,131.6999969482422,4.6,10.75,6.15,-0.8823132109093794,1.195077875387616,,,0.21428571428571427,0.8650793650793651,,,,,,,N/A,RATES_DRIVEN
2023-05-24,20.03,132.2899932861328,4.68,10.83,6.15,-0.5665083277241827,1.207928454248321,,,0.34325396825396826,0.8723544973544973,,,,,,,N/A,RATES_DRIVEN
2023-05-25,19.14,139.5399932861328,4.58,10.72,6.140000000000001,-0.7508129120370982,1.4023183694581063,,,0.27380952380952384,0.9193121693121693,,,,,,,N/A,RATES_DRIVEN
2023-05-26,17.95,145.3699951171875,4.53,10.68,6.1499999999999995,-0.9976344169963111,1.556978140058013,,,0.17989417989417988,0.9417989417989417,,,,,,,N/A,RATES_DRIVEN
2023-05-29,17.46,145.3699951171875,4.54,10.69,6.1499999999999995,-1.0974401165234702,1.5521595706949527,,,0.14417989417989419,0.9411375661375662,,,,,,,N/A,RATES_DRIVEN
2023-05-30,17.46,141.36000061035156,4.58,10.71,6.130000000000001,-1.0945420093494957,1.4383925923204268,,,0.14484126984126985,0.9259259259259259,,,,,,,N/A,RATES_DRIVEN
2023-05-31,17.94,136.02000427246094,4.69,10.72,6.03,-0.9914044082533608,1.2890748120124824,,,0.18253968253968253,0.8981481481481481,,,,,,,N/A,RATES_DRIVEN
2023-06-01,15.65,124.62999725341797,4.65,10.67,6.02,-1.4674898827944851,0.9757781239943331,,,0.017857142857142856,0.7711640211640212,,,,,,,N/A,NO_STRESS
2023-06-02,14.6,120.94999694824219,4.37,10.37,5.999999999999999,-1.6825391071513374,0.8730279588463414,,,0.0013227513227513227,0.7248677248677249,,,,,,,N/A,NO_STRESS
2023-06-05,14.73,119.08000183105469,4.39,10.34,5.95,-1.6498787686998782,0.8197500266937914,,,0.0026455026455026454,0.6917989417989417,,,,,,,N/A,NO_STRESS
2023-06-06,13.96,114.41999816894531,4.39,10.28,5.89,-1.8068812654183941,0.6905123152175496,,,0.0013227513227513227,0.6534391534391535,,,,,,,N/A,NO_STRESS
2023-06-07,13.94,120.5,4.33,10.18,5.85,-1.8053673123143512,0.8542509000662466,,,0.0013227513227513227,0.7136243386243386,,,,,,,N/A,NO_STRESS
2023-06-08,13.65,115.11000061035156,4.39,10.16,5.7700000000000005,-1.8593179996883096,0.7049404517195732,,,0.0013227513227513227,0.6613756613756614,,,,,,,N/A,NO_STRESS
2023-06-09,13.83,115.7699966430664,4.29,9.98,5.69,-1.8153833842458407,0.7208816239389255,,,0.0026455026455026454,0.6653439153439153,,,,,,,N/A,NO_STRESS
2023-06-12,15.01,119.80000305175781,4.34,10.02,5.68,-1.564162277246089,0.8288212229562665,,,0.00992063492063492,0.6997354497354498,,,,,,,N/A,NO_STRESS
2023-06-13,14.61,118.80000305175781,4.18,9.77,5.59,-1.6420221527285244,0.7992397074295154,,,0.007936507936507936,0.6865079365079365,,,,,,,N/A,NO_STRESS
2023-06-14,13.88,114.37000274658203,4.18,9.69,5.51,-1.787327682131191,0.6759324265664751,,,0.003968253968253968,0.6455026455026455,,,,,,,N/A,NO_STRESS
2023-06-15,14.5,107.33999633789062,4.21,9.71,5.500000000000001,-1.6530802022322513,0.4815204527789101,,,0.007936507936507936,0.5992063492063492,,,,,,,N/A,NO_STRESS
2023-06-16,13.54,104.43000030517578,4.15,9.64,5.49,-1.8450910428736151,0.39992808208415637,,,0.0013227513227513227,0.5833333333333334,,,,,,,N/A,NO_STRESS
2023-06-19,14.19,104.43000030517578,4.15,9.66,5.51,-1.7047156103194934,0.3980840953284583,,,0.009259259259259259,0.5826719576719577,,,,,,,N/A,NO_STRESS
2023-06-20,13.88,104.43000030517578,4.22,9.71,5.490000000000001,-1.7623888554983433,0.39624105738433407,,,0.005952380952380952,0.582010582010582,,,,,,,N/A,NO_STRESS
2023-06-21,13.2,110.83999633789062,4.32,9.8,5.48,-1.8951642888534959,0.5705168255022584,,,0.0013227513227513227,0.6150793650793651,,,,,,,N/A,NO_STRESS
2023-06-22,12.91,107.69999694824219,4.3,9.79,5.489999999999999,-1.9470084290475527,0.48218519351071254,,,0.0013227513227513227,0.5978835978835979,,,,,,,N/A,NO_STRESS
2023-06-23,13.44,105.73999786376953,4.4,9.94,5.539999999999999,-1.8313926634303224,0.426288861989429,,,0.003968253968253968,0.5912698412698413,,,,,,,N/A,NO_STRESS
2023-06-26,14.25,109.0199966430664,4.45,10.01,5.56,-1.659938617380949,0.5148275598906136,,,0.015873015873015872,0.6031746031746031,,,,,,,N/A,NO_STRESS
2023-06-27,13.74,110.8499984741211,4.3,9.85,5.55,-1.7578968510847879,0.5633974676634429,,,0.007936507936507936,0.6150793650793651,,,,,,,N/A,NO_STRESS
2023-06-28,13.43,108.30000305175781,4.27,9.81,5.540000000000001,-1.81447380714603,0.4910381768784457,,,0.003968253968253968,0.5965608465608465,,,,,,,N/A,NO_STRESS
2023-06-29,13.54,113.44999694824219,4.14,9.64,5.500000000000001,-1.7857692076250522,0.6314635400318304,,,0.007275132275132275,0.6362433862433863,,,,,,,N/A,NO_STRESS
2023-06-30,13.59,110.63999938964844,4.05,9.43,5.38,-1.7694973305061306,0.5517082782513341,,,0.009259259259259259,0.6097883597883598,,,,,,,N/A,NO_STRESS
2023-07-03,13.57,110.7699966430664,3.99,9.36,5.369999999999999,-1.7675620130041922,0.5533425901364569,,,0.009259259259259259,0.6111111111111112,,,,,,,N/A,NO_STRESS
2023-07-04,13.7,110.7699966430664,3.99,9.36,5.369999999999999,-1.735532461189001,0.5513810985243144,,,0.013227513227513227,0.6104497354497355,,,,,,,N/A,NO_STRESS
2023-07-05,14.18,110.52999877929688,4.01,9.39,5.380000000000001,-1.6332308081430418,0.542791619065189,,,0.022486772486772486,0.6044973544973545,,,,,,,N/A,NO_STRESS
2023-07-06,15.44,134.6300048828125,4.1,9.49,5.390000000000001,-1.3757250294536456,1.2095004107738785,,,0.041666666666666664,0.8849206349206349,,,,,,,N/A,RATES_DRIVEN
2023-07-07,14.83,130.41000366210938,4.08,9.49,5.41,-1.4943551148607053,1.0893784485781337,,,0.031746031746031744,0.8452380952380952,,,,,,,N/A,RATES_DRIVEN
2023-07-10,15.07,131.72999572753906,4.13,9.57,5.44,-1.4422679656218826,1.123219230865562,,,0.037037037037037035,0.8564814814814815,,,,,,,N/A,RATES_DRIVEN
2023-07-11,14.84,127.06999969482422,4.05,9.49,5.44,-1.4845634870324604,0.9910123312510891,,,0.03306878306878307,0.794973544973545,,,,,,,N/A,NO_STRESS
2023-07-12,13.54,114.06999969482422,3.95,9.32,5.37,-1.739535917845166,0.6272398604231687,,,0.007936507936507936,0.6375661375661376,,,,,,,N/A,NO_STRESS
2023-07-13,13.61,111.75,3.97,9.29,5.3199999999999985,-1.7197920451570354,0.5606717718605048,,,0.013227513227513227,0.6177248677248677,,,,,,,N/A,NO_STRESS
2023-07-14,13.34,112.4800033569336,3.9,9.16,5.26,-1.7675558861827325,0.5790504723797557,,,0.003968253968253968,0.6203703703703703,,,,,,,N/A,NO_STRESS
2023-07-17,13.48,113.5,3.97,9.27,5.299999999999999,-1.7338148136888312,0.6055193046609758,,,0.007936507936507936,0.6296296296296297,,,,,,,N/A,NO_STRESS
2023-07-18,13.3,112.44999694824219,3.9,9.22,5.32,-1.763571569967272,0.5742430848959519,,,0.003968253968253968,0.6177248677248677,,,,,,,N/A,NO_STRESS
2023-07-19,13.76,107.19000244140625,3.89,9.18,5.289999999999999,-1.667048331972181,0.42540741368052676,,,0.022486772486772486,0.5727513227513228,,,,,,,N/A,NO_STRESS
2023-07-20,13.99,112.8499984741211,3.9,9.13,5.23,-1.6163077129755175,0.581801150967568,,,0.03042328042328042,0.6216931216931217,,,,,,,N/A,NO_STRESS
2023-07-21,13.6,106.66000366210938,3.89,9.14,5.25,-1.6876110048994182,0.4067172618543167,,,0.017195767195767195,0.5674603174603174,,,,,,,N/A,NO_STRESS
2023-07-24,13.91,109.94999694824219,3.82,9.1,5.279999999999999,-1.6212577746568413,0.4970348811225434,,,0.0291005291005291,0.5846560846560847,,,,,,,N/A,NO_STRESS
2023-07-25,13.86,113.0199966430664,3.84,9.08,5.24,-1.6257466362125241,0.5811722906909959,,,0.026455026455026454,0.623015873015873,,,,,,,N/A,NO_STRESS
2023-07-26,13.19,104.87999725341797,3.91,9.17,5.26,-1.751368253964698,0.35084414622694293,,,0.0026455026455026454,0.5502645502645502,,,,,,,N/A,NO_STRESS
2023-07-27,14.41,111.1500015258789,3.78,8.99,5.210000000000001,-1.5070276474701034,0.5250900870053523,,,0.041005291005291,0.6051587301587301,,,,,,,N/A,NO_STRESS
2023-07-28,13.33,109.76000213623047,3.82,9.0,5.18,-1.7161944007225962,0.4840910064307089,,,0.006613756613756613,0.5806878306878307,,,,,,,N/A,NO_STRESS
2023-07-31,13.63,112.02999877929688,3.79,9.06,5.2700000000000005,-1.652982651518867,0.5460710898696148,,,0.022486772486772486,0.6111111111111112,,,,,,,N/A,NO_STRESS
2023-08-01,13.93,116.37999725341797,3.82,9.1,5.279999999999999,-1.5900661981444946,0.6666069953450968,,,0.03571428571428571,0.6613756613756614,,,,,,,N/A,NO_STRESS
2023-08-02,16.09,115.1500015258789,3.96,9.27,5.31,-1.162990250410565,0.6299344025535919,,,0.09126984126984126,0.6507936507936508,,,,,,,N/A,NO_STRESS
2023-08-03,15.92,124.5999984741211,3.98,9.33,5.35,-1.1934027649610148,0.8942470967706753,,,0.082010582010582,0.7645502645502645,,,,,,,N/A,NO_STRESS
2023-08-04,17.1,115.91000366210938,4.01,9.38,5.370000000000001,-0.95861607081085,0.6468338665711928,,,0.17857142857142858,0.6547619047619048,,,,,,,N/A,NO_STRESS
2023-08-07,15.77,120.94000244140625,3.97,9.32,5.35,-1.2174572263379633,0.7868003642160828,,,0.07936507936507936,0.716931216931217,,,,,,,N/A,NO_STRESS
2023-08-08,15.99,118.73999786376953,4.0,9.27,5.27,-1.1709286616406132,0.7224455543392355,,,0.0873015873015873,0.6772486772486772,,,,,,,N/A,NO_STRESS
2023-08-09,15.96,112.55000305175781,3.94,9.14,5.200000000000001,-1.1736585867517204,0.5451998783281289,,,0.08465608465608465,0.6084656084656085,,,,,,,N/A,NO_STRESS
2023-08-10,15.85,108.63999938964844,3.83,9.03,5.199999999999999,-1.1920528195510771,0.4324250744718475,,,0.08333333333333333,0.5641534391534392,,,,,,,N/A,NO_STRESS
2023-08-11,14.84,112.12999725341797,3.83,9.04,5.209999999999999,-1.3867030819922643,0.5294699210441202,,,0.05357142857142857,0.6031746031746031,,,,,,,N/A,NO_STRESS
2023-08-14,14.82,119.94000244140625,3.79,8.91,5.12,-1.3865522289775971,0.7493374920510409,,,0.051587301587301584,0.6944444444444444,,,,,,,N/A,NO_STRESS
2023-08-15,16.46,121.80000305175781,3.85,8.95,5.1,-1.061633404682884,0.8001042801831068,,,0.13558201058201058,0.7261904761904762,,,,,,,N/A,NO_STRESS
2023-08-16,16.78,117.23999786376953,3.81,8.9,5.09,-0.9961311443001329,0.6680981868631549,,,0.1574074074074074,0.6574074074074074,,,,,,,N/A,NO_STRESS
2023-08-17,17.89,121.13999938964844,3.95,9.06,5.11,-0.775889107626801,0.7772270751438982,,,0.24735449735449735,0.7182539682539683,,,,,,,N/A,NO_STRESS
2023-08-18,17.3,120.51000213623047,4.02,9.13,5.110000000000001,-0.8895142492243945,0.7571138341921221,,,0.21031746031746032,0.7037037037037037,,,,,,,N/A,NO_STRESS
2023-08-21,17.13,130.69000244140625,3.97,9.09,5.119999999999999,-0.9205226227462894,1.0458741104942,,,0.19444444444444445,0.8472222222222222,,,,,,,N/A,RATES_DRIVEN
2023-08-22,16.97,126.6500015258789,3.93,9.07,5.140000000000001,-0.9494970264416621,0.9279004312418808,,,0.17724867724867724,0.7896825396825397,,,,,,,N/A,NO_STRESS
2023-08-23,15.98,118.4000015258789,3.92,9.03,5.109999999999999,-1.1411424497628275,0.6893022821776176,,,0.09193121693121693,0.6653439153439153,,,,,,,N/A,NO_STRESS
2023-08-24,17.2,117.55999755859375,3.91,9.02,5.109999999999999,-0.8988830920283708,0.6631189420838861,,,0.20436507936507936,0.6534391534391535,,,,,,,N/A,NO_STRESS
2023-08-25,15.68,110.37000274658203,3.9,9.01,5.109999999999999,-1.1944947168212554,0.4543731603436395,,,0.07936507936507936,0.5634920634920635,,,,,,,N/A,NO_STRESS
2023-08-28,15.08,110.44999694824219,3.86,8.99,5.130000000000001,-1.3088355447836542,0.45467649322635995,,,0.06349206349206349,0.5634920634920635,,,,,,,N/A,NO_STRESS
2023-08-29,14.45,110.68000030517578,3.87,8.97,5.1000000000000005,-1.4286043668542647,0.45930589076657347,,,0.046296296296296294,0.5687830687830688,,,,,,,N/A,NO_STRESS
2023-08-30,13.88,109.83999633789062,3.8,8.9,5.1000000000000005,-1.5364803133020437,0.4333264561740191,,,0.03306878306878307,0.5529100529100529,,,,,,,N/A,NO_STRESS
2023-08-31,13.57,107.93000030517578,3.85,9.0,5.15,-1.5925747951692872,0.3764357230430893,,,0.017857142857142856,0.5396825396825397,,,,,,,N/A,NO_STRESS
2023-09-01,13.09,102.91999816894531,3.81,8.94,5.129999999999999,-1.6811373302868098,0.22995228060189285,,,0.0026455026455026454,0.5066137566137566,,,,,,,N/A,NO_STRESS
2023-09-04,13.82,102.91999816894531,3.81,8.95,5.139999999999999,-1.5331647448635957,0.2283841887683057,,,0.031746031746031744,0.5059523809523809,,,,,,,N/A,NO_STRESS
2023-09-05,14.01,109.63999938964844,3.83,8.98,5.15,-1.4913388859548722,0.42132995057911915,,,0.046296296296296294,0.5502645502645502,,,,,,,N/A,NO_STRESS
2023-09-06,14.45,111.30999755859375,3.86,9.0,5.140000000000001,-1.4011567320815512,0.46794096431349014,,,0.05357142857142857,0.5833333333333334,,,,,,,N/A,NO_STRESS
2023-09-07,14.4,105.19999694824219,3.9,9.02,5.119999999999999,-1.406790551686007,0.2889829518421532,,,0.051587301587301584,0.5145502645502645,,,,,,,N/A,NO_STRESS
2023-09-08,13.84,104.33999633789062,3.85,8.96,5.110000000000001,-1.5115536838946908,0.26236060333283256,,,0.03439153439153439,0.5066137566137566,,,,,,,N/A,NO_STRESS
2023-09-11,13.8,107.2300033569336,3.82,8.91,5.09,-1.5148342442704534,0.34467187145605016,,,0.031746031746031744,0.5317460317460317,,,,,,,N/A,NO_STRESS
2023-09-12,14.23,105.11000061035156,3.84,8.91,5.07,-1.4272939489164675,0.28150174637333664,,,0.05291005291005291,0.5119047619047619,,,,,,,N/A,NO_STRESS
2023-09-13,13.48,101.86000061035156,3.85,8.9,5.050000000000001,-1.5692955345844275,0.18546313462431144,,,0.013888888888888888,0.4880952380952381,,,,,,,N/A,NO_STRESS
2023-09-14,12.82,97.11000061035156,3.78,8.77,4.99,-1.6928442804874462,0.04572651912915861,,,0.0013227513227513227,0.4669312169312169,,,,,,,N/A,NO_STRESS
2023-09-15,13.79,96.61000061035156,3.79,8.77,4.9799999999999995,-1.4995475824795117,0.029757192182724167,,,0.03439153439153439,0.4656084656084656,,,,,,,N/A,NO_STRESS
2023-09-18,14.0,99.31999969482422,3.82,8.81,4.99,-1.4544543836219086,0.1072865639591915,,,0.05291005291005291,0.4775132275132275,,,,,,,N/A,NO_STRESS
2023-09-19,14.11,101.30999755859375,3.82,8.81,4.99,-1.430722373209293,0.16384561482270926,,,0.05555555555555555,0.48677248677248675,,,,,,,N/A,NO_STRESS
2023-09-20,15.14,97.04000091552734,3.77,8.75,4.98,-1.2283274461245708,0.03766290505780861,,,0.0873015873015873,0.46296296296296297,,,,,,,N/A,NO_STRESS
2023-09-21,17.54,106.0,3.89,8.94,5.049999999999999,-0.7597840577250703,0.29788617347564394,,,0.25462962962962965,0.5238095238095238,,,,,,,N/A,NO_STRESS
2023-09-22,17.2,101.11000061035156,3.93,8.98,5.050000000000001,-0.8267663778966822,0.15341228862574863,,,0.23015873015873015,0.48412698412698413,,,,,,,N/A,NO_STRESS
2023-09-25,16.9,117.33000183105469,3.97,9.06,5.09,-0.8867594683318328,0.6262709652352608,,,0.19444444444444445,0.6507936507936508,,,,,,,N/A,NO_STRESS
2023-09-26,18.94,117.72000122070312,4.04,9.17,5.13,-0.47736398368345945,0.6358017433951294,,,0.37433862433862436,0.6547619047619048,,,,,,,N/A,NO_STRESS
2023-09-27,18.22,122.08999633789062,4.03,9.22,5.19,-0.6208051459821428,0.761708048487795,,,0.30952380952380953,0.7261904761904762,,,,,,,N/A,NO_STRESS
2023-09-28,17.34,115.23999786376953,4.09,9.25,5.16,-0.796614298131866,0.5590402076901084,,,0.25,0.6322751322751323,,,,,,,N/A,NO_STRESS
2023-09-29,17.52,113.55000305175781,4.03,9.19,5.159999999999999,-0.7580032363188806,0.5074755865784779,,,0.25793650793650796,0.6058201058201058,,,,,,,N/A,NO_STRESS
2023-09-30,17.52,113.55000305175781,4.03,9.23,5.2,-0.7560159937408196,0.5054483039367241,,,0.2585978835978836,0.6051587301587301,,,,,,,N/A,NO_STRESS
2023-10-02,17.61,127.58999633789062,4.11,9.36,5.249999999999999,-0.7357394975398033,0.9161579532105851,,,0.26785714285714285,0.7962962962962963,,,,,,,N/A,NO_STRESS
2023-10-03,19.78,141.6699981689453,4.26,9.64,5.380000000000001,-0.29469795391796566,1.3274390287534976,,,0.44576719576719576,0.9259259259259259,,,,,,,N/A,RATES_DRIVEN
2023-10-04,18.58,128.22999572753906,4.37,9.76,5.39,-0.5366279978434955,0.9291836390118271,,,0.3425925925925926,0.8042328042328042,,,,,,,N/A,RATES_DRIVEN
2023-10-05,18.49,130.17999267578125,4.38,9.81,5.430000000000001,-0.5531765697864309,0.9842551443669054,,,0.333994708994709,0.8359788359788359,,,,,,,N/A,RATES_DRIVEN
2023-10-06,17.45,126.63999938964844,4.33,9.76,5.43,-0.7623148116982124,0.8775469508369087,,,0.2526455026455027,0.783068783068783,,,,,,,N/A,NO_STRESS
2023-10-09,17.7,126.63999938964844,4.34,9.78,5.4399999999999995,-0.7101571161478274,0.8753173701134855,,,0.27843915343915343,0.7824074074074074,,,,,,,N/A,NO_STRESS
2023-10-10,17.03,136.1699981689453,4.26,9.66,5.4,-0.84406013899955,1.154509682935887,,,0.21428571428571427,0.8981481481481481,,,,,,,N/A,RATES_DRIVEN
2023-10-11,16.09,127.18000030517578,4.25,9.61,5.359999999999999,-1.031859061675222,0.8861112013618526,,,0.12764550264550265,0.7870370370370371,,,,,,,N/A,NO_STRESS
2023-10-12,16.69,126.37000274658203,4.25,9.67,5.42,-0.9082593178130884,0.8598837369016498,,,0.17724867724867724,0.7738095238095238,,,,,,,N/A,NO_STRESS
2023-10-13,19.32,128.3300018310547,4.3,9.72,5.420000000000001,-0.37489095622880214,0.9157831432632093,,,0.4166666666666667,0.8035714285714286,,,,,,,N/A,RATES_DRIVEN
2023-10-16,17.21,130.16000366210938,4.27,9.7,5.43,-0.8001688881625855,0.9678101954412713,,,0.23875661375661375,0.8333333333333334,,,,,,,N/A,RATES_DRIVEN
2023-10-17,17.88,130.1699981689453,4.25,9.69,5.4399999999999995,-0.6634256683392771,0.9657871990822778,,,0.294973544973545,0.8333333333333334,,,,,,,N/A,RATES_DRIVEN
2023-10-18,19.22,129.1699981689453,4.32,9.79,5.469999999999999,-0.39182551072940747,0.9337988038137072,,,0.4166666666666667,0.8108465608465608,,,,,,,N/A,RATES_DRIVEN
2023-10-19,21.4,134.6199951171875,4.37,9.91,5.54,0.048998184813101635,1.0938945933071365,,,0.578042328042328,0.8809523809523809,,,,,,,N/A,RATES_DRIVEN
2023-10-20,21.71,135.4499969482422,4.52,10.11,5.59,0.11145641422364046,1.1162182312107518,,,0.6097883597883598,0.8888888888888888,,,,,,,N/A,RATES_DRIVEN
2023-10-23,20.37,131.8300018310547,4.51,10.14,5.630000000000001,-0.15947676580294937,1.0056942817856818,,,0.5013227513227513,0.8531746031746031,,,,,,,N/A,RATES_DRIVEN
2023-10-24,18.97,128.1300048828125,4.41,10.04,5.629999999999999,-0.442059327243396,0.8927597649059555,,,0.3948412698412698,0.7870370370370371,,,,,,,N/A,NO_STRESS
2023-10-25,20.19,131.2100067138672,4.37,10.01,5.64,-0.1951047928541822,0.9827181312610018,,,0.49206349206349204,0.843915343915344,,,,,,,N/A,RATES_DRIVEN
2023-10-26,20.68,130.94000244140625,4.5,10.26,5.76,-0.09586687147795483,0.9723161122756636,,,0.5218253968253969,0.8412698412698413,,,,,,,N/A,RATES_DRIVEN
2023-10-27,21.27,129.16000366210938,4.53,10.34,5.81,0.023300828195036864,0.9165835241275974,,,0.5621693121693122,0.8029100529100529,,,,,,,N/A,RATES_DRIVEN
2023-10-30,19.75,131.89999389648438,4.5,10.41,5.91,-0.2836094972249392,0.9965119169374713,,,0.46164021164021163,0.8531746031746031,,,,,,,N/A,RATES_DRIVEN
2023-10-31,18.14,126.86000061035156,4.42,10.4,5.98,-0.6083049833255824,0.8425495725705725,,,0.32076719576719576,0.7671957671957672,,,,,,,N/A,NO_STRESS
2023-11-01,16.87,120.55000305175781,4.47,10.57,6.1000000000000005,-0.8631792486757187,0.6503453998686756,,,0.19510582010582012,0.671957671957672,,,,,,,N/A,NO_STRESS
2023-11-02,15.66,118.63999938964844,4.15,10.12,5.969999999999999,-1.104981619139872,0.5906867722698174,,,0.10317460317460317,0.6349206349206349,,,,,,,N/A,NO_STRESS
2023-11-03,14.91,118.73999786376953,4.04,10.1,6.06,-1.25301137456585,0.5916779070314263,,,0.07804232804232804,0.6369047619047619,,,,,,,N/A,NO_STRESS
2023-11-06,14.89,121.73999786376953,4.0,10.17,6.17,-1.253552857926061,0.6803656013145036,,,0.07804232804232804,0.6917989417989417,,,,,,,N/A,NO_STRESS
2023-11-07,14.81,120.08999633789062,4.08,10.11,6.029999999999999,-1.2662836734986649,0.6283367916909368,,,0.07275132275132275,0.66005291005291,,,,,,,N/A,NO_STRESS
2023-11-08,14.45,117.0999984741211,4.08,10.18,6.1,-1.3351223854921859,0.5356249071080946,,,0.06613756613756613,0.6084656084656085,,,,,,,N/A,NO_STRESS
2023-11-09,15.29,117.05000305175781,4.04,10.07,6.03,-1.1633724359506357,0.5320744268329273,,,0.09523809523809523,0.6071428571428571,,,,,,,N/A,NO_STRESS
2023-11-10,14.17,116.79000091552734,4.03,10.1,6.069999999999999,-1.3847320662695812,0.5221325192412136,,,0.056878306878306875,0.6044973544973545,,,,,,,N/A,NO_STRESS
2023-11-13,14.76,124.47000122070312,4.03,10.12,6.089999999999999,-1.2627789711402488,0.7541051703989905,,,0.07539682539682539,0.7314814814814815,,,,,,,N/A,NO_STRESS
2023-11-14,14.16,124.11000061035156,3.92,9.87,5.949999999999999,-1.3790892305282874,0.7410432306526538,,,0.056878306878306875,0.7248677248677249,,,,,,,N/A,NO_STRESS
2023-11-15,14.18,122.19000244140625,3.89,9.77,5.879999999999999,-1.3711368468444427,0.6803049039440545,,,0.06018518518518518,0.6944444444444444,,,,,,,N/A,NO_STRESS
2023-11-16,14.32,116.08000183105469,4.02,9.93,5.91,-1.3396163206266412,0.4911490884972713,,,0.06613756613756613,0.5925925925925926,,,,,,,N/A,NO_STRESS
2023-11-17,13.8,113.11000061035156,3.99,9.89,5.9,-1.4395632595018841,0.39793643599324935,,,0.036375661375661374,0.5502645502645502,,,,,,,N/A,NO_STRESS
2023-11-20,13.41,115.08999633789062,3.92,9.81,5.890000000000001,-1.5129572108663898,0.45676872738531576,,,0.011904761904761904,0.5806878306878307,,,,,,,N/A,NO_STRESS
2023-11-21,13.35,112.79000091552734,3.95,9.83,5.88,-1.5201914802917487,0.38389023353020396,,,0.011904761904761904,0.5436507936507936,,,,,,,N/A,NO_STRESS
2023-11-22,12.85,111.56999969482422,3.9,9.82,5.92,-1.6144531827220605,0.34421211247654004,,,0.0026455026455026454,0.5264550264550265,,,,,,,N/A,NO_STRESS
2023-11-23,12.8,111.56999969482422,3.9,9.82,5.92,-1.619086886779921,0.34220123287728393,,,0.0013227513227513227,0.5257936507936508,,,,,,,N/A,NO_STRESS
2023-11-24,12.46,107.43000030517578,3.85,9.77,5.92,-1.6808305280301143,0.2120130935029942,,,0.0013227513227513227,0.47354497354497355,,,,,,,N/A,NO_STRESS
2023-11-27,12.69,109.30999755859375,3.89,9.76,5.869999999999999,-1.6301971515500904,0.26828518762846126,,,0.0026455026455026454,0.48544973544973546,,,,,,,N/A,NO_STRESS
2023-11-28,12.69,110.05999755859375,3.9,9.75,5.85,-1.624856760066408,0.2895457305421687,,,0.0033068783068783067,0.4933862433862434,,,,,,,N/A,NO_STRESS
2023-11-29,12.98,114.58999633789062,3.8,9.6,5.8,-1.562542702784275,0.42839359233924545,,,0.010582010582010581,0.5714285714285714,,,,,,,N/A,NO_STRESS
2023-11-30,12.92,115.31999969482422,3.84,9.76,5.92,-1.5694387336953968,0.449090487636541,,,0.010582010582010581,0.5886243386243386,,,,,,,N/A,NO_STRESS
2023-12-01,12.63,111.51000213623047,3.87,9.79,5.919999999999999,-1.6214564849975772,0.32801864705711703,,,0.0026455026455026454,0.5211640211640212,,,,,,,N/A,NO_STRESS
2023-12-04,13.08,118.25,3.8,9.73,5.930000000000001,-1.528082065430967,0.5368515917716972,,,0.01455026455026455,0.6203703703703703,,,,,,,N/A,NO_STRESS
2023-12-05,12.85,127.19999694824219,3.8,9.65,5.8500000000000005,-1.568238212394284,0.8151461294881316,,,0.00992063492063492,0.7711640211640212,,,,,,,N/A,NO_STRESS
2023-12-06,12.97,124.9800033569336,3.79,9.61,5.819999999999999,-1.5399395177134554,0.7434270162666287,,,0.01455026455026455,0.7394179894179894,,,,,,,N/A,NO_STRESS
2023-12-07,13.06,129.74000549316406,3.77,9.6,5.83,-1.5175692567517083,0.8908597093522755,,,0.017195767195767195,0.8134920634920635,,,,,,,N/A,RATES_DRIVEN
2023-12-08,12.35,121.6500015258789,3.75,9.55,5.800000000000001,-1.6509093718856873,0.6341978129911845,,,0.0013227513227513227,0.6825396825396826,,,,,,,N/A,NO_STRESS
2023-12-11,12.63,126.66000366210938,3.79,9.62,5.829999999999999,-1.5910103201955559,0.7901046168990066,,,0.004629629629629629,0.7619047619047619,,,,,,,N/A,NO_STRESS
2023-12-12,12.07,118.62000274658203,3.76,9.54,5.779999999999999,-1.6944037644314296,0.5341187425558925,,,0.0013227513227513227,0.6183862433862434,,,,,,,N/A,NO_STRESS
2023-12-13,12.19,113.7699966430664,3.79,9.53,5.739999999999999,-1.6655696009269216,0.3785004403020583,,,0.0026455026455026454,0.5502645502645502,,,,,,,N/A,NO_STRESS
2023-12-14,12.48,118.04000091552734,3.47,9.03,5.559999999999999,-1.6041895362589926,0.5118777842600909,,,0.006613756613756613,0.6084656084656085,,,,,,,N/A,NO_STRESS
2023-12-15,12.28,115.75,3.51,9.04,5.529999999999999,-1.6376659243184226,0.43699554987979305,,,0.003968253968253968,0.578042328042328,,,,,,,N/A,NO_STRESS
2023-12-18,12.56,118.45999908447266,3.51,9.02,5.51,-1.5783219735308567,0.5212722543206499,,,0.009259259259259259,0.6164021164021164,,,,,,,N/A,NO_STRESS
2023-12-19,12.53,115.02999877929688,3.46,8.95,5.489999999999999,-1.5790314613466963,0.40965731125519467,,,0.009259259259259259,0.5634920634920635,,,,,,,N/A,NO_STRESS
2023-12-20,13.67,111.87000274658203,3.43,8.81,5.380000000000001,-1.360372722211822,0.30636909515092003,,,0.05952380952380952,0.5119047619047619,,,,,,,N/A,NO_STRESS
2023-12-21,13.65,111.93000030517578,3.41,8.73,5.32,-1.3614301776580773,0.30613146546729597,,,0.05886243386243386,0.5119047619047619,,,,,,,N/A,NO_STRESS
2023-12-22,13.03,111.37999725341797,3.39,8.72,5.33,-1.4804161942361431,0.2863155807346747,,,0.027777777777777776,0.5013227513227513,,,,,,,N/A,NO_STRESS
2023-12-25,13.03,111.37999725341797,3.39,8.72,5.33,-1.4772853017386598,0.2841454970096956,,,0.028439153439153438,0.5006613756613757,,,,,,,N/A,NO_STRESS
2023-12-26,12.99,116.0,3.37,8.66,5.29,-1.4806071258935867,0.43114144669625865,,,0.027777777777777776,0.5793650793650794,,,,,,,N/A,NO_STRESS
2023-12-27,12.43,114.52999877929688,3.34,8.62,5.279999999999999,-1.5846228614257243,0.38150050013466474,,,0.006613756613756613,0.5522486772486772,,,,,,,N/A,NO_STRESS
2023-12-28,12.47,113.77999877929688,3.32,8.57,5.25,-1.571919289172165,0.35507900058231423,,,0.009259259259259259,0.5423280423280423,,,,,,,N/A,NO_STRESS
2023-12-29,12.45,114.62000274658203,3.34,8.51,5.17,-1.571067185347786,0.38024652568068773,,,0.007936507936507936,0.5555555555555556,,,,,,,N/A,NO_STRESS
2023-12-31,12.45,114.62000274658203,3.39,9.02,5.629999999999999,-1.566276240495458,0.37815171632260675,,,0.008597883597883597,0.5548941798941799,,,,,,,N/A,NO_STRESS
2024-01-01,12.45,114.62000274658203,3.39,9.02,5.629999999999999,-1.5614403981868046,0.376029813823499,,,0.009259259259259259,0.5542328042328042,,,,,,,N/A,NO_STRESS
2024-01-02,13.2,127.0199966430664,3.54,9.25,5.71,-1.4123785499754307,0.7791566275845061,,,0.04431216931216931,0.7658730158730159,,,,,,,N/A,NO_STRESS
2024-01-03,14.04,124.56999969482422,3.71,9.52,5.81,-1.2470530234478534,0.6969541144882414,,,0.10052910052910052,0.7248677248677249,,,,,,,N/A,NO_STRESS
2024-01-04,14.13,121.12000274658203,3.69,9.54,5.85,-1.2269824593710545,0.581763227209735,,,0.10317460317460317,0.6693121693121693,,,,,,,N/A,NO_STRESS
2024-01-05,13.35,116.19000244140625,3.68,9.54,5.859999999999999,-1.3739045514187405,0.417621563383081,,,0.05092592592592592,0.5767195767195767,,,,,,,N/A,NO_STRESS
2024-01-08,13.08,117.72000122070312,3.63,9.53,5.8999999999999995,-1.421864119507588,0.4660292589347289,,,0.04034391534391534,0.5972222222222222,,,,,,,N/A,NO_STRESS
2024-01-09,12.76,114.91999816894531,3.59,9.47,5.880000000000001,-1.479042628513506,0.3716697164999128,,,0.023809523809523808,0.5529100529100529,,,,,,,N/A,NO_STRESS
2024-01-10,12.69,109.62999725341797,3.5,9.38,5.880000000000001,-1.4879510290020932,0.19487714053216668,,,0.022486772486772486,0.4451058201058201,,,,,,,N/A,NO_STRESS
2024-01-11,12.44,103.44999694824219,3.55,9.4,5.8500000000000005,-1.5311466029642753,-0.011523196919462986,,,0.007936507936507936,0.39285714285714285,,,,,,,N/A,NO_STRESS
2024-01-12,12.7,106.51000213623047,3.56,9.41,5.85,-1.476844624330853,0.08805012631062432,,,0.026455026455026454,0.4193121693121693,,,,,,,N/A,NO_STRESS
2024-01-15,13.25,106.51000213623047,3.54,9.33,5.79,-1.3677470943660515,0.08619624554920077,,,0.05291005291005291,0.41865079365079366,,,,,,,N/A,NO_STRESS
2024-01-16,13.84,113.44000244140625,3.58,9.34,5.76,-1.2519055053151262,0.31453357092495926,,,0.09457671957671958,0.5185185185185185,,,,,,,N/A,NO_STRESS
2024-01-17,14.79,105.86000061035156,3.62,9.4,5.78,-1.068165530452116,0.06106076038559421,,,0.1388888888888889,0.4126984126984127,,,,,,,N/A,NO_STRESS
2024-01-18,14.13,107.22000122070312,3.58,9.38,5.800000000000001,-1.1912371992374362,0.10499695910533774,,,0.11441798941798942,0.42328042328042326,,,,,,,N/A,NO_STRESS
2024-01-19,13.3,104.97000122070312,3.54,9.28,5.739999999999999,-1.3459351019165173,0.028497225837093073,,,0.05489417989417989,0.3955026455026455,,,,,,,N/A,NO_STRESS
2024-01-22,13.19,106.87000274658203,3.49,9.22,5.73,-1.3629559826351931,0.08980347925076125,,,0.0496031746031746,0.41798941798941797,,,,,,,N/A,NO_STRESS
2024-01-23,12.55,107.69999694824219,3.51,9.19,5.68,-1.4807099758409654,0.11578912683346855,,,0.018518518518518517,0.4279100529100529,,,,,,,N/A,NO_STRESS
2024-01-24,13.14,105.77999877929688,3.44,9.15,5.710000000000001,-1.3649241535455896,0.0500036403570681,,,0.05026455026455026,0.4074074074074074,,,,,,,N/A,NO_STRESS
2024-01-25,13.45,105.88999938964844,3.45,9.14,5.69,-1.302120762324138,0.05211460680730233,,,0.0701058201058201,0.4087301587301587,,,,,,,N/A,NO_STRESS
2024-01-26,13.26,100.2300033569336,3.39,9.08,5.6899999999999995,-1.3345330189472375,-0.13877922861751105,,,0.0582010582010582,0.3544973544973545,,,,,,,N/A,NO_STRESS
2024-01-29,13.6,106.33999633789062,3.41,9.07,5.66,-1.2662389773255858,0.06430895603923709,,,0.083994708994709,0.4113756613756614,,,,,,,N/A,NO_STRESS
2024-01-30,13.31,104.26000213623047,3.42,9.07,5.65,-1.317746876446329,-0.007294403461677174,,,0.062169312169312166,0.37962962962962965,,,,,,,N/A,NO_STRESS
2024-01-31,14.35,107.27999877929688,3.59,9.53,5.9399999999999995,-1.117282168188822,0.09232381893640965,,,0.13756613756613756,0.42328042328042326,,,,,,,N/A,NO_STRESS
2024-02-01,13.88,113.91999816894531,3.56,9.52,5.959999999999999,-1.20370152592667,0.31394482548671526,,,0.11044973544973545,0.533068783068783,,,,,,,N/A,NO_STRESS
2024-02-02,13.85,106.72000122070312,3.47,9.46,5.99,-1.2066778379878458,0.07009227589361261,,,0.10714285714285714,0.4126984126984127,,,,,,,N/A,NO_STRESS
2024-02-05,13.67,108.68000030517578,3.5,9.55,6.050000000000001,-1.2380158107454753,0.13453871034264975,,,0.09325396825396826,0.4365079365079365,,,,,,,N/A,NO_STRESS
2024-02-06,13.06,110.5999984741211,3.52,9.55,6.030000000000001,-1.3504025327196016,0.19751965998626142,,,0.04563492063492063,0.4603174603174603,,,,,,,N/A,NO_STRESS
2024-02-07,12.83,107.86000061035156,3.43,9.42,5.99,-1.3900033829052747,0.10347319289413849,,,0.03306878306878307,0.42592592592592593,,,,,,,N/A,NO_STRESS
2024-02-08,12.79,108.5999984741211,3.38,9.27,5.89,-1.393742293615187,0.1268132868575041,,,0.03042328042328042,0.4312169312169312,,,,,,,N/A,NO_STRESS
2024-02-09,12.93,106.20999908447266,3.33,9.2,5.869999999999999,-1.364205632527885,0.04432731263936913,,,0.041005291005291,0.3994708994708995,,,,,,,N/A,NO_STRESS
2024-02-12,13.93,109.77999877929688,3.35,9.22,5.870000000000001,-1.1730651316494423,0.16320161906667288,,,0.12367724867724868,0.4444444444444444,,,,,,,N/A,NO_STRESS
2024-02-13,15.85,113.22000122070312,3.36,9.25,5.890000000000001,-0.8098475183723959,0.2778484408337079,,,0.20965608465608465,0.5158730158730159,,,,,,,N/A,NO_STRESS
2024-02-14,14.38,111.97000122070312,3.38,9.3,5.920000000000001,-1.0843528284877215,0.233424851746125,,,0.14947089947089948,0.49206349206349204,,,,,,,N/A,NO_STRESS
2024-02-15,14.01,112.08999633789062,3.35,9.28,5.93,-1.15176797375055,0.23556388921560462,,,0.13161375661375663,0.4947089947089947,,,,,,,N/A,NO_STRESS
2024-02-16,14.24,109.19999694824219,3.34,9.25,5.91,-1.1060399574927497,0.13538388768200993,,,0.14682539682539683,0.4312169312169312,,,,,,,N/A,NO_STRESS
2024-02-19,14.71,109.19999694824219,3.34,9.27,5.93,-1.0158785003395976,0.1336466088342652,,,0.164021164021164,0.4305555555555556,,,,,,,N/A,NO_STRESS
2024-02-20,15.42,111.0199966430664,3.37,9.28,5.909999999999999,-0.8812164834634845,0.19412395086386472,,,0.1917989417989418,0.46825396825396826,,,,,,,N/A,NO_STRESS
2024-02-21,15.34,114.2699966430664,3.34,9.27,5.93,-0.8954132185414437,0.3032556883494432,,,0.1917989417989418,0.5357142857142857,,,,,,,N/A,NO_STRESS
2024-02-22,14.54,115.58999633789062,3.22,9.06,5.84,-1.0441457501243883,0.3465134448869248,,,0.16137566137566137,0.5674603174603174,,,,,,,N/A,NO_STRESS
2024-02-23,13.75,108.30999755859375,3.23,8.97,5.74,-1.1901655138460276,0.09532603299621842,,,0.10317460317460317,0.41534391534391535,,,,,,,N/A,NO_STRESS
2024-02-26,13.74,110.7699966430664,3.23,8.86,5.629999999999999,-1.1899434650568508,0.17765634239036499,,,0.10251322751322751,0.4576719576719577,,,,,,,N/A,NO_STRESS
2024-02-27,13.43,110.80000305175781,3.26,8.84,5.58,-1.2459789219414856,0.17674741970216448,,,0.07605820105820106,0.458994708994709,,,,,,,N/A,NO_STRESS
2024-02-28,13.84,108.70999908447266,3.31,8.86,5.549999999999999,-1.1677840135832742,0.10283193594161914,,,0.1164021164021164,0.42063492063492064,,,,,,,N/A,NO_STRESS
2024-02-29,13.4,109.0999984741211,3.29,8.8,5.510000000000001,-1.2482026340365635,0.11426031215442146,,,0.07407407407407407,0.421957671957672,,,,,,,N/A,NO_STRESS
2024-03-01,13.11,106.4800033569336,3.32,8.79,5.469999999999999,-1.3002361507592823,0.021947743426565615,,,0.05555555555555555,0.3835978835978836,,,,,,,N/A,NO_STRESS
2024-03-04,13.49,109.56999969482422,3.26,8.71,5.450000000000001,-1.2276981040666481,0.126682823442039,,,0.08597883597883597,0.42724867724867727,,,,,,,N/A,NO_STRESS
2024-03-05,14.46,110.33000183105469,3.31,8.72,5.41,-1.045788228623769,0.15092879615286478,,,0.1693121693121693,0.44312169312169314,,,,,,,N/A,NO_STRESS
2024-03-06,14.5,105.33000183105469,3.27,8.69,5.42,-1.0373804311087085,-0.024523250665472878,,,0.1712962962962963,0.3637566137566138,,,,,,,N/A,NO_STRESS
2024-03-07,14.44,105.44999694824219,3.27,8.68,5.41,-1.047693717410179,-0.02236021016584839,,,0.16534391534391535,0.36507936507936506,,,,,,,N/A,NO_STRESS
2024-03-08,14.74,100.87999725341797,3.26,8.68,5.42,-0.9907665263991083,-0.18321837489517215,,,0.18121693121693122,0.32275132275132273,,,,,,,N/A,NO_STRESS
2024-03-11,15.22,106.62999725341797,3.26,8.66,5.4,-0.9001853490453962,0.01506911746674431,,,0.20502645502645503,0.3835978835978836,,,,,,,N/A,NO_STRESS
2024-03-12,13.84,101.36000061035156,3.2,8.57,5.37,-1.155005114060203,-0.17075462018491347,,,0.12103174603174603,0.3253968253968254,,,,,,,N/A,NO_STRESS
2024-03-13,13.75,97.02999877929688,3.15,8.49,5.34,-1.16949315916013,-0.32424513348408596,,,0.11044973544973545,0.294973544973545,,,,,,,N/A,NO_STRESS
2024-03-14,14.4,98.66999816894531,3.15,8.49,5.34,-1.047533540377445,-0.2691216511309136,,,0.16600529100529102,0.30423280423280424,,,,,,,N/A,NO_STRESS
2024-03-15,14.41,97.81999969482422,3.16,8.52,5.359999999999999,-1.0442678964215126,-0.3011009887724067,,,0.16865079365079366,0.3002645502645503,,,,,,,N/A,NO_STRESS
2024-03-18,14.33,102.87000274658203,3.13,8.49,5.36,-1.0576716379960418,-0.12605973392987152,,,0.1626984126984127,0.33465608465608465,,,,,,,N/A,NO_STRESS
2024-03-19,13.82,99.98999786376953,3.1,8.39,5.290000000000001,-1.1505133520808772,-0.22955581484778187,,,0.11838624338624339,0.30952380952380953,,,,,,,N/A,NO_STRESS
2024-03-20,13.04,92.72000122070312,3.14,8.48,5.34,-1.2925622669662247,-0.4879979960526048,,,0.04894179894179894,0.2751322751322751,,,,,,,N/A,NO_STRESS
2024-03-21,12.92,90.81999969482422,3.05,8.46,5.410000000000001,-1.311928230676317,-0.557519051472896,,,0.04034391534391534,0.27116402116402116,,,,,,,N/A,NO_STRESS
2024-03-22,13.06,91.04000091552734,3.08,8.45,5.369999999999999,-1.2834561566102938,-0.5523197914631777,,,0.05291005291005291,0.27116402116402116,,,,,,,N/A,NO_STRESS
2024-03-25,13.19,92.23999786376953,3.11,8.55,5.440000000000001,-1.2566133449308678,-0.5123126792556857,,,0.06349206349206349,0.27380952380952384,,,,,,,N/A,NO_STRESS
2024-03-26,13.24,90.62999725341797,3.15,8.59,5.4399999999999995,-1.2446915398213851,-0.5720534071533714,,,0.06878306878306878,0.2671957671957672,,,,,,,N/A,NO_STRESS
2024-03-27,12.78,86.27999877929688,3.15,8.58,5.43,-1.3265895995419066,-0.7291691452236877,,,0.03042328042328042,0.2566137566137566,,,,,,,N/A,NO_STRESS
2024-03-28,13.01,86.37999725341797,3.12,8.52,5.3999999999999995,-1.2822848961673823,-0.7285700137220573,,,0.04894179894179894,0.2566137566137566,,,,,,,N/A,NO_STRESS
2024-03-29,13.01,86.37999725341797,3.12,8.52,5.3999999999999995,-1.2792800793763552,-0.7313955980249917,,,0.0496031746031746,0.25595238095238093,,,,,,,N/A,NO_STRESS
2024-03-31,13.01,86.37999725341797,3.15,8.57,5.42,-1.2758548552116467,-0.7339581462362482,,,0.05026455026455026,0.2552910052910053,,,,,,,N/A,NO_STRESS
2024-04-01,13.65,94.19999694824219,3.12,8.59,5.47,-1.1555281361680254,-0.4566321147374341,,,0.11375661375661375,0.2804232804232804,,,,,,,N/A,NO_STRESS
2024-04-02,14.61,96.56999969482422,3.23,8.78,5.549999999999999,-0.9768571739689127,-0.37432723530050555,,,0.19907407407407407,0.28703703703703703,,,,,,,N/A,NO_STRESS
2024-04-03,14.33,97.87999725341797,3.23,8.83,5.6,-1.0264532791691654,-0.33003942899402805,,,0.1779100529100529,0.2976190476190476,,,,,,,N/A,NO_STRESS
2024-04-04,16.35,96.12999725341797,3.24,8.83,5.59,-0.6550843890747076,-0.3956036848454544,,,0.2962962962962963,0.2830687830687831,,,,,,,N/A,NO_STRESS
2024-04-05,16.03,94.30999755859375,3.18,8.78,5.6,-0.7122442118257042,-0.46397269279570913,,,0.2705026455026455,0.27645502645502645,,,,,,,N/A,NO_STRESS
2024-04-08,15.19,99.37000274658203,3.15,8.78,5.629999999999999,-0.864145159294717,-0.2836511624883098,,,0.22883597883597884,0.30687830687830686,,,,,,,N/A,NO_STRESS
2024-04-09,14.98,98.7300033569336,3.14,8.73,5.59,-0.9007596662816754,-0.30964517370602085,,,0.21825396825396826,0.3002645502645503,,,,,,,N/A,NO_STRESS
2024-04-10,15.8,109.58999633789062,3.1,8.68,5.58,-0.7493043615963669,0.08225871387352639,,,0.25925925925925924,0.42592592592592593,,,,,,,N/A,NO_STRESS
2024-04-11,14.91,108.86000061035156,3.16,8.72,5.5600000000000005,-0.9108819139001781,0.053219070558942504,,,0.2175925925925926,0.41534391534391535,,,,,,,N/A,NO_STRESS
2024-04-12,17.31,112.81999969482422,3.25,8.86,5.609999999999999,-0.4714500253408025,0.19535215317087973,,,0.39285714285714285,0.5026455026455027,,,,,,,N/A,NO_STRESS
2024-04-15,19.23,121.1500015258789,3.28,8.94,5.66,-0.1207585786581594,0.49800061116950384,,,0.5370370370370371,0.6712962962962963,,,,,,,N/A,NO_STRESS
2024-04-16,18.4,119.58999633789062,3.36,9.1,5.74,-0.2730303618501088,0.4386759066822363,,,0.4656084656084656,0.626984126984127,,,,,,,N/A,NO_STRESS
2024-04-17,18.21,113.29000091552734,3.42,9.18,5.76,-0.3081896902871971,0.20465261453778988,,,0.4537037037037037,0.5105820105820106,,,,,,,N/A,NO_STRESS
2024-04-18,18.0,108.66000366210938,3.39,9.16,5.77,-0.346963491763647,0.03129717333620519,,,0.4444444444444444,0.4060846560846561,,,,,,,N/A,NO_STRESS
2024-04-19,18.71,111.26000213623047,3.37,9.16,5.79,-0.21723860268501244,0.12497718995342147,,,0.4933862433862434,0.4662698412698413,,,,,,,N/A,NO_STRESS
2024-04-22,16.94,108.55999755859375,3.29,9.11,5.819999999999999,-0.5410100283304993,0.02235259875243426,,,0.34854497354497355,0.3994708994708995,,,,,,,N/A,NO_STRESS
2024-04-23,15.69,106.8499984741211,3.2,8.98,5.78,-0.7689526781934578,-0.043899707716302624,,,0.2552910052910053,0.37433862433862436,,,,,,,N/A,NO_STRESS
2024-04-24,15.97,110.20999908447266,3.19,8.93,5.74,-0.7175660579588609,0.07854413899856899,,,0.2705026455026455,0.43386243386243384,,,,,,,N/A,NO_STRESS
2024-04-25,15.37,108.55000305175781,3.24,9.01,5.77,-0.8269174997219051,0.013634202240576295,,,0.23809523809523808,0.3968253968253968,,,,,,,N/A,NO_STRESS
2024-04-26,15.03,104.4000015258789,3.16,8.91,5.75,-0.888301097538698,-0.14511191538325244,,,0.22354497354497355,0.32936507936507936,,,,,,,N/A,NO_STRESS
2024-04-29,14.67,105.41999816894531,3.12,8.82,5.7,-0.9528530706405801,-0.10968164716868653,,,0.20238095238095238,0.34656084656084657,,,,,,,N/A,NO_STRESS
2024-04-30,15.65,107.45999908447266,3.18,9.16,5.98,-0.7735965877426759,-0.035812527565553504,,,0.2552910052910053,0.3835978835978836,,,,,,,N/A,NO_STRESS
2024-05-01,15.39,100.63999938964844,3.21,9.21,6.000000000000001,-0.821001372411401,-0.2973415776018184,,,0.24206349206349206,0.29365079365079366,,,,,,,N/A,NO_STRESS
2024-05-02,14.68,100.69999694824219,3.16,9.12,5.959999999999999,-0.95000496615726,-0.29823596806737124,,,0.2037037037037037,0.2943121693121693,,,,,,,N/A,NO_STRESS
2024-05-03,13.49,95.95999908447266,3.08,9.04,5.959999999999999,-1.1656734919374743,-0.48221753052846716,,,0.09854497354497355,0.2566137566137566,,,,,,,N/A,NO_STRESS
2024-05-06,13.49,94.5,3.03,9.02,5.99,-1.163578991744753,-0.5414293324896127,,,0.0992063492063492,0.2526455026455027,,,,,,,N/A,NO_STRESS
2024-05-07,13.23,98.04000091552734,3.06,9.09,6.029999999999999,-1.208852550794911,-0.4092068121546397,,,0.07407407407407407,0.2724867724867725,,,,,,,N/A,NO_STRESS
2024-05-08,13.0,95.58000183105469,3.1,9.17,6.07,-1.2476354222573776,-0.5064810768946865,,,0.04894179894179894,0.25396825396825395,,,,,,,N/A,NO_STRESS
2024-05-09,12.69,93.8499984741211,3.14,9.2,6.059999999999999,-1.301458633270305,-0.5757693420872826,,,0.025793650793650792,0.24074074074074073,,,,,,,N/A,NO_STRESS
2024-05-10,12.55,94.2300033569336,3.12,9.22,6.1000000000000005,-1.3246789637316607,-0.5642190409556704,,,0.01917989417989418,0.2447089947089947,,,,,,,N/A,NO_STRESS
2024-05-13,13.6,105.3499984741211,3.14,9.22,6.08,-1.1326159723904392,-0.13761416106876545,,,0.1164021164021164,0.3425925925925926,,,,,,,N/A,NO_STRESS
2024-05-14,13.42,106.55000305175781,3.14,9.14,6.0,-1.1640188589916376,-0.09405514865892305,,,0.09523809523809523,0.36507936507936506,,,,,,,N/A,NO_STRESS
2024-05-15,12.45,93.77999877929688,3.13,9.1,5.97,-1.3382017662037797,-0.5936673507187832,,,0.011243386243386243,0.23544973544973544,,,,,,,N/A,NO_STRESS
2024-05-16,12.42,91.83000183105469,3.08,9.05,5.970000000000001,-1.3417208919595727,-0.6731305659908929,,,0.006613756613756613,0.22883597883597884,,,,,,,N/A,NO_STRESS
2024-05-17,11.99,89.3499984741211,3.09,9.02,5.93,-1.4172115709344077,-0.7734841076541649,,,0.0013227513227513227,0.21825396825396826,,,,,,,N/A,NO_STRESS
2024-05-20,12.15,88.12999725341797,3.07,8.98,5.91,-1.3860848581338878,-0.8247171209969738,,,0.003968253968253968,0.21428571428571427,,,,,,,N/A,NO_STRESS
2024-05-21,11.86,85.33999633789062,3.07,8.98,5.91,-1.4362717381332504,-0.9376221721031972,,,0.0013227513227513227,0.19973544973544974,,,,,,,N/A,NO_STRESS
2024-05-22,12.29,82.48999786376953,3.11,9.01,5.9,-1.3569346967822422,-1.0539464654684443,,,0.009259259259259259,0.17857142857142858,,,,,,,N/A,NO_STRESS
2024-05-23,12.77,86.1500015258789,3.1,9.0,5.9,-1.2690024303841656,-0.9139828734348873,,,0.041005291005291,0.2037037037037037,,,,,,,N/A,NO_STRESS
2024-05-24,11.93,83.56999969482422,3.11,9.03,5.92,-1.4179138837885343,-1.0196112840740268,,,0.0026455026455026454,0.18518518518518517,,,,,,,N/A,NO_STRESS
2024-05-27,12.36,83.56999969482422,3.12,9.05,5.930000000000001,-1.3382930352791675,-1.022626736780643,,,0.013227513227513227,0.18452380952380953,,,,,,,N/A,NO_STRESS
2024-05-28,12.92,89.66999816894531,3.09,9.02,5.93,-1.2347901102379621,-0.783570600768795,,,0.056878306878306875,0.2208994708994709,,,,,,,N/A,NO_STRESS
2024-05-29,14.28,93.44999694824219,3.15,9.09,5.9399999999999995,-0.9893638650456622,-0.6364993005292728,,,0.19973544973544974,0.23412698412698413,,,,,,,N/A,NO_STRESS
2024-05-30,14.47,91.08999633789062,3.19,9.15,5.960000000000001,-0.9544892127700584,-0.733719810543272,,,0.21957671957671956,0.22354497354497355,,,,,,,N/A,NO_STRESS
2024-05-31,12.92,91.13999938964844,3.2,9.34,6.14,-1.2310254585245954,-0.7349059004086914,,,0.057539682539682536,0.22354497354497355,,,,,,,N/A,NO_STRESS
2024-06-03,13.11,93.91999816894531,3.17,9.33,6.16,-1.1953099718173619,-0.6272300841374704,,,0.083994708994709,0.23677248677248677,,,,,,,N/A,NO_STRESS
2024-06-04,13.16,100.11000061035156,3.22,9.37,6.149999999999999,-1.1845126802352888,-0.3822044654419895,,,0.0873015873015873,0.2843915343915344,,,,,,,N/A,NO_STRESS
2024-06-05,12.63,102.43000030517578,3.2,9.33,6.13,-1.2768350109130944,-0.29199946938996035,,,0.03439153439153439,0.30687830687830686,,,,,,,N/A,NO_STRESS
2024-06-06,12.58,100.98999786376953,3.2,9.25,6.05,-1.2822460988013016,-0.35254442099299055,,,0.03306878306878307,0.294973544973545,,,,,,,N/A,NO_STRESS
2024-06-07,12.22,91.81999969482422,3.15,9.22,6.07,-1.343284890478413,-0.7255407166182863,,,0.009259259259259259,0.2208994708994709,,,,,,,N/A,NO_STRESS
2024-06-10,12.74,94.16000366210938,3.15,9.2,6.049999999999999,-1.2479104502225566,-0.6335363922511593,,,0.046296296296296294,0.23544973544973544,,,,,,,N/A,NO_STRESS
2024-06-11,12.85,97.2699966430664,3.19,9.25,6.0600000000000005,-1.2260076709856171,-0.5101417113936716,,,0.0582010582010582,0.25793650793650796,,,,,,,N/A,NO_STRESS
2024-06-12,12.04,91.7300033569336,3.09,9.07,5.98,-1.367789477870316,-0.7380943517462625,,,0.005291005291005291,0.21428571428571427,,,,,,,N/A,NO_STRESS
2024-06-13,11.94,91.93000030517578,3.2,9.18,5.9799999999999995,-1.3826583387704299,-0.7322668570832066,,,0.003968253968253968,0.21957671957671956,,,,,,,N/A,NO_STRESS
2024-06-14,12.66,100.16000366210938,3.29,9.33,6.04,-1.251615936024926,-0.3989065671012922,,,0.042328042328042326,0.28174603174603174,,,,,,,N/A,NO_STRESS
2024-06-17,12.75,99.06999969482422,3.26,9.36,6.1,-1.2331086701283986,-0.4464726243405494,,,0.051587301587301584,0.2724867724867725,,,,,,,N/A,NO_STRESS
2024-06-18,12.3,97.98999786376953,3.24,9.35,6.109999999999999,-1.3103969633698818,-0.49382141608344454,,,0.015873015873015872,0.2619047619047619,,,,,,,N/A,NO_STRESS
2024-06-19,12.48,97.98999786376953,3.24,9.36,6.119999999999999,-1.2757778414059684,-0.49706400248471544,,,0.032407407407407406,0.2612433862433862,,,,,,,N/A,NO_STRESS
2024-06-20,13.28,94.13999938964844,3.23,9.32,6.09,-1.1315440735113864,-0.6584703734330292,,,0.11507936507936507,0.2275132275132275,,,,,,,N/A,NO_STRESS
2024-06-21,13.2,94.08999633789062,3.21,9.36,6.1499999999999995,-1.1436503332254,-0.6633980314704755,,,0.10846560846560846,0.2261904761904762,,,,,,,N/A,NO_STRESS
2024-06-24,13.33,95.19999694824219,3.19,9.37,6.18,-1.1186930092937741,-0.6207443450914015,,,0.12235449735449735,0.23809523809523808,,,,,,,N/A,NO_STRESS
2024-06-25,12.84,96.97000122070312,3.19,9.39,6.200000000000001,-1.2032942912932667,-0.5505306460266817,,,0.06481481481481481,0.24735449735449735,,,,,,,N/A,NO_STRESS
2024-06-26,12.55,97.91000366210938,3.18,9.41,6.23,-1.2527081852239932,-0.5146964979359914,,,0.037037037037037035,0.25925925925925924,,,,,,,N/A,NO_STRESS
2024-06-27,12.24,95.69000244140625,3.21,9.44,6.2299999999999995,-1.305149990150196,-0.6099492797674722,,,0.013227513227513227,0.23809523809523808,,,,,,,N/A,NO_STRESS
2024-06-28,12.44,98.58999633789062,3.18,9.42,6.24,-1.2677159944291998,-0.4918259266949998,,,0.02447089947089947,0.26587301587301587,,,,,,,N/A,NO_STRESS
2024-06-30,12.44,98.58999633789062,3.21,9.53,6.319999999999999,-1.265858184669468,-0.4952594377284363,,,0.02513227513227513,0.26521164021164023,,,,,,,N/A,NO_STRESS
2024-07-01,12.22,106.2300033569336,3.21,9.51,6.3,-1.3027823208152443,-0.17852163544970118,,,0.012566137566137565,0.35714285714285715,,,,,,,N/A,NO_STRESS
2024-07-02,12.03,107.51000213623047,3.23,9.55,6.32,-1.3343172588404293,-0.12807740391595104,,,0.006613756613756613,0.3835978835978836,,,,,,,N/A,NO_STRESS
2024-07-03,12.09,102.83000183105469,3.25,9.58,6.33,-1.3216302754747735,-0.32886847996064966,,,0.010582010582010581,0.3082010582010582,,,,,,,N/A,NO_STRESS
2024-07-04,12.26,102.83000183105469,3.25,9.59,6.34,-1.2891110450070355,-0.332225027792294,,,0.018518518518518517,0.30753968253968256,,,,,,,N/A,NO_STRESS
2024-07-05,12.48,98.77999877929688,3.27,9.59,6.32,-1.2472086382010332,-0.5079327086148858,,,0.042328042328042326,0.26322751322751325,,,,,,,N/A,NO_STRESS
2024-07-08,12.37,97.95999908447266,3.2,9.52,6.319999999999999,-1.2631074784203442,-0.5466289419667644,,,0.026455026455026454,0.25,,,,,,,N/A,NO_STRESS
2024-07-09,12.51,95.62000274658203,3.21,9.51,6.3,-1.2359604700907956,-0.6503810809041691,,,0.046296296296296294,0.2261904761904762,,,,,,,N/A,NO_STRESS
2024-07-10,12.85,92.97000122070312,3.17,9.46,6.290000000000001,-1.1745452621627082,-0.7674706729912653,,,0.08267195767195767,0.1984126984126984,,,,,,,N/A,NO_STRESS
2024-07-11,12.92,89.66999816894531,3.18,9.52,6.34,-1.160406211466009,-0.9126535363476155,,,0.08994708994708994,0.1779100529100529,,,,,,,N/A,NO_STRESS
2024-07-12,12.46,86.79000091552734,3.19,9.51,6.32,-1.23868840530585,-1.0397986970461068,,,0.04034391534391534,0.164021164021164,,,,,,,N/A,NO_STRESS
2024-07-15,13.12,94.5,3.13,9.38,6.250000000000001,-1.1212554425770158,-0.7110498341776151,,,0.12037037037037036,0.21891534391534392,,,,,,,N/A,NO_STRESS
2024-07-16,13.19,93.87000274658203,3.08,9.3,6.220000000000001,-1.1076314381296957,-0.7426304944211825,,,0.12632275132275134,0.20238095238095238,,,,,,,N/A,NO_STRESS
2024-07-17,14.48,91.0,3.09,9.37,6.279999999999999,-0.882164564852524,-0.8711476039231051,,,0.26587301587301587,0.17857142857142858,,,,,,,N/A,NO_STRESS
2024-07-18,15.93,91.97000122070312,3.09,9.3,6.210000000000001,-0.6293629281739714,-0.8332510550902751,,,0.3373015873015873,0.19047619047619047,,,,,,,N/A,NO_STRESS
2024-07-19,16.52,94.29000091552734,3.09,9.32,6.23,-0.5266993792618113,-0.7365801510075383,,,0.3716931216931217,0.21296296296296297,,,,,,,N/A,NO_STRESS
2024-07-22,14.91,94.44999694824219,3.05,9.31,6.260000000000001,-0.8066637637911681,-0.7344146985564892,,,0.29365079365079366,0.21693121693121692,,,,,,,N/A,NO_STRESS
2024-07-23,14.72,95.04000091552734,3.02,9.26,6.24,-0.8391424970377431,-0.7137776386194685,,,0.2791005291005291,0.21957671957671956,,,,,,,N/A,NO_STRESS
2024-07-24,18.04,94.80999755859375,3.1,9.34,6.24,-0.2614289062654372,-0.7292348714066773,,,0.4642857142857143,0.21825396825396826,,,,,,,N/A,NO_STRESS
2024-07-25,18.46,99.08000183105469,3.08,9.31,6.23,-0.18835778597767597,-0.5448338784375246,,,0.48148148148148145,0.2671957671957672,,,,,,,N/A,NO_STRESS
2024-07-26,16.39,97.76000213623047,3.1,9.29,6.1899999999999995,-0.5484344055880698,-0.6080148683747039,,,0.3637566137566138,0.24272486772486773,,,,,,,N/A,NO_STRESS
2024-07-29,16.6,98.6500015258789,3.13,9.22,6.090000000000001,-0.5112755760976946,-0.5735724279716262,,,0.375,0.25793650793650796,,,,,,,N/A,NO_STRESS
2024-07-30,17.69,100.41999816894531,3.2,9.19,5.989999999999999,-0.32073581864193396,-0.49955327131319405,,,0.4444444444444444,0.2791005291005291,,,,,,,N/A,NO_STRESS
2024-07-31,16.36,99.41000366210938,3.25,9.42,6.17,-0.5514915364022639,-0.5501145403866333,,,0.36243386243386244,0.2698412698412698,,,,,,,N/A,NO_STRESS
2024-08-01,18.59,101.81999969482422,3.35,9.53,6.18,-0.16311192016958467,-0.44641642486058,,,0.49867724867724866,0.294973544973545,,,,,,,N/A,NO_STRESS
2024-08-02,23.39,112.26000213623047,3.72,10.1,6.379999999999999,0.671034561293092,0.02373742998134873,,,0.7592592592592593,0.4880952380952381,,,,,,,N/A,NO_STRESS
2024-08-05,38.57,121.22000122070312,3.93,10.55,6.620000000000001,3.2844017944889865,0.4298887230534751,,,1.0,0.671957671957672,,,,,,,N/A,EQUITY_DRIVEN
2024-08-06,27.71,119.23999786376953,3.67,10.19,6.52,1.4046945669196604,0.3368650355948635,,,0.8862433862433863,0.6203703703703703,,,,,,,N/A,EQUITY_DRIVEN
2024-08-07,27.85,112.69000244140625,3.57,9.96,6.390000000000001,1.4274953905764651,0.032662910497710515,,,0.8902116402116402,0.49206349206349204,,,,,,,N/A,EQUITY_DRIVEN
2024-08-08,23.79,110.41999816894531,3.48,9.83,6.35,0.7275567158290798,-0.07551404419380334,,,0.7658730158730159,0.43253968253968256,,,,,,,N/A,NO_STRESS
2024-08-09,20.37,108.26000213623047,3.49,9.83,6.34,0.1378389858443757,-0.17959554395504224,,,0.6117724867724867,0.3835978835978836,,,,,,,N/A,NO_STRESS
2024-08-12,20.71,118.26000213623047,3.52,9.8,6.280000000000001,0.19600263763224707,0.2832260762981684,,,0.6302910052910053,0.6025132275132276,,,,,,,N/A,NO_STRESS
2024-08-13,18.12,118.44000244140625,3.54,9.84,6.3,-0.25078104965306935,0.289127366891446,,,0.46825396825396826,0.6058201058201058,,,,,,,N/A,NO_STRESS
2024-08-14,16.19,106.33999633789062,3.46,9.69,6.2299999999999995,-0.5829430092667172,-0.2827260522982723,,,0.3558201058201058,0.3472222222222222,,,,,,,N/A,NO_STRESS
2024-08-15,15.23,103.73999786376953,3.31,9.66,6.35,-0.7465755333338305,-0.4092296309386685,,,0.31084656084656087,0.3029100529100529,,,,,,,N/A,NO_STRESS
2024-08-16,14.8,102.80999755859375,3.29,9.63,6.340000000000001,-0.8187267447114371,-0.45752284037541774,,,0.2857142857142857,0.2923280423280423,,,,,,,N/A,NO_STRESS
2024-08-19,14.65,110.12999725341797,3.21,9.52,6.31,-0.8424641011806181,-0.11362876043953239,,,0.2751322751322751,0.421957671957672,,,,,,,N/A,NO_STRESS
2024-08-20,15.88,111.56999969482422,3.25,9.59,6.34,-0.6291579505672459,-0.04865142703112474,,,0.3425925925925926,0.4656084656084656,,,,,,,N/A,NO_STRESS
2024-08-21,16.27,111.37999725341797,3.27,9.61,6.34,-0.5604498395259335,-0.061213112212618125,,,0.3637566137566138,0.4603174603174603,,,,,,,N/A,NO_STRESS
2024-08-22,17.55,108.5,3.21,9.52,6.31,-0.33904340403959904,-0.2033189888388262,,,0.4470899470899471,0.38227513227513227,,,,,,,N/A,NO_STRESS
2024-08-23,15.86,105.62999725341797,3.19,9.45,6.26,-0.6289210012981908,-0.34609006176307494,,,0.3425925925925926,0.32605820105820105,,,,,,,N/A,NO_STRESS
2024-08-26,16.15,106.66000366210938,3.15,9.39,6.24,-0.578064398475256,-0.3003616180589215,,,0.36243386243386244,0.3498677248677249,,,,,,,N/A,NO_STRESS
2024-08-27,15.43,109.22000122070312,3.17,9.43,6.26,-0.7010836556471357,-0.17980349019156067,,,0.32341269841269843,0.3994708994708995,,,,,,,N/A,NO_STRESS
2024-08-28,17.11,108.76000213623047,3.19,9.44,6.25,-0.4111363164257957,-0.2063793668416463,,,0.4226190476190476,0.3915343915343915,,,,,,,N/A,NO_STRESS
2024-08-29,15.65,106.69999694824219,3.15,9.37,6.219999999999999,-0.6613304472404752,-0.3115652305473085,,,0.3306878306878307,0.3478835978835979,,,,,,,N/A,NO_STRESS
2024-08-30,15.0,107.7699966430664,3.13,9.37,6.239999999999999,-0.7720735824022431,-0.26303856204084863,,,0.30158730158730157,0.36904761904761907,,,,,,,N/A,NO_STRESS
2024-08-31,15.0,107.7699966430664,3.17,9.47,6.300000000000001,-0.771450288830223,-0.26745349157511317,,,0.30224867724867727,0.3683862433862434,,,,,,,N/A,NO_STRESS
2024-09-02,15.55,107.7699966430664,3.17,9.47,6.300000000000001,-0.6766135418719819,-0.27154039716781225,,,0.33201058201058203,0.36772486772486773,,,,,,,N/A,NO_STRESS
2024-09-03,20.72,114.19999694824219,3.31,9.65,6.34,0.2115220483886932,0.04680193364041289,,,0.6402116402116402,0.5238095238095238,,,,,,,N/A,NO_STRESS
2024-09-04,21.32,119.1500015258789,3.35,9.57,6.220000000000001,0.3135128116485057,0.2923095481553625,,,0.6626984126984127,0.6190476190476191,,,,,,,N/A,NO_STRESS
2024-09-05,19.9,114.80999755859375,3.29,9.32,6.03,0.0682341427507832,0.07122078027416054,,,0.5912698412698413,0.5396825396825397,,,,,,,N/A,NO_STRESS
2024-09-06,22.38,107.23999786376953,3.39,9.37,5.979999999999999,0.4934642686843909,-0.3141635969773425,,,0.7156084656084656,0.3505291005291005,,,,,,,N/A,NO_STRESS
2024-09-09,19.45,104.61000061035156,3.36,9.29,5.93,-0.011807337299596352,-0.4506891075046197,,,0.5648148148148148,0.2923280423280423,,,,,,,N/A,NO_STRESS
2024-09-10,19.08,108.36000061035156,3.46,9.33,5.87,-0.07641959355289449,-0.26391791109898916,,,0.5370370370370371,0.373015873015873,,,,,,,N/A,NO_STRESS
2024-09-11,17.69,103.79000091552734,3.44,9.27,5.83,-0.3162962202117198,-0.5009157556192998,,,0.45436507936507936,0.2804232804232804,,,,,,,N/A,NO_STRESS
2024-09-12,17.07,98.02999877929688,3.39,9.17,5.779999999999999,-0.42313582386614007,-0.7994406696612756,,,0.41203703703703703,0.20634920634920634,,,,,,,N/A,NO_STRESS
2024-09-13,16.56,100.5999984741211,3.37,9.19,5.819999999999999,-0.511009473818317,-0.6715076671465715,,,0.38095238095238093,0.23941798941798942,,,,,,,N/A,NO_STRESS
2024-09-16,17.14,101.22000122070312,3.32,8.9,5.58,-0.41132497119177663,-0.6428688941515961,,,0.4193121693121693,0.25132275132275134,,,,,,,N/A,NO_STRESS
2024-09-17,17.61,101.58000183105469,3.25,8.77,5.52,-0.3306559084244696,-0.6271277130495124,,,0.44775132275132273,0.25396825396825395,,,,,,,N/A,NO_STRESS
2024-09-18,18.23,98.61000061035156,3.21,8.71,5.500000000000001,-0.22436416625844566,-0.7844912545277031,,,0.48214285714285715,0.20899470899470898,,,,,,,N/A,NO_STRESS
2024-09-19,16.33,92.63999938964844,3.1,8.47,5.370000000000001,-0.5522269796819992,-1.0975790343076102,,,0.3637566137566138,0.13227513227513227,,,,,,,N/A,NO_STRESS
2024-09-20,16.15,91.0,3.15,8.5,5.35,-0.5834800387120176,-1.1885028517712808,,,0.3578042328042328,0.11574074074074074,,,,,,,N/A,NO_STRESS
2024-09-23,15.89,93.87000274658203,3.15,8.59,5.4399999999999995,-0.6281226945546647,-1.0443510770350912,,,0.3425925925925926,0.1421957671957672,,,,,,,N/A,NO_STRESS
2024-09-24,15.39,93.30000305175781,3.21,8.68,5.47,-0.7137367471823972,-1.0784266544470487,,,0.3194444444444444,0.1349206349206349,,,,,,,N/A,NO_STRESS
2024-09-25,15.41,91.63999938964844,3.19,8.65,5.460000000000001,-0.7095552014987033,-1.1691302088088626,,,0.32142857142857145,0.11772486772486772,,,,,,,N/A,NO_STRESS
2024-09-26,15.37,90.13999938964844,3.14,8.63,5.49,-0.715447686481812,-1.2502602539806966,,,0.31812169312169314,0.10714285714285714,,,,,,,N/A,NO_STRESS
2024-09-27,16.96,92.52999877929688,3.14,8.4,5.26,-0.441382246962946,-1.1273559951769416,,,0.40476190476190477,0.1283068783068783,,,,,,,N/A,NO_STRESS
2024-09-30,16.73,94.61000061035156,3.03,8.02,4.99,-0.4811228719248112,-1.0206676269418977,,,0.38492063492063494,0.1626984126984127,,,,,,,N/A,NO_STRESS
2024-10-01,19.26,104.13999938964844,3.07,8.06,4.99,-0.04597107186731008,-0.5209160068954728,,,0.5529100529100529,0.2804232804232804,,,,,,,N/A,NO_STRESS
2024-10-02,18.9,102.16999816894531,3.06,8.06,5.0,-0.10858902435943142,-0.6274136726173399,,,0.5231481481481481,0.2566137566137566,,,,,,,N/A,NO_STRESS
2024-10-03,20.49,101.16000366210938,3.04,8.01,4.97,0.1646340907068844,-0.683318955053722,,,0.6177248677248677,0.24603174603174602,,,,,,,N/A,NO_STRESS
2024-10-04,19.21,100.1500015258789,2.89,7.85,4.959999999999999,-0.05632122619642733,-0.7405044594452578,,,0.5476190476190477,0.22486772486772486,,,,,,,N/A,NO_STRESS
2024-10-07,22.64,124.2300033569336,2.95,7.9,4.95,0.533661016669106,0.5362566775198918,,,0.7248677248677249,0.7208994708994709,,,,,,,N/A,NO_STRESS
2024-10-08,21.42,123.7699966430664,2.99,7.92,4.93,0.3228980742830353,0.5097023303027772,,,0.6653439153439153,0.708994708994709,,,,,,,N/A,NO_STRESS
2024-10-09,20.86,122.38999938964844,2.94,7.87,4.93,0.22606122729538156,0.43396928878594304,,,0.6375661375661376,0.6865079365079365,,,,,,,N/A,NO_STRESS
2024-10-10,20.93,116.55999755859375,2.99,7.9,4.91,0.23758222011482666,0.12002698975343686,,,0.6402116402116402,0.5674603174603174,,,,,,,N/A,NO_STRESS
2024-10-11,20.46,118.47000122070312,2.98,7.88,4.9,0.15617401846823137,0.22026194637285906,,,0.6111111111111112,0.6018518518518519,,,,,,,N/A,NO_STRESS
2024-10-14,19.7,118.47000122070312,2.97,7.85,4.879999999999999,0.02730429274544142,0.2184538509343562,,,0.5714285714285714,0.6011904761904762,,,,,,,N/A,NO_STRESS
2024-10-15,20.64,127.2300033569336,2.93,7.8,4.869999999999999,0.19009646206971206,0.687130912893369,,,0.6283068783068783,0.7698412698412699,,,,,,,N/A,NO_STRESS
2024-10-16,19.58,121.86000061035156,2.9,7.75,4.85,0.008873842377144434,0.39626633197712824,,,0.5621693121693122,0.6759259259259259,,,,,,,N/A,NO_STRESS
2024-10-17,19.11,122.13999938964844,2.89,7.69,4.800000000000001,-0.06978892244976775,0.40929922276071573,,,0.53505291005291,0.6798941798941799,,,,,,,N/A,NO_STRESS
2024-10-18,18.03,123.12999725341797,2.88,7.66,4.78,-0.2550026794738638,0.46068462891224166,,,0.4695767195767196,0.7037037037037037,,,,,,,N/A,NO_STRESS
2024-10-21,18.37,128.9499969482422,2.88,7.67,4.79,-0.19366333985760628,0.7734159441340754,,,0.48412698412698413,0.7976190476190477,,,,,,,N/A,NO_STRESS
2024-10-22,18.2,129.25999450683594,2.92,7.69,4.7700000000000005,-0.2214236226548182,0.7880253940728446,,,0.4748677248677249,0.8029100529100529,,,,,,,N/A,RATES_DRIVEN
2024-10-23,19.24,129.0500030517578,2.95,7.71,4.76,-0.03970769904643976,0.7744619536612587,,,0.5515873015873016,0.7962962962962963,,,,,,,N/A,NO_STRESS
2024-10-24,19.08,127.4800033569336,2.93,7.69,4.76,-0.06738518566188678,0.687220255419317,,,0.5337301587301587,0.7671957671957672,,,,,,,N/A,NO_STRESS
2024-10-25,20.33,128.39999389648438,2.89,7.69,4.800000000000001,0.15062003267856822,0.7352912245121658,,,0.6124338624338624,0.7863756613756614,,,,,,,N/A,NO_STRESS
2024-10-28,19.8,130.9199981689453,2.82,7.59,4.77,0.05805062714780278,0.870982404678318,,,0.5859788359788359,0.8386243386243386,,,,,,,N/A,RATES_DRIVEN
2024-10-29,19.34,131.8699951171875,2.85,7.61,4.76,-0.021848777537706116,0.9211075639509527,,,0.5582010582010583,0.8518518518518519,,,,,,,N/A,RATES_DRIVEN
2024-10-30,20.35,130.8000030517578,2.8,7.52,4.72,0.15444564750904738,0.8605312314015054,,,0.6170634920634921,0.8346560846560847,,,,,,,N/A,RATES_DRIVEN
2024-10-31,23.16,135.17999267578125,2.88,7.56,4.68,0.6428795129113273,1.0994417814918227,,,0.7592592592592593,0.8862433862433863,,,,,,,N/A,RATES_DRIVEN
2024-11-01,21.88,132.5800018310547,2.83,7.41,4.58,0.4196241967814171,0.9551931546075043,,,0.6984126984126984,0.8584656084656085,,,,,,,N/A,RATES_DRIVEN
2024-11-04,21.98,136.25,2.87,7.51,4.64,0.4369267861382865,1.156606873021888,,,0.705026455026455,0.9007936507936508,,,,,,,N/A,RATES_DRIVEN
2024-11-05,20.49,130.42999267578125,2.86,7.5,4.640000000000001,0.17805968243671588,0.8322937019283473,,,0.6236772486772487,0.8247354497354498,,,,,,,N/A,RATES_DRIVEN
2024-11-06,16.27,117.63999938964844,2.74,7.33,4.59,-0.5557427796920372,0.11924603428116826,,,0.36706349206349204,0.5568783068783069,,,,,,,N/A,NO_STRESS
2024-11-07,15.2,104.08000183105469,2.73,7.28,4.550000000000001,-0.7410216978604787,-0.6398869850376063,,,0.31216931216931215,0.24867724867724866,,,,,,,N/A,NO_STRESS
2024-11-08,14.94,99.8499984741211,2.63,7.21,4.58,-0.7853005979536708,-0.8800570489040727,,,0.3002645502645503,0.18915343915343916,,,,,,,N/A,NO_STRESS
2024-11-11,14.97,99.8499984741211,2.63,7.21,4.58,-0.779113002874038,-0.8839684049612552,,,0.30158730158730157,0.1884920634920635,,,,,,,N/A,NO_STRESS
2024-11-12,14.71,108.55000305175781,2.61,7.19,4.58,-0.8233385723986146,-0.39864357267636985,,,0.27976190476190477,0.3458994708994709,,,,,,,N/A,NO_STRESS
2024-11-13,14.02,102.08000183105469,2.64,7.25,4.609999999999999,-0.942023345136721,-0.7666832604860384,,,0.22883597883597884,0.2222222222222222,,,,,,,N/A,NO_STRESS
2024-11-14,14.31,99.43000030517578,2.6,7.16,4.5600000000000005,-0.8906576139421919,-0.9200837265590139,,,0.24735449735449735,0.18253968253968253,,,,,,,N/A,NO_STRESS
2024-11-15,16.14,102.47000122070312,2.72,7.25,4.529999999999999,-0.5723930930396255,-0.751994403289812,,,0.37037037037037035,0.22883597883597884,,,,,,,N/A,NO_STRESS
2024-11-18,15.58,102.01000213623047,2.72,7.25,4.529999999999999,-0.6691569602984353,-0.7821358718267024,,,0.3373015873015873,0.21957671957671956,,,,,,,N/A,NO_STRESS
2024-11-19,16.35,105.12000274658203,2.69,7.22,4.529999999999999,-0.5353589137928908,-0.607965804757224,,,0.3816137566137566,0.26455026455026454,,,,,,,N/A,NO_STRESS
2024-11-20,17.16,106.69000244140625,2.67,7.19,4.5200000000000005,-0.39475840592919664,-0.5213684474307259,,,0.42857142857142855,0.30423280423280424,,,,,,,N/A,NO_STRESS
2024-11-21,16.87,101.9000015258789,2.61,7.06,4.449999999999999,-0.44440758391833396,-0.7987585020187482,,,0.4021164021164021,0.21428571428571427,,,,,,,N/A,NO_STRESS
2024-11-22,15.24,99.13999938964844,2.61,7.1,4.49,-0.726191845228293,-0.9608800615397721,,,0.32275132275132273,0.1693121693121693,,,,,,,N/A,NO_STRESS
2024-11-25,14.6,99.95999908447266,2.64,7.16,4.52,-0.835950482478379,-0.9186228009792469,,,0.2744708994708995,0.17989417989417988,,,,,,,N/A,NO_STRESS
2024-11-26,14.1,99.18000030517578,2.68,7.18,4.5,-0.9209684772261962,-0.9675930803051139,,,0.23148148148148148,0.167989417989418,,,,,,,N/A,NO_STRESS
2024-11-27,14.1,97.73999786376953,2.69,7.22,4.529999999999999,-0.9194823168180654,-1.0548656376770094,,,0.23214285714285715,0.1349206349206349,,,,,,,N/A,NO_STRESS
2024-11-28,13.9,97.73999786376953,2.69,7.22,4.529999999999999,-0.9527787979236662,-1.0599000818472675,,,0.21693121693121692,0.13425925925925927,,,,,,,N/A,NO_STRESS
2024-11-29,13.51,95.22000122070312,2.72,7.26,4.539999999999999,-1.0180931287339812,-1.2118906209553935,,,0.16666666666666666,0.1111111111111111,,,,,,,N/A,NO_STRESS
2024-11-30,13.51,95.22000122070312,2.74,7.35,4.609999999999999,-1.0160969884596855,-1.2163986011675088,,,0.16732804232804233,0.11044973544973545,,,,,,,N/A,NO_STRESS
2024-12-02,13.34,97.80999755859375,2.68,7.32,4.640000000000001,-1.0434127194292553,-1.0697555463311594,,,0.1474867724867725,0.13756613756613756,,,,,,,N/A,NO_STRESS
2024-12-03,13.3,95.5999984741211,2.66,7.32,4.66,-1.0476360859401865,-1.2015749088144192,,,0.14153439153439154,0.11243386243386243,,,,,,,N/A,NO_STRESS
2024-12-04,13.45,92.25,2.66,7.31,4.6499999999999995,-1.0190468864519444,-1.4012515513630606,,,0.16203703703703703,0.06349206349206349,,,,,,,N/A,NO_STRESS
2024-12-05,13.54,91.4800033569336,2.66,7.27,4.609999999999999,-1.0008548750828143,-1.4493756851738488,,,0.17526455026455026,0.05026455026455026,,,,,,,N/A,NO_STRESS
2024-12-06,12.77,83.19999694824219,2.67,7.3,4.63,-1.1312626398530727,-1.9371945199582985,,,0.07341269841269842,0.005291005291005291,,,,,,,N/A,NO_STRESS
2024-12-09,14.19,85.62999725341797,2.67,7.24,4.57,-0.8836505840382743,-1.7948497076679402,,,0.25462962962962965,0.018518518518518517,,,,,,,N/A,NO_STRESS
2024-12-10,14.18,90.0999984741211,2.67,7.21,4.54,-0.8835151407689116,-1.533334769352095,,,0.2526455026455027,0.03835978835978836,,,,,,,N/A,NO_STRESS
2024-12-11,13.58,82.4000015258789,2.64,7.15,4.51,-0.9859991229286338,-1.9855816326715936,,,0.18253968253968253,0.0026455026455026454,,,,,,,N/A,NO_STRESS
2024-12-12,13.92,82.66000366210938,2.66,7.14,4.4799999999999995,-0.9248360475771807,-1.9691904405911604,,,0.23015873015873015,0.005291005291005291,,,,,,,N/A,NO_STRESS
2024-12-13,13.81,85.66000366210938,2.68,7.16,4.48,-0.941623892657979,-1.7927928675954168,,,0.21031746031746032,0.018518518518518517,,,,,,,N/A,NO_STRESS
2024-12-16,14.69,90.87999725341797,2.69,7.16,4.470000000000001,-0.7858661955627586,-1.487181234220784,,,0.3029100529100529,0.042328042328042326,,,,,,,N/A,NO_STRESS
2024-12-17,15.87,90.41999816894531,2.75,7.2,4.45,-0.57841371284613,-1.5156994856232504,,,0.3783068783068783,0.03835978835978836,,,,,,,N/A,NO_STRESS
2024-12-18,27.62,87.20999908447266,2.73,7.16,4.43,1.4696585735643815,-1.7055947051730636,,,0.8955026455026455,0.02513227513227513,,,,,,,N/A,EQUITY_DRIVEN
2024-12-19,24.09,90.41000366210938,2.91,7.36,4.45,0.8543065984248618,-1.5182487004679208,,,0.7976190476190477,0.037037037037037035,,,,,,,N/A,NO_STRESS
2024-12-20,18.36,91.75,2.86,7.3,4.4399999999999995,-0.1436980043216978,-1.440245815233578,,,0.5132275132275133,0.05291005291005291,,,,,,,N/A,NO_STRESS
2024-12-23,16.78,95.8499984741211,2.85,7.32,4.470000000000001,-0.41793544636659963,-1.2001009877959827,,,0.4226190476190476,0.11507936507936507,,,,,,,N/A,NO_STRESS
2024-12-24,14.27,96.94999694824219,2.86,7.3,4.4399999999999995,-0.8538049133965828,-1.138212773216032,,,0.26587301587301587,0.12169312169312169,,,,,,,N/A,NO_STRESS
2024-12-25,14.27,96.94999694824219,2.86,7.3,4.4399999999999995,-0.8520927563382609,-1.1415619798097745,,,0.2665343915343915,0.12103174603174603,,,,,,,N/A,NO_STRESS
2024-12-26,14.73,95.19999694824219,2.86,7.29,4.43,-0.7698488404963023,-1.2467727820809085,,,0.3115079365079365,0.10119047619047619,,,,,,,N/A,NO_STRESS
2024-12-27,15.95,94.80000305175781,2.84,7.3,4.46,-0.5552085473385268,-1.2706628627676624,,,0.3888888888888889,0.09523809523809523,,,,,,,N/A,NO_STRESS
2024-12-30,17.4,99.08000183105469,2.94,7.4,4.460000000000001,-0.3001471928349949,-1.0162392512271758,,,0.4748677248677249,0.16600529100529102,,,,,,,N/A,NO_STRESS
2024-12-31,17.35,98.80000305175781,2.92,7.46,4.54,-0.3072069464181682,-1.033682946213184,,,0.4748677248677249,0.16005291005291006,,,,,,,N/A,NO_STRESS
2025-01-01,17.35,98.80000305175781,2.92,7.46,4.54,-0.3057488818006846,-1.0347570316397396,,,0.4755291005291005,0.1593915343915344,,,,,,,N/A,NO_STRESS
2025-01-02,17.93,96.66999816894531,2.88,7.39,4.51,-0.20220789129239514,-1.1613254128944985,,,0.5026455026455027,0.1164021164021164,,,,,,,N/A,NO_STRESS
2025-01-03,16.13,93.3499984741211,2.81,7.34,4.529999999999999,-0.5157645760742304,-1.3582467701851983,,,0.4021164021164021,0.06746031746031746,,,,,,,N/A,NO_STRESS
2025-01-06,16.04,97.88999938964844,2.76,7.28,4.5200000000000005,-0.5295624667055213,-1.0893248868351633,,,0.3968253968253968,0.13756613756613756,,,,,,,N/A,NO_STRESS
2025-01-07,17.82,102.77999877929688,2.79,7.29,4.5,-0.2145257993566903,-0.7999185169130996,,,0.5013227513227513,0.22883597883597884,,,,,,,N/A,NO_STRESS
2025-01-08,17.7,100.76000213623047,2.84,7.37,4.53,-0.23323869504716635,-0.9208469244504408,,,0.4966931216931217,0.1984126984126984,,,,,,,N/A,NO_STRESS
2025-01-09,18.07,100.76000213623047,2.82,7.34,4.52,-0.16545528188580377,-0.9208483792235662,,,0.5171957671957672,0.19775132275132276,,,,,,,N/A,NO_STRESS
2025-01-10,19.54,96.56999969482422,2.81,7.32,4.51,0.09691982028237726,-1.1706047615549515,,,0.6071428571428571,0.10912698412698413,,,,,,,N/A,NO_STRESS
2025-01-13,19.19,103.51000213623047,2.85,7.38,4.529999999999999,0.0375078975076904,-0.7582422335104162,,,0.5873015873015873,0.23941798941798942,,,,,,,N/A,NO_STRESS
2025-01-14,18.71,101.98999786376953,2.8,7.26,4.46,-0.04460945393286987,-0.84698970435578,,,0.5548941798941799,0.2156084656084656,,,,,,,N/A,NO_STRESS
2025-01-15,16.12,93.0999984741211,2.72,7.14,4.42,-0.5051498193448921,-1.3726416807662176,,,0.40343915343915343,0.06481481481481481,,,,,,,N/A,NO_STRESS
2025-01-16,16.6,92.72000122070312,2.73,7.16,4.43,-0.4170264519653863,-1.3916585445534417,,,0.42658730158730157,0.06283068783068783,,,,,,,N/A,NO_STRESS
2025-01-17,15.97,95.5999984741211,2.64,7.07,4.43,-0.5281992164401639,-1.2174858692184716,,,0.3921957671957672,0.10383597883597884,,,,,,,N/A,NO_STRESS
2025-01-20,15.81,95.5999984741211,2.64,7.07,4.43,-0.5556990451932289,-1.2144311037179374,,,0.3783068783068783,0.10449735449735449,,,,,,,N/A,NO_STRESS
2025-01-21,15.06,96.77999877929688,2.61,6.99,4.380000000000001,-0.6907017074778232,-1.141382563378488,,,0.33994708994708994,0.11904761904761904,,,,,,,N/A,NO_STRESS
2025-01-22,15.1,89.9000015258789,2.59,6.92,4.33,-0.6817998070511878,-1.5453740873927335,,,0.3439153439153439,0.027777777777777776,,,,,,,N/A,NO_STRESS
2025-01-23,15.02,88.51000213623047,2.61,6.9,4.290000000000001,-0.6945523177037416,-1.6239470874176085,,,0.3386243386243386,0.023809523809523808,,,,,,,N/A,NO_STRESS
2025-01-24,14.85,86.75,2.6,6.94,4.34,-0.7239565812013982,-1.7247827342337072,,,0.3253968253968254,0.01984126984126984,,,,,,,N/A,NO_STRESS
2025-01-27,17.9,95.05000305175781,2.66,7.11,4.45,-0.1597535636667823,-1.2330085587026844,,,0.5185185185185185,0.10052910052910052,,,,,,,N/A,NO_STRESS
2025-01-28,16.41,92.83000183105469,2.66,7.1,4.4399999999999995,-0.43293468424682596,-1.362375880557649,,,0.42857142857142855,0.06878306878306878,,,,,,,N/A,NO_STRESS
2025-01-29,16.56,90.7300033569336,2.68,7.1,4.42,-0.40320047042426466,-1.484062294474046,,,0.43452380952380953,0.03835978835978836,,,,,,,N/A,NO_STRESS
2025-01-30,15.84,90.54000091552734,2.67,7.05,4.38,-0.5348420610896273,-1.4949519421009079,,,0.38492063492063494,0.037037037037037035,,,,,,,N/A,NO_STRESS
2025-01-31,16.43,91.76000213623047,2.68,6.99,4.3100000000000005,-0.4236705392850721,-1.4230937649962758,,,0.4312169312169312,0.05555555555555555,,,,,,,N/A,NO_STRESS
2025-02-03,18.62,94.1500015258789,2.73,7.12,4.390000000000001,-0.015636560474275526,-1.2809013663638766,,,0.5687830687830688,0.0873015873015873,,,,,,,N/A,NO_STRESS
2025-02-04,17.21,90.27999877929688,2.71,7.13,4.42,-0.2764020893720352,-1.5056316322464505,,,0.4880952380952381,0.03439153439153439,,,,,,,N/A,NO_STRESS
2025-02-05,15.77,94.68000030517578,2.69,7.1,4.41,-0.5424205620726253,-1.2451243008799144,,,0.3802910052910053,0.10185185185185185,,,,,,,N/A,NO_STRESS
2025-02-06,15.5,93.9000015258789,2.66,7.09,4.43,-0.5911064680018325,-1.2880494476959763,,,0.36904761904761907,0.08465608465608465,,,,,,,N/A,NO_STRESS
2025-02-07,16.54,93.12999725341797,2.67,7.1,4.43,-0.3966206068817172,-1.329444909259291,,,0.43915343915343913,0.07539682539682539,,,,,,,N/A,NO_STRESS
2025-02-10,15.81,87.68000030517578,2.66,7.1,4.4399999999999995,-0.5313691514889679,-1.6434263267867353,,,0.3869047619047619,0.023809523809523808,,,,,,,N/A,NO_STRESS
2025-02-11,16.02,85.58000183105469,2.66,7.11,4.45,-0.4915299976524542,-1.7602446001173264,,,0.4087301587301587,0.010582010582010581,,,,,,,N/A,NO_STRESS
2025-02-12,15.89,86.58000183105469,2.65,7.14,4.49,-0.5147702568319471,-1.6965666146602392,,,0.3974867724867725,0.021164021164021163,,,,,,,N/A,NO_STRESS
2025-02-13,15.1,84.56999969482422,2.65,7.1,4.449999999999999,-0.6601557757249243,-1.8084274979762873,,,0.3472222222222222,0.009259259259259259,,,,,,,N/A,NO_STRESS
2025-02-14,14.77,84.66999816894531,2.62,7.06,4.4399999999999995,-0.7200647481678301,-1.7971409799976499,,,0.31613756613756616,0.010582010582010581,,,,,,,N/A,NO_STRESS
2025-02-17,15.37,84.66999816894531,2.62,7.06,4.4399999999999995,-0.6076458887175756,-1.7917048586023858,,,0.36243386243386244,0.011243386243386243,,,,,,,N/A,NO_STRESS
2025-02-18,15.35,84.51000213623047,2.62,7.21,4.59,-0.6098946109485401,-1.7946922003537413,,,0.3611111111111111,0.009259259259259259,,,,,,,N/A,NO_STRESS
2025-02-19,15.27,83.86000061035156,2.68,7.25,4.57,-0.6230865629237973,-1.8254570915250483,,,0.3584656084656085,0.009259259259259259,,,,,,,N/A,NO_STRESS
2025-02-20,15.66,86.26000213623047,2.66,7.19,4.53,-0.5491976563383223,-1.6811945870604117,,,0.38425925925925924,0.022486772486772486,,,,,,,N/A,NO_STRESS
2025-02-21,18.21,91.83000183105469,2.78,7.34,4.5600000000000005,-0.0748429799169776,-1.3563817410365255,,,0.5575396825396826,0.07208994708994709,,,,,,,N/A,NO_STRESS
2025-02-24,18.98,88.44000244140625,2.78,7.31,4.529999999999999,0.06957559882036843,-1.5465885233336731,,,0.6058201058201058,0.037037037037037035,,,,,,,N/A,NO_STRESS
2025-02-25,19.43,96.61000061035156,2.84,7.42,4.58,0.15453309851477745,-1.0744853062459396,,,0.6395502645502645,0.14616402116402116,,,,,,,N/A,NO_STRESS
2025-02-26,19.1,97.5199966430664,2.81,7.32,4.51,0.09383034326252597,-1.020078526907775,,,0.6183862433862434,0.16137566137566137,,,,,,,N/A,NO_STRESS
2025-02-27,21.13,96.2699966430664,2.81,7.32,4.51,0.4720829536534424,-1.0892473991606604,,,0.7268518518518519,0.14285714285714285,,,,,,,N/A,NO_STRESS
2025-02-28,19.63,104.45999908447266,2.87,7.6,4.7299999999999995,0.19371423458493175,-0.6181588762054558,,,0.6541005291005291,0.2923280423280423,,,,,,,N/A,NO_STRESS
2025-03-03,22.78,105.6500015258789,2.94,7.69,4.75,0.7800008583070488,-0.5485968551407138,,,0.7962962962962963,0.31216931216931215,,,,,,,N/A,NO_STRESS
2025-03-04,23.51,108.87000274658203,2.99,7.84,4.85,0.9150372634685775,-0.36290399832281317,,,0.8161375661375662,0.3888888888888889,,,,,,,N/A,EQUITY_DRIVEN
2025-03-05,21.93,104.31999969482422,2.88,7.74,4.86,0.6204762636718674,-0.6222334260581054,,,0.7619047619047619,0.2857142857142857,,,,,,,N/A,NO_STRESS
2025-03-06,24.87,108.94999694824219,2.99,7.9,4.91,1.1663825051341692,-0.35523150565678896,,,0.8518518518518519,0.3915343915343915,,,,,,,N/A,EQUITY_DRIVEN
2025-03-07,23.37,104.41000366210938,2.97,7.91,4.9399999999999995,0.890031156512308,-0.6139679855443286,,,0.8134920634920635,0.2896825396825397,,,,,,,N/A,EQUITY_DRIVEN
2025-03-10,27.86,112.5,3.16,8.26,5.1,1.725599324753558,-0.14841736861438637,,,0.9259259259259259,0.48412698412698413,,,,,,,N/A,EQUITY_DRIVEN
2025-03-11,26.92,114.5999984741211,3.22,8.4,5.18,1.557689857594506,-0.02675200313851562,,,0.9047619047619048,0.5317460317460317,,,,,,,N/A,EQUITY_DRIVEN
2025-03-12,24.23,104.11000061035156,3.2,8.41,5.21,1.060212993890172,-0.6274299483128799,,,0.8392857142857143,0.28174603174603174,,,,,,,N/A,EQUITY_DRIVEN
2025-03-13,24.66,106.19000244140625,3.4,8.72,5.32,1.1446340359792246,-0.506343038931586,,,0.8492063492063492,0.3253968253968254,,,,,,,N/A,EQUITY_DRIVEN
2025-03-14,21.77,101.01000213623047,3.25,8.56,5.3100000000000005,0.6075538894684057,-0.8018958112886984,,,0.7572751322751323,0.23809523809523808,,,,,,,N/A,NO_STRESS
2025-03-17,20.51,99.77999877929688,3.18,8.46,5.280000000000001,0.3742665100649036,-0.8702251992351918,,,0.6997354497354498,0.21428571428571427,,,,,,,N/A,NO_STRESS
2025-03-18,21.7,96.68000030517578,3.23,8.58,5.35,0.6033410846771688,-1.0457081890383535,,,0.7552910052910053,0.15079365079365079,,,,,,,N/A,NO_STRESS
2025-03-19,19.9,91.4000015258789,3.19,8.56,5.370000000000001,0.26280824979703155,-1.3452998578296018,,,0.6693121693121693,0.06481481481481481,,,,,,,N/A,NO_STRESS
2025-03-20,19.8,95.73999786376953,3.17,8.53,5.359999999999999,0.2475940023130856,-1.0934308252808536,,,0.6633597883597884,0.1402116402116402,,,,,,,N/A,NO_STRESS
2025-03-21,19.28,94.54000091552734,3.21,8.6,5.39,0.15150154566626878,-1.1592981784821528,,,0.6349206349206349,0.11904761904761904,,,,,,,N/A,NO_STRESS
2025-03-24,17.48,95.22000122070312,3.05,8.37,5.319999999999999,-0.19038291973853216,-1.117390699076179,,,0.5185185185185185,0.13227513227513227,,,,,,,N/A,NO_STRESS
2025-03-25,17.15,93.56999969482422,3.09,8.38,5.290000000000001,-0.2513087317993725,-1.208595837561762,,,0.49603174603174605,0.09656084656084656,,,,,,,N/A,NO_STRESS
2025-03-26,18.33,91.41000366210938,3.19,8.5,5.3100000000000005,-0.018910401668723518,-1.3286955692889577,,,0.5667989417989417,0.06613756613756613,,,,,,,N/A,NO_STRESS
2025-03-27,18.69,91.02999877929688,3.27,8.6,5.33,0.054874018322373284,-1.3467538439905906,,,0.5925925925925926,0.06084656084656084,,,,,,,N/A,NO_STRESS
2025-03-28,21.65,96.83000183105469,3.47,8.88,5.41,0.6378705112866786,-1.0134842348676336,,,0.7599206349206349,0.1626984126984127,,,,,,,N/A,NO_STRESS
2025-03-31,22.28,101.3499984741211,3.55,9.28,5.7299999999999995,0.764185449290943,-0.7540060774554306,,,0.7896825396825397,0.25793650793650796,,,,,,,N/A,NO_STRESS
2025-04-01,21.77,104.7300033569336,3.5,9.25,5.75,0.6658565050673148,-0.559976032157618,,,0.7711640211640212,0.3148148148148148,,,,,,,N/A,NO_STRESS
2025-04-02,21.51,106.38999938964844,3.42,9.25,5.83,0.6194986227108813,-0.4645817566835841,,,0.7592592592592593,0.3505291005291005,,,,,,,N/A,NO_STRESS
2025-04-03,30.02,112.0,4.01,10.18,6.17,2.300102192319804,-0.14439221375658826,,,0.9695767195767195,0.4947089947089947,,,,,,,N/A,EQUITY_DRIVEN
2025-04-04,45.31,125.70999908447266,4.45,10.99,6.54,5.235319589605875,0.6362686952066532,,,1.0,0.746031746031746,,,,,,,N/A,EQUITY_DRIVEN
2025-04-07,46.98,137.3000030517578,4.61,11.37,6.759999999999999,5.458492950592743,1.2936870888080247,,,1.0,0.906084656084656,,,,,,,N/A,EQUITY_DRIVEN
2025-04-08,52.33,139.8800048828125,4.57,11.14,6.57,6.320073545392094,1.4365404795965215,,,1.0,0.9166666666666666,,,,,,,N/A,EQUITY_DRIVEN
2025-04-09,33.62,128.8300018310547,4.37,10.9,6.53,2.8198403298432053,0.8060518699834126,,,0.9920634920634921,0.7936507936507936,,,,,,,N/A,EQUITY_DRIVEN
2025-04-10,40.72,128.35000610351562,4.42,10.92,6.5,4.098458526395692,0.7767467025394874,,,0.996031746031746,0.7870370370370371,,,,,,,N/A,EQUITY_DRIVEN
2025-04-11,37.56,137.25999450683594,4.26,10.76,6.5,3.488986964905924,1.2797974872598679,,,0.9933862433862434,0.9021164021164021,,,,,,,N/A,EQUITY_DRIVEN
2025-04-14,30.89,132.4600067138672,4.14,10.57,6.430000000000001,2.2630397922377457,1.0043468923875913,,,0.9695767195767195,0.8558201058201058,,,,,,,N/A,EQUITY_DRIVEN
2025-04-15,30.12,122.55999755859375,4.09,10.5,6.41,2.117930789425895,0.4406052592163525,,,0.9616402116402116,0.6944444444444444,,,,,,,N/A,EQUITY_DRIVEN
2025-04-16,32.64,119.4000015258789,4.16,10.61,6.449999999999999,2.5673161199923347,0.2602867981878008,,,0.9841269841269841,0.623015873015873,,,,,,,N/A,EQUITY_DRIVEN
2025-04-17,29.65,114.63999938964844,4.02,10.39,6.370000000000001,2.01902468666922,-0.011371321975234524,,,0.951058201058201,0.5462962962962963,,,,,,,N/A,EQUITY_DRIVEN
2025-04-18,29.65,114.63999938964844,4.02,10.39,6.370000000000001,2.014151952170996,-0.012651012611467904,,,0.9503968253968254,0.5456349206349206,,,,,,,N/A,EQUITY_DRIVEN
2025-04-21,33.82,128.55999755859375,4.16,10.58,6.42,2.7556155369591875,0.7772627232348827,,,0.9907407407407407,0.7883597883597884,,,,,,,N/A,EQUITY_DRIVEN
2025-04-22,30.57,118.3499984741211,3.99,10.35,6.359999999999999,2.1627465363761065,0.1953020067449076,,,0.9642857142857143,0.6005291005291006,,,,,,,N/A,EQUITY_DRIVEN
2025-04-23,28.45,116.5999984741211,3.75,9.87,6.119999999999999,1.7777665581089994,0.09488384063166672,,,0.9365079365079365,0.5740740740740741,,,,,,,N/A,EQUITY_DRIVEN
2025-04-24,26.47,108.27999877929688,3.73,9.85,6.119999999999999,1.4219061064072367,-0.3789286231321604,,,0.9034391534391535,0.3783068783068783,,,,,,,N/A,EQUITY_DRIVEN
2025-04-25,24.84,105.79000091552734,3.67,9.75,6.08,1.1309885936537851,-0.5199379853138236,,,0.8690476190476191,0.3253968253968254,,,,,,,N/A,EQUITY_DRIVEN
2025-04-28,25.15,110.01000213623047,3.73,9.79,6.059999999999999,1.193832106638449,-0.2779065355174743,,,0.873015873015873,0.42328042328042326,,,,,,,N/A,EQUITY_DRIVEN
2025-04-29,24.17,112.2699966430664,3.74,9.76,6.02,1.0227049444561622,-0.1469974232116983,,,0.8544973544973545,0.48677248677248675,,,,,,,N/A,EQUITY_DRIVEN
2025-04-30,24.7,112.4800033569336,3.94,10.0,6.0600000000000005,1.1219741158682885,-0.13336487229516986,,,0.8690476190476191,0.4914021164021164,,,,,,,N/A,EQUITY_DRIVEN
2025-05-01,24.6,107.33000183105469,3.78,9.76,5.98,1.109986777277141,-0.4257606700390633,,,0.8637566137566137,0.36243386243386244,,,,,,,N/A,EQUITY_DRIVEN
2025-05-02,22.68,101.4000015258789,3.6,9.56,5.960000000000001,0.7646295789069528,-0.7628144825831227,,,0.8115079365079365,0.2552910052910053,,,,,,,N/A,EQUITY_DRIVEN
2025-05-05,23.64,104.44999694824219,3.6,9.5,5.9,0.9445913142528337,-0.5863932125560598,,,0.83994708994709,0.30423280423280424,,,,,,,N/A,EQUITY_DRIVEN
2025-05-06,24.76,106.18000030517578,3.66,9.56,5.9,1.1536917739893002,-0.48540629504038685,,,0.8743386243386243,0.3333333333333333,,,,,,,N/A,EQUITY_DRIVEN
2025-05-07,23.55,99.87000274658203,3.67,9.6,5.93,0.9345050466084034,-0.8448420338850791,,,0.8386243386243386,0.22486772486772486,,,,,,,N/A,EQUITY_DRIVEN
2025-05-08,22.48,98.66000366210938,3.51,9.34,5.83,0.7407911025153343,-0.9118833221143336,,,0.8029100529100529,0.19973544973544974,,,,,,,N/A,EQUITY_DRIVEN
2025-05-09,21.9,100.4000015258789,3.53,9.33,5.800000000000001,0.6360589696283266,-0.8100746064222729,,,0.7791005291005291,0.23544973544973544,,,,,,,N/A,NO_STRESS
2025-05-12,18.39,102.9000015258789,3.15,8.79,5.639999999999999,-0.010142987284266424,-0.6648364037096683,,,0.5740740740740741,0.28174603174603174,,,,,,,N/A,NO_STRESS
2025-05-13,18.22,100.12999725341797,3.09,8.74,5.65,-0.03919858034384528,-0.8213735104883748,,,0.5628306878306878,0.23148148148148148,,,,,,,N/A,NO_STRESS
2025-05-14,18.62,100.7300033569336,3.1,8.65,5.550000000000001,0.03738595260333483,-0.7848235235887698,,,0.5932539682539683,0.2447089947089947,,,,,,,N/A,NO_STRESS
2025-05-15,17.83,98.6500015258789,3.2,8.79,5.589999999999999,-0.10698991746730299,-0.9017333021857152,,,0.5396825396825397,0.19907407407407407,,,,,,,N/A,NO_STRESS
2025-05-16,17.24,96.69999694824219,3.16,8.79,5.629999999999999,-0.21488781264994805,-1.0113165479557347,,,0.5079365079365079,0.16137566137566137,,,,,,,N/A,NO_STRESS
2025-05-19,18.14,103.80999755859375,3.21,8.86,5.6499999999999995,-0.04476008740481771,-0.6007315052627558,,,0.5601851851851852,0.29894179894179895,,,,,,,N/A,NO_STRESS
2025-05-20,18.09,101.37000274658203,3.2,8.84,5.64,-0.05187014933383772,-0.7395985376158203,,,0.5582010582010583,0.26455026455026454,,,,,,,N/A,NO_STRESS
2025-05-21,20.87,102.0999984741211,3.25,8.92,5.67,0.47090772042096934,-0.6955688628613909,,,0.7407407407407407,0.27645502645502645,,,,,,,N/A,NO_STRESS
2025-05-22,20.28,99.47000122070312,3.32,9.02,5.699999999999999,0.3621620601288777,-0.8460352842666691,,,0.7023809523809523,0.22354497354497355,,,,,,,N/A,NO_STRESS
2025-05-23,22.29,100.91000366210938,3.4,9.14,5.74,0.740638466526926,-0.7603958388988434,,,0.8082010582010583,0.2552910052910053,,,,,,,N/A,EQUITY_DRIVEN
2025-05-26,20.57,100.91000366210938,3.4,9.14,5.74,0.41938628490190455,-0.7584446406228263,,,0.7235449735449735,0.25595238095238093,,,,,,,N/A,NO_STRESS
2025-05-27,18.96,97.93000030517578,3.24,8.92,5.68,0.11875604755189786,-0.9301908938022538,,,0.6177248677248677,0.18915343915343916,,,,,,,N/A,NO_STRESS
2025-05-28,19.31,93.19999694824219,3.23,8.84,5.609999999999999,0.18691902856787884,-1.2033359557173733,,,0.6521164021164021,0.09523809523809523,,,,,,,N/A,NO_STRESS
2025-05-29,19.18,92.66999816894531,3.22,8.84,5.619999999999999,0.16442649198816478,-1.2311754398158148,,,0.6415343915343915,0.0873015873015873,,,,,,,N/A,NO_STRESS
2025-05-30,18.57,92.11000061035156,3.31,8.96,5.65,0.05052654556033825,-1.260393151040352,,,0.593915343915344,0.082010582010582,,,,,,,N/A,NO_STRESS
2025-05-31,18.57,92.11000061035156,3.32,9.13,5.8100000000000005,0.05227216342225141,-1.256883588283946,,,0.5945767195767195,0.08267195767195767,,,,,,,N/A,NO_STRESS
2025-06-02,18.36,95.76000213623047,3.27,9.22,5.950000000000001,0.014031485568689465,-1.0411319779945456,,,0.5787037037037037,0.15343915343915343,,,,,,,N/A,NO_STRESS
2025-06-03,17.69,100.0,3.19,9.16,5.970000000000001,-0.11157161551378807,-0.7918046311140337,,,0.5317460317460317,0.24206349206349206,,,,,,,N/A,NO_STRESS
2025-06-04,17.61,96.9800033569336,3.23,9.3,6.07,-0.12544364730029325,-0.9656317457554137,,,0.5291005291005291,0.17592592592592593,,,,,,,N/A,NO_STRESS
2025-06-05,18.48,94.6500015258789,3.18,9.29,6.109999999999999,0.04093990867644732,-1.0986155985256312,,,0.5912698412698413,0.13095238095238096,,,,,,,N/A,NO_STRESS
2025-06-06,16.77,89.6500015258789,3.09,9.15,6.0600000000000005,-0.2824799437319809,-1.3859069211062893,,,0.460978835978836,0.041005291005291,,,,,,,N/A,NO_STRESS
2025-06-09,17.16,92.62000274658203,3.12,9.23,6.11,-0.20663990947961,-1.2096554049021138,,,0.49933862433862436,0.08994708994708994,,,,,,,N/A,NO_STRESS
2025-06-10,16.95,91.22000122070312,3.12,9.3,6.180000000000001,-0.24515685884962826,-1.2877525130890692,,,0.4794973544973545,0.06746031746031746,,,,,,,N/A,NO_STRESS
2025-06-11,17.26,89.36000061035156,3.12,9.26,6.14,-0.18492396525375604,-1.391878595650227,,,0.5132275132275133,0.041005291005291,,,,,,,N/A,NO_STRESS
2025-06-12,18.02,88.98999786376953,3.17,9.23,6.0600000000000005,-0.03933452575883184,-1.4094301099638673,,,0.5621693121693122,0.03968253968253968,,,,,,,N/A,NO_STRESS
2025-06-13,20.82,95.30999755859375,3.18,9.27,6.09,0.49481349453191875,-1.0403607457967003,,,0.7592592592592593,0.15211640211640212,,,,,,,N/A,NO_STRESS
2025-06-16,19.11,93.4800033569336,3.1,9.04,5.9399999999999995,0.17024971093334126,-1.1433391911662014,,,0.6521164021164021,0.1111111111111111,,,,,,,N/A,NO_STRESS
2025-06-17,21.6,97.18000030517578,3.17,9.11,5.9399999999999995,0.6453098510815001,-0.9266893331143282,,,0.7936507936507936,0.1917989417989418,,,,,,,N/A,NO_STRESS
2025-06-18,20.14,93.63999938964844,3.16,9.14,5.98,0.3672055250403647,-1.1288342342659154,,,0.7182539682539683,0.11375661375661375,,,,,,,N/A,NO_STRESS
2025-06-19,22.17,93.63999938964844,3.16,9.14,5.98,0.7541005860384125,-1.1258939684604596,,,0.8220899470899471,0.11441798941798942,,,,,,,N/A,EQUITY_DRIVEN
2025-06-20,20.62,90.0999984741211,3.13,9.14,6.010000000000001,0.458653736525712,-1.3268426247160827,,,0.7526455026455027,0.0496031746031746,,,,,,,N/A,NO_STRESS
2025-06-23,19.83,95.02999877929688,3.12,9.05,5.930000000000001,0.3085151110868948,-1.0392488697543554,,,0.7023809523809523,0.14814814814814814,,,,,,,N/A,NO_STRESS
2025-06-24,17.48,92.62000274658203,3.06,8.95,5.889999999999999,-0.1393219386986514,-1.1756614268988392,,,0.5271164021164021,0.0958994708994709,,,,,,,N/A,NO_STRESS
2025-06-25,16.76,91.23999786376953,3.04,8.92,5.88,-0.2758546481583333,-1.252490344865263,,,0.4603174603174603,0.07275132275132275,,,,,,,N/A,NO_STRESS
2025-06-26,16.59,89.47000122070312,3.04,8.95,5.909999999999999,-0.30754670483977187,-1.351742944020837,,,0.455026455026455,0.04365079365079365,,,,,,,N/A,NO_STRESS
2025-06-27,16.32,87.93000030517578,3.02,8.88,5.860000000000001,-0.3581483980291938,-1.4364872229241359,,,0.43783068783068785,0.03571428571428571,,,,,,,N/A,NO_STRESS
2025-06-30,16.73,90.26000213623047,2.96,8.86,5.8999999999999995,-0.27916568235330375,-1.2990600211572094,,,0.4623015873015873,0.05555555555555555,,,,,,,N/A,NO_STRESS
2025-07-01,16.83,93.4800033569336,2.91,8.76,5.85,-0.2593154341917543,-1.1113901864220384,,,0.4728835978835979,0.11970899470899471,,,,,,,N/A,NO_STRESS
2025-07-02,16.64,91.37000274658203,2.88,8.71,5.830000000000001,-0.2948315801526282,-1.2292280354859388,,,0.4603174603174603,0.07804232804232804,,,,,,,N/A,NO_STRESS
2025-07-03,16.38,86.08999633789062,2.8,8.61,5.81,-0.34340188490285023,-1.5272154654786574,,,0.4444444444444444,0.021164021164021163,,,,,,,N/A,NO_STRESS
2025-07-04,17.48,86.08999633789062,2.8,8.61,5.81,-0.13198734157785522,-1.5228722248555047,,,0.5370370370370371,0.021825396825396824,,,,,,,N/A,NO_STRESS
2025-07-07,17.79,88.52999877929688,2.86,8.59,5.73,-0.07124804157910784,-1.3793376090105214,,,0.5582010582010583,0.04365079365079365,,,,,,,N/A,NO_STRESS
2025-07-08,16.81,88.05000305175781,2.92,8.6,5.68,-0.25717055407010564,-1.402848056177714,,,0.4742063492063492,0.03968253968253968,,,,,,,N/A,NO_STRESS
2025-07-09,15.94,84.30999755859375,2.94,8.57,5.630000000000001,-0.42215076745561275,-1.611539785908985,,,0.41005291005291006,0.010582010582010581,,,,,,,N/A,NO_STRESS
2025-07-10,15.78,81.58000183105469,2.92,8.53,5.609999999999999,-0.4508205350952625,-1.761191581774173,,,0.3921957671957672,0.0013227513227513227,,,,,,,N/A,NO_STRESS
2025-07-11,16.4,85.4800033569336,2.97,8.57,5.6,-0.3301050349663927,-1.534013690677354,,,0.4497354497354497,0.01984126984126984,,,,,,,N/A,NO_STRESS
2025-07-14,17.2,90.7300033569336,2.95,8.54,5.589999999999999,-0.17466132699702097,-1.2314280735573246,,,0.5211640211640212,0.07341269841269842,,,,,,,N/A,NO_STRESS
2025-07-15,17.38,88.94999694824219,2.95,8.51,5.56,-0.1381290092022577,-1.3289971209674305,,,0.5370370370370371,0.05026455026455026,,,,,,,N/A,NO_STRESS
2025-07-16,17.16,89.5199966430664,3.0,8.57,5.57,-0.1785546056031825,-1.29289964282119,,,0.5158730158730159,0.056878306878306875,,,,,,,N/A,NO_STRESS
2025-07-17,16.52,85.56999969482422,2.91,8.52,5.609999999999999,-0.29994541408599074,-1.5128321881512279,,,0.45701058201058203,0.021164021164021163,,,,,,,N/A,NO_STRESS
2025-07-18,16.41,83.29000091552734,2.93,8.54,5.609999999999999,-0.3191904818951596,-1.636850035478615,,,0.45171957671957674,0.007936507936507936,,,,,,,N/A,NO_STRESS
2025-07-21,16.65,86.62000274658203,2.89,8.44,5.549999999999999,-0.2707202251043388,-1.4439216558495682,,,0.4695767195767196,0.03968253968253968,,,,,,,N/A,NO_STRESS
2025-07-22,16.5,89.88999938964844,2.9,8.42,5.52,-0.29797072423038207,-1.2552101434200642,,,0.4576719576719577,0.06613756613756613,,,,,,,N/A,NO_STRESS
2025-07-23,15.37,85.94999694824219,2.83,8.34,5.51,-0.5150840008367381,-1.4739726549512622,,,0.36574074074074076,0.027777777777777776,,,,,,,N/A,NO_STRESS
2025-07-24,15.39,82.75,2.82,8.31,5.49,-0.5095099967552525,-1.6495535486164559,,,0.37037037037037035,0.006613756613756613,,,,,,,N/A,NO_STRESS
2025-07-25,14.93,82.08999633789062,2.84,8.34,5.5,-0.596790988910837,-1.6810750594079982,,,0.3333333333333333,0.0026455026455026454,,,,,,,N/A,NO_STRESS
2025-07-28,15.03,83.7300033569336,2.82,8.27,5.449999999999999,-0.5753531907513452,-1.5834927086509831,,,0.3445767195767196,0.01455026455026455,,,,,,,N/A,NO_STRESS
2025-07-29,15.98,85.06999969482422,2.86,8.35,5.49,-0.3886495303368562,-1.5032802446048008,,,0.42394179894179895,0.023809523809523808,,,,,,,N/A,NO_STRESS
2025-07-30,15.48,81.87999725341797,2.89,8.39,5.5,-0.4839958066647556,-1.6771468541211791,,,0.38095238095238093,0.0026455026455026454,,,,,,,N/A,NO_STRESS
2025-07-31,16.72,79.83999633789062,2.86,8.24,5.380000000000001,-0.24009610967767356,-1.785346951469449,,,0.48148148148148145,0.0013227513227513227,,,,,,,N/A,NO_STRESS
2025-08-01,20.38,83.83000183105469,3.13,8.67,5.54,0.4770070314075956,-1.5568121696984984,,,0.7632275132275133,0.018518518518518517,,,,,,,N/A,NO_STRESS
2025-08-04,17.52,87.94999694824219,3.02,8.47,5.450000000000001,-0.08020450980848778,-1.32220794371155,,,0.5648148148148148,0.0582010582010582,,,,,,,N/A,NO_STRESS
2025-08-05,17.85,89.19999694824219,2.98,8.44,5.459999999999999,-0.01290714730683272,-1.2486869165023238,,,0.5886243386243386,0.06878306878306878,,,,,,,N/A,NO_STRESS
2025-08-06,16.77,83.88999938964844,2.98,8.39,5.41,-0.22295501355325945,-1.5417546729686336,,,0.4880952380952381,0.021164021164021163,,,,,,,N/A,NO_STRESS
2025-08-07,16.57,80.1500015258789,2.95,8.35,5.3999999999999995,-0.25983515354660686,-1.7459647014986037,,,0.47354497354497355,0.0026455026455026454,,,,,,,N/A,NO_STRESS
2025-08-08,15.15,79.19999694824219,2.94,8.29,5.35,-0.5389467218919702,-1.7964925108339724,,,0.3544973544973545,0.0013227513227513227,,,,,,,N/A,NO_STRESS
2025-08-11,16.25,81.76000213623047,2.94,8.35,5.41,-0.3177909129140505,-1.6518667004641583,,,0.4470899470899471,0.006613756613756613,,,,,,,N/A,NO_STRESS
2025-08-12,14.73,77.41999816894531,2.93,8.27,5.34,-0.619902948607154,-1.8944926702947793,,,0.31216931216931215,0.0013227513227513227,,,,,,,N/A,NO_STRESS
2025-08-13,14.49,77.30999755859375,2.9,8.16,5.26,-0.6667697159230705,-1.8964003489252124,,,0.2923280423280423,0.0013227513227513227,,,,,,,N/A,NO_STRESS
2025-08-14,14.83,76.7699966430664,2.89,8.11,5.219999999999999,-0.5966683471881756,-1.9211794769910444,,,0.32605820105820105,0.0013227513227513227,,,,,,,N/A,NO_STRESS
2025-08-15,15.09,76.66000366210938,2.88,8.12,5.239999999999999,-0.5420949898108582,-1.9241691658721563,,,0.3544973544973545,0.0013227513227513227,,,,,,,N/A,NO_STRESS
2025-08-18,14.99,81.81999969482422,2.88,8.16,5.28,-0.5605095520829103,-1.6304663696104678,,,0.3425925925925926,0.013227513227513227,,,,,,,N/A,NO_STRESS
2025-08-19,15.57,82.1500015258789,2.9,8.17,5.27,-0.4399697303555219,-1.6096656021822502,,,0.39285714285714285,0.017195767195767195,,,,,,,N/A,NO_STRESS
2025-08-20,15.69,80.75,2.94,8.24,5.300000000000001,-0.4132199875825545,-1.6869413585994688,,,0.4041005291005291,0.010582010582010581,,,,,,,N/A,NO_STRESS
2025-08-21,16.6,80.5199966430664,2.95,8.26,5.31,-0.2231852497812509,-1.696902173792094,,,0.4894179894179894,0.010582010582010581,,,,,,,N/A,NO_STRESS
2025-08-22,14.22,78.0999984741211,2.88,8.17,5.29,-0.7145156452288705,-1.830793480984655,,,0.2619047619047619,0.006613756613756613,,,,,,,N/A,NO_STRESS
2025-08-25,14.79,77.55999755859375,2.8,8.09,5.29,-0.5950084605456674,-1.8595883300619336,,,0.3220899470899471,0.006613756613756613,,,,,,,N/A,NO_STRESS
2025-08-26,14.62,79.36000061035156,2.78,7.89,5.109999999999999,-0.6298799911782426,-1.7569445097907042,,,0.30423280423280424,0.010582010582010581,,,,,,,N/A,NO_STRESS
2025-08-27,14.85,77.66000366210938,2.78,7.85,5.07,-0.5799815579434867,-1.8522964205987618,,,0.3353174603174603,0.007936507936507936,,,,,,,N/A,NO_STRESS
2025-08-28,14.43,77.55000305175781,2.75,7.83,5.08,-0.6681609719645767,-1.8561204392221955,,,0.2843915343915344,0.006613756613756613,,,,,,,N/A,NO_STRESS
2025-08-29,15.36,79.38999938964844,2.82,7.88,5.0600000000000005,-0.46771084095043597,-1.7478074038360747,,,0.38095238095238093,0.01455026455026455,,,,,,,N/A,NO_STRESS
2025-08-31,15.36,79.38999938964844,2.84,7.98,5.140000000000001,-0.4657425940639871,-1.7442073006484509,,,0.3816137566137566,0.01521164021164021,,,,,,,N/A,NO_STRESS
2025-09-01,16.12,79.38999938964844,2.84,7.98,5.140000000000001,-0.29916029810140987,-1.7410512719599194,,,0.4583333333333333,0.015873015873015872,,,,,,,N/A,NO_STRESS
2025-09-02,17.17,85.27999877929688,2.92,8.14,5.220000000000001,-0.06799886182871889,-1.4009237268009536,,,0.5601851851851852,0.05555555555555555,,,,,,,N/A,NO_STRESS
2025-09-03,16.35,89.66999816894531,2.88,8.06,5.180000000000001,-0.24407612162751421,-1.1466252279693956,,,0.4748677248677249,0.10582010582010581,,,,,,,N/A,NO_STRESS
2025-09-04,15.3,88.26000213623047,2.84,8.05,5.210000000000001,-0.47210667901426384,-1.2277116584833523,,,0.3783068783068783,0.08994708994708994,,,,,,,N/A,NO_STRESS
2025-09-05,15.18,85.29000091552734,2.83,8.03,5.199999999999999,-0.4965102594538943,-1.3988310834516258,,,0.36904761904761907,0.056878306878306875,,,,,,,N/A,NO_STRESS
2025-09-08,15.11,84.0,2.84,8.01,5.17,-0.5099355457405236,-1.4709017358177598,,,0.3664021164021164,0.047619047619047616,,,,,,,N/A,NO_STRESS
2025-09-09,15.04,82.19999694824219,2.87,8.05,5.180000000000001,-0.5234315499303379,-1.5728584665546068,,,0.3584656084656085,0.031746031746031744,,,,,,,N/A,NO_STRESS
2025-09-10,15.35,79.58000183105469,2.84,8.0,5.16,-0.45244629506047346,-1.7226246263352178,,,0.3855820105820106,0.018518518518518517,,,,,,,N/A,NO_STRESS
2025-09-11,14.71,75.06999969482422,2.78,7.92,5.140000000000001,-0.5929848662386592,-1.982689550881007,,,0.3134920634920635,0.0013227513227513227,,,,,,,N/A,NO_STRESS
2025-09-12,14.76,73.37000274658203,2.79,7.97,5.18,-0.5797994145542992,-2.0779289898967606,,,0.32341269841269843,0.0013227513227513227,,,,,,,N/A,NO_STRESS
2025-09-15,15.69,76.87999725341797,2.75,7.94,5.19,-0.36960277824129173,-1.867273958541375,,,0.42328042328042326,0.006613756613756613,,,,,,,N/A,NO_STRESS
2025-09-16,16.36,77.08999633789062,2.79,8.07,5.28,-0.217175876061289,-1.8493721960831917,,,0.4887566137566138,0.007936507936507936,,,,,,,N/A,NO_STRESS
2025-09-17,15.72,75.94999694824219,2.79,8.08,5.29,-0.35894963170080946,-1.9091939839216436,,,0.42592592592592593,0.003968253968253968,,,,,,,N/A,NO_STRESS
2025-09-18,15.7,71.91000366210938,2.71,7.95,5.24,-0.3614458957196878,-2.1366448147321324,,,0.42592592592592593,0.0013227513227513227,,,,,,,N/A,NO_STRESS
2025-09-19,15.45,72.51000213623047,2.72,7.97,5.25,-0.41569593832932367,-2.0928557749214796,,,0.4074074074074074,0.0026455026455026454,,,,,,,N/A,NO_STRESS
2025-09-22,16.1,75.80000305175781,2.69,7.9,5.210000000000001,-0.26655594360456275,-1.8939863126169074,,,0.4722222222222222,0.006613756613756613,,,,,,,N/A,NO_STRESS
2025-09-23,16.64,75.66000366210938,2.71,7.93,5.22,-0.14237253429333016,-1.8948760566022764,,,0.5218253968253969,0.006613756613756613,,,,,,,N/A,NO_STRESS
2025-09-24,16.18,75.12999725341797,2.7,7.94,5.24,-0.24501622147324884,-1.9181739479986133,,,0.48148148148148145,0.006613756613756613,,,,,,,N/A,NO_STRESS
2025-09-25,16.74,75.44000244140625,2.76,8.03,5.27,-0.11596376135196693,-1.892884790932442,,,0.5317460317460317,0.007936507936507936,,,,,,,N/A,NO_STRESS
2025-09-26,15.29,74.37999725341797,2.75,8.01,5.26,-0.4435484657773823,-1.9468568446887444,,,0.38425925925925924,0.005291005291005291,,,,,,,N/A,NO_STRESS
2025-09-29,16.12,75.51000213623047,2.74,7.98,5.24,-0.2525453682694593,-1.8752168952631099,,,0.47619047619047616,0.010582010582010581,,,,,,,N/A,NO_STRESS
2025-09-30,16.28,77.93000030517578,2.8,8.07,5.2700000000000005,-0.214072256938987,-1.7304625430032865,,,0.49074074074074076,0.027777777777777776,,,,,,,N/A,NO_STRESS
2025-10-01,16.29,73.5,2.81,8.1,5.289999999999999,-0.20997166132267078,-1.9780357823877548,,,0.49206349206349204,0.005291005291005291,,,,,,,N/A,NO_STRESS
2025-10-02,16.63,71.20999908447266,2.81,8.12,5.309999999999999,-0.13060468171799638,-2.1015325082601684,,,0.5277777777777778,0.0013227513227513227,,,,,,,N/A,NO_STRESS
2025-10-03,16.65,69.52999877929688,2.8,8.11,5.31,-0.12469318548554544,-2.1892378597867785,,,0.5324074074074074,0.0013227513227513227,,,,,,,N/A,NO_STRESS
2025-10-06,16.37,72.98999786376953,2.76,8.04,5.279999999999999,-0.187674478215825,-1.9845853717161945,,,0.5026455026455027,0.006613756613756613,,,,,,,N/A,NO_STRESS
2025-10-07,17.24,75.43000030517578,2.82,8.12,5.299999999999999,0.012607931273829831,-1.8394780451548804,,,0.6038359788359788,0.01455026455026455,,,,,,,N/A,NO_STRESS
2025-10-08,16.3,74.87000274658203,2.84,8.19,5.35,-0.20161979579659556,-1.8650162843626403,,,0.4933862433862434,0.011904761904761904,,,,,,,N/A,NO_STRESS
2025-10-09,16.43,74.12000274658203,2.95,8.38,5.430000000000001,-0.17020990269721992,-1.9013515503425646,,,0.5125661375661376,0.010582010582010581,,,,,,,N/A,NO_STRESS
2025-10-10,21.66,81.6500015258789,3.18,8.74,5.5600000000000005,1.0300100176388602,-1.46764209325426,,,0.8862433862433863,0.05423280423280423,,,,,,,N/A,EQUITY_DRIVEN
2025-10-13,19.03,81.6500015258789,3.18,8.74,5.5600000000000005,0.4270786756050842,-1.463369266999634,,,0.7433862433862434,0.05489417989417989,,,,,,,N/A,NO_STRESS
2025-10-14,20.81,79.94999694824219,3.11,8.63,5.520000000000001,0.8351905617430783,-1.5553136899674966,,,0.8531746031746031,0.04894179894179894,,,,,,,N/A,EQUITY_DRIVEN
2025-10-15,20.64,75.11000061035156,2.95,8.47,5.5200000000000005,0.7954623489167787,-1.8241118009868125,,,0.8432539682539683,0.015873015873015872,,,,,,,N/A,EQUITY_DRIVEN
2025-10-16,25.31,81.2300033569336,3.04,8.56,5.5200000000000005,1.8620323729894201,-1.4719437003582447,,,0.966931216931217,0.05555555555555555,,,,,,,N/A,EQUITY_DRIVEN
2025-10-17,20.78,78.62000274658203,3.04,8.57,5.53,0.8254282655257434,-1.6152582410045717,,,0.8518518518518519,0.041005291005291,,,,,,,N/A,EQUITY_DRIVEN
2025-10-20,18.23,77.22000122070312,2.99,8.48,5.49,0.24283225834974653,-1.689553822226233,,,0.6838624338624338,0.031746031746031744,,,,,,,N/A,NO_STRESS
2025-10-21,17.87,77.18000030517578,2.97,8.47,5.5,0.16176024664098917,-1.6865352711309458,,,0.6541005291005291,0.031746031746031744,,,,,,,N/A,NO_STRESS
2025-10-22,18.6,75.48999786376953,3.01,8.54,5.529999999999999,0.3309510699231406,-1.7768236373010957,,,0.716931216931217,0.021164021164021163,,,,,,,N/A,NO_STRESS
2025-10-23,17.3,74.05000305175781,2.96,8.53,5.569999999999999,0.034659333726932334,-1.8539206056183177,,,0.6104497354497355,0.010582010582010581,,,,,,,N/A,NO_STRESS
2025-10-24,16.37,68.94000244140625,2.88,8.43,5.55,-0.17778836400377995,-2.1356393781524634,,,0.5046296296296297,0.0013227513227513227,,,,,,,N/A,NO_STRESS
2025-10-27,15.79,66.87000274658203,2.8,8.27,5.47,-0.3100032529667776,-2.2421323583595094,,,0.4365079365079365,0.0013227513227513227,,,,,,,N/A,NO_STRESS
2025-10-28,16.42,67.30000305175781,2.82,8.29,5.469999999999999,-0.1629427023026462,-2.207526725746924,,,0.5145502645502645,0.0026455026455026454,,,,,,,N/A,NO_STRESS
2025-10-29,16.92,65.75,2.76,8.22,5.460000000000001,-0.04581206141471463,-2.2834307499122546,,,0.5687830687830688,0.0013227513227513227,,,,,,,N/A,NO_STRESS
2025-10-30,16.91,66.87999725341797,2.85,8.33,5.48,-0.046485028350512755,-2.209743269960922,,,0.5687830687830688,0.003968253968253968,,,,,,,N/A,NO_STRESS
2025-10-31,17.44,66.61000061035156,2.94,8.65,5.710000000000001,0.07742112465218798,-2.2144911474099476,,,0.626984126984127,0.0026455026455026454,,,,,,,N/A,NO_STRESS
2025-11-03,17.17,67.2300033569336,3.04,8.85,5.81,0.01580641444222378,-2.169952711849809,,,0.6018518518518519,0.006613756613756613,,,,,,,N/A,NO_STRESS
2025-11-04,19.0,68.0199966430664,3.13,8.97,5.840000000000001,0.4408268466073826,-2.116658889076366,,,0.7559523809523809,0.009259259259259259,,,,,,,N/A,NO_STRESS
2025-11-05,18.01,72.41999816894531,3.05,8.85,5.8,0.21237442865816739,-1.8658154948020245,,,0.6772486772486772,0.015873015873015872,,,,,,,N/A,NO_STRESS
2025-11-06,19.5,72.44000244140625,3.13,8.9,5.7700000000000005,0.5584322399897145,-1.8576509733384314,,,0.8015873015873016,0.017195767195767195,,,,,,,N/A,EQUITY_DRIVEN
2025-11-07,19.08,74.41000366210938,3.15,8.98,5.83,0.46208784739367187,-1.7430476689382497,,,0.7645502645502645,0.027777777777777776,,,,,,,N/A,NO_STRESS
2025-11-10,17.6,78.86000061035156,3.02,8.88,5.860000000000001,0.12012970565456269,-1.4933406496164727,,,0.6441798941798942,0.062169312169312166,,,,,,,N/A,NO_STRESS
2025-11-11,17.28,78.86000061035156,3.02,8.88,5.860000000000001,0.047111085993570584,-1.4887431700243567,,,0.6177248677248677,0.06283068783068783,,,,,,,N/A,NO_STRESS
2025-11-12,17.51,81.12000274658203,3.02,8.95,5.93,0.1019264415198566,-1.3605941885560546,,,0.6388888888888888,0.07936507936507936,,,,,,,N/A,NO_STRESS
2025-11-13,20.0,79.0999984741211,3.09,9.07,5.98,0.68194402432776,-1.4670638854333455,,,0.832010582010582,0.06481481481481481,,,,,,,N/A,EQUITY_DRIVEN
2025-11-14,19.83,79.70999908447266,3.07,9.02,5.949999999999999,0.6439373481263083,-1.4296721525807323,,,0.8247354497354498,0.07407407407407407,,,,,,,N/A,EQUITY_DRIVEN
2025-11-17,22.38,82.58000183105469,3.13,9.08,5.95,1.237637334155697,-1.2687650246946072,,,0.9265873015873016,0.0992063492063492,,,,,,,N/A,EQUITY_DRIVEN
2025-11-18,24.69,83.18000030517578,3.2,9.22,6.0200000000000005,1.7731077828673023,-1.2324511539300897,,,0.9576719576719577,0.10317460317460317,,,,,,,N/A,EQUITY_DRIVEN
2025-11-19,23.66,84.31999969482422,3.17,9.19,6.02,1.531211033792399,-1.1669329546363516,,,0.9457671957671958,0.11772486772486772,,,,,,,N/A,EQUITY_DRIVEN
2025-11-20,26.42,77.80999755859375,3.17,9.2,6.029999999999999,2.1664596040580273,-1.5186632250914676,,,0.9695767195767195,0.0582010582010582,,,,,,,N/A,EQUITY_DRIVEN
2025-11-21,23.43,78.80999755859375,3.19,9.2,6.01,1.470702737734086,-1.459523673967129,,,0.9391534391534392,0.06349206349206349,,,,,,,N/A,EQUITY_DRIVEN
2025-11-24,20.52,76.81999969482422,3.15,9.19,6.039999999999999,0.796811408679977,-1.5632262775082237,,,0.8591269841269841,0.046296296296296294,,,,,,,N/A,EQUITY_DRIVEN
2025-11-25,18.56,72.81999969482422,3.1,9.16,6.0600000000000005,0.34274517790839193,-1.7750482565768038,,,0.7275132275132276,0.01984126984126984,,,,,,,N/A,NO_STRESS
2025-11-26,17.19,71.9000015258789,3.0,9.14,6.140000000000001,0.025644053676359177,-1.8183773559022618,,,0.6051587301587301,0.01455026455026455,,,,,,,N/A,NO_STRESS
2025-11-27,17.21,71.9000015258789,3.0,9.14,6.140000000000001,0.03098401736664989,-1.8116660107227995,,,0.6130952380952381,0.01521164021164021,,,,,,,N/A,NO_STRESS
2025-11-28,16.35,68.94999694824219,2.95,9.17,6.22,-0.16745390712129135,-1.9638663966002168,,,0.5006613756613757,0.011904761904761904,,,,,,,N/A,NO_STRESS
2025-11-30,16.35,68.94999694824219,2.92,8.94,6.02,-0.16629064782560155,-1.9559667327758528,,,0.5013227513227513,0.012566137566137565,,,,,,,N/A,NO_STRESS
2025-12-01,17.24,71.3499984741211,2.94,8.97,6.030000000000001,0.041128444627544135,-1.8196208522559472,,,0.6203703703703703,0.017195767195767195,,,,,,,N/A,NO_STRESS
2025-12-02,16.59,69.91000366210938,2.92,8.97,6.050000000000001,-0.10870266389983223,-1.8898504899911788,,,0.5337301587301587,0.015873015873015872,,,,,,,N/A,NO_STRESS
2025-12-03,16.08,66.45999908447266,2.89,8.79,5.899999999999999,-0.2259648021115126,-2.066372991469237,,,0.47156084656084657,0.0026455026455026454,,,,,,,N/A,NO_STRESS
2025-12-04,15.78,65.69000244140625,2.88,8.78,5.8999999999999995,-0.2945825561752819,-2.0984043938071433,,,0.4351851851851852,0.0013227513227513227,,,,,,,N/A,NO_STRESS
2025-12-05,15.41,67.27999877929688,2.85,8.68,5.83,-0.3793692690684141,-2.0051992225691486,,,0.4041005291005291,0.010582010582010581,,,,,,,N/A,NO_STRESS
2025-12-08,16.66,72.30000305175781,2.89,8.71,5.82,-0.08854481848791365,-1.731818830112197,,,0.5502645502645502,0.027777777777777776,,,,,,,N/A,NO_STRESS
2025-12-09,16.93,75.37999725341797,2.89,8.76,5.869999999999999,-0.025372856960162733,-1.5636443056506124,,,0.5813492063492064,0.04894179894179894,,,,,,,N/A,NO_STRESS
2025-12-10,15.77,68.62000274658203,2.91,8.83,5.92,-0.29351335342267426,-1.9156588867033275,,,0.43386243386243384,0.01455026455026455,,,,,,,N/A,NO_STRESS
2025-12-11,14.85,69.23999786376953,2.88,8.77,5.89,-0.5058053030197938,-1.8763737588071339,,,0.33994708994708994,0.01984126984126984,,,,,,,N/A,NO_STRESS
2025-12-12,15.74,69.25,2.91,8.76,5.85,-0.2984278878894472,-1.869721209604935,,,0.43386243386243384,0.021164021164021163,,,,,,,N/A,NO_STRESS
2025-12-15,16.5,73.30999755859375,2.91,8.79,5.879999999999999,-0.1212412286069052,-1.6509544615573766,,,0.5324074074074074,0.03968253968253968,,,,,,,N/A,NO_STRESS
2025-12-16,16.48,67.13999938964844,2.98,8.87,5.889999999999999,-0.1253247119682228,-1.9687550727361132,,,0.5317460317460317,0.009259259259259259,,,,,,,N/A,NO_STRESS
2025-12-17,17.62,62.7400016784668,2.99,8.92,5.93,0.14006663612101727,-2.18995209000343,,,0.6732804232804233,0.0013227513227513227,,,,,,,N/A,NO_STRESS
2025-12-18,16.87,60.0099983215332,2.95,8.91,5.96,-0.03363618120473407,-2.321604525548452,,,0.580026455026455,0.0013227513227513227,,,,,,,N/A,NO_STRESS
2025-12-19,14.91,59.40999984741211,2.9,8.84,5.9399999999999995,-0.48764421344935616,-2.3415608315898018,,,0.3458994708994709,0.0013227513227513227,,,,,,,N/A,NO_STRESS
2025-12-22,14.08,61.70000076293945,2.88,8.8,5.920000000000001,-0.6786037381405884,-2.2124867475276297,,,0.24603174603174602,0.003968253968253968,,,,,,,N/A,NO_STRESS
2025-12-23,14.0,61.16999816894531,2.83,8.73,5.9,-0.6952772630815066,-2.2293584615470987,,,0.2400793650793651,0.003968253968253968,,,,,,,N/A,NO_STRESS
2025-12-24,13.47,59.47999954223633,2.84,8.75,5.91,-0.8163295486001391,-2.305162108833518,,,0.16534391534391535,0.0026455026455026454,,,,,,,N/A,NO_STRESS
2025-12-25,13.47,59.47999954223633,2.84,8.75,5.91,-0.8144070536174124,-2.29379864139858,,,0.16600529100529102,0.0033068783068783067,,,,,,,N/A,NO_STRESS
2025-12-26,13.6,58.5,2.86,8.8,5.940000000000001,-0.7825024617863646,-2.332295529009262,,,0.18981481481481483,0.0013227513227513227,,,,,,,N/A,NO_STRESS
2025-12-29,14.2,59.209999084472656,2.87,8.78,5.909999999999999,-0.6413568539951982,-2.2847362343554,,,0.26851851851851855,0.0026455026455026454,,,,,,,N/A,NO_STRESS
2025-12-30,14.33,63.97999954223633,2.84,8.73,5.890000000000001,-0.6094624208594182,-2.0331440808071335,,,0.2830687830687831,0.013227513227513227,,,,,,,N/A,NO_STRESS
2025-12-31,14.95,63.959999084472656,2.81,8.85,6.039999999999999,-0.46372650819150185,-2.025654252657892,,,0.3611111111111111,0.013227513227513227,,,,,,,N/A,NO_STRESS
2026-01-01,14.95,63.959999084472656,2.81,8.85,6.039999999999999,-0.4618073517964533,-2.0173050378145736,,,0.36177248677248675,0.013888888888888888,,,,,,,N/A,NO_STRESS
2026-01-02,14.51,62.36000061035156,2.83,8.88,6.050000000000001,-0.5622654603072871,-2.089123300635806,,,0.3082010582010582,0.011904761904761904,,,,,,,N/A,NO_STRESS
2026-01-05,14.9,64.70999908447266,2.81,8.83,6.02,-0.4697443257293263,-1.9626810960288223,,,0.3544973544973545,0.018518518518518517,,,,,,,N/A,NO_STRESS
2026-01-06,14.75,65.81999969482422,2.79,8.74,5.95,-0.502888590530944,-1.8996413900588602,,,0.3333333333333333,0.022486772486772486,,,,,,,N/A,NO_STRESS
2026-01-07,15.38,66.1500015258789,2.79,8.7,5.909999999999999,-0.3544566114275592,-1.8759385408177576,,,0.41798941798941797,0.023809523809523808,,,,,,,N/A,NO_STRESS
2026-01-08,15.45,66.94000244140625,2.76,8.68,5.92,-0.3366570657292923,-1.829727393493777,,,0.4305555555555556,0.03042328042328042,,,,,,,N/A,NO_STRESS
2026-01-09,14.49,61.54999923706055,2.74,8.65,5.91,-0.5589869427215372,-2.0905725637260075,,,0.3048941798941799,0.010582010582010581,,,,,,,N/A,NO_STRESS
2026-01-12,15.12,62.900001525878906,2.74,8.64,5.9,-0.4105940113259742,-2.0151010801467053,,,0.3915343915343915,0.015873015873015872,,,,,,,N/A,NO_STRESS
2026-01-13,15.98,60.790000915527344,2.75,8.64,5.890000000000001,-0.20903218489931968,-2.1112012802890368,,,0.49206349206349204,0.009259259259259259,,,,,,,N/A,NO_STRESS
2026-01-14,16.75,58.11000061035156,2.76,8.63,5.870000000000001,-0.028662908790631828,-2.234686930662504,,,0.5886243386243386,0.0013227513227513227,,,,,,,N/A,NO_STRESS
2026-01-15,15.84,56.13999938964844,2.71,8.56,5.8500000000000005,-0.24007089022827477,-2.3224545005243935,,,0.47156084656084657,0.0013227513227513227,,,,,,,N/A,NO_STRESS
2026-01-16,15.86,58.04999923706055,2.65,8.52,5.869999999999999,-0.23442918744504657,-2.218518113353604,,,0.47685185185185186,0.0026455026455026454,,,,,,,N/A,NO_STRESS
2026-01-19,18.84,58.04999923706055,2.65,8.51,5.859999999999999,0.4634011291717917,-2.209164478417197,,,0.7890211640211641,0.0033068783068783067,,,,,,,N/A,NO_STRESS
2026-01-20,20.09,66.66999816894531,2.73,8.64,5.91,0.7586349104635784,-1.77972518510668,,,0.8578042328042328,0.037037037037037035,,,,,,,N/A,EQUITY_DRIVEN
2026-01-21,16.9,59.560001373291016,2.69,8.55,5.860000000000001,0.014215538726277541,-2.133685436706199,,,0.6130952380952381,0.013227513227513227,,,,,,,N/A,NO_STRESS
2026-01-22,15.64,56.5,2.64,8.43,5.789999999999999,-0.2799821945377818,-2.2867676991353885,,,0.4417989417989418,0.0026455026455026454,,,,,,,N/A,NO_STRESS
2026-01-23,16.09,56.25,2.68,8.49,5.8100000000000005,-0.1714162791274908,-2.3007834981668203,,,0.5092592592592593,0.0026455026455026454,,,,,,,N/A,NO_STRESS
2026-01-26,16.15,55.77000045776367,2.69,8.52,5.83,-0.15531997593991842,-2.3256468950417455,,,0.5211640211640212,0.0013227513227513227,,,,,,,N/A,NO_STRESS
2026-01-27,16.35,56.119998931884766,2.71,8.46,5.750000000000001,-0.10543148215821742,-2.3152400784433644,,,0.5403439153439153,0.0026455026455026454,,,,,,,N/A,NO_STRESS
2026-01-28,16.35,57.43000030517578,2.72,8.38,5.66,-0.10319149354701057,-2.2581193498826755,,,0.541005291005291,0.007936507936507936,,,,,,,N/A,NO_STRESS
2026-01-29,16.88,60.72999954223633,2.77,8.54,5.77,0.02424238252849314,-2.090603166153925,,,0.6177248677248677,0.022486772486772486,,,,,,,N/A,NO_STRESS
2026-01-30,17.44,59.20000076293945,2.8,8.55,5.750000000000001,0.15917340558103832,-2.162618019664139,,,0.6898148148148148,0.01455026455026455,,,,,,,N/A,NO_STRESS
2026-01-31,17.44,59.20000076293945,2.88,8.74,5.86,0.16100612014840043,-2.158979560112437,,,0.6904761904761905,0.01521164021164021,,,,,,,N/A,NO_STRESS
2026-02-02,16.34,59.29999923706055,2.81,8.68,5.869999999999999,-0.09972207865822326,-2.1590466428061217,,,0.5370370370370371,0.018518518518518517,,,,,,,N/A,NO_STRESS
2026-02-03,18.0,57.540000915527344,2.85,8.74,5.890000000000001,0.29750866831807965,-2.249235424617905,,,0.7440476190476191,0.009259259259259259,,,,,,,N/A,NO_STRESS
2026-02-04,18.64,57.5099983215332,2.86,8.8,5.940000000000001,0.45089618773815926,-2.2484446377732077,,,0.7962962962962963,0.009259259259259259,,,,,,,N/A,NO_STRESS
2026-02-05,21.77,62.15999984741211,2.97,9.0,6.029999999999999,1.196906530320861,-2.0056834436522486,,,0.9232804232804233,0.03571428571428571,,,,,,,N/A,EQUITY_DRIVEN
2026-02-06,17.76,63.619998931884766,2.87,8.92,6.05,0.2400918392601383,-1.9256801820410496,,,0.7248677248677249,0.041005291005291,,,,,,,N/A,NO_STRESS
2026-02-09,17.36,62.7400016784668,2.84,8.87,6.029999999999999,0.145032635779148,-1.965460886403618,,,0.6878306878306878,0.03902116402116402,,,,,,,N/A,NO_STRESS
2026-02-10,17.79,64.55000305175781,2.86,8.92,6.0600000000000005,0.24796982935173284,-1.8671341076703591,,,0.7294973544973545,0.047619047619047616,,,,,,,N/A,NO_STRESS
2026-02-11,17.65,61.349998474121094,2.84,8.85,6.01,0.21499834856243996,-2.029223120942004,,,0.7182539682539683,0.03306878306878307,,,,,,,N/A,NO_STRESS
2026-02-12,20.82,68.56999969482422,2.92,8.97,6.050000000000001,0.9711675769214895,-1.654839795759817,,,0.9014550264550265,0.07142857142857142,,,,,,,N/A,EQUITY_DRIVEN
2026-02-13,20.6,70.0999984741211,2.95,9.06,6.11,0.9175313751257195,-1.5737408947710474,,,0.8888888888888888,0.08333333333333333,,,,,,,N/A,EQUITY_DRIVEN
2026-02-16,21.2,70.0999984741211,2.94,8.96,6.020000000000001,1.0591464168309104,-1.5721916687521473,,,0.9074074074074074,0.083994708994709,,,,,,,N/A,EQUITY_DRIVEN
2026-02-17,20.29,68.83999633789062,2.94,9.0,6.0600000000000005,0.8414740091304354,-1.6353814948053564,,,0.8716931216931217,0.07407407407407407,,,,,,,N/A,EQUITY_DRIVEN
2026-02-18,19.62,64.19000244140625,2.86,8.87,6.01,0.6815053379926435,-1.8743037187941487,,,0.8478835978835979,0.04894179894179894,,,,,,,N/A,EQUITY_DRIVEN
2026-02-19,20.23,68.02999877929688,2.88,8.88,6.000000000000001,0.826356288570983,-1.6687077776069374,,,0.8690476190476191,0.07275132275132275,,,,,,,N/A,EQUITY_DRIVEN
2026-02-20,19.09,64.2699966430664,2.86,8.87,6.01,0.5541659051857487,-1.8586159913031026,,,0.8187830687830688,0.05026455026455026,,,,,,,N/A,EQUITY_DRIVEN
2026-02-23,21.01,68.02999877929688,2.95,9.04,6.089999999999999,1.009758205191029,-1.6567941242096305,,,0.9047619047619048,0.07473544973544974,,,,,,,N/A,EQUITY_DRIVEN
2026-02-24,19.55,65.2699966430664,2.97,9.15,6.18,0.6610811653616738,-1.7946643668339395,,,0.8425925925925926,0.05423280423280423,,,,,,,N/A,EQUITY_DRIVEN
2026-02-25,17.93,62.43000030517578,2.94,9.18,6.24,0.2750646181549355,-1.935509361608508,,,0.7387566137566137,0.03968253968253968,,,,,,,N/A,NO_STRESS
2026-02-26,18.63,63.93000030517578,2.98,9.27,6.289999999999999,0.4409594151435046,-1.8511004698011375,,,0.7923280423280423,0.046296296296296294,,,,,,,N/A,NO_STRESS
2026-02-27,19.86,73.37999725341797,3.1,9.5,6.4,0.7326177170231543,-1.3562530774815054,,,0.8558201058201058,0.11375661375661375,,,,,,,N/A,EQUITY_DRIVEN
2026-02-28,19.86,73.37999725341797,3.12,9.52,6.3999999999999995,0.7313856322858048,-1.352453334231217,,,0.8551587301587301,0.11441798941798942,,,,,,,N/A,EQUITY_DRIVEN
2026-03-02,21.44,73.20999908447266,3.03,9.45,6.42,1.104862131813206,-1.3577246560254976,,,0.9126984126984127,0.1111111111111111,,,,,,,N/A,EQUITY_DRIVEN
2026-03-03,23.57,77.75,3.08,9.57,6.49,1.6070350216867366,-1.1198564730903693,,,0.9497354497354498,0.15608465608465608,,,,,,,N/A,EQUITY_DRIVEN
2026-03-04,21.15,70.02999877929688,2.97,9.42,6.449999999999999,1.0315134923640055,-1.5175405171225411,,,0.9034391534391535,0.09391534391534391,,,,,,,N/A,EQUITY_DRIVEN
2026-03-05,23.75,74.52999877929688,3.0,9.44,6.4399999999999995,1.6430598905570182,-1.279997956859853,,,0.9523809523809523,0.12566137566137567,,,,,,,N/A,EQUITY_DRIVEN
2026-03-06,29.49,81.26000213623047,3.13,9.59,6.46,2.9800072258680963,-0.9274791537987034,,,0.9801587301587301,0.18915343915343916,,,,,,,N/A,EQUITY_DRIVEN
2026-03-09,25.5,79.73999786376953,3.19,9.69,6.5,2.032516433878627,-1.0040965618871398,,,0.9682539682539683,0.17989417989417988,,,,,,,N/A,EQUITY_DRIVEN
2026-03-10,24.93,76.33000183105469,3.06,9.45,6.389999999999999,1.892071260366419,-1.1795403922543013,,,0.9642857142857143,0.14285714285714285,,,,,,,N/A,EQUITY_DRIVEN
2026-03-11,24.23,78.58999633789062,3.09,9.45,6.359999999999999,1.7230792479539505,-1.0594071981173239,,,0.953042328042328,0.16534391534391535,,,,,,,N/A,EQUITY_DRIVEN
2026-03-12,27.29,95.30000305175781,3.17,9.61,6.4399999999999995,2.427379226098643,-0.18370876875031125,,,0.9722222222222222,0.4113756613756614,,,,,,,N/A,EQUITY_DRIVEN
2026-03-13,27.19,91.16999816894531,3.28,9.78,6.5,2.3918933171241057,-0.3981618099612129,,,0.9708994708994709,0.3187830687830688,,,,,,,N/A,EQUITY_DRIVEN
2026-03-16,23.51,85.25,3.27,9.73,6.460000000000001,1.5337468353295476,-0.7070140113966801,,,0.9371693121693122,0.23544973544973544,,,,,,,N/A,EQUITY_DRIVEN
2026-03-17,22.37,79.2300033569336,3.22,9.63,6.41,1.2669362342224582,-1.0215828790298944,,,0.921957671957672,0.1746031746031746,,,,,,,N/A,EQUITY_DRIVEN
2026-03-18,25.09,81.25,3.2,9.64,6.44,1.8893417706186508,-0.9127580473102724,,,0.9616402116402116,0.19444444444444445,,,,,,,N/A,EQUITY_DRIVEN
2026-03-19,24.06,84.87999725341797,3.27,9.76,6.49,1.646427446703559,-0.7192035941727561,,,0.9444444444444444,0.23677248677248677,,,,,,,N/A,EQUITY_DRIVEN
2026-03-20,26.78,108.83999633789062,3.24,9.79,6.549999999999999,2.262504187563703,0.547309457999262,,,0.9682539682539683,0.6931216931216931,,,,,,,N/A,EQUITY_DRIVEN
2026-03-23,26.15,98.1500015258789,3.19,9.75,6.5600000000000005,2.1088404400164302,-0.015564211137336222,,,0.9642857142857143,0.4801587301587302,,,,,,,N/A,EQUITY_DRIVEN
2026-03-24,26.95,103.01000213623047,3.19,9.77,6.58,2.2814727645709,0.24404317190494274,,,0.9695767195767195,0.578042328042328,,,,,,,N/A,EQUITY_DRIVEN
2026-03-25,25.33,97.58999633789062,3.17,9.74,6.57,1.9046619249456007,-0.04178773147072039,,,0.9603174603174603,0.46164021164021163,,,,,,,N/A,EQUITY_DRIVEN
2026-03-26,27.44,115.0199966430664,3.21,9.84,6.63,2.37270296500619,0.8844026929468769,-0.1487586185368243,1.148664783997302,0.9722222222222222,0.8201058201058201,0.578042328042328,0.9173280423280423,0.9986772486772487,,,,N/A,BROAD_STRESS
2026-03-27,31.05,111.94999694824219,3.42,10.13,6.710000000000001,3.1658928947285268,0.7233506175458144,0.2761727143464709,1.4915393656180471,0.9880952380952381,0.7632275132275133,0.7083333333333334,0.9497354497354498,0.9986772486772487,,,,N/A,EQUITY_DRIVEN
2026-03-30,30.61,108.33000183105469,3.46,10.2,6.739999999999999,3.043905910336803,0.5335959414327673,0.3610150533158589,1.5764731285349687,0.9854497354497355,0.6825396825396826,0.7202380952380952,0.9603174603174603,0.9986772486772487,,,,N/A,EQUITY_DRIVEN
2026-03-31,25.25,96.05000305175781,3.28,9.94,6.66,1.8378754877776549,-0.11842031911167578,0.0009396349879443064,1.2755075247150929,0.9537037037037037,0.43386243386243384,0.6428571428571429,0.9292328042328042,0.996031746031746,,,,N/A,EQUITY_DRIVEN
2026-04-01,24.54,90.19000244140625,3.16,9.81,6.65,1.6753007083311904,-0.429211306864655,-0.239812224963795,1.1273318797849947,0.9391534391534392,0.3029100529100529,0.4973544973544973,0.908068783068783,0.9947089947089947,,,,N/A,EQUITY_DRIVEN
2026-04-02,23.87,84.41000366210938,3.17,9.88,6.710000000000001,1.5223370829978247,-0.7366822836707813,-0.21661184751699153,1.2138920395077772,0.9312169312169312,0.23148148148148148,0.5119047619047619,0.9259259259259259,0.9966931216931217,,,,N/A,EQUITY_DRIVEN
2026-04-03,23.87,84.41000366210938,3.13,9.89,6.760000000000001,1.5183083202318206,-0.735231086489483,-0.29610182107650634,1.2295200387041598,0.9305555555555556,0.23214285714285715,0.45436507936507936,0.9279100529100529,1.0,,,,N/A,EQUITY_DRIVEN
2026-04-06,24.17,81.68000030517578,3.05,9.76,6.71,1.5804421661896269,-0.881104590504383,-0.4587713417634594,1.0796030869945297,0.9345238095238095,0.20105820105820105,0.376984126984127,0.8842592592592593,0.9933862433862434,,,,N/A,EQUITY_DRIVEN
2026-04-07,25.78,83.1500015258789,3.12,9.83,6.71,1.9307082438124281,-0.8000391143688915,-0.31151024051663917,1.166796409251535,0.9576719576719577,0.21693121693121692,0.44113756613756616,0.9173280423280423,0.9927248677248677,,,,N/A,EQUITY_DRIVEN
2026-04-08,21.04,78.73999786376953,2.94,9.53,6.59,0.879485091301386,-1.0373758410163143,-0.6844958951846953,0.8140684289836151,0.8690476190476191,0.167989417989418,0.2976190476190476,0.8088624338624338,0.9854497354497355,,,,N/A,EQUITY_DRIVEN
2026-04-09,19.49,74.01000213623047,2.9,9.46,6.5600000000000005,0.53514446820004,-1.2912737875390408,-0.7671966552514392,0.7345020885416771,0.8015873015873016,0.12037037037037036,0.2612433862433862,0.7804232804232805,0.9794973544973545,,,,N/A,EQUITY_DRIVEN
2026-04-10,19.23,72.1500015258789,2.94,9.54,6.6,0.4762583905342031,-1.3886018654936718,-0.6814393669197985,0.8329892560059518,0.7890211640211641,0.10449735449735449,0.2996031746031746,0.8167989417989417,0.9854497354497355,,,,N/A,CCC_CREDIT_DRIVEN
2026-04-13,19.12,74.41999816894531,2.95,9.58,6.63,0.45064233921922214,-1.26177102608625,-0.6586309485297951,0.8835633222817516,0.7817460317460317,0.1283068783068783,0.31746031746031744,0.8326719576719577,0.9874338624338624,,,,N/A,CCC_CREDIT_DRIVEN
2026-04-14,18.36,74.3499984741211,2.84,9.31,6.470000000000001,0.2811798143048346,-1.2620578862546163,-0.8897923169551206,0.5619579598863207,0.7341269841269841,0.12566137566137567,0.1832010582010582,0.7076719576719577,0.9616402116402116,,,,N/A,NO_STRESS
2026-04-15,18.17,67.94000244140625,2.85,9.24,6.390000000000001,0.237935392505596,-1.6054599861300034,-0.866964535832287,0.4800201363842013,0.7208994708994709,0.07671957671957672,0.1984126984126984,0.6640211640211641,0.9411375661375662,,,,N/A,NO_STRESS
2026-04-16,17.94,65.88999938964844,2.86,9.21,6.350000000000001,0.18580065146224853,-1.7109398799774809,-0.8442411032390509,0.44608636887003966,0.705026455026455,0.062169312169312166,0.2123015873015873,0.6461640211640212,0.9312169312169312,,,,N/A,NO_STRESS
2026-04-17,17.48,65.69999694824219,2.83,9.12,6.289999999999999,0.08283159340183562,-1.7154198896730921,-0.9066093607780166,0.3392849796710926,0.6633597883597884,0.05952380952380952,0.16997354497354497,0.5866402116402116,0.8988095238095238,,,,N/A,NO_STRESS
2026-04-20,18.87,67.9000015258789,2.87,9.15,6.28,0.389821410019052,-1.5914450791850703,-0.8194013148470904,0.3773826005140131,0.7619047619047619,0.07936507936507936,0.22685185185185186,0.6097883597883598,0.8955026455026455,,,,N/A,NO_STRESS
2026-04-21,19.5,70.77999877929688,2.85,9.13,6.280000000000001,0.5280482801602528,-1.4314939363940353,-0.8604212926666572,0.35448934996603876,0.8022486772486772,0.10317460317460317,0.2003968253968254,0.5906084656084656,0.8961640211640212,,,,N/A,EQUITY_DRIVEN
2026-04-22,18.92,69.87999725341797,2.84,9.13,6.290000000000001,0.39809495359579755,-1.4756972139357232,-0.8800178229747794,0.3556073586499951,0.7619047619047619,0.09788359788359788,0.18518518518518517,0.5912698412698413,0.9001322751322751,,,,N/A,NO_STRESS
2026-04-23,19.31,67.69999694824219,2.86,9.15,6.290000000000001,0.48319045812574063,-1.588330084656609,-0.8350344314701326,0.38097036786074645,0.792989417989418,0.07936507936507936,0.21693121693121692,0.6130952380952381,0.8994708994708994,,,,N/A,NO_STRESS
2026-04-24,18.71,66.97000122070312,2.86,9.18,6.32,0.3487486981866934,-1.622376726776387,-0.8330742897597189,0.41827591343829357,0.753968253968254,0.07407407407407407,0.2175925925925926,0.6349206349206349,0.9146825396825397,,,,N/A,NO_STRESS
2026-04-27,18.02,68.41999816894531,2.84,9.08,6.24,0.19462274189775453,-1.5394285494740982,-0.8744389612804043,0.2981469615907395,0.703042328042328,0.08862433862433862,0.18584656084656084,0.5720899470899471,0.8776455026455027,,,,N/A,NO_STRESS
2026-04-28,17.83,68.68000030517578,2.85,9.11,6.26,0.1513580110774778,-1.5207201847438379,-0.8509323035618643,0.33572989636767,0.6858465608465608,0.09259259259259259,0.2037037037037037,0.5859788359788359,0.8849206349206349,,,,N/A,NO_STRESS
2026-04-29,18.81,74.33000183105469,2.82,9.09,6.27,0.3673726778552841,-1.2138774747482621,-0.9147470907373384,0.3128565287209797,0.7552910052910053,0.1388888888888889,0.16203703703703703,0.5773809523809523,0.8875661375661376,,,,N/A,NO_STRESS
2026-04-30,16.89,72.06999969482422,2.83,9.09,6.26,-0.060147527182870815,-1.3314030794302336,-0.8913800480498165,0.3142430909764269,0.5886243386243386,0.11772486772486772,0.17195767195767195,0.578042328042328,0.8829365079365079,,,,N/A,NO_STRESS
2026-05-01,16.99,70.41000366210938,2.77,9.04,6.27,-0.038991420299446314,-1.416252904824359,-1.0217394676864349,0.25518784241077486,0.6005291005291006,0.10978835978835978,0.11706349206349206,0.5496031746031746,0.8869047619047619,,,,N/A,NO_STRESS
2026-05-04,18.29,77.86000061035156,2.78,9.1,6.32,0.24883152034461514,-1.01453776862441,-0.9989845556655047,0.3301254250774868,0.7222222222222222,0.18518518518518517,0.12235449735449735,0.5859788359788359,0.9140211640211641,,,,N/A,NO_STRESS
2026-05-05,17.38,76.77999877929688,2.77,9.11,6.34,0.045464360891535445,-1.0695468513142816,-1.0196416254509213,0.3438347578526894,0.6408730158730159,0.1693121693121693,0.11772486772486772,0.591931216931217,0.921957671957672,,,,N/A,NO_STRESS
2026-05-06,17.39,70.62999725341797,2.75,9.07,6.32,0.046544808154893286,-1.3946310405549007,-1.0623988057092295,0.29648840284414946,0.6415343915343915,0.1111111111111111,0.10515873015873016,0.5681216931216931,0.9120370370370371,,,,N/A,NO_STRESS
2026-05-07,17.08,72.23999786376953,2.79,9.15,6.36,-0.023485704283753156,-1.3048431965765805,-0.9716899909998156,0.3951960115263223,0.5992063492063492,0.12301587301587301,0.1335978835978836,0.6243386243386243,0.9338624338624338,,,,N/A,NO_STRESS
2026-05-08,17.19,67.25,2.81,9.2,6.389999999999999,-5.8915967085348164e-05,-1.5664720711029434,-0.9250939549769988,0.45676456001963134,0.6130952380952381,0.07804232804232804,0.1574074074074074,0.6620370370370371,0.9384920634920635,,,,N/A,NO_STRESS
2026-05-11,18.38,70.73999786376953,2.79,9.31,6.5200000000000005,0.2636414780987001,-1.3761632402517803,-0.9673777092402442,0.5913146679892031,0.7288359788359788,0.11375661375661375,0.13425925925925927,0.7321428571428571,0.9708994708994709,,,,N/A,NO_STRESS
2026-05-12,17.99,71.68000030517578,2.82,9.37,6.549999999999999,0.17555694291502466,-1.3222480488907196,-0.8982665055905903,0.6646257513466046,0.6931216931216931,0.11904761904761904,0.17195767195767195,0.7671957671957672,0.9742063492063492,,,,N/A,NO_STRESS
2026-05-13,17.87,70.23999786376953,2.82,9.31,6.49,0.14776664058283037,-1.3948542554494487,-0.896116313601728,0.5914705780883898,0.6832010582010583,0.1111111111111111,0.17261904761904762,0.7328042328042328,0.9603174603174603,,,,N/A,NO_STRESS
2026-05-14,17.26,69.62999725341797,2.76,9.22,6.460000000000001,0.011239429857226464,-1.424745158622057,-1.028309565148162,0.48203395349933625,0.6223544973544973,0.10449735449735449,0.11375661375661375,0.6759259259259259,0.9556878306878307,,,,N/A,NO_STRESS
2026-05-15,18.43,79.87000274658203,2.8,9.35,6.55,0.27107841560618356,-0.8767497264455194,-0.9366299128865502,0.6413135238050135,0.7314814814814815,0.2222222222222222,0.1474867724867725,0.7599206349206349,0.9748677248677249,,,,N/A,NO_STRESS
2026-05-18,18.43,86.06999969482422,2.8,9.35,6.55,0.2701152357981267,-0.5436278542258229,-0.934747564557065,0.6418468935730276,0.7308201058201058,0.294973544973545,0.14814814814814814,0.7605820105820106,0.9742063492063492,,,,N/A,NO_STRESS
