time,Market_Return,CSAD,CSSD,Spread,Spread_Z,DPI,Ledoit_Correlation,cache_date
2023-06-14,0.0,0.01688956174944925,0.0233169088082573,0.006427347058808049,,0.0,0.035521267657083695,2026-05-09
2023-06-15,0.0,0.013985841705614932,0.0204878506097963,0.006502008904181367,,0.0,0.035521267657083695,2026-05-09
2023-06-16,0.0,0.012388440561676387,0.018085830718241682,0.0056973901565652955,,0.0,0.035521267657083695,2026-05-09
2023-06-19,-0.008928571428571397,0.016360922678247163,0.021781875663014393,0.005420952984767229,,0.0,0.035521267657083695,2026-05-09
2023-06-20,0.0,0.01796216028555684,0.024474934912140693,0.006512774626583853,0.03345856530202876,1.6666666666666667,0.035521267657083695,2026-05-09
2023-06-21,0.009009009009008917,0.013347085563330313,0.019133984734353106,0.005786899171022793,-0.5133477038915937,1.6666666666666667,0.06196006942061749,2026-05-09
2023-06-22,0.008928571428571175,0.011123407603973304,0.01633548991895568,0.005212082314982377,-0.92244797596358,1.6666666666666667,0.06196006942061749,2026-05-09
2023-06-23,0.0,0.013362192919673077,0.019865891397860037,0.006503698478186959,0.10056761676092577,3.3333333333333335,0.06196006942061749,2026-05-09
2023-06-26,0.0,0.015560046519443052,0.022698361688150124,0.007138315168707072,0.5968862030313515,5.0,0.06196006942061749,2026-05-09
2023-06-27,0.0,0.01116266832121609,0.0187059703243768,0.007543302003160708,0.8910071171198053,6.666666666666667,0.06196006942061749,2026-05-09
2023-06-28,0.008849557522123908,0.015028749082440526,0.01949201869795753,0.0044632696155170026,-1.5284478866500306,6.666666666666667,0.06128510627579743,2026-05-09
2023-06-29,-0.00877192982456143,0.015551850515678192,0.020759972876912086,0.005208122361233894,-0.8934220198220677,6.666666666666667,0.06128510627579743,2026-05-09
2023-06-30,-0.008849557522123686,0.013450846276141588,0.018768403669447518,0.00531755739330593,-0.7755587599739765,6.666666666666667,0.06128510627579743,2026-05-09
2023-07-03,0.008928571428571175,0.012159747139005753,0.015832897106517696,0.0036731499675119426,-1.8742722369552023,6.666666666666667,0.06128510627579743,2026-05-09
2023-07-04,0.0,0.015607910525706205,0.02263425902424719,0.007026348498540986,0.63314504181671,8.333333333333332,0.06128510627579743,2026-05-09
2023-07-05,0.0,0.010883366902592543,0.01593518798060308,0.005051821078010539,-0.8418078018917553,8.333333333333332,0.08563655401153253,2026-05-09
2023-07-06,0.0,0.014739495321812728,0.01979439458953313,0.005054899267720403,-0.8085284269009865,8.333333333333332,0.08563655401153253,2026-05-09
2023-07-07,0.008849557522123908,0.013140288765096163,0.01716743238760926,0.004027143622513097,-1.48691369845365,8.333333333333332,0.08563655401153253,2026-05-09
2023-07-10,0.00877192982456143,0.012355292207996893,0.01748857576497977,0.005133283556982877,-0.6376202454878238,8.333333333333332,0.08563655401153253,2026-05-09
2023-07-11,0.0,0.012283897127800562,0.01812357307041657,0.005839675942616007,-0.0991571953412683,8.333333333333332,0.08563655401153253,2026-05-09
2023-07-12,0.0,0.010464594621923921,0.015702413288877774,0.005237818666953853,-0.5504313040148476,8.333333333333332,0.08374518929675466,2026-05-09
2023-07-13,0.01739130434782621,0.014474504891786427,0.017623840891178525,0.0031493359993920982,-1.957881163283749,8.333333333333332,0.08374518929675466,2026-05-09
2023-07-14,0.0,0.012026007220086116,0.01839449863429517,0.006368491414209055,0.3912238078695765,10.0,0.08374518929675466,2026-05-09
2023-07-17,0.0,0.014742353330328117,0.022174930407122047,0.00743257707679393,1.1280650446345668,11.666666666666666,0.08374518929675466,2026-05-09
2023-07-18,0.0,0.012243307915499818,0.017868297252260953,0.005624989336761135,-0.2055590511156717,11.666666666666666,0.08374518929675466,2026-05-09
2023-07-19,0.0,0.015094091752688605,0.021487113839956516,0.006393022087267912,0.3658144032886343,13.333333333333334,0.08950069717960911,2026-05-09
2023-07-20,0.0,0.012748158856643666,0.018935411736861796,0.00618725288021813,0.20332677605544963,15.0,0.08950069717960911,2026-05-09
2023-07-21,0.017094017094017033,0.015193590687492372,0.019263217777462576,0.004069627089970204,-1.370033275799608,15.0,0.08950069717960911,2026-05-09
2023-07-24,0.0,0.015970323631939284,0.02337095486924867,0.007400631237309385,1.131940463651592,16.666666666666664,0.08950069717960911,2026-05-09
2023-07-25,0.008403361344537785,0.016450090717861972,0.020161684915531754,0.003711594197669782,-1.5606207616540695,16.666666666666664,0.08950069717960911,2026-05-09
2023-07-26,0.0,0.01101746378466597,0.01664625439258465,0.005628790607918682,-0.1447064094293287,16.666666666666664,0.10106919385073115,2026-05-09
2023-07-27,0.0,0.014517388877330143,0.020987049441071503,0.0064696605637413595,0.4755542527735169,18.333333333333332,0.10106919385073115,2026-05-09
2023-07-28,0.008333333333333304,0.015080316402639007,0.02179971037359362,0.006719393970954614,0.6476605717950529,20.0,0.10106919385073115,2026-05-09
2023-07-31,0.008264462809917328,0.016933450039638556,0.023188662086675842,0.006255212047037287,0.2835833664316137,21.666666666666668,0.10106919385073115,2026-05-09
2023-08-01,0.0,0.019926429976118612,0.026431322592130078,0.006504892616011466,0.4684514883234491,23.333333333333332,0.10106919385073115,2026-05-09
2023-08-02,0.0,0.012330391500242432,0.018307014129514618,0.005976622629272186,0.04641238607602859,25.0,0.07098791571982623,2026-05-09
2023-08-03,-0.008196721311475419,0.013831435503198418,0.019897047882164426,0.006065612378966008,0.11646684808839816,26.666666666666668,0.07098791571982623,2026-05-09
2023-08-04,0.016528925619834656,0.016053911715450533,0.020189055508946875,0.004135143793496342,-1.3972400902810354,26.666666666666668,0.07098791571982623,2026-05-09
2023-08-07,0.008130081300812941,0.014680270137806543,0.020604032120945085,0.005923761983138542,0.05222707913352796,28.333333333333332,0.07098791571982623,2026-05-09
2023-08-08,0.0,0.016080411146197866,0.022028661538542924,0.005948250392345058,0.07111101971835528,30.0,0.07098791571982623,2026-05-09
2023-08-09,-0.008064516129032251,0.016169319110656347,0.024474037576805833,0.008304718466149486,1.8740302606834733,31.666666666666664,0.07131035125905406,2026-05-09
2023-08-10,-0.008130081300813052,0.015175437660224151,0.021525805746450754,0.006350368086226603,0.3096986187782351,33.33333333333333,0.07131035125905406,2026-05-09
2023-08-11,0.008196721311475308,0.01659440418110247,0.021321608200582095,0.004727204019479625,-0.9696171121426365,33.33333333333333,0.07131035125905406,2026-05-09
2023-08-14,0.008130081300812941,0.013206203033946705,0.018460429573580392,0.005254226539633687,-0.529449158997389,33.33333333333333,0.07131035125905406,2026-05-09
2023-08-15,-0.008064516129032251,0.013848204601618334,0.01880904138944534,0.004960836787827005,-0.7482569722720772,33.33333333333333,0.07131035125905406,2026-05-09
2023-08-16,0.008130081300812941,0.014180588062762086,0.017904121057953047,0.0037235329951909608,-1.647490988821328,33.33333333333333,0.05183132088672555,2026-05-09
2023-08-17,-0.008064516129032251,0.012361848276476189,0.017543547454720945,0.0051816991782447554,-0.47254437380038017,33.33333333333333,0.05183132088672555,2026-05-09
2023-08-18,-0.04065040650406504,0.024370431340683115,0.02627490163020442,0.0019044702895213046,-2.6338211053308465,33.33333333333333,0.05183132088672555,2026-05-09
2023-08-21,0.0,0.022281286521050624,0.029785558835330357,0.0075042723142797335,1.2646380695103105,35.0,0.05183132088672555,2026-05-09
2023-08-22,0.0,0.015132536331836617,0.021657552523868945,0.006525016192032327,0.5667172803778233,36.666666666666664,0.05183132088672555,2026-05-09
2023-08-23,-0.008474576271186418,0.011307164957453012,0.01680122326168397,0.005494058304230958,-0.15922786091782587,36.666666666666664,0.14810496953845345,2026-05-09
2023-08-24,0.017094017094017033,0.013301591862997559,0.018052128837702738,0.004750536974705179,-0.6760368630231387,36.666666666666664,0.14810496953845345,2026-05-09
2023-08-25,-0.008403361344537785,0.013370101026918862,0.019377461960235914,0.006007360933317052,0.23261414184072068,38.333333333333336,0.14810496953845345,2026-05-09
2023-08-28,0.016949152542372836,0.012408221245853621,0.016143066844614248,0.0037348455987606267,-1.3703955239992318,38.333333333333336,0.14810496953845345,2026-05-09
2023-08-29,0.0,0.010538010324013337,0.015438731561084046,0.004900721237070709,-0.5125966223671365,38.333333333333336,0.14810496953845345,2026-05-09
2023-08-30,0.008333333333333304,0.013050733779778183,0.01737293198185118,0.004322198202072998,-0.9071256448199974,38.333333333333336,0.16697767667742602,2026-05-09
2023-08-31,0.008264462809917328,0.01373356865627803,0.019727978734090965,0.005994410077812935,0.31884568043692585,40.0,0.16697767667742602,2026-05-09
2023-09-05,0.008196721311475308,0.014453498736685121,0.02055504073563508,0.0061015419989499595,0.390933212132884,41.66666666666667,0.16697767667742602,2026-05-09
2023-09-06,0.016260162601626105,0.016589463192149993,0.021389273314376678,0.004799810122226685,-0.5843519001696196,41.66666666666667,0.16697767667742602,2026-05-09
2023-09-07,-0.008000000000000007,0.014926561208933533,0.021042126401517112,0.006115565192583579,0.418515480378979,43.333333333333336,0.16697767667742602,2026-05-09
2023-09-08,0.0,0.013222184507768645,0.022267000177488783,0.009044815669720138,2.3675688288654215,45.0,0.16288069084464282,2026-05-09
2023-09-11,-0.016129032258064502,0.018367057122365967,0.02365068237744095,0.005283625255074982,-0.28883105219849176,45.0,0.16288069084464282,2026-05-09
2023-09-12,0.024590163934426146,0.01732029678368856,0.021805134899071626,0.004484838115383066,-0.8373905307041786,45.0,0.16288069084464282,2026-05-09
2023-09-13,-0.008000000000000007,0.013249129698690954,0.019291334761880823,0.006042205063189868,0.28261784983801114,46.666666666666664,0.16288069084464282,2026-05-09
2023-09-14,-0.016129032258064502,0.01598729842917385,0.020633915527953888,0.004646617098780038,-0.7224782887692897,45.0,0.16288069084464282,2026-05-09
2023-09-15,0.008196721311475308,0.013495841839053658,0.01707413494340694,0.0035782931043532827,-1.4307507662263004,45.0,0.21143933222276753,2026-05-09
2023-09-18,-0.016260162601625994,0.015759877288971335,0.020885461618962847,0.005125584329991512,-0.303307765790661,45.0,0.21143933222276753,2026-05-09
2023-09-19,0.0,0.013519960353063553,0.020542084701163053,0.0070221243480995,1.052717987272798,45.0,0.21143933222276753,2026-05-09
2023-09-20,0.016528925619834656,0.01610253527081829,0.021445843156761,0.00534330788594271,-0.17676030382558916,43.333333333333336,0.21143933222276753,2026-05-09
2023-09-21,-0.016260162601625994,0.01730705501283324,0.023900870071126117,0.006593815058292877,0.7367124844356474,43.333333333333336,0.21143933222276753,2026-05-09
2023-09-22,-0.016528925619834767,0.023758294784512867,0.029997401897224343,0.006239107112711476,0.4599676506529556,45.0,0.22861843149731498,2026-05-09
2023-09-25,-0.03361344537815125,0.025437571067446343,0.0293596606216763,0.003922089554229957,-1.2482673693477397,45.0,0.22861843149731498,2026-05-09
2023-09-26,-0.008695652173913104,0.021088343024863034,0.028284415737876743,0.007196072713013708,1.1696118155910475,46.666666666666664,0.22861843149731498,2026-05-09
2023-09-27,0.00877192982456143,0.018871880451233152,0.025163701986505832,0.00629182153527268,0.48261885164655804,48.333333333333336,0.22861843149731498,2026-05-09
2023-09-28,0.0,0.015200184579728177,0.020955825430198825,0.005755640850470648,0.0748602390890707,48.333333333333336,0.22861843149731498,2026-05-09
2023-09-29,0.0,0.012430033191370017,0.01898345958182628,0.006553426390456262,0.6727947988014508,50.0,0.3372776493042456,2026-05-09
2023-10-02,0.008695652173912993,0.01225215937716173,0.01728746202079846,0.005035302643636731,-0.497814432168891,50.0,0.3372776493042456,2026-05-09
2023-10-03,-0.0344827586206895,0.021241416932886996,0.025823215973022208,0.004581799040135212,-0.830312818121813,50.0,0.3372776493042456,2026-05-09
2023-10-04,0.008928571428571175,0.013522915951255375,0.017762417018308743,0.004239501067053368,-1.0607293456040545,50.0,0.3372776493042456,2026-05-09
2023-10-05,-0.017699115044247593,0.018345569845364486,0.024397115333985586,0.0060515454886211,0.362808402684093,51.66666666666667,0.3372776493042456,2026-05-09
2023-10-06,0.018018018018017834,0.014431202463954828,0.019310927863852356,0.004879725399897528,-0.5632423167356622,51.66666666666667,0.30392676352609754,2026-05-09
2023-10-09,0.008849557522123908,0.012714918727716639,0.01709846626151588,0.0043835475337992424,-0.9342234818744184,51.66666666666667,0.30392676352609754,2026-05-09
2023-10-10,0.0,0.012636450866630433,0.018625482728325437,0.005989031861695004,0.36200774507424704,51.66666666666667,0.30392676352609754,2026-05-09
2023-10-11,0.00877192982456143,0.013997256397983233,0.01901139049993994,0.005014134101956707,-0.43231864251428415,50.0,0.30392676352609754,2026-05-09
2023-10-12,0.0,0.010763699023866303,0.01612683108662122,0.0053631320627549155,-0.1383324501812019,50.0,0.30392676352609754,2026-05-09
2023-10-13,0.0,0.011111562177011243,0.017091985454972095,0.005980423277960853,0.37858012141540787,50.0,0.29376290168035546,2026-05-09
2023-10-16,-0.008695652173913104,0.015057767703077698,0.019917122271732552,0.004859354568654854,-0.5744637559557649,48.333333333333336,0.29376290168035546,2026-05-09
2023-10-17,-0.01754385964912264,0.02259517332626383,0.0291899473400851,0.006594774013821268,0.9089395385672705,50.0,0.29376290168035546,2026-05-09
2023-10-18,-0.017857142857142905,0.022281763166400008,0.027883853112119047,0.005602089945719039,0.040906377699973705,50.0,0.29376290168035546,2026-05-09
2023-10-19,-0.00909090909090915,0.018842625896702044,0.025230243312804237,0.006387617416102193,0.7198802560985288,51.66666666666667,0.29376290168035546,2026-05-09
2023-10-20,0.01834862385321112,0.019557705451230686,0.025092108673246277,0.00553440322201559,-0.04361146878605532,51.66666666666667,0.31232945335861917,2026-05-09
2023-10-23,-0.018018018018018056,0.015021834350253626,0.02046615138233413,0.0054443170320805055,-0.12353518916841873,50.0,0.31232945335861917,2026-05-09
2023-10-24,0.01834862385321112,0.015076381242774396,0.019359453161548825,0.004283071918774429,-1.1513544960444897,48.333333333333336,0.31232945335861917,2026-05-09
2023-10-25,-0.009009009009009028,0.012566553425452997,0.017814792361779956,0.005248238936326959,-0.2585331126486107,46.666666666666664,0.31232945335861917,2026-05-09
2023-10-26,-0.036363636363636376,0.02401192545961295,0.027808639969134203,0.0037967145095212547,-1.522182339564165,45.0,0.31232945335861917,2026-05-09
2023-10-27,0.0,0.01863095334951223,0.02530496164423769,0.006674008294725458,1.0597988037617179,45.0,0.3709368661619533,2026-05-09
2023-10-30,-0.018867924528301883,0.020026831679937705,0.024881677491343634,0.0048548458114059286,-0.5793558205103583,43.333333333333336,0.3709368661619533,2026-05-09
2023-10-31,-0.009615384615384581,0.02460796379321829,0.03210926699442441,0.007501303201206119,1.722913367717076,45.0,0.3709368661619533,2026-05-09
2023-11-01,0.009708737864077666,0.018149324345692722,0.024043999212021192,0.00589467486632847,0.29675570108989957,45.0,0.3709368661619533,2026-05-09
2023-11-02,0.03846153846153855,0.02044171534904921,0.02368795981953335,0.00324624447048414,-1.9110104066689775,43.333333333333336,0.3709368661619533,2026-05-09
2023-11-03,0.0,0.013434203551179111,0.019636055086227046,0.006201851535047934,0.5956903002554732,43.333333333333336,0.42275548645412725,2026-05-09
2023-11-06,0.0092592592592593,0.011325760138735768,0.014810720315552174,0.0034849601768164058,-1.6346892977284377,41.66666666666667,0.42275548645412725,2026-05-09
2023-11-07,-0.00917431192660556,0.010123829615986943,0.013158861440173596,0.0030350318241866535,-1.8538749163779025,41.66666666666667,0.42275548645412725,2026-05-09
2023-11-08,0.0277777777777779,0.020525463676654747,0.025096022444044058,0.004570558767389311,-0.6165096277059775,41.66666666666667,0.42275548645412725,2026-05-09
2023-11-09,0.0,0.015158754469626499,0.021742929728579843,0.006584175258953344,0.9701182725398421,43.333333333333336,0.42275548645412725,2026-05-09
2023-11-10,-0.009009009009009028,0.011441235030417829,0.017829251959610312,0.006388016929192483,0.789945449769642,45.0,0.4122034316518985,2026-05-09
2023-11-13,0.0,0.010636721109433487,0.016436151683375713,0.005799430573942227,0.3078483349657261,46.666666666666664,0.4122034316518985,2026-05-09
2023-11-14,0.009090909090909038,0.00996860807236656,0.013562783185050728,0.003594175112684169,-1.425636219743945,46.666666666666664,0.4122034316518985,2026-05-09
2023-11-15,0.009009009009008917,0.009385945061290405,0.01242667845055649,0.003040733389266085,-1.7401935234952974,45.0,0.4122034316518985,2026-05-09
2023-11-16,0.008928571428571175,0.011293486753091438,0.015275687023075,0.0039822002699835615,-0.9772413716243572,43.333333333333336,0.4122034316518985,2026-05-09
2023-11-17,-0.0265486725663715,0.020597505628649326,0.02663403548475081,0.006036529856101484,0.6000805018545998,45.0,0.3901108327720174,2026-05-09
2023-11-20,0.0,0.010761927914274534,0.01658502243891789,0.005823094524643356,0.4244217182665096,46.666666666666664,0.3901108327720174,2026-05-09
2023-11-21,0.009090909090909038,0.010338706020899978,0.014361549446118057,0.004022843425218079,-0.9712291235084047,45.0,0.3901108327720174,2026-05-09
2023-11-22,0.0,0.010566297129718547,0.016334347729183806,0.005768050599465259,0.40597536017648495,46.666666666666664,0.3901108327720174,2026-05-09
2023-11-23,-0.018018018018018056,0.020633843362100286,0.026810630237996926,0.00617678687589664,0.7162317053570461,48.333333333333336,0.3901108327720174,2026-05-09
2023-11-24,0.00917431192660545,0.01587947182146144,0.019579316015152653,0.003699844193691213,-1.2372650857183363,48.333333333333336,0.3943494092214878,2026-05-09
2023-11-27,-0.00909090909090915,0.012886572184489433,0.01790545295456135,0.005018880770071916,-0.17536488099559988,46.666666666666664,0.3943494092214878,2026-05-09
2023-11-28,0.00917431192660545,0.010849307043687717,0.01421107241292932,0.0033617653692416018,-1.4462868757896126,45.0,0.3943494092214878,2026-05-09
2023-11-29,0.0,0.011757633729687965,0.017308645945085854,0.00555101221539789,0.2973961997644881,46.666666666666664,0.3943494092214878,2026-05-09
2023-11-30,-0.00909090909090915,0.01065694897864701,0.015063775606183823,0.004406826627536813,-0.6162490600108084,45.0,0.3943494092214878,2026-05-09
2023-12-01,0.00917431192660545,0.01104337185520645,0.014962290130221071,0.003918918275014621,-0.9823040155731485,43.333333333333336,0.37136951893467557,2026-05-09
2023-12-04,0.0181818181818183,0.01548710505710666,0.020750876209784976,0.005263771152678315,0.11760504138278075,45.0,0.37136951893467557,2026-05-09
2023-12-05,0.0,0.009268222876828821,0.01455292647083264,0.005284703594003818,0.13275409970125437,46.666666666666664,0.37136951893467557,2026-05-09
2023-12-06,0.008928571428571175,0.012064935518138928,0.017579721697707357,0.0055147861795684285,0.3215793511312815,46.666666666666664,0.37136951893467557,2026-05-09
2023-12-07,-0.008849557522123686,0.01469478609322325,0.020029813221239007,0.005335027128015757,0.164185678491781,48.333333333333336,0.37136951893467557,2026-05-09
2023-12-08,0.0,0.009371796604370094,0.012710339083518638,0.0033385424791485437,-1.4928001356395082,48.333333333333336,0.30208731821649987,2026-05-09
2023-12-11,0.008928571428571175,0.013831221222412473,0.017071009528545768,0.0032397883061332945,-1.4899231922899427,48.333333333333336,0.30208731821649987,2026-05-09
2023-12-12,0.0,0.00752528796483364,0.011920242043583376,0.004394954078749735,-0.5154829204288911,46.666666666666664,0.30208731821649987,2026-05-09
2023-12-13,-0.017699115044247593,0.010210060218571133,0.013037073509218889,0.0028270132906477556,-1.7137840192829485,46.666666666666664,0.30208731821649987,2026-05-09
2023-12-14,0.0,0.00971616349825848,0.01372741115691703,0.00401124765865855,-0.731110508175844,45.0,0.30208731821649987,2026-05-09
2023-12-15,-0.009009009009009028,0.010844680848889914,0.01567070409306088,0.004826023244170965,-0.06233529316479513,43.333333333333336,0.2038289494555964,2026-05-09
2023-12-18,-0.00909090909090915,0.011716490801051149,0.016750508621155926,0.0050340178201047775,0.10912190080364108,45.0,0.2038289494555964,2026-05-09
2023-12-19,0.00917431192660545,0.011225518690996179,0.01531918983897012,0.0040936711479739405,-0.6708421311101334,43.333333333333336,0.2038289494555964,2026-05-09
2023-12-20,0.0,0.009417845975738911,0.014435118298193599,0.005017272322454688,0.11664726908986792,43.333333333333336,0.2038289494555964,2026-05-09
2023-12-21,0.0,0.008892246826124113,0.014938144729980136,0.006045897903856023,0.9771922727719448,43.333333333333336,0.2038289494555964,2026-05-09
2023-12-22,0.0,0.008250800622229165,0.013134853489787273,0.0048840528675581085,-0.03187711567102728,41.66666666666667,0.14052192794564242,2026-05-09
2023-12-25,0.0181818181818183,0.012910350816015973,0.01710641866320367,0.004196067847187698,-0.6249102363468209,41.66666666666667,0.14052192794564242,2026-05-09
2023-12-26,0.0,0.007446294469483718,0.012259940453501487,0.004813645984017768,-0.07251704462204077,41.66666666666667,0.14052192794564242,2026-05-09
2023-12-27,0.0,0.00720345348948555,0.01127153664455925,0.0040680831550737005,-0.7298158608635933,41.66666666666667,0.14052192794564242,2026-05-09
2023-12-28,0.008928571428571175,0.011508395191029175,0.015227656761640477,0.0037192615706113027,-1.0128290928441155,40.0,0.14052192794564242,2026-05-09
2023-12-29,0.0,0.009496690470257496,0.016391078418542173,0.0068943879482846766,1.7532710186873186,41.66666666666667,0.13760966937110125,2026-05-09
2024-01-02,0.0,0.014308638209222789,0.023243590122770205,0.008934951913547417,2.924311990187301,43.333333333333336,0.13760966937110125,2026-05-09
2024-01-03,0.008849557522123908,0.011999989828348908,0.01808937893336712,0.006089389105018212,0.772342140511854,43.333333333333336,0.13760966937110125,2026-05-09
2024-01-04,0.00877192982456143,0.01274680037575781,0.01628132395732065,0.0035345235815628408,-1.1092693668630702,43.333333333333336,0.13760966937110125,2026-05-09
2024-01-05,0.0,0.009321776875502811,0.01392196872795054,0.004600191852447729,-0.30465971204474945,43.333333333333336,0.13760966937110125,2026-05-09
2024-01-08,0.008695652173912993,0.012624893370058938,0.01874090884231134,0.006116015472252401,0.8251509629029864,43.333333333333336,0.09041491889350622,2026-05-09
2024-01-09,0.0,0.009759137541053751,0.01645168827036999,0.006692550729316238,1.2130065524655995,45.0,0.09041491889350622,2026-05-09
2024-01-10,0.0,0.012538017064303955,0.017496305361827474,0.00495828829752352,-0.09931464480190116,43.333333333333336,0.09041491889350622,2026-05-09
2024-01-11,0.0,0.008739994807213124,0.014516281381842968,0.005776286574629844,0.5195664562360374,43.333333333333336,0.09041491889350622,2026-05-09
2024-01-12,-0.008620689655172376,0.011553020968141797,0.015274222201724709,0.003721201233582912,-1.0444534563950298,41.66666666666667,0.09041491889350622,2026-05-09
2024-01-15,0.0,0.010132576606197756,0.014655053074030876,0.0045224764678331204,-0.4130973108842089,41.66666666666667,0.09375287738500296,2026-05-09
2024-01-16,0.008695652173912993,0.010852497891227005,0.015385974530491484,0.00453347663926448,-0.3966378480014205,41.66666666666667,0.09375287738500296,2026-05-09
2024-01-17,0.0,0.009117216689209897,0.015145415481020724,0.006028198791810827,0.7770364400490776,43.333333333333336,0.09375287738500296,2026-05-09
2024-01-18,0.008620689655172376,0.010047080470920183,0.014865321343763074,0.004818240872842891,-0.19302532379833498,43.333333333333336,0.09375287738500296,2026-05-09
2024-01-19,0.008547008547008517,0.010912667781363981,0.014554976762077695,0.0036423089807137137,-1.1108143431506812,43.333333333333336,0.09375287738500296,2026-05-09
2024-01-22,0.0,0.009149676600849078,0.015575239860839358,0.00642556325999028,1.1096251901802334,43.333333333333336,0.055748527221368076,2026-05-09
2024-01-23,0.0,0.009245604471856222,0.014357493015830145,0.005111888543973923,0.04565810003275072,45.0,0.055748527221368076,2026-05-09
2024-01-24,-0.008474576271186418,0.01040909980852334,0.0157869423348637,0.005377842526340361,0.2598356897375965,45.0,0.055748527221368076,2026-05-09
2024-01-25,0.0,0.008429135832003746,0.01610408717559844,0.007674951343594695,1.9914242370053845,45.0,0.055748527221368076,2026-05-09
2024-01-26,0.008547008547008517,0.011837430396460796,0.017456346680567583,0.0056189162841067865,0.361207146695726,46.666666666666664,0.055748527221368076,2026-05-09
2024-01-29,0.0,0.010491646166061925,0.01646503331458365,0.005973387148521726,0.6300934868807565,46.666666666666664,0.03177107640882334,2026-05-09
2024-01-30,0.0,0.012865680268939682,0.021739335711490577,0.008873655442550895,2.5710442979174855,48.333333333333336,0.03177107640882334,2026-05-09
2024-01-31,-0.016949152542372947,0.014802439906963668,0.021346863239704694,0.006544423332741026,0.8620920781775002,50.0,0.03177107640882334,2026-05-09
2024-02-01,0.008620689655172376,0.01349595744194822,0.01948317934828226,0.00598722190633404,0.44884657996676636,51.66666666666667,0.03177107640882334,2026-05-09
2024-02-02,0.0,0.010641120644830597,0.016317313553095465,0.005676192908264868,0.2164612389679368,51.66666666666667,0.03177107640882334,2026-05-09
2024-02-05,0.017094017094017033,0.019529256803675083,0.023312844479610944,0.003783587675935861,-1.1496277242589281,50.0,0.03803688202562796,2026-05-09
2024-02-06,0.0,0.00803810698557444,0.012107274325653715,0.004069167340079276,-0.9090388814417648,48.333333333333336,0.03803688202562796,2026-05-09
2024-02-07,0.008403361344537785,0.009036383809958371,0.012419588137769668,0.0033832043278112962,-1.3507622367414696,48.333333333333336,0.03803688202562796,2026-05-09
2024-02-15,0.0,0.012447908553403433,0.018410394204832124,0.0059624856514286905,0.5249419304938967,50.0,0.03803688202562796,2026-05-09
2024-02-16,0.008333333333333304,0.01136008890534412,0.015707386380126944,0.004347297474782824,-0.6549429294500632,50.0,0.03803688202562796,2026-05-09
2024-02-19,0.008264462809917328,0.013758571588311983,0.01886481773265465,0.005106246144342668,-0.08633471907280302,48.333333333333336,0.034688814679608354,2026-05-09
2024-02-20,0.008196721311475308,0.013410756685284922,0.0171749339626139,0.0037641772773289797,-1.066119823388271,46.666666666666664,0.034688814679608354,2026-05-09
2024-02-21,0.0,0.010505302320999624,0.016147284675144345,0.005641982354144721,0.3491961532351773,48.333333333333336,0.034688814679608354,2026-05-09
2024-02-22,0.0,0.010802801236136772,0.016759513241213036,0.0059567120050762635,0.5778796925937268,48.333333333333336,0.034688814679608354,2026-05-09
2024-02-23,-0.016260162601625994,0.01339211436856565,0.017868675221612854,0.004476560853047203,-0.5593564935556827,46.666666666666664,0.034688814679608354,2026-05-09
2024-02-26,0.008264462809917328,0.014769648116811484,0.020155640867819517,0.005385992751008033,0.1524409991092726,48.333333333333336,0.04960916350904406,2026-05-09
2024-02-27,0.016393442622950838,0.01265935453383829,0.01679069093640064,0.004131336402562351,-0.8254317722276837,48.333333333333336,0.04960916350904406,2026-05-09
2024-02-28,0.008064516129032251,0.012651162554570326,0.01699237804559144,0.004341215491021113,-0.6415646956913842,48.333333333333336,0.04960916350904406,2026-05-09
2024-02-29,0.0,0.009557580348625524,0.014923778852282694,0.005366198503657171,0.18543235826234475,48.333333333333336,0.04960916350904406,2026-05-09
2024-03-01,0.008000000000000007,0.011252717147855813,0.016675322547938232,0.005422605400082419,0.2278217743242078,50.0,0.04960916350904406,2026-05-09
2024-03-04,0.0,0.010337716941165559,0.016272529627385207,0.005934812686219648,0.640703393702863,51.66666666666667,0.040716504404754855,2026-05-09
2024-03-05,0.007936507936507908,0.011777853845963662,0.016371593190473273,0.004593739344509611,-0.48144389140992,50.0,0.040716504404754855,2026-05-09
2024-03-06,-0.007874015748031482,0.011724240786894885,0.0159234350177007,0.004199194230805817,-0.7963824646047848,48.333333333333336,0.040716504404754855,2026-05-09
2024-03-07,0.007936507936507908,0.012781106979514232,0.0188158254783064,0.006034718498792167,0.7612231762567113,48.333333333333336,0.040716504404754855,2026-05-09
2024-03-08,-0.015748031496062964,0.014675227562923632,0.020903365448879743,0.0062281378859561105,0.9004038871741401,48.333333333333336,0.040716504404754855,2026-05-09
2024-03-11,-0.008000000000000007,0.01293471472157208,0.01922013938488953,0.006285424663317451,0.9206276350692758,50.0,0.04561488051335892,2026-05-09
2024-03-12,0.008064516129032251,0.013993694486714885,0.01929127145740544,0.005297576970690554,0.06087131853721805,51.66666666666667,0.04561488051335892,2026-05-09
2024-03-13,0.016000000000000014,0.01468938276027302,0.01956353113101037,0.0048741483707373506,-0.30769212687311226,51.66666666666667,0.04561488051335892,2026-05-09
2024-03-14,-0.007874015748031482,0.014680009127099627,0.02110642942476283,0.006426420297663202,1.0467816471136082,53.333333333333336,0.04561488051335892,2026-05-09
2024-03-15,0.0,0.012192343533582206,0.01870112125382274,0.006508777720240536,1.0795689298660491,55.00000000000001,0.04561488051335892,2026-05-09
2024-03-18,-0.015873015873015928,0.019920495406652892,0.026737717705549325,0.006817222298896433,1.2931458771976676,56.666666666666664,0.06437253599053014,2026-05-09
2024-03-19,0.0,0.010523383668385851,0.01567516268643009,0.005151779018044238,-0.16946002678292607,55.00000000000001,0.06437253599053014,2026-05-09
2024-03-20,0.016129032258064502,0.014792851047865856,0.021118825296874946,0.006325974249009089,0.8550966670872925,56.666666666666664,0.06437253599053014,2026-05-09
2024-03-21,0.015873015873015817,0.013483916677055348,0.017588165357579358,0.00410424868052401,-1.0972610837133179,55.00000000000001,0.06437253599053014,2026-05-09
2024-03-22,0.0,0.008431662693521816,0.01273521950989607,0.004303556816374255,-0.8914463107703937,53.333333333333336,0.06437253599053014,2026-05-09
2024-03-25,-0.0078125,0.01008520255570095,0.015319217131739222,0.005234014576038271,-0.05655969079173746,53.333333333333336,0.0721544083472448,2026-05-09
2024-03-26,0.007874015748031482,0.011942831238650354,0.017916184496249935,0.005973353257599581,0.6031590822649757,55.00000000000001,0.0721544083472448,2026-05-09
2024-03-27,0.0,0.009185456728052245,0.015661090596477547,0.006475633868425302,1.0287163640662385,56.666666666666664,0.0721544083472448,2026-05-09
2024-03-28,0.0078125,0.012017643276857053,0.015640766602580146,0.0036231233257230933,-1.5040852363024002,56.666666666666664,0.0721544083472448,2026-05-09
2024-03-29,-0.007751937984496138,0.010004478089598975,0.014828786368742101,0.004824308279143126,-0.41798029353086597,56.666666666666664,0.0721544083472448,2026-05-09
2024-04-01,0.0,0.011456949894759953,0.017367624719688796,0.005910674824928843,0.557741411582239,56.666666666666664,0.08918156421892591,2026-05-09
2024-04-02,0.0078125,0.011862872700458986,0.01670916828052388,0.004846295580064892,-0.4132217692482888,55.00000000000001,0.08918156421892591,2026-05-09
2024-04-03,-0.015503875968992276,0.013840940470125383,0.0188169114891054,0.004975971018980018,-0.28703845052929655,53.333333333333336,0.08918156421892591,2026-05-09
2024-04-04,0.0,0.014773773513184707,0.020871976721160344,0.006098203207975637,0.7553198160676711,55.00000000000001,0.08918156421892591,2026-05-09
2024-04-05,-0.007874015748031482,0.015764714901304794,0.023071173240413828,0.007306458339109034,1.7713132122589341,56.666666666666664,0.08918156421892591,2026-05-09
2024-04-08,-0.007936507936507908,0.013374084423501392,0.019560857843284207,0.006186773419782816,0.7272196013405497,56.666666666666664,0.09262541917774768,2026-05-09
2024-04-09,0.008000000000000007,0.0118734184708625,0.016887624422186893,0.005014205951324393,-0.34768525178691123,55.00000000000001,0.09262541917774768,2026-05-09
2024-04-10,0.0,0.01153812920212826,0.018139137255713624,0.006601008053585364,1.0951819503777613,56.666666666666664,0.09262541917774768,2026-05-09
2024-04-11,0.0,0.009071796694250085,0.01451461368283307,0.005442816988582986,0.01579905028628358,56.666666666666664,0.09262541917774768,2026-05-09
2024-04-12,0.015873015873015817,0.014383919178609709,0.018604105270770777,0.004220186092161068,-1.0999248849462093,56.666666666666664,0.09262541917774768,2026-05-09
2024-04-15,-0.046875,0.02091804534737146,0.02382989360570978,0.0029118482583383176,-2.1113332555691002,56.666666666666664,0.09986530541682431,2026-05-09
2024-04-16,0.0,0.01990236677478923,0.026184247286253973,0.006281880511464742,0.8367934505934963,58.333333333333336,0.09986530541682431,2026-05-09
2024-04-17,-0.024590163934426257,0.020882560115689935,0.026347006621853915,0.00546444650616398,0.11064428734284738,58.333333333333336,0.09986530541682431,2026-05-09
2024-04-19,-0.01680672268907568,0.01956151497737903,0.024989081787639558,0.005427566810260527,0.07613773343698589,60.0,0.09986530541682431,2026-05-09
2024-04-22,0.017094017094017033,0.015490544435676133,0.020490415226388402,0.00499987079071227,-0.3098077236726239,60.0,0.09986530541682431,2026-05-09
2024-04-23,-0.008403361344537785,0.014635581068242596,0.019137272729237084,0.004501691660994489,-0.7526916302233746,58.333333333333336,0.2258146832244915,2026-05-09
2024-04-24,0.025423728813559254,0.017059516525814535,0.021352560818624657,0.004293044292810123,-0.9186425802683015,56.666666666666664,0.2258146832244915,2026-05-09
2024-04-25,-0.008264462809917328,0.011501254987574901,0.01691086962907405,0.005409614641499147,0.12629276503321127,56.666666666666664,0.2258146832244915,2026-05-09
2024-04-26,0.008333333333333304,0.013967586051470714,0.017901286023623657,0.003933699972152944,-1.2263975591430276,55.00000000000001,0.2258146832244915,2026-05-09
2024-05-02,0.008264462809917328,0.015378542068158018,0.02005234598002026,0.004673803911862241,-0.5167357458366223,53.333333333333336,0.2258146832244915,2026-05-09
2024-05-03,0.0,0.010288582738697368,0.017131256674152308,0.00684267393545494,1.4712405004918425,53.333333333333336,0.24804820677111097,2026-05-09
2024-05-06,0.016393442622950838,0.016244608901540954,0.02287927003918738,0.0066346611376464255,1.2229537221026525,53.333333333333336,0.24804820677111097,2026-05-09
2024-05-07,0.008064516129032251,0.012733126910492245,0.01703886473953834,0.004305737829046096,-0.9035318544457754,51.66666666666667,0.24804820677111097,2026-05-09
2024-05-08,0.0,0.013344640689667033,0.02032674864923359,0.006982107959566556,1.4919011286002042,51.66666666666667,0.24804820677111097,2026-05-09
2024-05-09,0.0,0.011154259228575982,0.01743194820969677,0.006277688981120787,0.8294468214199315,51.66666666666667,0.24804820677111097,2026-05-09
2024-05-10,-0.008000000000000007,0.013730385022049667,0.02086596501847516,0.007135579996425492,1.5194979252642797,53.333333333333336,0.2566193802231317,2026-05-09
2024-05-13,0.0,0.014339792203810882,0.022877784484098808,0.008537992280287926,2.4273696862193717,55.00000000000001,0.2566193802231317,2026-05-09
2024-05-14,0.0,0.010829894648710136,0.017869211045290635,0.0070393163965805,1.1704657832673582,56.666666666666664,0.2566193802231317,2026-05-09
2024-05-15,0.008064516129032251,0.012691744566671439,0.018733671597850117,0.0060419270311786785,0.36549488305889244,56.666666666666664,0.2566193802231317,2026-05-09
2024-05-16,0.016000000000000014,0.015276130533540006,0.018899874215168512,0.003623743681628506,-1.507936376288949,56.666666666666664,0.2566193802231317,2026-05-09
2024-05-17,0.0,0.01158509709888358,0.019051066542064118,0.0074659694431805385,1.4545706393569278,58.333333333333336,0.24342727438814746,2026-05-09
2024-05-20,0.007874015748031482,0.014699518046648272,0.020666511102374243,0.005966993055725971,0.2866700441424397,60.0,0.24342727438814746,2026-05-09
2024-05-21,0.0,0.014993122070055848,0.0238112998992531,0.008818177829197252,2.260329570706011,60.0,0.24342727438814746,2026-05-09
2024-05-22,-0.0078125,0.015225309807025746,0.022047294734165217,0.006821984927139471,0.7874530859986416,60.0,0.24342727438814746,2026-05-09
2024-05-23,0.007874015748031482,0.014135450455910808,0.01939371383159824,0.005258263375687433,-0.34921000489552645,60.0,0.24342727438814746,2026-05-09
2024-05-24,-0.015625,0.018285587544552267,0.02410666162765864,0.0058210740831063715,0.06717961847632467,60.0,0.22608988121008536,2026-05-09
2024-05-27,0.007936507936507908,0.014359771026187124,0.020796189369670648,0.006436418343483524,0.5200878328337135,61.66666666666667,0.22608988121008536,2026-05-09
2024-05-28,0.007874015748031482,0.014447976000697837,0.022204093141703313,0.007756117141005476,1.4470033304635939,63.33333333333333,0.22608988121008536,2026-05-09
2024-05-29,-0.0078125,0.017692151639043543,0.026220160461120415,0.008528008822076872,1.8671765585964462,63.33333333333333,0.22608988121008536,2026-05-09
2024-05-30,0.0,0.013371910835476236,0.018137166126212537,0.004765255290736301,-0.7936752746830196,61.66666666666667,0.22608988121008536,2026-05-09
2024-05-31,-0.007874015748031482,0.012372964930217303,0.017344449054146244,0.004971484123928942,-0.6307335794702068,60.0,0.22927343262929903,2026-05-09
2024-06-03,0.015873015873015817,0.013979854997786968,0.018373419911271012,0.0043935649134840445,-1.0134666752409114,60.0,0.22927343262929903,2026-05-09
2024-06-04,0.0,0.009865312013537334,0.01490178451514743,0.005036472501610096,-0.536765184992454,60.0,0.22927343262929903,2026-05-09
2024-06-05,0.0,0.012157113204373814,0.020093423794589796,0.007936310590215982,1.4973534228753929,60.0,0.22927343262929903,2026-05-09
2024-06-06,0.0,0.01117590863395682,0.016278240800074704,0.005102332166117884,-0.5168415779290005,58.333333333333336,0.22927343262929903,2026-05-09
2024-06-07,0.0078125,0.012862334216550522,0.018155487088853485,0.005293152872302963,-0.3716671615313802,56.666666666666664,0.08095572896125439,2026-05-09
2024-06-10,0.0,0.013951672183645257,0.021589424602213542,0.007637752418568285,1.2878410557651796,56.666666666666664,0.08095572896125439,2026-05-09
2024-06-11,-0.007751937984496138,0.013412829066731307,0.019715714822620068,0.006302885755888761,0.31500498709815855,58.333333333333336,0.08095572896125439,2026-05-09
2024-06-12,0.015625,0.013711412920198018,0.017377629685938728,0.0036662167657407103,-1.5310714344567737,56.666666666666664,0.08095572896125439,2026-05-09
2024-06-13,0.0,0.010417823205951325,0.015195951137981873,0.004778127932030548,-0.7154791928693761,55.00000000000001,0.08095572896125439,2026-05-09
2024-06-14,-0.015384615384615441,0.0180902133196039,0.024441582951225747,0.006351369631621848,0.4128921358535045,55.00000000000001,0.03962484425069789,2026-05-09
2024-06-17,-0.0078125,0.013935269462457829,0.020322269783657997,0.0063870003212001675,0.4303506168831106,56.666666666666664,0.03962484425069789,2026-05-09
2024-06-18,0.007874015748031482,0.011779941287370543,0.016857861825481872,0.0050779205381113295,-0.5298951064684161,55.00000000000001,0.03962484425069789,2026-05-09
2024-06-19,0.0,0.010420792470655506,0.01690534781467443,0.006484555344018924,0.5156179572882821,56.666666666666664,0.03962484425069789,2026-05-09
2024-06-20,0.0,0.012669325928672436,0.018527081863234436,0.005857755934562,0.03843265807955846,58.333333333333336,0.03962484425069789,2026-05-09
2024-06-21,0.0,0.012592939328624712,0.01960931939065496,0.007016380062030248,0.90556584757182,60.0,0.04953532464218564,2026-05-09
2024-06-24,-0.0234375,0.021681776869673697,0.02713565680314242,0.005453879933468724,-0.29960646030747373,58.333333333333336,0.04953532464218564,2026-05-09
2024-06-25,0.008000000000000007,0.013239230826470617,0.019794534045830193,0.006555303219359576,0.5544848753287887,58.333333333333336,0.04953532464218564,2026-05-09
2024-06-26,0.0,0.011922166847749344,0.018928087827118644,0.0070059209793693,0.8856842074071889,60.0,0.04953532464218564,2026-05-09
2024-06-27,0.0,0.012691618392548325,0.020004584463056047,0.007312966070507722,1.0890347199094612,61.66666666666667,0.04953532464218564,2026-05-09
2024-06-28,-0.007936507936507908,0.017245601813045536,0.023546268318500423,0.006300666505454886,0.2795539523074124,61.66666666666667,0.07386036549621232,2026-05-09
2024-07-01,0.0,0.01414018196201728,0.019182411129933078,0.005042229167915798,-0.717258018123519,61.66666666666667,0.07386036549621232,2026-05-09
2024-07-02,0.016000000000000014,0.012984786370024348,0.016191377567088723,0.003206591197064375,-2.0154523363161276,61.66666666666667,0.07386036549621232,2026-05-09
2024-07-03,0.007874015748031482,0.010494411636408437,0.014233554368098936,0.003739142731690499,-1.5165972319806018,60.0,0.07386036549621232,2026-05-09
2024-07-04,0.0,0.009526859140220584,0.01595536135295101,0.006428502212730426,0.48508749855240235,60.0,0.07386036549621232,2026-05-09
2024-07-05,0.0,0.010085550821101541,0.015646122585683132,0.005560571764581591,-0.16948856694716327,58.333333333333336,0.09392685056662652,2026-05-09
2024-07-08,0.0,0.015382180373916882,0.023792702695093742,0.00841052232117686,1.8676897469966949,60.0,0.09392685056662652,2026-05-09
2024-07-09,0.0078125,0.012730871884278518,0.01834055617796636,0.005609684293687843,-0.18566340600996573,58.333333333333336,0.09392685056662652,2026-05-09
2024-07-10,0.0,0.01245209200978587,0.01837327665623774,0.005921184646451869,0.04599520295651801,58.333333333333336,0.09392685056662652,2026-05-09
2024-07-11,-0.007751937984496138,0.012851069052513845,0.017920165982600777,0.0050690969300869314,-0.5870292707511628,58.333333333333336,0.09392685056662652,2026-05-09
2024-07-12,0.0,0.010589611997979649,0.016485636941412432,0.005896024943432783,0.046316234973067076,60.0,0.07255675467562044,2026-05-09
2024-07-15,0.0,0.010943880573819675,0.016601415549712267,0.005657534975892591,-0.1372829291755963,58.333333333333336,0.07255675467562044,2026-05-09
2024-07-16,0.0,0.011708619063509335,0.018101386623313523,0.006392767559804188,0.43662368916175276,58.333333333333336,0.07255675467562044,2026-05-09
2024-07-17,-0.0078125,0.02517902390210851,0.03191403893913676,0.006735015037028249,0.6939302490027883,58.333333333333336,0.07255675467562044,2026-05-09
2024-07-18,0.0,0.016002467446999798,0.023494122622060687,0.007491655175060889,1.2500496495400897,60.0,0.07255675467562044,2026-05-09
2024-07-19,-0.007874015748031482,0.015055770074490509,0.0203693792427799,0.0053136091682893915,-0.48450681241316884,60.0,0.11281732802915787,2026-05-09
2024-07-22,-0.007936507936507908,0.02073637864393825,0.028186728565281087,0.007450349921342837,1.1974411640618847,61.66666666666667,0.11281732802915787,2026-05-09
2024-07-23,-0.016000000000000014,0.01809660090115402,0.02439493681289879,0.006298335911744769,0.2661927709123682,61.66666666666667,0.11281732802915787,2026-05-09
2024-07-24,0.008130081300812941,0.016414947889535892,0.023197340069925337,0.006782392180389445,0.6458965132328262,63.33333333333333,0.11281732802915787,2026-05-09
2024-07-25,-0.008064516129032251,0.012154469711845072,0.01798858366159344,0.005834113949748367,-0.13362043168099808,63.33333333333333,0.11281732802915787,2026-05-09
2024-07-26,0.008130081300812941,0.011850794857938511,0.017211247260961453,0.005360452403022941,-0.5193682369783973,61.66666666666667,0.15453361856512438,2026-05-09
2024-07-29,0.008064516129032251,0.012964038750970257,0.01875625778711457,0.005792219036144313,-0.1505697510126482,60.0,0.15453361856512438,2026-05-09
2024-07-30,0.0,0.014647293101845094,0.02397571877401698,0.009328425672171885,2.5190664846673068,61.66666666666667,0.15453361856512438,2026-05-09
2024-07-31,0.0,0.01521911865713532,0.02270856527141969,0.0074894466142843685,1.0553116672168177,61.66666666666667,0.15453361856512438,2026-05-09
2024-08-01,-0.016000000000000014,0.022163137191048114,0.02792129574957025,0.005758158558522134,-0.2771320865924524,60.0,0.15453361856512438,2026-05-09
2024-08-02,0.008130081300812941,0.0159449259032353,0.021522535124127704,0.005577609220892402,-0.4106474819934065,58.333333333333336,0.17255433202444181,2026-05-09
2024-08-05,-0.040322580645161366,0.019563213807460823,0.022476676475118935,0.0029134626676581114,-2.25845095981277,56.666666666666664,0.17255433202444181,2026-05-09
2024-08-06,0.01680672268907557,0.014840457894478238,0.019533947516827174,0.004693489622348937,-0.9220553676018604,55.00000000000001,0.17255433202444181,2026-05-09
2024-08-07,0.008264462809917328,0.013062800577650004,0.017566113762756935,0.004503313185106932,-1.0252764509968524,53.333333333333336,0.17255433202444181,2026-05-09
2024-08-08,-0.008196721311475419,0.01528965027196794,0.023302757755911636,0.008013107483943696,1.4681100432796532,55.00000000000001,0.17255433202444181,2026-05-09
2024-08-09,0.008264462809917328,0.012172268541971606,0.017270994584104978,0.005098726042133371,-0.6108430428731036,53.333333333333336,0.2702472081936037,2026-05-09
2024-08-12,0.008196721311475308,0.012416585232044086,0.01747535154517355,0.005058766313129463,-0.6250099772993043,51.66666666666667,0.2702472081936037,2026-05-09
2024-08-13,0.0,0.010322814519801157,0.016550217478154727,0.00622740295835357,0.22736438755987232,51.66666666666667,0.2702472081936037,2026-05-09
2024-08-14,0.0,0.011015284739214537,0.017489577935343222,0.006474293196128685,0.40323626083082836,51.66666666666667,0.2702472081936037,2026-05-09
2024-08-15,-0.008130081300813052,0.010867691303644463,0.015056203438283513,0.00418851213463905,-1.2640396577815327,51.66666666666667,0.2702472081936037,2026-05-09
2024-08-16,0.024590163934426146,0.017596842398232424,0.021895596184434818,0.004298753786202394,-1.13609950628733,50.0,0.261628348639078,2026-05-09
2024-08-19,0.008000000000000007,0.011931006452704127,0.016255820693542523,0.004324814240838396,-1.076164403004848,48.333333333333336,0.261628348639078,2026-05-09
2024-08-20,0.007936507936507908,0.011071998713390265,0.015888514591175584,0.004816515877785319,-0.6952248965263867,46.666666666666664,0.261628348639078,2026-05-09
2024-08-21,0.007874015748031482,0.011473062882505767,0.015660915531149126,0.004187852648643358,-1.1193432765355855,45.0,0.261628348639078,2026-05-09
2024-08-22,0.0,0.00981187028347657,0.014816646328338722,0.005004776044862151,-0.5033280271688928,45.0,0.261628348639078,2026-05-09
2024-08-23,0.0078125,0.012314430612627316,0.01604541287164899,0.0037309822590216746,-1.3863597328716657,45.0,0.3069971877542956,2026-05-09
2024-08-26,-0.007751937984496138,0.010660819792148595,0.015050389553467092,0.004389569761318497,-0.8743200857486653,45.0,0.3069971877542956,2026-05-09
2024-08-27,0.0,0.009071681522275445,0.012994866345544316,0.003923184823268871,-1.1703904150870776,45.0,0.3069971877542956,2026-05-09
2024-08-28,0.0,0.008857643030631886,0.013371671996402597,0.0045140289657707115,-0.7181039282289947,43.333333333333336,0.3069971877542956,2026-05-09
2024-08-29,0.0,0.008672893075830496,0.01292093772453967,0.004248044648709174,-0.8874080143971121,43.333333333333336,0.3069971877542956,2026-05-09
2024-08-30,0.0,0.00823293584708872,0.01327322584692755,0.00504028999983883,-0.2943590964135133,43.333333333333336,0.2889082915917087,2026-05-09
2024-09-04,0.0,0.013281706393849096,0.01778851491838335,0.004506808524534254,-0.6791504998445533,41.66666666666667,0.2889082915917087,2026-05-09
2024-09-05,-0.0078125,0.008571694514635707,0.011850402772310994,0.0032787082576752873,-1.5208952492275292,40.0,0.2889082915917087,2026-05-09
2024-09-06,0.0,0.008904348344818435,0.014006238356464239,0.005101890011645804,-0.16707366944585894,40.0,0.2889082915917087,2026-05-09
2024-09-09,0.0,0.01002994259059315,0.015472527560484886,0.005442584969891735,0.08800122380416574,41.66666666666667,0.2889082915917087,2026-05-09
2024-09-10,-0.007874015748031482,0.011010773329587673,0.016637643253121344,0.005626869923533671,0.22510996726392643,41.66666666666667,0.2636819077205072,2026-05-09
2024-09-11,-0.007936507936507908,0.011281337354902339,0.016069743127770212,0.004788405772867873,-0.4187255995663454,40.0,0.2636819077205072,2026-05-09
2024-09-12,0.008000000000000007,0.011242577946545214,0.016120010719709373,0.004877432773164159,-0.3420753664895731,40.0,0.2636819077205072,2026-05-09
2024-09-13,-0.007936507936507908,0.012039606737946964,0.01625787181573798,0.004218265077791017,-0.844540384746519,38.333333333333336,0.2636819077205072,2026-05-09
2024-09-16,-0.008000000000000007,0.009976241611458174,0.014981217296261359,0.005004975684803185,-0.2087433574781893,36.666666666666664,0.2636819077205072,2026-05-09
2024-09-17,0.016129032258064502,0.0120809908599705,0.01669215263406587,0.00461116177409537,-0.5190605345528093,35.0,0.23273812682809342,2026-05-09
2024-09-18,0.0,0.009291946058093447,0.015146770703508894,0.005854824645415447,0.4979780558257388,36.666666666666664,0.23273812682809342,2026-05-09
2024-09-19,0.007936507936507908,0.010164654442880453,0.01498699671652296,0.0048223422736425065,-0.35889715945916223,35.0,0.23273812682809342,2026-05-09
2024-09-20,0.0,0.007933131160841133,0.010923143867184622,0.002990012706343489,-1.7769833448228547,33.33333333333333,0.23273812682809342,2026-05-09
2024-09-23,0.0,0.009566701538051692,0.015042728740757058,0.005476027202705366,0.24391857096153804,33.33333333333333,0.23273812682809342,2026-05-09
2024-09-24,0.007874015748031482,0.009406047627890038,0.013179895781223862,0.0037738481533338246,-1.1203338844793658,31.666666666666664,0.10823942603660615,2026-05-09
2024-09-25,0.0078125,0.009536769596832797,0.013061680578613066,0.003524910981780269,-1.2667445122160301,31.666666666666664,0.10823942603660615,2026-05-09
2024-09-26,0.0,0.008333238656032058,0.012655585432430599,0.00432234677639854,-0.6040843668412524,31.666666666666664,0.10823942603660615,2026-05-09
2024-09-27,0.0,0.007858524338528565,0.011117076885036194,0.0032585525465076287,-1.4036496237344354,31.666666666666664,0.10823942603660615,2026-05-09
2024-09-30,0.0,0.009402430106980584,0.013250495487709337,0.0038480653807287536,-0.8998870093668482,30.0,0.10823942603660615,2026-05-09
2024-10-01,0.0,0.00994918582984272,0.015819492790136908,0.005870306960294188,0.717065006484917,31.666666666666664,0.10130050396949837,2026-05-09
2024-10-02,0.0,0.009934466415406453,0.01313072305824023,0.0031962566428337773,-1.3895675239744516,30.0,0.10130050396949837,2026-05-09
2024-10-03,-0.007751937984496138,0.010576169888164035,0.014420332917061822,0.0038441630288977863,-0.8457711501219634,30.0,0.10130050396949837,2026-05-09
2024-10-04,-0.0078125,0.008783359152941168,0.012405765589751327,0.003622406436810159,-0.9899873124522673,28.333333333333332,0.10130050396949837,2026-05-09
2024-10-07,0.0,0.007971540586566746,0.012141607019087758,0.004170066432521012,-0.5380715296767179,28.333333333333332,0.10130050396949837,2026-05-09
2024-10-08,0.0,0.008557713844875359,0.013998796402417574,0.005441082557542215,0.4851704324752154,28.333333333333332,0.04599431150722192,2026-05-09
2024-10-09,0.007874015748031482,0.008923930036178761,0.011792177144520117,0.002868247108341356,-1.5392212297521155,28.333333333333332,0.04599431150722192,2026-05-09
2024-10-10,0.0078125,0.011639803982694616,0.014487582354085425,0.002847778371390809,-1.4717034954061066,26.666666666666668,0.04599431150722192,2026-05-09
2024-10-11,0.0,0.007714311348106121,0.01208640277022183,0.004372091422115709,-0.2706404280222123,25.0,0.04599431150722192,2026-05-09
2024-10-14,0.0,0.009271634006587861,0.014997502862069143,0.005725868855481282,0.7863174112176292,25.0,0.04599431150722192,2026-05-09
2024-10-15,-0.007751937984496138,0.009738988447521708,0.01557674995000383,0.005837761502482122,0.8507170215993302,26.666666666666668,0.05110822549640631,2026-05-09
2024-10-16,0.0,0.010055678685766373,0.015796230654293128,0.005740551968526755,0.7522610118884829,26.666666666666668,0.05110822549640631,2026-05-09
2024-10-17,0.0078125,0.011212046134197174,0.016127466026870946,0.0049154198926737724,0.08221021663870501,26.666666666666668,0.05110822549640631,2026-05-09
2024-10-18,0.0,0.00857935338432825,0.013075285028265608,0.004495931643937358,-0.25874917529659924,25.0,0.05110822549640631,2026-05-09
2024-10-21,-0.007751937984496138,0.010622258771933377,0.016721072115426082,0.006098813343492705,1.0443956088607298,26.666666666666668,0.05110822549640631,2026-05-09
2024-10-22,-0.0078125,0.011450386446180261,0.01616278483899039,0.0047123983928101295,-0.11093737263873311,26.666666666666668,0.056476755432310094,2026-05-09
2024-10-23,0.0,0.009403142465657155,0.014903094721807255,0.0054999522561501,0.5453008749770917,28.333333333333332,0.056476755432310094,2026-05-09
2024-10-24,-0.007874015748031482,0.010658084432063133,0.015432403917936233,0.0047743194858730995,-0.07626671753303235,26.666666666666668,0.056476755432310094,2026-05-09
2024-10-25,-0.007936507936507908,0.009834344095571641,0.013342173083729965,0.0035078289881583236,-1.1358718847827503,25.0,0.056476755432310094,2026-05-09
2024-10-28,0.0,0.009321877461863273,0.015168618890949047,0.005846741429085775,0.866728048583085,26.666666666666668,0.056476755432310094,2026-05-09
2024-10-29,0.008000000000000007,0.011665858643524988,0.017908543728870772,0.006242685085345784,1.1632527717721297,28.333333333333332,0.055542908406674495,2026-05-09
2024-10-30,0.0,0.010314613939253793,0.018341346657468192,0.0080267327182144,2.385260308418487,30.0,0.055542908406674495,2026-05-09
2024-10-31,0.0,0.008344165948867924,0.013347215465727128,0.005003049516859204,0.00288683634261733,31.666666666666664,0.055542908406674495,2026-05-09
2024-11-01,-0.007936507936507908,0.010043539680338323,0.01622563108894568,0.006182091408607359,0.9181532360546775,33.33333333333333,0.055542908406674495,2026-05-09
2024-11-04,-0.008000000000000007,0.011926876433858521,0.01759132765897433,0.005664451225115809,0.49227930944971404,33.33333333333333,0.055542908406674495,2026-05-09
2024-11-05,0.008064516129032251,0.011276339049481911,0.016621329225730657,0.005344990176248746,0.22858638065349926,35.0,0.045483571798353516,2026-05-09
2024-11-06,0.008000000000000007,0.012137098133085717,0.020010551045431223,0.007873452912345506,2.0980235323318976,36.666666666666664,0.045483571798353516,2026-05-09
2024-11-07,0.0,0.00962761678617261,0.017507942970771285,0.007880326184598675,1.9310435625675255,36.666666666666664,0.045483571798353516,2026-05-09
2024-11-08,-0.007936507936507908,0.011116913022989916,0.01669283041049047,0.005575917387500554,0.23553047504333344,36.666666666666664,0.045483571798353516,2026-05-09
2024-11-11,0.0,0.013124038577930453,0.019133734365425908,0.006009695787495455,0.5468640656019224,38.333333333333336,0.045483571798353516,2026-05-09
2024-11-12,-0.008000000000000007,0.009951239580741433,0.014973248173472573,0.00502200859273114,-0.1946366715512763,38.333333333333336,0.04479374492418182,2026-05-09
2024-11-13,0.008064516129032251,0.01428685070058069,0.017630266953037186,0.0033434162524564968,-1.4060557749808698,38.333333333333336,0.04479374492418182,2026-05-09
2024-11-14,-0.016000000000000014,0.014117192248975428,0.01861758766645894,0.004500395417483514,-0.5243915147507242,38.333333333333336,0.04479374492418182,2026-05-09
2024-11-15,-0.008130081300813052,0.013473435278946263,0.018122715784322365,0.0046492805053761025,-0.40312678320822704,38.333333333333336,0.04479374492418182,2026-05-09
2024-11-18,0.0,0.012507971920618666,0.021246602999737647,0.00873863107911898,2.419220192317469,40.0,0.04479374492418182,2026-05-09
2024-11-19,-0.008196721311475419,0.014288976878161778,0.020814308526864438,0.00652533164870266,0.8424209227853051,41.66666666666667,0.04073184944820257,2026-05-09
2024-11-20,0.008264462809917328,0.01180757414282709,0.017341826420535576,0.005534252277708486,0.14205462975546715,43.333333333333336,0.04073184944820257,2026-05-09
2024-11-21,0.008196721311475308,0.009828549205058452,0.016542442463277813,0.006713893258219361,0.9547680417673954,45.0,0.04073184944820257,2026-05-09
2024-11-22,0.0,0.00960065829508151,0.016792785991772627,0.0071921276966911175,1.2415228456114957,46.666666666666664,0.04073184944820257,2026-05-09
2024-11-25,0.0,0.0102864000571412,0.017270695698997706,0.006984295641856505,1.0552806603508698,48.333333333333336,0.04073184944820257,2026-05-09
2024-11-26,0.008130081300812941,0.009571086471265875,0.014856270247802748,0.005285183776536874,-0.14297747353643053,48.333333333333336,0.06118489377587593,2026-05-09
2024-11-27,0.0,0.007913470738943601,0.013204611611349868,0.005291140872406267,-0.13636209459501053,48.333333333333336,0.06118489377587593,2026-05-09
2024-11-28,0.0,0.008078353316601351,0.013852630471176925,0.005774277154575574,0.2126492411166677,50.0,0.06118489377587593,2026-05-09
2024-11-29,0.008064516129032251,0.011214578280601708,0.015761477672345207,0.004546899391743499,-0.6808122322706933,50.0,0.06118489377587593,2026-05-09
2024-12-02,0.0,0.008363394427316515,0.013365413000256348,0.005002018572939833,-0.3340026087639806,48.333333333333336,0.06118489377587593,2026-05-09
2024-12-03,0.0,0.010183764745312584,0.016410095427472196,0.006226330682159612,0.5824058941062956,48.333333333333336,0.06089366774735681,2026-05-09
2024-12-04,-0.008000000000000007,0.011326648492835538,0.017535623197516344,0.006208974704680806,0.5566790584545409,50.0,0.06089366774735681,2026-05-09
2024-12-05,0.024193548387096753,0.01588474584328076,0.02076524149760528,0.00488049565432452,-0.4650495203598264,50.0,0.06089366774735681,2026-05-09
2024-12-06,0.0,0.010560505141891083,0.016635147086526282,0.006074641944635199,0.46447200487601964,51.66666666666667,0.06089366774735681,2026-05-09
2024-12-09,0.0,0.012230865828354476,0.020450073382515935,0.008219207554161459,1.9863801089379232,53.333333333333336,0.06089366774735681,2026-05-09
2024-12-10,0.0,0.01013926524205329,0.01673814653679697,0.00659888129474368,0.7464300389290095,55.00000000000001,0.08073095261912525,2026-05-09
2024-12-11,0.0,0.00985477262461371,0.015493025960462717,0.005638253335849008,0.01777584120857198,55.00000000000001,0.08073095261912525,2026-05-09
2024-12-12,0.0,0.009195717492283538,0.01633982455612255,0.0071441070638390124,1.1332732027311094,56.666666666666664,0.08073095261912525,2026-05-09
2024-12-13,-0.007874015748031482,0.00900169769115439,0.012950897362544022,0.003949199671389632,-1.2576648498422471,56.666666666666664,0.08073095261912525,2026-05-09
2024-12-16,0.0,0.009004419862989135,0.013625398188388349,0.004620978325399214,-0.7295016396921835,55.00000000000001,0.08073095261912525,2026-05-09
2024-12-17,0.0,0.00871933646623358,0.015046550272766438,0.006327213806532858,0.5603899485647469,56.666666666666664,0.07410125991501862,2026-05-09
2024-12-18,0.007936507936507908,0.010528554467093797,0.015587496498809052,0.005058942031715256,-0.4105305014266609,56.666666666666664,0.07410125991501862,2026-05-09
2024-12-19,-0.015748031496062964,0.01304598103091355,0.0191794169733757,0.006133435942462151,0.42199360327290425,58.333333333333336,0.07410125991501862,2026-05-09
2024-12-20,0.008000000000000007,0.012333954948290567,0.018580233877145115,0.006246278928854548,0.5008816365329913,60.0,0.07410125991501862,2026-05-09
2024-12-23,0.0,0.011698091960909924,0.018224679623143572,0.0065265876622336485,0.7078272255777825,61.66666666666667,0.07410125991501862,2026-05-09
2024-12-24,0.0,0.012294540510755509,0.01970250659191978,0.00740796608116427,1.3530654672548348,61.66666666666667,0.06986535450363979,2026-05-09
2024-12-25,0.007936507936507908,0.012433419178154366,0.018968945997516008,0.006535526819361643,0.6424045127847638,63.33333333333333,0.06986535450363979,2026-05-09
2024-12-26,0.0,0.011416128772382413,0.01768770521578544,0.006271576443403027,0.42167073887381396,65.0,0.06986535450363979,2026-05-09
2024-12-27,0.007874015748031482,0.01667187470437098,0.021491472973218507,0.004819598268847525,-0.7425514790451063,65.0,0.06986535450363979,2026-05-09
2024-12-30,-0.0078125,0.011778963526038919,0.017761053511580416,0.005982089985541497,0.2084419524570776,66.66666666666666,0.06986535450363979,2026-05-09
2024-12-31,0.0,0.010740307745985883,0.015592321429144355,0.004852013683158471,-0.7159339710247125,65.0,0.04586187875911361,2026-05-09
2025-01-02,0.0,0.010404117403701944,0.01597901063563058,0.005574893231928637,-0.10626612094296556,65.0,0.04586187875911361,2026-05-09
2025-01-03,-0.015748031496062964,0.011637889349488574,0.015809574587472133,0.00417168523798356,-1.249200718440137,65.0,0.04586187875911361,2026-05-09
2025-01-06,0.0,0.01804005687289742,0.02441848410927538,0.006378427236377961,0.6026429391232537,66.66666666666666,0.04586187875911361,2026-05-09
2025-01-07,0.0,0.013363128814989682,0.020595518045774256,0.007232389230784574,1.2730631921928697,66.66666666666666,0.04586187875911361,2026-05-09
2025-01-08,0.0,0.011094585291649337,0.01597115301120459,0.004876567719555254,-0.6976769593827926,65.0,0.05885522069516619,2026-05-09
2025-01-09,0.0,0.009430642164310608,0.01378454812872647,0.004353905964415861,-1.099914345970484,63.33333333333333,0.05885522069516619,2026-05-09
2025-01-10,-0.016000000000000014,0.013357605095482656,0.018035606186728198,0.004678001091245542,-0.802665049370585,61.66666666666667,0.05885522069516619,2026-05-09
2025-01-13,0.008130081300812941,0.011762430674198271,0.01588018901454943,0.00411775834035116,-1.225654479044978,61.66666666666667,0.05885522069516619,2026-05-09
2025-01-14,-0.008064516129032251,0.011239308890930208,0.017066326343940064,0.005827017453009856,0.21205344234743434,61.66666666666667,0.05885522069516619,2026-05-09
2025-01-15,0.008130081300812941,0.011507263401974882,0.01665241541112485,0.005145152009149967,-0.3651891802462442,61.66666666666667,0.08050704677052688,2026-05-09
2025-01-16,0.0,0.00848036982850553,0.015103544441468695,0.006623174612963165,0.891850614061066,61.66666666666667,0.08050704677052688,2026-05-09
2025-01-17,0.008064516129032251,0.011051649097828405,0.01623039131874116,0.0051787422209127534,-0.3602772946672635,61.66666666666667,0.08050704677052688,2026-05-09
2025-01-20,0.0,0.009891832457608508,0.01666783835276119,0.006776005895152681,1.0161923641306354,63.33333333333333,0.08050704677052688,2026-05-09
2025-01-21,0.0,0.010086756906343829,0.015803618908255917,0.005716862001912088,0.0796152833652455,63.33333333333333,0.08050704677052688,2026-05-09
2025-01-22,-0.008000000000000007,0.01158512877454636,0.01697056248216276,0.0053854337076164,-0.21415236752820177,61.66666666666667,0.06377145500074245,2026-05-09
2025-01-23,0.016129032258064502,0.012496144082067426,0.01746116193242594,0.004965017850358515,-0.5842733202716796,60.0,0.06377145500074245,2026-05-09
2025-01-24,0.007936507936507908,0.013686772566016626,0.019625100502630336,0.00593832793661371,0.3074157456219462,60.0,0.06377145500074245,2026-05-09
2025-02-03,-0.015748031496062964,0.020064576572070156,0.02606381757699043,0.005999241004920275,0.3576119438957061,60.0,0.06377145500074245,2026-05-09
2025-02-04,0.008000000000000007,0.012887047567236938,0.018691240477589032,0.005804192910352094,0.1694657783485252,60.0,0.06377145500074245,2026-05-09
2025-02-05,0.007936507936507908,0.01155452288863917,0.016380859497574504,0.004826336608935333,-0.7539251339475433,58.333333333333336,0.07708618586713721,2026-05-09
2025-02-06,0.0,0.010304630341879345,0.01753738925302011,0.007232758911140764,1.4966426877269485,58.333333333333336,0.07708618586713721,2026-05-09
2025-02-07,0.007874015748031482,0.014249327853338664,0.019514269463311282,0.005264941609972618,-0.3639225777436859,56.666666666666664,0.07708618586713721,2026-05-09
2025-02-10,-0.015625,0.014615116425468162,0.01996657911215523,0.00535146268668707,-0.27562133410323447,55.00000000000001,0.07708618586713721,2026-05-09
2025-02-11,0.007936507936507908,0.012394080072704509,0.017711000469637733,0.005316920396933223,-0.30379399420843384,53.333333333333336,0.07708618586713721,2026-05-09
2025-02-12,0.0,0.008887152681342067,0.014399042299014243,0.005511889617672176,-0.10843590688853087,53.333333333333336,0.07544694693419017,2026-05-09
2025-02-13,0.0,0.010434705925328892,0.01646122679734792,0.006026520872019027,0.4029087774972227,55.00000000000001,0.07544694693419017,2026-05-09
2025-02-14,0.007874015748031482,0.011167952985005399,0.015416133063475996,0.004248180078470597,-1.3487019729490084,55.00000000000001,0.07544694693419017,2026-05-09
2025-02-17,-0.0078125,0.01578890389067765,0.0229488184007809,0.007159914510103251,1.4963373370592217,56.666666666666664,0.07544694693419017,2026-05-09
2025-02-18,0.007874015748031482,0.011396431045369566,0.01628961086885733,0.004893179823487763,-0.7150694439316457,55.00000000000001,0.07544694693419017,2026-05-09
2025-02-19,0.0078125,0.013980176240467634,0.020195346838905576,0.006215170598437942,0.5823237543347561,55.00000000000001,0.08047215586308247,2026-05-09
2025-02-20,0.0,0.0108918201656006,0.01742755428330264,0.0065357341177020405,0.8767991862496068,55.00000000000001,0.08047215586308247,2026-05-09
2025-02-21,0.007751937984496138,0.012560288983686935,0.01621564162491236,0.003655352641225426,-1.8632614590999004,53.333333333333336,0.08047215586308247,2026-05-09
2025-02-24,0.0,0.013060154237776437,0.019684228088628648,0.006624073850852211,0.9528426853515799,53.333333333333336,0.08047215586308247,2026-05-09
2025-02-25,0.0,0.008898482674651945,0.014324698024884779,0.005426215350232834,-0.19366444181904072,51.66666666666667,0.08047215586308247,2026-05-09
2025-02-26,0.0,0.009198708325938158,0.015418269993471892,0.006219561667533733,0.5674449151987466,53.333333333333336,0.045277497939708033,2026-05-09
2025-02-27,0.007692307692307665,0.012862001431573315,0.017788744286876518,0.004926742855303203,-0.6902672484338984,53.333333333333336,0.045277497939708033,2026-05-09
2025-02-28,0.0,0.009941873854764556,0.014537306650128234,0.004595432795363678,-0.985994814870513,51.66666666666667,0.045277497939708033,2026-05-09
2025-03-03,0.0,0.010590001506416155,0.01548119920126585,0.004891197694849695,-0.6751207852915027,51.66666666666667,0.045277497939708033,2026-05-09
2025-03-04,0.0,0.009923259128531866,0.014342551034144361,0.004419291905612495,-1.1054160196546654,51.66666666666667,0.045277497939708033,2026-05-09
2025-03-05,-0.007633587786259555,0.011140163368850835,0.01594591894745017,0.004805755578599335,-0.7017373890613205,50.0,0.022891325038274846,2026-05-09
2025-03-06,0.01538461538461533,0.013552804490005893,0.016325467848195132,0.0027726633581892385,-2.4152441706533234,48.333333333333336,0.022891325038274846,2026-05-09
2025-03-07,0.007575757575757569,0.011881692014684824,0.01544580633599025,0.003564114321305427,-1.5893884404239393,48.333333333333336,0.022891325038274846,2026-05-09
2025-03-10,0.0,0.009576289341083115,0.015384493510060356,0.005808204168977241,0.3967240758650979,48.333333333333336,0.022891325038274846,2026-05-09
2025-03-11,0.0,0.009220645077580941,0.013839482391844042,0.0046188373142631006,-0.6587355559163289,46.666666666666664,0.022891325038274846,2026-05-09
2025-03-12,0.0,0.01047022375770768,0.015073967874611108,0.004603744116903428,-0.656413178446871,45.0,0.026277465261199662,2026-05-09
2025-03-13,0.0,0.014417769006334602,0.019463040971711157,0.005045271965376555,-0.24683745407910268,43.333333333333336,0.026277465261199662,2026-05-09
2025-03-14,0.0,0.009938178739758493,0.014910602995758287,0.004972424255999794,-0.30902490945808264,41.66666666666667,0.026277465261199662,2026-05-09
2025-03-17,0.007518796992481258,0.012723012806606787,0.018264079106729506,0.005541066300122719,0.2250342317972326,43.333333333333336,0.026277465261199662,2026-05-09
2025-03-18,-0.007462686567164201,0.011076670882930535,0.015581030150508383,0.004504359267577848,-0.7513285392275986,43.333333333333336,0.026277465261199662,2026-05-09
2025-03-19,-0.007518796992481258,0.009748310635188356,0.013548959430598044,0.003800648795409688,-1.3628883328393353,41.66666666666667,0.029204484085621568,2026-05-09
2025-03-20,0.0,0.00980292862719109,0.014709403500896697,0.004906474873705607,-0.3044315317697804,41.66666666666667,0.029204484085621568,2026-05-09
2025-03-21,0.0,0.0090341283774852,0.014072772390848951,0.005038644013363751,-0.17367335923344596,40.0,0.029204484085621568,2026-05-09
2025-03-24,0.007575757575757569,0.01348471846799608,0.018154910026153534,0.004670191558157453,-0.5242414570139663,38.333333333333336,0.029204484085621568,2026-05-09
2025-03-25,0.0,0.010011508503331152,0.015632239449978356,0.005620730946647204,0.4124696973649221,38.333333333333336,0.029204484085621568,2026-05-09
2025-03-26,0.0,0.009843058179912973,0.015097932879789654,0.005254874699876681,0.04304052231689916,38.333333333333336,0.024904270329320657,2026-05-09
2025-03-27,-0.007518796992481258,0.010611087216745318,0.015935614033351496,0.005324526816606178,0.11249661379642428,38.333333333333336,0.024904270329320657,2026-05-09
2025-03-28,0.0,0.012242204236155942,0.01994386734677636,0.00770166311062042,2.3017333938542444,38.333333333333336,0.024904270329320657,2026-05-09
2025-03-31,-0.007575757575757569,0.013607949702506793,0.020028529952419865,0.0064205802499130715,1.0374043582458363,40.0,0.024904270329320657,2026-05-09
2025-04-01,0.007633587786259444,0.010335600283937374,0.014990024604251771,0.004654424320314397,-0.6348856812832151,38.333333333333336,0.024904270329320657,2026-05-09
2025-04-02,0.0,0.009932557329938464,0.015344682662385135,0.005412125332446671,0.0945010403883834,40.0,0.024892090813688306,2026-05-09
2025-04-03,-0.06818181818181823,0.006988441261100661,0.019235293775791366,0.012246852514690706,4.19425005201242,41.66666666666667,0.024892090813688306,2026-05-09
2025-04-04,-0.016260162601625994,0.03446944525237829,0.0397414335377991,0.005271988285420803,-0.16669049416368165,41.66666666666667,0.024892090813688306,2026-05-09
2025-04-08,-0.06611570247933896,0.008968197043164025,0.018553253867294645,0.00958505682413062,2.2923416880779044,41.66666666666667,0.024892090813688306,2026-05-09
2025-04-09,-0.03539823008849541,0.03173300014836478,0.03531737275712644,0.0035843726087616545,-1.1697025061052801,40.0,0.024892090813688306,2026-05-09
2025-04-10,0.07339449541284382,0.008759495101435059,0.018558943843027347,0.009799448741592288,2.191488698414539,41.66666666666667,0.3937720890952254,2026-05-09
2025-04-11,0.042735042735042805,0.024137703733801197,0.030577873520297488,0.006440169786496291,0.37242288138902485,43.333333333333336,0.3937720890952254,2026-05-09
2025-04-14,0.016393442622950838,0.02175343094019128,0.02760671644181847,0.005853285501627191,0.05047380427310306,45.0,0.3937720890952254,2026-05-09
2025-04-15,-0.008064516129032251,0.020589033070437947,0.02776314209907726,0.007174109028639315,0.764443755303003,46.666666666666664,0.3937720890952254,2026-05-09
2025-04-16,-0.016260162601625994,0.019674144941464588,0.02569721944648341,0.006023074505018822,0.11794617544670268,46.666666666666664,0.3937720890952254,2026-05-09
2025-04-17,0.008264462809917328,0.013601401028324842,0.018624914359741056,0.005023513331416214,-0.4420463944220125,46.666666666666664,0.4902873719349751,2026-05-09
2025-04-18,0.0,0.016064244308985554,0.02254639514332265,0.006482150834337095,0.3916672517319799,46.666666666666664,0.4902873719349751,2026-05-09
2025-04-21,-0.008196721311475419,0.014291679333550128,0.019542260542733038,0.0052505812091829095,-0.32272466558533475,46.666666666666664,0.4902873719349751,2026-05-09
2025-04-22,-0.008264462809917328,0.021519889836212048,0.027779308134698515,0.006259418298486467,0.27132420283398506,46.666666666666664,0.4902873719349751,2026-05-09
2025-04-23,0.008333333333333304,0.017186921516715522,0.02320242235413258,0.006015500837417059,0.12217458443174746,46.666666666666664,0.4902873719349751,2026-05-09
2025-04-24,0.008264462809917328,0.013845073329784829,0.01921596146513262,0.005370888135347791,-0.26806598945459986,46.666666666666664,0.4910344438961921,2026-05-09
2025-04-25,0.008196721311475308,0.014773064664923901,0.02015338950771754,0.0053803248427936375,-0.25756321692821915,46.666666666666664,0.4910344438961921,2026-05-09
2025-04-28,0.0,0.012470029453471912,0.018929553264737914,0.006459523811266002,0.41640287506768064,46.666666666666664,0.4910344438961921,2026-05-09
2025-04-29,0.0,0.011470112595114641,0.018710351846469842,0.007240239251355201,0.8892140082158323,46.666666666666664,0.4910344438961921,2026-05-09
2025-05-05,0.008130081300812941,0.01581892749194222,0.02292426410542456,0.007105336613482342,0.7809066996925922,46.666666666666664,0.4910344438961921,2026-05-09
2025-05-06,0.0,0.012415109629529457,0.018048399068895157,0.0056332894393657,-0.16800688652812454,46.666666666666664,0.4881129045837387,2026-05-09
2025-05-07,0.008064516129032251,0.014076719083477022,0.01890922008352384,0.00483250100004682,-0.6773439645039457,45.0,0.4881129045837387,2026-05-09
2025-05-08,0.016000000000000014,0.015582080949417024,0.01974905815438321,0.004166977204966187,-1.0777711745506329,45.0,0.4881129045837387,2026-05-09
2025-05-09,0.0,0.01076502853463808,0.01646974486545637,0.0057047163308182915,-0.06122541029503778,45.0,0.4881129045837387,2026-05-09
2025-05-12,0.007874015748031482,0.011789444021026963,0.01642909396699746,0.004639649945970497,-0.7559720662093702,45.0,0.4881129045837387,2026-05-09
2025-05-13,0.0078125,0.012676306737042474,0.018210247263757532,0.005533940526715058,-0.14889203584729999,45.0,0.4846411932411121,2026-05-09
2025-05-14,0.015503875968992276,0.017073293921879,0.021288273173235398,0.004214979251356398,-1.0189382509847154,43.333333333333336,0.4846411932411121,2026-05-09
2025-05-15,0.0,0.011220441309701634,0.016984234164147013,0.005763792854445379,0.04283875804960001,45.0,0.4846411932411121,2026-05-09
2025-05-16,-0.007633587786259555,0.013094357127674539,0.018712437625390228,0.005618080497715689,-0.05782270736845793,43.333333333333336,0.4846411932411121,2026-05-09
2025-05-19,0.0,0.013004599051793752,0.018124249533096357,0.005119650481302605,-0.4033738171576035,43.333333333333336,0.4846411932411121,2026-05-09
2025-05-20,0.01538461538461533,0.016291557165865417,0.021234031889369197,0.00494247472350378,-0.5195714223107583,41.66666666666667,0.482279461845471,2026-05-09
2025-05-21,0.0,0.012833887182500737,0.019346432523610672,0.006512545341109935,0.6088518373429451,41.66666666666667,0.482279461845471,2026-05-09
2025-05-22,-0.007575757575757569,0.013121857855523153,0.02011809029741003,0.006996232441886876,0.9341674888747002,43.333333333333336,0.482279461845471,2026-05-09
2025-05-23,0.0,0.011948337872007163,0.01869753088409259,0.006749193012085429,0.7329578048223957,43.333333333333336,0.482279461845471,2026-05-09
2025-05-26,0.01526717557251911,0.018449260511590806,0.024937134189844255,0.006487873678253448,0.5276753172445626,45.0,0.482279461845471,2026-05-09
2025-05-27,0.007518796992481258,0.014134476872975664,0.02036505838288359,0.006230581509907927,0.328425879621316,45.0,0.22261714712642527,2026-05-09
2025-05-28,0.0,0.01214183278153972,0.017333363800863894,0.0051915310193241734,-0.45377601860687794,45.0,0.22261714712642527,2026-05-09
2025-05-29,0.0,0.011923134212337698,0.018442489442420072,0.006519355230082374,0.5585435758950424,46.666666666666664,0.22261714712642527,2026-05-09
2025-05-30,-0.007462686567164201,0.012774832414510743,0.017336911239367515,0.004562078824856772,-0.9385455445964118,46.666666666666664,0.22261714712642527,2026-05-09
2025-06-02,0.007518796992481258,0.01685334072910782,0.023214606729755012,0.0063612660006471915,0.45811696880217706,48.333333333333336,0.22261714712642527,2026-05-09
2025-06-03,0.00746268656716409,0.01153001513764287,0.01609299604224644,0.00456298090460357,-0.9352853933564277,48.333333333333336,0.07639279229872462,2026-05-09
2025-06-04,0.0,0.013675430964524284,0.02115231719752622,0.0074768862330019375,1.3115084269274153,50.0,0.07639279229872462,2026-05-09
2025-06-05,-0.007407407407407418,0.012961324686185858,0.01947343945236333,0.0065121147661774716,0.5451416942466529,51.66666666666667,0.07639279229872462,2026-05-09
2025-06-06,-0.007462686567164201,0.01356952026443282,0.01859131819157496,0.0050217979271421406,-0.6190160537049078,50.0,0.07639279229872462,2026-05-09
2025-06-09,-0.015037593984962405,0.014096248861392265,0.01908011901057892,0.004983870149186654,-0.6341420101109235,50.0,0.07639279229872462,2026-05-09
2025-06-10,0.007633587786259444,0.012967789652832264,0.01780171943262733,0.004833929779795066,-0.7356555897525101,50.0,0.05272725817212786,2026-05-09
2025-06-11,0.0,0.009900134602501746,0.016437528715878755,0.006537394113377009,0.6333665904716054,51.66666666666667,0.05272725817212786,2026-05-09
2025-06-12,0.0,0.01066511570120157,0.01604473487515707,0.0053796191739555,-0.31081856811816677,51.66666666666667,0.05272725817212786,2026-05-09
2025-06-13,0.0,0.01665796627126037,0.02188046716330087,0.0052225008920404985,-0.43297320718487375,50.0,0.05272725817212786,2026-05-09
2025-06-16,0.015151515151515138,0.013109130005910376,0.017477229049030558,0.004368099043120181,-1.1107308700582195,50.0,0.05272725817212786,2026-05-09
2025-06-17,0.00746268656716409,0.011083014582344813,0.015488154262605363,0.00440513968026055,-1.0417253226128134,50.0,0.06445451477562668,2026-05-09
2025-06-18,0.0,0.008926515932617299,0.014487347480094611,0.005560831547477312,-0.07218426100809833,50.0,0.06445451477562668,2026-05-09
2025-06-19,0.0,0.009342829577017833,0.015441653184155144,0.006098823607137311,0.3787963145881814,51.66666666666667,0.06445451477562668,2026-05-09
2025-06-20,0.0,0.010813146160724048,0.017025855639329766,0.006212709478605718,0.4675397894898537,53.333333333333336,0.06445451477562668,2026-05-09
2025-06-23,0.007407407407407307,0.01563620557969921,0.01953026031630767,0.0038940547366084627,-1.4771615836573828,51.66666666666667,0.06445451477562668,2026-05-09
2025-06-24,0.007352941176470562,0.01220959337304303,0.017144265509111703,0.004934672136068673,-0.5735804068146224,50.0,0.05950028482679612,2026-05-09
2025-06-25,0.0,0.008059319774279415,0.012629372232350495,0.004570052458071079,-0.8630818435223548,48.333333333333336,0.05950028482679612,2026-05-09
2025-06-26,0.0,0.008994087192491708,0.013542617811537443,0.004548530619045735,-0.8561698441592099,46.666666666666664,0.05950028482679612,2026-05-09
2025-06-27,0.0,0.009058085695461546,0.015435966707575176,0.00637788101211363,0.7199648461863388,46.666666666666664,0.05950028482679612,2026-05-09
2025-06-30,0.007299270072992581,0.011169912863385555,0.01638241513919199,0.005212502275806434,-0.2983602176752049,46.666666666666664,0.05950028482679612,2026-05-09
2025-07-01,0.0,0.011380550336855632,0.016397709475784988,0.005017159138929356,-0.46305635165299003,45.0,0.05942779029323231,2026-05-09
2025-07-02,0.0,0.014118153684888567,0.021670524362192776,0.0075523706773042085,1.7049757308666238,45.0,0.05942779029323231,2026-05-09
2025-07-03,0.0,0.012201429015384128,0.019349201780712554,0.007147772765328426,1.2912325397304765,46.666666666666664,0.05942779029323231,2026-05-09
2025-07-04,0.007246376811594235,0.010605159003285328,0.015368339733737977,0.0047631807304526486,-0.7405399556594993,45.0,0.05942779029323231,2026-05-09
2025-07-07,0.007194244604316502,0.011132258433245844,0.016309071936231847,0.005176813502986002,-0.3749227855787039,45.0,0.05942779029323231,2026-05-09
2025-07-08,0.014285714285714235,0.013715525007335689,0.018648384463580452,0.004932859456244764,-0.5762574334017456,43.333333333333336,0.05065116784453314,2026-05-09
2025-07-09,0.007042253521126751,0.012057025054246603,0.016475222639868184,0.004418197585621581,-0.9988230779125528,41.66666666666667,0.05065116784453314,2026-05-09
2025-07-10,0.013986013986013957,0.016141557947256493,0.020143923814188107,0.004002365866931614,-1.3052676881555019,40.0,0.05065116784453314,2026-05-09
2025-07-11,0.006896551724137945,0.015469272006820568,0.020644822753211035,0.005175550746390468,-0.2728682994325408,38.333333333333336,0.05065116784453314,2026-05-09
2025-07-14,0.006849315068493178,0.01393818461921664,0.020957875789958544,0.007019691170741903,1.3045942062418627,38.333333333333336,0.05065116784453314,2026-05-09
2025-07-15,-0.006802721088435382,0.014594487362628254,0.021972450810370234,0.00737796344774198,1.526855421795101,40.0,0.03951046893051085,2026-05-09
2025-07-16,0.013698630136986356,0.014548715127893436,0.018891847947890263,0.004343132819996827,-1.032341628644554,38.333333333333336,0.03951046893051085,2026-05-09
2025-07-17,0.006756756756756799,0.013162523227931515,0.01869956758687918,0.005537044358947666,-0.01279210173806587,38.333333333333336,0.03951046893051085,2026-05-09
2025-07-18,0.006711409395973256,0.01546385549879317,0.02128556500027265,0.005821709501479479,0.23024859758569285,38.333333333333336,0.03951046893051085,2026-05-09
2025-07-21,-0.00666666666666671,0.017303920373679945,0.025052799137757868,0.007748878764077923,1.7900470199955099,38.333333333333336,0.03951046893051085,2026-05-09
2025-07-22,0.01342281879194629,0.016895442955369704,0.02367305986935717,0.006777616913987466,0.9380263265672075,40.0,0.022957135579838275,2026-05-09
2025-07-23,0.0,0.014833647134373889,0.022836067614544996,0.008002420480171107,1.827350994797221,41.66666666666667,0.022957135579838275,2026-05-09
2025-07-24,0.0066225165562914245,0.01470436890439351,0.02099619908947115,0.006291830185077639,0.4330825560317488,41.66666666666667,0.022957135579838275,2026-05-09
2025-07-25,0.006578947368421018,0.01576085376018411,0.022204161516619973,0.006443307756435864,0.5454033788456287,41.66666666666667,0.022957135579838275,2026-05-09
2025-07-28,0.019607843137254832,0.021005667266889568,0.026126138637652317,0.005120471370762748,-0.5412399825720425,40.0,0.022957135579838275,2026-05-09
2025-07-29,-0.044871794871794934,0.02296906824837296,0.02972067357851513,0.006751605330142171,0.8062265573493874,41.66666666666667,0.023625401655105023,2026-05-09
2025-07-30,0.01342281879194629,0.01885631990285994,0.024676842573810205,0.005820522670950266,0.019485454708524433,43.333333333333336,0.023625401655105023,2026-05-09
2025-07-31,-0.0066225165562914245,0.020676199332285726,0.029665764505916903,0.008989565173631177,2.4106832086100574,45.0,0.023625401655105023,2026-05-09
2025-08-01,0.0,0.01754980526839452,0.025136716252557405,0.007586910984162885,1.2578442575633155,46.666666666666664,0.023625401655105023,2026-05-09
2025-08-04,0.020000000000000018,0.018471373304861347,0.023518484318873073,0.005047111014011726,-0.6857875146726521,46.666666666666664,0.023625401655105023,2026-05-09
2025-08-05,0.013071895424836555,0.02438213343455749,0.029791946887948333,0.005409813453390842,-0.39563053235370593,46.666666666666664,0.07104752155013794,2026-05-09
2025-08-06,0.012903225806451646,0.012965481331601988,0.017707001385514527,0.004741520053912538,-0.8954134808493383,46.666666666666664,0.07104752155013794,2026-05-09
2025-08-07,0.006369426751592355,0.015685570568917,0.02279113781874098,0.007105567249823981,0.9451561261924973,46.666666666666664,0.07104752155013794,2026-05-09
2025-08-08,0.0,0.016466574510621466,0.02377307237229058,0.007306497861669113,1.0647060587685166,48.333333333333336,0.07104752155013794,2026-05-09
2025-08-11,0.012658227848101333,0.015497260923436744,0.0214711800631254,0.005973919139688656,0.011865499562955677,50.0,0.07104752155013794,2026-05-09
2025-08-12,0.006250000000000089,0.01585520867225118,0.02143341843030761,0.005578209758056431,-0.30044321259070306,50.0,0.0732988860538585,2026-05-09
2025-08-13,0.0,0.015795522703783753,0.02365382265425802,0.007858299950474268,1.4744793415185933,50.0,0.0732988860538585,2026-05-09
2025-08-14,0.01863354037267073,0.024664780831391748,0.02848197713156642,0.0038171963001746717,-1.6378281064761788,48.333333333333336,0.0732988860538585,2026-05-09
2025-08-15,-0.0060975609756097615,0.019746835483878355,0.026070731166049785,0.00632389568217143,0.29313814598326876,48.333333333333336,0.0732988860538585,2026-05-09
2025-08-18,0.006134969325153339,0.017723057767776208,0.025043142999565487,0.007320085231789279,1.036905495474049,48.333333333333336,0.0732988860538585,2026-05-09
2025-08-19,0.0060975609756097615,0.01857093487661836,0.02629870618656441,0.007727771309946053,1.2944392177971493,48.333333333333336,0.07534932370120398,2026-05-09
2025-08-20,0.0060606060606061,0.028879841242310397,0.03425589591968238,0.005376054677371983,-0.5110309518609883,48.333333333333336,0.07534932370120398,2026-05-09
2025-08-21,0.01807228915662651,0.030440112360411012,0.03582818353154218,0.005388071171131166,-0.49128745516709493,46.666666666666664,0.07534932370120398,2026-05-09
2025-08-22,-0.023668639053254448,0.023972056725336047,0.03038910600817731,0.006417049282841262,0.31739975086904165,48.333333333333336,0.07534932370120398,2026-05-09
2025-08-25,-0.024242424242424176,0.02300432465634103,0.028945599161068307,0.005941274504727277,-0.06383185714947377,46.666666666666664,0.07534932370120398,2026-05-09
2025-08-26,0.03726708074534146,0.01986108532175693,0.02339272718423584,0.0035316418624789098,-1.874001832760341,46.666666666666664,0.13000559838080125,2026-05-09
2025-08-27,0.0,0.014959876010906533,0.021915780090712933,0.0069559040798064,0.7717402989560538,46.666666666666664,0.13000559838080125,2026-05-09
2025-08-28,0.0059880239520957446,0.012995723786213392,0.018270774788487626,0.005275051002274234,-0.5339523349016172,45.0,0.13000559838080125,2026-05-09
2025-08-29,0.0,0.012456848895265892,0.01902540885995597,0.006568559964690079,0.48171861828282164,46.666666666666664,0.13000559838080125,2026-05-09
2025-09-03,0.0,0.01755391476784565,0.024608487026203895,0.0070545722583582465,0.8469438086988479,48.333333333333336,0.13000559838080125,2026-05-09
2025-09-04,0.011904761904761862,0.014550809716102425,0.019160217804170737,0.004609408088068312,-1.0836780227806317,48.333333333333336,0.15285472464520938,2026-05-09
2025-09-05,-0.01764705882352946,0.01697798134317851,0.022751710142427387,0.005773728799248878,-0.14597595337827748,46.666666666666664,0.15285472464520938,2026-05-09
2025-09-08,-0.029940119760478945,0.02048778796927955,0.025238564088066417,0.0047507761187868675,-0.9497852135511247,46.666666666666664,0.15285472464520938,2026-05-09
2025-09-09,0.012345679012345512,0.014720869376244347,0.018575203735851434,0.0038543343596070864,-1.581542456743035,46.666666666666664,0.15285472464520938,2026-05-09
2025-09-10,0.0,0.011505688227375533,0.017537300360248514,0.00603161213287298,0.14521960689828142,48.333333333333336,0.15285472464520938,2026-05-09
2025-09-11,0.012195121951219523,0.0167912054759639,0.021366773519522105,0.004575568043558204,-0.9957270963682077,48.333333333333336,0.18143436451917394,2026-05-09
2025-09-12,0.006024096385542244,0.012674111087835081,0.018795156811925808,0.006121045724090727,0.24660670745684998,50.0,0.18143436451917394,2026-05-09
2025-09-15,0.0059880239520957446,0.015195289865123281,0.022269845602569133,0.007074555737445852,0.9935729360973962,50.0,0.18143436451917394,2026-05-09
2025-09-16,0.0,0.014596679084058622,0.020708309312316646,0.0061116302282580234,0.2015266466334485,50.0,0.18143436451917394,2026-05-09
2025-09-17,-0.005952380952380931,0.014200137449798063,0.019919218618462263,0.0057190811686642,-0.12299595871961974,50.0,0.18143436451917394,2026-05-09
2025-09-18,0.0,0.011459966233369125,0.01665693866507759,0.005196972431708465,-0.5523452221662953,50.0,0.14015985592865254,2026-05-09
2025-09-19,-0.005988023952095856,0.012359428504294051,0.01858863892178822,0.006229210417494168,0.32467750820034824,51.66666666666667,0.14015985592865254,2026-05-09
2025-09-22,-0.01807228915662651,0.015505212120684935,0.02090771948925555,0.005402507368570616,-0.38565659862740476,51.66666666666667,0.14015985592865254,2026-05-09
2025-09-23,0.006134969325153339,0.01212360822132665,0.017806535740869107,0.005682927519542457,-0.1363744305975345,50.0,0.14015985592865254,2026-05-09
2025-09-24,0.012195121951219523,0.01419760673056984,0.019480733209174456,0.005283126478604615,-0.4841152311760531,50.0,0.14015985592865254,2026-05-09
2025-09-25,0.006024096385542244,0.013601509130976583,0.02078353294996665,0.007182023818990068,1.1868762761786897,51.66666666666667,0.14116701969678522,2026-05-09
2025-09-26,-0.005988023952095856,0.012541287472773924,0.018213428634097625,0.005672141161323701,-0.16772717293492867,50.0,0.14116701969678522,2026-05-09
2025-09-29,0.006024096385542244,0.01734662892843362,0.021596334715700664,0.004249705787267043,-1.3940372792299691,48.333333333333336,0.14116701969678522,2026-05-09
2025-09-30,-0.005988023952095856,0.014294956307936571,0.02031022932121212,0.006015273013275547,0.1872014406079435,50.0,0.14116701969678522,2026-05-09
2025-10-01,0.006024096385542244,0.011271274740105206,0.016975264118377277,0.005703989378272071,-0.09506948195727392,50.0,0.14116701969678522,2026-05-09
2025-10-02,-0.0119760479041916,0.014466287692329691,0.02051269442296612,0.006046406730636427,0.21855039537352897,51.66666666666667,0.15158128722315406,2026-05-09
2025-10-03,0.0,0.01549146440420671,0.021217863226397675,0.005726398822190965,-0.08150779348056739,51.66666666666667,0.15158128722315406,2026-05-09
2025-10-06,0.030303030303030276,0.019959524179216034,0.023661483933387538,0.0037019597541715042,-1.8641025139984997,51.66666666666667,0.15158128722315406,2026-05-09
2025-10-07,-0.00588235294117645,0.012505192775471052,0.018852301284279515,0.006347108508808463,0.5406399024027024,53.333333333333336,0.15158128722315406,2026-05-09
2025-10-08,0.00591715976331364,0.010886461326521334,0.015895389767088538,0.0050089284405672035,-0.6792230115214093,51.66666666666667,0.15158128722315406,2026-05-09
2025-10-09,0.0117647058823529,0.015248182444448775,0.019495181564464562,0.004246999120015787,-1.32462468727276,50.0,0.17847360851350727,2026-05-09
2025-10-10,0.01744186046511631,0.01837492737385245,0.022687368051580406,0.004312440677727954,-1.2117108168058506,50.0,0.17847360851350727,2026-05-09
2025-10-13,0.011428571428571344,0.01894447044488888,0.023133915473553618,0.004189445028664737,-1.265361946896137,50.0,0.17847360851350727,2026-05-09
2025-10-14,-0.005649717514124353,0.015564281670177349,0.021364756642769465,0.005800474972592116,0.18099670823913946,50.0,0.17847360851350727,2026-05-09
2025-10-15,0.0,0.013545249012858005,0.019708298221578577,0.006163049208720572,0.5018495364182584,50.0,0.17847360851350727,2026-05-09
2025-10-16,0.005681818181818121,0.014863539820161307,0.02148416741603802,0.006620627595876711,0.897395681457492,50.0,0.1356744294681731,2026-05-09
2025-10-17,-0.02259887005649719,0.018788930863967726,0.024137803248311187,0.005348872384343461,-0.2778344876047407,48.333333333333336,0.1356744294681731,2026-05-09
2025-10-20,-0.052023121387283267,0.022270167321562825,0.029873226934513008,0.0076030596129501825,1.720827736727677,48.333333333333336,0.1356744294681731,2026-05-09
2025-10-21,0.012195121951219523,0.02369753720280416,0.030817600535831574,0.007120063333027414,1.2278523056470405,48.333333333333336,0.1356744294681731,2026-05-09
2025-10-22,0.012048192771084265,0.015202588983993107,0.0210059036133554,0.005803314629362294,0.04339850095200429,50.0,0.1356744294681731,2026-05-09
2025-10-23,0.005952380952380931,0.014212944310360178,0.01961114036118295,0.005398196050822772,-0.3209269041281093,48.333333333333336,0.17037110771048272,2026-05-09
2025-10-24,-0.00591715976331364,0.012934538511447428,0.018329033638452914,0.005394495127005485,-0.3184407456498579,46.666666666666664,0.17037110771048272,2026-05-09
2025-10-27,-0.017857142857142905,0.022239244358241993,0.02747552561473425,0.005236281256492257,-0.45804018149602116,45.0,0.17037110771048272,2026-05-09
2025-10-28,0.0181818181818183,0.016755707555693628,0.020402891312217536,0.0036471837565239078,-1.8264690545921969,43.333333333333336,0.17037110771048272,2026-05-09
2025-10-29,0.005952380952380931,0.016193306563546162,0.02327999601525162,0.007086689451705458,1.2552515378990072,45.0,0.17037110771048272,2026-05-09
2025-10-30,-0.01183431952662728,0.01718778194797975,0.02418985646895807,0.00700207452097832,1.1334432798161465,46.666666666666664,0.16449824951006747,2026-05-09
2025-10-31,-0.017964071856287456,0.020122805998918393,0.026726109725559326,0.006603303726640933,0.755372720085164,48.333333333333336,0.16449824951006747,2026-05-09
2025-11-03,-0.012195121951219412,0.021397534302784852,0.028951086336080057,0.007553552033295205,1.522165150446454,48.333333333333336,0.16449824951006747,2026-05-09
2025-11-04,0.01851851851851838,0.021389014682269822,0.02640721158000617,0.00501819689773635,-0.6934774266647948,46.666666666666664,0.16449824951006747,2026-05-09
2025-11-05,0.0,0.014162114274995068,0.01900962194001103,0.004847507665015963,-0.8213890343977348,45.0,0.16449824951006747,2026-05-09
2025-11-06,-0.0060606060606061,0.011013974241401549,0.015438880306626476,0.004424906065224927,-1.1515110887392317,45.0,0.16396708283058645,2026-05-09
2025-11-07,-0.024390243902438935,0.016505719247862344,0.022353583618200414,0.0058478643703380705,0.10818814479771395,45.0,0.16396708283058645,2026-05-09
2025-11-10,-0.012499999999999956,0.014296962193547254,0.020087241570897165,0.005790279377349911,0.055354535149954726,46.666666666666664,0.16396708283058645,2026-05-09
2025-11-11,0.006329113924050667,0.01220228363995685,0.018165368615257315,0.005963084975300466,0.21001779751551372,46.666666666666664,0.16396708283058645,2026-05-09
2025-11-12,0.025157232704402288,0.016703550120017042,0.02055846870882731,0.0038549185888102667,-1.6418209940574833,45.0,0.16396708283058645,2026-05-09
2025-11-13,0.0,0.011901221569661623,0.018018447335412194,0.006117225765750571,0.39041322516072735,45.0,0.19008540390109674,2026-05-09
2025-11-14,0.006134969325153339,0.01043901491586095,0.014854360202767076,0.004415345286906127,-1.1214026202128775,45.0,0.19008540390109674,2026-05-09
2025-11-17,0.0060975609756097615,0.012599946040897985,0.018758225527698996,0.00615827948680101,0.4543343004050361,46.666666666666664,0.19008540390109674,2026-05-09
2025-11-18,0.0060606060606061,0.012238162024601228,0.016204506257635788,0.0039663442330345605,-1.4801459435370317,45.0,0.19008540390109674,2026-05-09
2025-11-19,-0.0060240963855421326,0.009638644461112025,0.014260396025413905,0.00462175156430188,-0.8637197287154497,45.0,0.19008540390109674,2026-05-09
2025-11-20,0.0060606060606061,0.012457644657111678,0.016392949076827253,0.003935304419715575,-1.4089585685879737,45.0,0.1557774224802922,2026-05-09
2025-11-21,-0.0060240963855421326,0.01039957249086207,0.016552241740390824,0.006152669249528753,0.5463850040409216,45.0,0.1557774224802922,2026-05-09
2025-11-24,0.0121212121212122,0.018655034235393667,0.02285651660364275,0.0042014823682490834,-1.1572738085012317,45.0,0.1557774224802922,2026-05-09
2025-11-25,-0.005988023952095856,0.014233021798371074,0.0203993655427776,0.0061663437444065255,0.5807843117549786,45.0,0.1557774224802922,2026-05-09
2025-11-26,0.012048192771084265,0.013006144478501293,0.018699882327141027,0.005693737848639734,0.15234489069964166,45.0,0.1557774224802922,2026-05-09
2025-11-27,0.0,0.010300550637565013,0.015606422293281522,0.005305871655716509,-0.19936337413737026,45.0,0.16255907737227934,2026-05-09
2025-11-28,0.005952380952380931,0.014192995639711959,0.019022884167254103,0.004829888527542145,-0.6273627876481358,45.0,0.16255907737227934,2026-05-09
2025-12-01,0.00591715976331364,0.014764325361113528,0.01955709688506676,0.004792771523953231,-0.6465854617011018,45.0,0.16255907737227934,2026-05-09
2025-12-02,0.0117647058823529,0.015406188922477587,0.019592173999239213,0.004185985076761626,-1.1731288596177214,45.0,0.16255907737227934,2026-05-09
2025-12-03,0.005813953488372103,0.011865314696687562,0.01761914990073214,0.005753835204044577,0.2973826176247312,45.0,0.16255907737227934,2026-05-09
2025-12-04,0.005780346820809301,0.011068487153350843,0.016300233633156948,0.005231746479806105,-0.19814271399050815,45.0,0.09378226257629976,2026-05-09
2025-12-05,0.0,0.0135354523096391,0.019252189747666237,0.005716737438027137,0.268021896671756,45.0,0.09378226257629976,2026-05-09
2025-12-08,0.005747126436781658,0.01847366628507794,0.023280945084530148,0.0048072787994522075,-0.6145118256854333,43.333333333333336,0.09378226257629976,2026-05-09
2025-12-09,0.0,0.014030062451692542,0.019821746570144357,0.005791684118451814,0.3593902231001118,43.333333333333336,0.09378226257629976,2026-05-09
2025-12-10,-0.017142857142857126,0.019922677317586047,0.025016493026575708,0.00509381570898966,-0.3396071548641671,43.333333333333336,0.09378226257629976,2026-05-09
2025-12-11,-0.011627906976744207,0.013706997080387478,0.019760650544546916,0.006053653464159437,0.6299114884372939,45.0,0.08434135950841744,2026-05-09
2025-12-12,-0.02941176470588236,0.0199239393483963,0.024560318942780997,0.004636379594384697,-0.8147750587861098,43.333333333333336,0.08434135950841744,2026-05-09
2025-12-15,0.0,0.0137468515340725,0.02071669210334063,0.006969840569268129,1.5230845156320356,45.0,0.08434135950841744,2026-05-09
2025-12-16,0.0181818181818183,0.016851575246759353,0.023552675386795497,0.006701100140036144,1.1987040600728018,46.666666666666664,0.08434135950841744,2026-05-09
2025-12-17,-0.005952380952380931,0.013213737468052792,0.020564964432991842,0.0073512269649390494,1.726312011868217,48.333333333333336,0.08434135950841744,2026-05-09
2025-12-18,0.0059880239520957446,0.013374468877705062,0.019501805986211686,0.006127337108506624,0.5282934564235985,48.333333333333336,0.12798869516086214,2026-05-09
2025-12-19,0.011904761904761862,0.01699838282352647,0.02285795271198699,0.005859569888460522,0.2609110357954893,50.0,0.12798869516086214,2026-05-09
2025-12-22,0.02941176470588247,0.02312408434780588,0.026585730662918278,0.0034616463151123968,-1.9509159816793713,50.0,0.12798869516086214,2026-05-09
2025-12-23,0.011428571428571344,0.019714134098712744,0.023574997093592304,0.0038608629948795603,-1.4877007679043424,48.333333333333336,0.12798869516086214,2026-05-09
2025-12-24,0.005649717514124353,0.011626811557957303,0.017064381244035032,0.005437569686077729,-0.03216892047710024,48.333333333333336,0.12798869516086214,2026-05-09
2025-12-25,-0.022471910112359605,0.01831166488099746,0.02315239753318689,0.004840732652189428,-0.5790154694282618,46.666666666666664,0.09242010521170389,2026-05-09
2025-12-26,-0.005747126436781658,0.011655322323032565,0.017276784391503045,0.00562146206847048,0.1587973757616027,48.333333333333336,0.09242010521170389,2026-05-09
2025-12-29,0.011560693641618602,0.015023461596889281,0.019542924192088657,0.004519462595199376,-0.8768074260201341,48.333333333333336,0.09242010521170389,2026-05-09
2025-12-30,0.011428571428571344,0.014608389826384403,0.018553251175766797,0.003944861349382394,-1.363014008691077,46.666666666666664,0.09242010521170389,2026-05-09
2025-12-31,0.005649717514124353,0.014668924654456012,0.01914624195050279,0.004477317296046777,-0.8321475773343546,46.666666666666664,0.09242010521170389,2026-05-09
2026-01-05,0.00561797752808979,0.0201607603575,0.026257036405992203,0.006096276048492201,0.6975184054813817,48.333333333333336,0.08618251779698284,2026-05-09
2026-01-06,0.016759776536312776,0.020692616023725147,0.02555393057647784,0.004861314552752693,-0.48250882579563914,48.333333333333336,0.08618251779698284,2026-05-09
2026-01-07,0.0219780219780219,0.017884950221257242,0.023019865859863854,0.005134915638606612,-0.21176308839120553,48.333333333333336,0.08618251779698284,2026-05-09
2026-01-08,0.0,0.012858085263405107,0.019289346970656433,0.006431261707251326,1.0361965304409373,48.333333333333336,0.08618251779698284,2026-05-09
2026-01-09,0.005376344086021501,0.02355764287825055,0.03164511313989442,0.00808747026164387,2.3637670376103337,48.333333333333336,0.08618251779698284,2026-05-09
2026-01-12,0.0053475935828875,0.020677754962525274,0.02829078972527526,0.007613034762749986,1.7942129188693254,48.333333333333336,0.0801234289787197,2026-05-09
2026-01-13,0.010638297872340496,0.016263161679420584,0.02181439747231323,0.0055512357928926455,0.007194976364484219,50.0,0.0801234289787197,2026-05-09
2026-01-14,-0.0052631578947368585,0.018097174789796507,0.02570916643554315,0.007611991645746642,1.7012657684896733,50.0,0.0801234289787197,2026-05-09
2026-01-15,-0.015873015873015817,0.02334074548360121,0.03122605973918419,0.00788531425558298,1.7931809505137646,50.0,0.0801234289787197,2026-05-09
2026-01-16,0.010752688172043001,0.017862421635005465,0.022345111287659127,0.004482689652653662,-0.94914381380219,48.333333333333336,0.0801234289787197,2026-05-09
2026-01-19,0.010638297872340496,0.016336265861861463,0.021349858413605684,0.0050135925517442205,-0.505228394923853,48.333333333333336,0.08492441132479554,2026-05-09
2026-01-20,-0.0052631578947368585,0.01587090470983546,0.023019238414143644,0.0071483337043081845,1.2057193537287805,50.0,0.08492441132479554,2026-05-09
2026-01-21,0.0,0.01786155741549079,0.024213397284568065,0.0063518398690772734,0.5418759814910524,51.66666666666667,0.08492441132479554,2026-05-09
2026-01-22,-0.005291005291005346,0.020471921493100446,0.02780605699856689,0.007334135505466445,1.2938146186241242,53.333333333333336,0.08492441132479554,2026-05-09
2026-01-23,-0.005319148936170137,0.015730106478644024,0.02201747186180646,0.006287365383162435,0.42967840098935667,53.333333333333336,0.08492441132479554,2026-05-09
2026-01-26,-0.016042780748663166,0.019083445858944358,0.025243384839979725,0.006159938981035368,0.3182062905026255,53.333333333333336,0.08974825866530194,2026-05-09
2026-01-27,-0.005434782608695676,0.016010388611488378,0.022935832898286785,0.006925444286798407,0.9317067331177735,53.333333333333336,0.08974825866530194,2026-05-09
2026-01-28,-0.016393442622950838,0.021538025445919234,0.027831028406398405,0.006293002960479171,0.39150701440948027,53.333333333333336,0.08974825866530194,2026-05-09
2026-01-29,0.005555555555555536,0.013139554556645339,0.018964538743284656,0.005824984186639317,-0.008029193844211939,53.333333333333336,0.08974825866530194,2026-05-09
2026-01-30,0.011049723756906049,0.014278481841704275,0.02016691557337657,0.005888433731672294,0.04628538531262765,55.00000000000001,0.08974825866530194,2026-05-09
2026-02-02,-0.010928961748633892,0.020665070564902317,0.029025108149888706,0.00836003758498639,2.02995580465533,56.666666666666664,0.05206035740251155,2026-05-09
2026-02-03,0.0,0.014828653147765476,0.022883249653650115,0.008054596505884639,1.6614402713306775,56.666666666666664,0.05206035740251155,2026-05-09
2026-02-04,-0.011049723756906049,0.018327198386842436,0.024533234103258687,0.006206035716416251,0.17174554736200676,56.666666666666664,0.05206035740251155,2026-05-09
2026-02-05,-0.005586592178770999,0.014867403013125132,0.020646392697470414,0.005778989684345282,-0.17428248455402653,55.00000000000001,0.05206035740251155,2026-05-09
2026-02-06,-0.011235955056179803,0.016665066735042765,0.021839752462903712,0.005174685727860947,-0.6600632324977388,55.00000000000001,0.05206035740251155,2026-05-09
2026-02-09,-0.005681818181818232,0.01159765918102031,0.0162052185233742,0.004607559342353889,-1.093437022852182,53.333333333333336,0.07134413871280085,2026-05-09
2026-02-10,0.0,0.013121470169080095,0.020450867942972076,0.007329397773891981,1.1328056919749037,55.00000000000001,0.07134413871280085,2026-05-09
2026-02-11,0.028571428571428692,0.019633135027879,0.023471786774507744,0.0038386517466287434,-1.6506675528734527,53.333333333333336,0.07134413871280085,2026-05-09
2026-02-12,0.005555555555555536,0.0108319724820194,0.015564261354779198,0.004732288872759798,-0.9046241639559798,53.333333333333336,0.07134413871280085,2026-05-09
2026-02-13,0.005524861878453136,0.010765505841655601,0.015698632182220063,0.0049331263405644615,-0.7240580632758471,53.333333333333336,0.07134413871280085,2026-05-09
2026-02-23,0.0219780219780219,0.01620030768768101,0.019904535550395015,0.0037042278627140053,-1.6144252120712739,53.333333333333336,0.08132188122849876,2026-05-09
2026-02-24,0.005376344086021501,0.013528650190031237,0.020138307388091806,0.006609657198060569,0.6552802501476402,53.333333333333336,0.08132188122849876,2026-05-09
2026-02-25,-0.005347593582887722,0.013898615630234631,0.020127199334680625,0.006228583704445994,0.34616712915821984,55.00000000000001,0.08132188122849876,2026-05-09
2026-02-26,0.010752688172043001,0.01661463448627341,0.02094823721340185,0.00433360272712844,-1.1349544878862567,53.333333333333336,0.08132188122849876,2026-05-09
2026-02-27,0.0,0.015022423436157433,0.021341030733570705,0.0063186072974132715,0.4455978401206803,53.333333333333336,0.08132188122849876,2026-05-09
2026-03-02,-0.015957446808510523,0.02659724583825037,0.03574242095454648,0.00914517511629611,2.409402527242905,55.00000000000001,0.07951644264812441,2026-05-09
2026-03-03,-0.021621621621621623,0.02429992645054987,0.03300360792340665,0.008703681472856776,1.9152269519737797,56.666666666666664,0.07951644264812441,2026-05-09
2026-03-04,0.005524861878453136,0.022991902639086625,0.029550181818971146,0.006558279179884521,0.40272515767596884,58.333333333333336,0.07951644264812441,2026-05-09
2026-03-05,-0.005494505494505475,0.015922509896014323,0.022475092165645024,0.006552582269630701,0.3910491782087964,60.0,0.07951644264812441,2026-05-09
2026-03-06,-0.02209944751381221,0.018808363523641,0.024021388447641866,0.0052130249240008655,-0.5623653682246129,58.333333333333336,0.07951644264812441,2026-05-09
2026-03-09,-0.06779661016949157,0.0075051290587524536,0.01689018091042532,0.009385051851672866,2.2218829618158926,60.0,0.0782765543613098,2026-05-09
2026-03-10,0.0181818181818183,0.023578822662504585,0.03125070397396068,0.0076718813114560955,1.0278387123104091,60.0,0.0782765543613098,2026-05-09
2026-03-11,0.029761904761904878,0.019194362595413322,0.024035416594762077,0.0048410539993487545,-0.8551704453156693,60.0,0.0782765543613098,2026-05-09
2026-03-12,-0.011560693641618491,0.01770962690165647,0.024183595647694355,0.006473968746037884,0.24566145875730086,60.0,0.0782765543613098,2026-05-09
2026-03-13,-0.005847953216374324,0.01627942510056507,0.022622296315282436,0.006342871214717365,0.15289937062969394,61.66666666666667,0.0782765543613098,2026-05-09
2026-03-16,-0.00588235294117645,0.015996754135166432,0.022682328378465746,0.006685574243299314,0.38489850381384066,61.66666666666667,0.20958364042677385,2026-05-09
2026-03-17,0.01183431952662728,0.017990707393672607,0.024630500334733157,0.006639792941060551,0.3459115253127966,63.33333333333333,0.20958364042677385,2026-05-09
2026-03-18,0.0,0.014849456680234473,0.02306747799071582,0.008218021310481348,1.405885915623979,63.33333333333333,0.20958364042677385,2026-05-09
2026-03-19,-0.005847953216374324,0.014119106828040458,0.02047026660490938,0.006351159776868922,0.08667107536648165,63.33333333333333,0.20958364042677385,2026-05-09
2026-03-20,-0.02941176470588236,0.024239499100597747,0.029592204460788328,0.0053527053601905815,-0.6153847750605137,61.66666666666667,0.20958364042677385,2026-05-09
2026-03-23,-0.036363636363636265,0.021754433706987028,0.026877949400334257,0.005123515693347229,-0.7609005175494153,60.0,0.19655258796772332,2026-05-09
2026-03-24,0.012578616352201255,0.017635606616830144,0.023066930861367293,0.005431324244537149,-0.5249144456012687,58.333333333333336,0.19655258796772332,2026-05-09
2026-03-25,0.03105590062111796,0.01924913085268959,0.023627986339747668,0.004378855487058079,-1.245845713003296,58.333333333333336,0.19655258796772332,2026-05-09
2026-03-26,-0.012048192771084376,0.014653416206426188,0.02068029769263152,0.006026881486205331,-0.04128686361631367,58.333333333333336,0.19655258796772332,2026-05-09
2026-03-27,0.018292682926829285,0.015808607558113245,0.02066984863297701,0.004861241074863763,-0.8800761904771798,58.333333333333336,0.19655258796772332,2026-05-09
2026-03-30,-0.005988023952095856,0.013623567370522154,0.01983093995818649,0.0062073725876643365,0.12083451953898068,60.0,0.2628949798049728,2026-05-09
2026-03-31,0.006024096385542244,0.013583756915557695,0.019535232387486976,0.005951475471929282,-0.07177176267845413,58.333333333333336,0.2628949798049728,2026-05-09
2026-04-01,0.017964071856287456,0.018277965064984816,0.022955864142883177,0.004677899077898361,-1.0165163614440018,58.333333333333336,0.2628949798049728,2026-05-09
2026-04-02,-0.00588235294117645,0.012074597994459932,0.018617481247032233,0.006542883252572301,0.4094601279232746,60.0,0.2628949798049728,2026-05-09
2026-04-03,-0.00591715976331364,0.012723462014870858,0.017596107529901383,0.004872645515030525,-0.8664742744856397,60.0,0.2628949798049728,2026-05-09
2026-04-06,-0.005952380952380931,0.015842308158631597,0.022664745267423587,0.00682243710879199,0.6434737527613124,60.0,0.25412546807189446,2026-05-09
2026-04-07,0.0059880239520957446,0.013161080605146095,0.019992050893475402,0.006830970288329307,0.6350054695407589,61.66666666666667,0.25412546807189446,2026-05-09
2026-04-08,0.04761904761904767,0.0217305214845914,0.02671540974671154,0.004984888262120138,-0.8139643127163405,61.66666666666667,0.25412546807189446,2026-05-09
2026-04-09,-0.011363636363636354,0.015334704370454092,0.021824714629396762,0.00649001025894267,0.38506439449439556,61.66666666666667,0.25412546807189446,2026-05-09
2026-04-10,0.005747126436781658,0.01213963064638627,0.016937855181863644,0.0047982245354773745,-0.9584206173805693,60.0,0.25412546807189446,2026-05-09
2026-04-13,0.005714285714285783,0.011835913494568261,0.016110094191198788,0.0042741806966305265,-1.3202693406564918,58.333333333333336,0.28622570597033237,2026-05-09
2026-04-14,0.011363636363636465,0.014610915823687658,0.018918679247384156,0.004307763423696497,-1.2379079509391595,56.666666666666664,0.28622570597033237,2026-05-09
2026-04-15,0.011235955056179803,0.018664374372334973,0.02187215411439318,0.0032077797420582074,-1.9370045785265642,55.00000000000001,0.28622570597033237,2026-05-09
2026-04-16,0.011111111111111072,0.018136667538844922,0.021373493454249562,0.0032368259154046397,-1.7779016032304542,53.333333333333336,0.28622570597033237,2026-05-09
2026-04-17,0.0,0.010545810076336593,0.016553176711454277,0.006007366635117684,0.22030066440391932,55.00000000000001,0.28622570597033237,2026-05-09
2026-04-20,0.01098901098901095,0.013901296023135988,0.01768932376773845,0.0037880277446024607,-1.3420623193115737,55.00000000000001,0.30589739842954444,2026-05-09
2026-04-21,-0.005434782608695676,0.011155507233637266,0.01690977624719132,0.005754269013554055,0.07813037278422671,55.00000000000001,0.30589739842954444,2026-05-09
2026-04-22,0.016393442622950838,0.021404854685953052,0.024136788165816138,0.0027319334798630857,-1.9629704277656659,53.333333333333336,0.30589739842954444,2026-05-09
2026-04-23,0.005376344086021501,0.01690114534173568,0.022672833748746526,0.005771688407010846,0.1500627649159628,53.333333333333336,0.30589739842954444,2026-05-09
2026-04-24,-0.010695187165775444,0.014957096370118028,0.020710227200802397,0.005753130830684369,0.13462941346653123,53.333333333333336,0.30589739842954444,2026-05-09
2026-04-28,0.01621621621621605,0.026559917904739473,0.03162924280155802,0.00506932489681855,-0.35042868949166395,51.66666666666667,0.167671115843522,2026-05-09
2026-04-29,-0.015957446808510523,0.021531479818217913,0.026549410118304976,0.005017930300087063,-0.3805605519987102,50.0,0.167671115843522,2026-05-09
2026-05-04,0.0,0.011954359949347374,0.01957186108805537,0.007617501138707997,1.4607701469128085,50.0,0.167671115843522,2026-05-09
2026-05-05,0.010810810810810922,0.01979391838769519,0.024112956701484042,0.004319038313788853,-0.899967801811801,50.0,0.167671115843522,2026-05-09
2026-05-06,0.010695187165775222,0.013110295458092955,0.01810964291984525,0.004999347461752296,-0.39821133971520545,48.333333333333336,0.167671115843522,2026-05-09
2026-05-07,0.010582010582010692,0.018918874483998368,0.023681190355515427,0.0047623158715170595,-0.5602042723278468,46.666666666666664,0.17173365675577512,2026-05-09
2026-05-08,0.005235602094240788,0.014248851992979181,0.018853147085648454,0.004604295092669273,-0.6616074020274372,45.0,0.17173365675577512,2026-05-09
