time,Market_Return,CSAD,CSSD,Spread,Spread_Z,DPI,Ledoit_Correlation,cache_date
2015-12-25,0.0026493809279897196,0.014795464919494909,0.021297365566188185,0.006501900646693277,,0.0,-0.016478942457269018,2026-07-22
2015-12-28,0.003928338647453566,0.01775980419570269,0.023677948109895475,0.005918143914192785,,0.0,-0.016478942457269018,2026-07-22
2015-12-29,0.011212493419898273,0.016062649050637076,0.021210368440814815,0.005147719390177739,,0.0,-0.016478942457269018,2026-07-22
2015-12-30,0.00548335039650194,0.014662265256709064,0.022960381916757363,0.008298116660048298,,0.0,-0.016478942457269018,2026-07-22
2015-12-31,-0.0007248252653379028,0.01610575779850924,0.02514084291771525,0.009035085119206011,,0.0,-0.016478942457269018,2026-07-22
2016-01-04,-0.007978861198901566,0.01826882921378365,0.026706395789204043,0.008437566575420392,,0.0,0.024425077415015536,2026-07-22
2016-01-05,-0.007781897947458982,0.014076634733628137,0.02065729780186696,0.006580663068238823,,0.0,0.024425077415015536,2026-07-22
2016-01-06,0.008123662139874366,0.015558915981170691,0.021633520799454308,0.006074604818283617,,0.0,0.024425077415015536,2026-07-22
2016-01-07,-0.016029378491741686,0.016383862851204672,0.021702982591202964,0.0053191197399982924,,0.0,0.024425077415015536,2026-07-22
2016-01-08,-0.009392245648790265,0.017043242331608716,0.02361327805875124,0.006570035727142525,,0.0,0.024425077415015536,2026-07-22
2016-01-11,-0.0038925095973573187,0.014628643215991999,0.022502852286620408,0.00787420907062841,,0.0,0.03350995546566829,2026-07-22
2016-01-12,0.01145428146342331,0.018972836519675264,0.025243355742036497,0.006270519222361232,,0.0,0.03350995546566829,2026-07-22
2016-01-13,-0.0068939850423563875,0.013873989171819012,0.020664096857098573,0.006790107685279561,,0.0,0.03350995546566829,2026-07-22
2016-01-14,-0.013098488498670569,0.017739440652726358,0.024517992301902884,0.006778551649176526,,0.0,0.03350995546566829,2026-07-22
2016-01-15,-0.01806411948718878,0.01787364727526342,0.02265838802573843,0.004784740750475011,-1.458075503713558,0.0,0.03350995546566829,2026-07-22
2016-01-18,-0.030697554507955194,0.0218877473678981,0.027911222183375637,0.006023474815477537,-0.39722359224880294,0.0,0.04937318758749134,2026-07-22
2016-01-19,0.01785816060945722,0.018411037934728383,0.02428791921798083,0.005876881283252446,-0.5134243917832954,0.0,0.04937318758749134,2026-07-22
2016-01-20,-0.011814771263788382,0.015445596980776619,0.02090294375048233,0.005457346769705711,-0.856358650025609,0.0,0.04937318758749134,2026-07-22
2016-01-21,-0.014279238440616626,0.01982560936835797,0.02633509231072759,0.00650948294236962,0.06478761449587045,1.6666666666666667,0.04937318758749134,2026-07-22
2016-01-22,0.0006898137502875379,0.02059429378911841,0.029731926109698,0.00913763232057959,2.191088231067686,3.3333333333333335,0.04937318758749134,2026-07-22
2016-01-25,0.03850719975490202,0.022580210374652375,0.027404692141811907,0.004824481767159532,-1.3536242947229098,3.3333333333333335,0.08376451175321403,2026-07-22
2016-01-26,-0.00851848437355951,0.017419260529984232,0.023611040839879353,0.006191780309895121,-0.2236028033548732,3.3333333333333335,0.08376451175321403,2026-07-22
2016-01-27,0.009223959979915541,0.01725454031469839,0.02339273753173553,0.00613819721703714,-0.26464249044436133,3.3333333333333335,0.08376451175321403,2026-07-22
2016-01-28,-0.005933405811789472,0.015293659051897921,0.022152927155267586,0.006859268103369665,0.3404709680863046,5.0,0.08376451175321403,2026-07-22
2016-01-29,0.010714219511742895,0.017678233514665603,0.02314596647968489,0.005467732965019286,-0.8325068222410631,5.0,0.08376451175321403,2026-07-22
2016-02-03,0.004883959362475432,0.015792699956334137,0.022005857580441313,0.006213157624107176,-0.21062120491334854,8.333333333333332,0.13462932982161466,2026-07-22
2016-02-04,0.005713543695623713,0.013464095639843887,0.019478290182238914,0.006014194542395027,-0.3824200464517962,8.333333333333332,0.13462932982161466,2026-07-22
2016-02-05,0.004795720741492149,0.013083583090178694,0.02075390780791192,0.007670324717733226,1.0770930631566007,10.0,0.13462932982161466,2026-07-22
2016-02-15,-0.0017622762735199915,0.014927663828212279,0.02216088002226535,0.007233216194053071,0.6747933442477071,11.666666666666666,0.13462932982161466,2026-07-22
2016-02-16,0.007833906471248042,0.01799075674394392,0.024733370527216792,0.006742613783272872,0.23019844085673324,13.333333333333334,0.13462932982161466,2026-07-22
2016-02-17,-0.0018246510354894552,0.016714221592379213,0.024338335950368262,0.007624114357989049,1.010727350782593,15.0,0.1428229051894913,2026-07-22
2016-02-18,0.00994424641257674,0.016153300228311095,0.021615283592461246,0.005461983364150151,-0.9382390209845107,15.0,0.1428229051894913,2026-07-22
2016-02-19,0.0027873807670726336,0.016698774251793135,0.02253964228417842,0.0058408680323852845,-0.5851563943369629,15.0,0.1428229051894913,2026-07-22
2016-02-22,0.012057108820822116,0.01775415893600091,0.02358783657293304,0.0058336776369321275,-0.5839955587928327,15.0,0.1428229051894913,2026-07-22
2016-02-23,0.0010165682795026942,0.01539848084568447,0.022353112505402697,0.006954631659718227,0.44569961823965804,16.666666666666664,0.1428229051894913,2026-07-22
2016-02-24,0.012043899657924628,0.018641121633070898,0.023482998327204976,0.0048418766941340785,-1.4737280261777241,16.666666666666664,0.1414156115642934,2026-07-22
2016-02-25,-0.009189493697626783,0.014083852660275968,0.018757648362700857,0.004673795702424889,-1.5744857903834582,16.666666666666664,0.1414156115642934,2026-07-22
2016-02-26,0.005845563412814059,0.012488806138650591,0.018621793898028635,0.006132987759378044,-0.2503426963855546,16.666666666666664,0.1414156115642934,2026-07-22
2016-02-29,-0.011905813357828032,0.01960481144536016,0.03207252220066006,0.012467710755299895,4.398033664822862,18.333333333333332,0.1414156115642934,2026-07-22
2016-03-01,0.003915118794357797,0.016323030558428844,0.02327083688877788,0.006947806330349037,0.31658828332993527,20.0,0.1414156115642934,2026-07-22
2016-03-02,0.01535009616069516,0.01898692531010116,0.024778602564847214,0.005791677254746056,-0.5385333892416899,20.0,0.1124217596742507,2026-07-22
2016-03-03,0.00036830474586979634,0.015635644738434287,0.02510920852154439,0.009473563783110102,2.114462626729743,21.666666666666668,0.1124217596742507,2026-07-22
2016-03-04,0.005715387717176057,0.01551143915481692,0.02274685734188556,0.0072354181870686405,0.4882719547795678,23.333333333333332,0.1124217596742507,2026-07-22
2016-03-07,0.004445219210319928,0.020627147969477046,0.0281309255857365,0.007503777616259453,0.6677301382993985,25.0,0.1124217596742507,2026-07-22
2016-03-08,-0.0025859076709475737,0.0157773274808174,0.023781400356001684,0.008004072875184284,0.9959823860737924,26.666666666666668,0.1124217596742507,2026-07-22
2016-03-09,-0.0052200240121104136,0.01657236828670082,0.024170879215595607,0.007598510928894787,0.6786219941633642,28.333333333333332,0.051288090012380966,2026-07-22
2016-03-10,0.007346381906910837,0.018063100762639766,0.02499372285994949,0.006930622097309724,0.17784106886983078,30.0,0.051288090012380966,2026-07-22
2016-03-11,0.002344116268166996,0.015060403314294937,0.021710646215245946,0.006650242900951009,-0.04486372890175344,30.0,0.051288090012380966,2026-07-22
2016-03-14,0.001247271593389554,0.018154596593644698,0.025919717806090994,0.0077651212124462965,0.766087846127255,31.666666666666664,0.051288090012380966,2026-07-22
2016-03-15,-0.006816844873525074,0.016250265330915087,0.024438421686533773,0.008188156355618686,1.050935619643927,33.33333333333333,0.051288090012380966,2026-07-22
2016-03-16,0.005278377813392909,0.014371163091374893,0.019629115007204954,0.005257951915830061,-1.0827487029436036,33.33333333333333,0.015988890276202393,2026-07-22
2016-03-17,0.00379503353146049,0.01458334740917572,0.022107296785370895,0.007523949376195176,0.5415763885070942,35.0,0.015988890276202393,2026-07-22
2016-03-18,-0.005938611331698929,0.013689951131895473,0.01930702356197833,0.005617072430082859,-0.8612314314704588,35.0,0.015988890276202393,2026-07-22
2016-03-21,-0.006165121044771071,0.015799820053309887,0.023366327171362666,0.0075665071180527795,0.5654222420871797,36.666666666666664,0.015988890276202393,2026-07-22
2016-03-22,-0.0023765006028623192,0.015707802707748072,0.02414259149382143,0.008434788786073358,1.1828383905559336,38.333333333333336,0.015988890276202393,2026-07-22
2016-03-23,0.006656040356623816,0.015847024402099345,0.023708257742758487,0.007861233340659142,0.7535681023509558,40.0,0.013124790974716498,2026-07-22
2016-03-24,-0.007047032416349186,0.01486402263662241,0.022254083561749103,0.007390060925126693,0.40389278869296874,41.66666666666667,0.013124790974716498,2026-07-22
2016-03-25,0.002488346826481802,0.01447496433648079,0.023531075760382787,0.009056111423901997,1.5995996071613334,43.333333333333336,0.013124790974716498,2026-07-22
2016-03-28,0.006362746469025238,0.015806963564817613,0.02252804682926339,0.006721083264445777,-0.0967851520500808,43.333333333333336,0.013124790974716498,2026-07-22
2016-03-29,-0.012922948655596511,0.01650652133528412,0.023792618114155676,0.007286096778871556,0.29765011318050416,45.0,0.013124790974716498,2026-07-22
2016-03-30,0.0028683043570070232,0.01524377513567617,0.02313368526708858,0.007889910131412412,0.7106782259968002,46.666666666666664,0.01577725626458326,2026-07-22
2016-03-31,-0.015248021617448315,0.019799761688975556,0.026645796741728893,0.006846035052753337,-0.03909299216640525,46.666666666666664,0.01577725626458326,2026-07-22
2016-04-01,-0.0049713124977728285,0.018219457966598008,0.027395480643545172,0.009176022676947164,1.682017461543337,48.333333333333336,0.01577725626458326,2026-07-22
2016-04-04,-0.004673817667388724,0.01737765002452516,0.026951804625574557,0.009574154601049396,1.9204607752169987,50.0,0.01577725626458326,2026-07-22
2016-04-05,0.008096146234392476,0.016258204938387127,0.022993970765965644,0.006735765827578517,-0.1352622817538879,50.0,0.01577725626458326,2026-07-22
2016-04-06,0.013331667618503573,0.017284803559665482,0.024311092943027926,0.007026289383362444,0.0637551296968001,51.66666666666667,0.02084470368012997,2026-07-22
2016-04-07,0.006710227372796362,0.015853464940358337,0.021858830442125134,0.006005365501766797,-0.6913825548082367,51.66666666666667,0.02084470368012997,2026-07-22
2016-04-08,0.0012946116165151178,0.015601487267826505,0.023115526052555305,0.0075140387847288,0.4010970230653943,53.333333333333336,0.02084470368012997,2026-07-22
2016-04-11,0.01210818744103137,0.0201038782736175,0.02643513166696334,0.0063312533933458405,-0.4461549924104749,53.333333333333336,0.02084470368012997,2026-07-22
2016-04-12,0.0009839970997980174,0.017160799505602366,0.025564066343297786,0.00840326683769542,1.038890512391252,55.00000000000001,0.02084470368012997,2026-07-22
2016-04-13,-0.0031387969094923696,0.015402740565341723,0.021873147912445764,0.006470407347104041,-0.36328312412659625,55.00000000000001,0.020344476322666987,2026-07-22
2016-04-14,0.0025431645963807092,0.0163117283675413,0.023399960275553338,0.0070882319080120375,0.08208081520845863,56.666666666666664,0.020344476322666987,2026-07-22
2016-04-15,0.0006384924675144621,0.015261713166172742,0.022512885413379112,0.00725117224720637,0.17446420973503535,58.333333333333336,0.020344476322666987,2026-07-22
2016-04-19,-0.019970337667712945,0.020239890067815073,0.027323825938928265,0.0070839358711131915,0.0372072805586375,60.0,0.020344476322666987,2026-07-22
2016-04-20,-0.0004399239811360145,0.01531485810801672,0.023444291173014303,0.008129433064997584,0.7907211267600744,61.66666666666667,0.020344476322666987,2026-07-22
2016-04-21,0.013555622062215056,0.018998707159939,0.02638386607332677,0.007385158913387771,0.21294430240014361,63.33333333333333,0.023736897681199354,2026-07-22
2016-04-22,0.029093498688621322,0.028127094300085212,0.03427802722337867,0.00615093292329346,-0.7146737769329712,61.66666666666667,0.023736897681199354,2026-07-22
2016-04-25,-0.001519038617337265,0.017020532846105503,0.02496006827573212,0.007939535429626617,0.6615834914516988,61.66666666666667,0.023736897681199354,2026-07-22
2016-04-26,0.011663680313735991,0.019641560796202103,0.025559598498942328,0.005918037702740225,-0.9218965853231584,61.66666666666667,0.023736897681199354,2026-07-22
2016-04-27,-0.007552466247827794,0.015540040213501432,0.021566082935128583,0.006026042721627151,-0.8337997561827449,61.66666666666667,0.023736897681199354,2026-07-22
2016-04-28,-0.0038554784833997324,0.013141008528049601,0.018540060913245355,0.0053990523851957534,-1.3009629735835762,61.66666666666667,0.02116472807197638,2026-07-22
2016-04-29,0.01132387986546557,0.01911283201943442,0.02505330317555841,0.0059404711561239915,-0.8649238437033463,60.0,0.02116472807197638,2026-07-22
2016-05-04,0.001169844744890458,0.019882792057634432,0.027608486546562717,0.007725694488928285,0.4837903677417316,61.66666666666667,0.02116472807197638,2026-07-22
2016-05-05,0.00407297978533383,0.017043905201896074,0.02482736671336017,0.007783461511464095,0.515694176513044,61.66666666666667,0.02116472807197638,2026-07-22
2016-05-06,0.00832903858622469,0.01761906120157086,0.023138743723736126,0.005519682522165267,-1.208712301042128,60.0,0.02116472807197638,2026-07-22
2016-05-09,-0.004402163160324379,0.01544993934454544,0.021691106654653444,0.006241167310108004,-0.6563627053763711,60.0,0.02090630559857622,2026-07-22
2016-05-10,0.0019872484888630026,0.013875324698289178,0.021944010263143278,0.0080686855648541,0.7192183065837547,61.66666666666667,0.02090630559857622,2026-07-22
2016-05-11,0.014891331294934362,0.016292111295763776,0.021813529940540376,0.0055214186447766,-1.1954216794307562,60.0,0.02090630559857622,2026-07-22
2016-05-12,-0.0031593003940981745,0.014162695396445036,0.02133332468809404,0.007170629291649005,0.05750825951213438,60.0,0.02090630559857622,2026-07-22
2016-05-13,-0.00212376658171598,0.014992964002845883,0.021870526003520963,0.00687756200067508,-0.16678305147538502,58.333333333333336,0.02090630559857622,2026-07-22
2016-05-16,0.008120231819521262,0.017298168606799016,0.023017408964037343,0.005719240357238326,-1.0147798739731326,56.666666666666664,0.021816923187487507,2026-07-22
2016-05-17,0.014566890772678587,0.0190149210716713,0.024985705482178426,0.005970784410507125,-0.8371189074946603,56.666666666666664,0.021816923187487507,2026-07-22
2016-05-18,-0.003681472589035506,0.01688506760302167,0.02524808884781658,0.008363021244794908,0.9462567068600706,58.333333333333336,0.021816923187487507,2026-07-22
2016-05-19,-0.005221302915896842,0.01583540394527274,0.023227953404972,0.0073925494596992596,0.19170151373602806,60.0,0.021816923187487507,2026-07-22
2016-05-20,-0.007089793281653933,0.016840355162776658,0.023343871742244112,0.006503516579467454,-0.48158320773846236,58.333333333333336,0.021816923187487507,2026-07-22
2016-05-23,-0.006148240919958914,0.015423192722197627,0.02234623155117017,0.006923038828972543,-0.19290544112532387,58.333333333333336,0.016211785289668185,2026-07-22
2016-05-24,0.0009655827046135546,0.014233927383056654,0.020859319904860896,0.006625392521804241,-0.46660844348929115,58.333333333333336,0.016211785289668185,2026-07-22
2016-05-25,0.0004414505738856711,0.013304033674777385,0.019807865194851504,0.006503831520074119,-0.5721500992794191,58.333333333333336,0.016211785289668185,2026-07-22
2016-05-26,-0.012338819068786755,0.01411373706542873,0.018480235637636087,0.004366498572207358,-2.509383021086109,56.666666666666664,0.016211785289668185,2026-07-22
2016-05-27,0.0062382102789819704,0.013049918941815453,0.018340163228156205,0.005290244286340753,-1.5914850592169993,55.00000000000001,0.016211785289668185,2026-07-22
2016-05-30,0.010507967308546196,0.018245105469793556,0.02536865860432275,0.0071235531345291946,0.05157967334776501,56.666666666666664,0.014809392554409141,2026-07-22
2016-05-31,0.006411716842961823,0.01666957859737417,0.021942828950701636,0.005273250353327468,-1.6145349237083484,55.00000000000001,0.014809392554409141,2026-07-22
2016-06-01,0.002296099864174339,0.01428239616815907,0.021074338822221376,0.0067919426540623065,-0.18542255743241176,53.333333333333336,0.014809392554409141,2026-07-22
2016-06-02,0.005662568967186088,0.016025102196137113,0.021822124269252893,0.00579702207311578,-1.0817274666230943,51.66666666666667,0.014809392554409141,2026-07-22
2016-06-03,-0.002390233729566704,0.01278468897997214,0.01927682895291587,0.00649213997294373,-0.4153392111955621,50.0,0.014809392554409141,2026-07-22
2016-06-06,-0.0029426899080209346,0.015679349072681207,0.023848890559395774,0.008169541486714567,1.1353889208997798,50.0,0.010188486363309242,2026-07-22
2016-06-07,0.007418756551891059,0.015103664520908121,0.019921958208410365,0.004818293687502244,-1.8810872131224943,48.333333333333336,0.010188486363309242,2026-07-22
2016-06-08,0.005154886736572495,0.014816683958438626,0.022643656691882404,0.007826972733443778,0.8021479781635329,50.0,0.010188486363309242,2026-07-22
2016-06-09,0.005399206842180648,0.016009944436823322,0.02289848163119433,0.006888537194371009,-0.02431218729488945,48.333333333333336,0.010188486363309242,2026-07-22
2016-06-10,-0.002249469315337538,0.014276206074939419,0.02008719156801617,0.005810985493076751,-0.9604617966769388,46.666666666666664,0.010188486363309242,2026-07-22
2016-06-13,-0.009939032135145465,0.017165582025952187,0.02393107799296541,0.006765495967013223,-0.12458026292257177,46.666666666666664,0.012085091626530342,2026-07-22
2016-06-14,0.0029667404342665904,0.015121535002282385,0.023125125413658843,0.008003590411376459,0.9997067136773738,46.666666666666664,0.012085091626530342,2026-07-22
2016-06-15,0.002542250931359291,0.014473976021900481,0.021134185435168155,0.006660209413267674,-0.2460456935455023,46.666666666666664,0.012085091626530342,2026-07-22
2016-06-16,-0.0030461548275971806,0.016091177114302562,0.022799921131139367,0.006708744016836805,-0.18849731123664656,45.0,0.012085091626530342,2026-07-22
2016-06-17,-0.009374350114379926,0.01647350534534621,0.022273813546144383,0.005800308200798174,-0.9982935856306092,43.333333333333336,0.012085091626530342,2026-07-22
2016-06-20,0.011643116673395237,0.019421658657001413,0.024564540607551963,0.00514288195055055,-1.5492021495658839,41.66666666666667,0.014753759270820444,2026-07-22
2016-06-21,0.002458257510455475,0.015059494004036956,0.023250560289682472,0.008191066285645516,1.2355876013310694,41.66666666666667,0.014753759270820444,2026-07-22
2016-06-22,-0.0025318471337579807,0.014443793758360938,0.022495698187352666,0.008051904428991728,1.1524467649062797,41.66666666666667,0.014753759270820444,2026-07-22
2016-06-23,0.009354895356076698,0.015664679586405307,0.02110706661285568,0.005442387026450373,-1.2508631558791434,41.66666666666667,0.014753759270820444,2026-07-22
2016-06-24,-0.01818843215714805,0.01945607485616471,0.02828192485319559,0.008825849997030882,1.7978299684819015,41.66666666666667,0.014753759270820444,2026-07-22
2016-06-27,0.000805451294360271,0.01697356595772746,0.023095354160290946,0.006121788202563486,-0.6069840942994317,40.0,0.018635695374776814,2026-07-22
2016-06-28,0.001496933700323666,0.013569875006140347,0.01996932337000834,0.006399448363867993,-0.3493594578560595,40.0,0.018635695374776814,2026-07-22
2016-06-29,0.012729026036644164,0.017697441741179293,0.024159523969759317,0.006462082228580024,-0.26269478960689857,38.333333333333336,0.018635695374776814,2026-07-22
2016-06-30,0.003396178505681524,0.017156520450757502,0.023961698752143636,0.006805178301386133,0.10978747083964606,38.333333333333336,0.018635695374776814,2026-07-22
2016-07-01,0.012716287603201204,0.017326904232351625,0.02495046809616561,0.0076235638638139855,0.9086311343897977,40.0,0.018635695374776814,2026-07-22
2016-07-04,0.011963142277057859,0.020232446981517375,0.026423583924204543,0.006191136942687168,-0.5022148051821236,38.333333333333336,0.025295264735566647,2026-07-22
2016-07-05,0.004506451015494628,0.020252339195080418,0.026361578595812313,0.0061092394007318945,-0.5859733384161611,38.333333333333336,0.025295264735566647,2026-07-22
2016-07-06,-0.0021816617502458113,0.020061529184811487,0.030358750084053924,0.010297220899242437,3.2210783710098627,38.333333333333336,0.025295264735566647,2026-07-22
2016-07-07,0.017953376651371755,0.022665962685365176,0.02947093234942611,0.006804969664060936,0.0476089526092607,40.0,0.025295264735566647,2026-07-22
2016-07-08,-0.0036907066795741628,0.018555807383970897,0.027153361303087327,0.00859755391911643,1.6640494044082514,40.0,0.025295264735566647,2026-07-22
2016-07-11,-0.009746766259792206,0.023184456031409232,0.029941448680133438,0.006756992648724206,-0.0032049566900024034,40.0,0.02745124042643353,2026-07-22
2016-07-12,0.010179989574709447,0.01842555394129441,0.024446608093689506,0.0060210541523950944,-0.6505318454131475,38.333333333333336,0.02745124042643353,2026-07-22
2016-07-13,0.024616785551677012,0.02344031656515664,0.028747973623581686,0.005307657058425046,-1.2495186993625165,36.666666666666664,0.02745124042643353,2026-07-22
2016-07-14,-0.01248666903661566,0.02300537199228414,0.029877066769036342,0.006871694776752202,0.14698033135546398,36.666666666666664,0.02745124042643353,2026-07-22
2016-07-15,-0.0031948881789138905,0.01673022612589176,0.02415651394353931,0.0074262878176475505,0.6585877999223088,36.666666666666664,0.02745124042643353,2026-07-22
2016-07-18,0.01345250993138336,0.018800322984604923,0.025493903656554445,0.006693580671949521,0.009040633177629652,36.666666666666664,0.051188810191800625,2026-07-22
2016-07-19,-0.008522642910170797,0.016868460179560476,0.02458221511836043,0.007713754938799954,0.9028669999610223,38.333333333333336,0.051188810191800625,2026-07-22
2016-07-20,-0.011231580208458158,0.019609259913317263,0.02899461049627271,0.009385350582955448,2.297515295867118,38.333333333333336,0.051188810191800625,2026-07-22
2016-07-21,-0.0010450428619027674,0.018538857850720066,0.026647346437885678,0.008108488587165612,1.1511875016187407,40.0,0.051188810191800625,2026-07-22
2016-07-22,-0.014706551237927856,0.02076540286906505,0.029756873244152104,0.008991470375087053,1.8205179621342154,41.66666666666667,0.051188810191800625,2026-07-22
2016-07-25,-0.0008770984966224304,0.0176252470516411,0.025559118406158574,0.007933871354517473,0.9033425825414483,43.333333333333336,0.05688912483378343,2026-07-22
2016-07-26,-0.0010934852918526028,0.015410083315452267,0.023502472823245607,0.00809238950779334,1.0031582647800175,45.0,0.05688912483378343,2026-07-22
2016-07-27,0.01159438165867499,0.01865822295661896,0.02551250506532752,0.006854282108708559,-0.024419322274322867,43.333333333333336,0.05688912483378343,2026-07-22
2016-07-28,0.0015698587127157548,0.01601958508402619,0.02237263522070358,0.006353050136677387,-0.4284331921971935,41.66666666666667,0.05688912483378343,2026-07-22
2016-07-29,-0.007471771616398337,0.015890395629302927,0.02250977038817215,0.006619374758869222,-0.22096726844863163,41.66666666666667,0.05688912483378343,2026-07-22
2016-08-01,-0.005902825690323965,0.01563280415446368,0.02154550367942388,0.005912699524960197,-0.8180414691630746,41.66666666666667,0.05138574312462662,2026-07-22
2016-08-02,-0.019016626052623553,0.01932303413467814,0.023517861729391257,0.004194827594713117,-2.1558536853069628,40.0,0.05138574312462662,2026-07-22
2016-08-03,-0.006980583287477304,0.016846824634639733,0.026642043322676834,0.009795218688037101,2.3149727113016874,41.66666666666667,0.05138574312462662,2026-07-22
2016-08-04,0.0005224743116798436,0.02058326315361787,0.030408494069032687,0.009825230915414818,2.20596676472784,41.66666666666667,0.05138574312462662,2026-07-22
2016-08-05,-0.007200050637718891,0.01850339512315078,0.025722417797530546,0.007219022674379766,0.2204771640385428,43.333333333333336,0.05138574312462662,2026-07-22
2016-08-08,0.0032993831588008504,0.01743408577003595,0.025878442421444502,0.008444356651408552,1.1131480287558553,45.0,0.05778461630923948,2026-07-22
2016-08-09,0.012518666793759792,0.01761809435480701,0.02355108609970693,0.005932991744899918,-0.7876863342929235,45.0,0.05778461630923948,2026-07-22
2016-08-10,0.017243543477578616,0.018449790766106706,0.02399029526818046,0.005540504502073752,-1.0492067554775628,43.333333333333336,0.05778461630923948,2026-07-22
2016-08-11,0.018370274397297548,0.021279135573483758,0.028075912795867485,0.006796777222383726,-0.09084527459454839,41.66666666666667,0.05778461630923948,2026-07-22
2016-08-12,-0.006861141403126103,0.029646768132915197,0.11468337606620616,0.08503660793329096,7.552570967119247,43.333333333333336,0.05778461630923948,2026-07-22
2016-08-15,0.005734242271735912,inf,inf,,,43.333333333333336,0.011820744430640545,2026-07-22
2016-08-16,-0.0020622621195809376,0.01928452062517312,0.026153073619601622,0.006868552994428501,-0.13487516878833744,43.333333333333336,0.011820744430640545,2026-07-22
2016-08-17,0.003646806764826538,0.019001973144025675,0.027291356594916626,0.00828938345089095,0.0007183631024018619,45.0,0.011820744430640545,2026-07-22
2016-08-18,0.000211957426836884,0.016148526034061146,0.027339868227197722,0.011191342193136576,0.27264769095956476,46.666666666666664,0.011820744430640545,2026-07-22
2016-08-19,0.002467267085446201,0.016635298926975465,0.0227373962307556,0.006102097303780134,-0.2254643520071865,46.666666666666664,0.011820744430640545,2026-07-22
2016-09-28,0.002671961920892363,0.015721529617312716,0.022380492753352344,0.006658963136039628,-0.22219583381025343,36.666666666666664,0.009820585765456066,2026-07-22
2016-09-29,0.0026648415657035684,0.015233363234725397,0.02149628924999409,0.006262926015268693,-0.25356838295406675,35.0,0.009820585765456066,2026-07-22
2016-09-30,-0.004095563139931646,0.017997555954764804,0.03369366802621268,0.015696112071447877,0.6358230416724386,35.0,0.009820585765456066,2026-07-22
2016-10-03,-0.003908243769413677,0.015776972491806276,0.023436772688407267,0.00765980019660099,-0.13192619179893061,33.33333333333333,0.009820585765456066,2026-07-22
2016-10-04,0.0016836249176488405,0.018197711256446744,0.024515477751282468,0.0063177664948357234,-0.25961951890713925,33.33333333333333,0.009820585765456066,2026-07-22
2016-10-05,0.004150833089739736,0.013773193218520077,0.021368532366238337,0.007595339147718261,-0.13999094253258712,33.33333333333333,0.010361944142542177,2026-07-22
2016-10-06,0.00040754541220322515,0.015806636415802124,0.02395340891454101,0.008146772498738887,-0.0918957758071762,33.33333333333333,0.010361944142542177,2026-07-22
2016-10-07,-0.004903101903043661,0.01652272757970482,0.023963920732887254,0.007441193153182434,-0.16048014656055645,31.666666666666664,0.010361944142542177,2026-07-22
2016-10-10,-0.014270048980188577,0.01637960414915836,0.022242689243247522,0.005863085094089164,-0.3090428382147645,30.0,0.010361944142542177,2026-07-22
2016-10-11,0.012118245598421673,0.017588525573226387,0.02182487263008986,0.004236347056863474,-0.46026608925229334,28.333333333333332,0.010361944142542177,2026-07-22
2016-10-12,0.00013189518729128658,0.013245431206598579,0.022569032599022334,0.009323601392423756,0.023855704419593417,28.333333333333332,0.012128536477804186,2026-07-22
2016-10-13,0.0040735585024542775,0.01407030031199664,0.02207703387831553,0.008006733566318891,-0.09991065216360646,26.666666666666668,0.012128536477804186,2026-07-22
2016-10-14,0.0025830742962216213,0.013606190461437715,0.020990596974922122,0.007384406513484407,-0.15825823658429045,25.0,0.012128536477804186,2026-07-22
2016-10-17,-0.008806404657933031,0.016573708995971163,0.023721393022735293,0.0071476840267641305,-0.17786588982187915,23.333333333333332,0.012128536477804186,2026-07-22
2016-10-18,0.0015713341655039237,0.016160654559202632,0.02389104445163147,0.007730389892428836,-0.12180087720037563,21.666666666666668,0.012128536477804186,2026-07-22
2016-10-19,0.010073018386557608,0.019261269841819025,0.02620556617652497,0.006944296334705946,-0.19506767899500793,20.0,0.013449005891189482,2026-07-22
2016-10-20,-0.0036290264047961207,0.015615429779890463,0.02337835794878463,0.0077629281688941666,-0.11829779178541767,20.0,0.013449005891189482,2026-07-22
2016-10-21,-0.0022727603840381194,0.01451876103960851,0.022074416513762567,0.007555655474154056,-0.14012427763236712,20.0,0.013449005891189482,2026-07-22
2016-10-24,-0.009944073711724122,0.015365620407713864,0.021661154054687798,0.0062955336469739335,-0.2601237775239903,20.0,0.013449005891189482,2026-07-22
2016-10-25,-0.0027137842541518076,0.014286413207145288,0.02153104401069226,0.0072446308035469704,-0.1715812135863089,20.0,0.013449005891189482,2026-07-22
2016-10-26,-0.003800763110414329,0.013095271707509942,0.021498688835516106,0.008403417128006165,-0.06762691115850063,20.0,0.01233514579695058,2026-07-22
2016-10-27,0.004884131767640021,0.013766143366215945,0.021488970130062828,0.007722826763846884,-0.12950378356305586,18.333333333333332,0.01233514579695058,2026-07-22
2016-10-28,0.007903678534495473,0.015125138983704212,0.02100933186856773,0.005884192884863519,-0.29915797822213697,16.666666666666664,0.01233514579695058,2026-07-22
2016-10-31,-0.009454012458776195,0.016384978996253068,0.02312783672625458,0.006742857730001512,-0.2160878775130105,15.0,0.01233514579695058,2026-07-22
2016-11-01,0.0011837821840783302,0.013804855799318862,0.022209015562999868,0.008404159763681005,-0.056886387533759755,13.333333333333334,0.01233514579695058,2026-07-22
2016-11-02,-0.007685486254803475,0.0161777865631691,0.025095253342804994,0.008917466779635893,-0.012571860293725267,13.333333333333334,0.011551703762900895,2026-07-22
2016-11-03,-0.005615132558832281,0.015788477750010695,0.026128023877102932,0.010339546127092238,0.11605551372158698,15.0,0.011551703762900895,2026-07-22
2016-11-04,-0.001348052064766403,0.01946135094400101,0.0826454317829369,0.0631840808389359,4.224507228815486,16.666666666666664,0.011551703762900895,2026-07-22
2016-11-07,0.011113944175303203,inf,inf,,,15.0,0.011551703762900895,2026-07-22
2016-11-08,0.0034414216631561967,0.013392094548202556,0.01969236659426314,0.006300272046060585,-0.3175669327670529,15.0,0.011551703762900895,2026-07-22
2016-12-20,-0.01730606676256441,0.02069954973453188,0.026912936352613024,0.006213386618081143,-0.374171940889029,25.0,0.030819219247230294,2026-07-22
2016-12-21,0.006458817493133928,0.014805562925339372,0.02392374403533188,0.009118181109992508,0.0038662501906263254,26.666666666666668,0.030819219247230294,2026-07-22
2016-12-22,-0.0041832848532102895,0.016219513361565987,0.026394863424047687,0.0101753500624817,0.1349531423361058,28.333333333333332,0.030819219247230294,2026-07-22
2016-12-23,0.00033125047052617873,0.014356251490446732,0.023794491306845897,0.009438239816399165,0.051810866031313775,28.333333333333332,0.030819219247230294,2026-07-22
2016-12-26,-0.00288995589806873,0.015949149787347027,0.025422703196940104,0.009473553409593077,0.05243418376271861,30.0,0.030819219247230294,2026-07-22
2016-12-27,0.0021284625254736067,0.015308876277942375,0.024723191911557033,0.009414315633614658,0.03759668169192064,31.666666666666664,0.020529904465645264,2026-07-22
2016-12-28,-0.000542283011478295,0.014839006412007867,0.023843512434265607,0.00900450602225774,-0.02024813865808678,31.666666666666664,0.020529904465645264,2026-07-22
2016-12-29,0.0018387339864356367,0.013302175432733565,0.020119811903963378,0.006817636471229812,-0.3087809272492887,31.666666666666664,0.020529904465645264,2026-07-22
2016-12-30,0.00022565892405812527,0.017811178324822128,0.02774288921589286,0.009931710891070731,0.10079075554057086,33.33333333333333,0.020529904465645264,2026-07-22
2017-01-03,0.010738941447200112,0.020092830455758263,0.02775155940662773,0.0076587289508694666,-0.2066835909181404,33.33333333333333,0.020529904465645264,2026-07-22
2017-01-04,0.004002916623264685,0.016851532934351272,0.027920703107189148,0.011069170172837876,0.23409142857134632,35.0,0.02115623641711279,2026-07-22
2017-01-05,0.0016451756336148815,0.0135635673259943,0.022783352905817802,0.009219785579823503,-0.013489115938644715,33.33333333333333,0.02115623641711279,2026-07-22
2017-01-06,0.005904026279575536,0.01635096524674739,0.02312792558633649,0.006776960339589102,-0.3377859942877502,33.33333333333333,0.02115623641711279,2026-07-22
2017-01-09,0.0040747278611357185,0.01477235239924247,0.022060565104510002,0.007288212705267532,-0.2690945728395574,33.33333333333333,0.02115623641711279,2026-07-22
2017-01-10,-0.002197576805309298,0.012864329341797867,0.019827252405612693,0.006962923063814826,-0.31218952112132414,33.33333333333333,0.02115623641711279,2026-07-22
2017-01-11,0.008941812148530959,0.01535446583695458,0.02124823912746907,0.005893773290514489,-0.45052563882131885,33.33333333333333,0.017781538323357188,2026-07-22
2017-01-12,-0.00029105302986198733,0.012466558796466768,0.021175907631551524,0.008709348835084755,-0.0781743124388264,33.33333333333333,0.017781538323357188,2026-07-22
2017-01-13,-0.0027658087807151954,0.013717977803074502,0.02100965380382033,0.007291676000745827,-0.2667149367636134,33.33333333333333,0.017781538323357188,2026-07-22
2017-01-16,-0.010393250226257367,0.01546714009774951,0.02335192069889364,0.007884780601144128,-0.18815692455800767,33.33333333333333,0.017781538323357188,2026-07-22
2017-01-17,0.00998613446617691,0.019533783726839917,0.02711581586998279,0.0075820321431428715,-0.23179395047300044,33.33333333333333,0.017781538323357188,2026-07-22
2017-01-18,-0.002088475412948654,0.013988718396646043,0.023567915015257027,0.009579196618610984,0.03036353633930665,35.0,0.018835785858414538,2026-07-22
2017-01-19,-0.0014196229949654526,0.011577567137195512,0.020944971550764472,0.00936740441356896,-0.00020533226743455952,35.0,0.018835785858414538,2026-07-22
2017-01-20,0.005789157421113744,0.014679407801968553,0.02220191195171086,0.007522504149742308,-0.24696954576494623,35.0,0.018835785858414538,2026-07-22
2017-01-23,0.0012968845627021608,0.015793519493199754,0.027572361538137084,0.01177884204493733,0.31032858804464336,36.666666666666664,0.018835785858414538,2026-07-22
2017-01-24,0.006126755439132658,0.015879090850784313,0.024929624558693585,0.009050533707909272,-0.06097497789139998,36.666666666666664,0.018835785858414538,2026-07-22
2017-01-25,0.008562832677620813,0.014884879424924021,0.023917368083976993,0.009032488659052972,-0.06483862445996857,36.666666666666664,0.011958302584960579,2026-07-22
2017-02-02,0.008461450206516785,0.018495345409839957,0.027470829290671874,0.008975483880831917,-0.07262821958342137,36.666666666666664,0.011958302584960579,2026-07-22
2017-02-03,-0.004024574077760912,0.016259042570275266,0.0260454380441973,0.009786395473922033,0.03755580140890164,36.666666666666664,0.011958302584960579,2026-07-22
2017-02-06,-0.0004426358249447482,0.015587206697631702,0.02702800062408068,0.011440793926448978,1.2543474919580628,36.666666666666664,0.011958302584960579,2026-07-22
2017-02-07,0.0026712759270899333,0.017135494608334426,0.028722745373749425,0.011587250765414999,1.289939793544388,38.333333333333336,0.011958302584960579,2026-07-22
2017-02-08,0.00018520892991968907,0.014273152424074025,0.024908487698711915,0.01063533527463789,0.8386643975063979,40.0,0.0076938774208440966,2026-07-22
2017-02-09,-0.001979944162725733,0.01670531281480382,0.025434817120727374,0.008729504305923553,-0.02069394170699748,40.0,0.0076938774208440966,2026-07-22
2017-02-10,0.004467280382501881,0.01611406390492348,0.023968391782087862,0.00785432787716438,-0.4251274398359605,40.0,0.0076938774208440966,2026-07-22
2017-02-13,0.0030123049816703773,0.02081020666543889,0.040658640484647963,0.019848433819209074,4.132130809305092,40.0,0.0076938774208440966,2026-07-22
2017-02-14,0.0005099872503186997,0.014428308550311447,0.023852286506182246,0.0094239779558708,0.17682804045391293,40.0,0.0076938774208440966,2026-07-22
2017-02-15,0.0075184776144763266,0.015452838488824828,0.023250313777153066,0.007797475288328238,-0.4396095236586981,40.0,0.007271667667304568,2026-07-22
2017-02-16,-0.003119861714237615,0.016153364167982555,0.023370854573573633,0.007217490405591078,-0.6461374750420285,38.333333333333336,0.007271667667304568,2026-07-22
2017-02-17,-0.002142806794953045,0.01615254552023695,0.02577855119934928,0.009626005679112329,0.25108751203716456,40.0,0.007271667667304568,2026-07-22
2017-02-20,0.0038992413432603623,0.0222459181816463,0.032553120060117686,0.010307201878471388,0.48668895501456194,41.66666666666667,0.007271667667304568,2026-07-22
2017-02-21,0.008387396388916057,0.016596873630265765,0.02444057579305696,0.007843702162791195,-0.45469960040575863,41.66666666666667,0.007271667667304568,2026-07-22
2017-02-22,0.0009629474565626683,0.01694549244581461,0.026211595897651235,0.009266103451836625,0.06020322651223617,43.333333333333336,0.011488452342549504,2026-07-22
2017-02-23,-0.0005158663766661187,0.018285097813485154,0.029489508591990947,0.011204410778505793,0.7936765895074658,45.0,0.011488452342549504,2026-07-22
2017-02-24,-0.0033478873435908163,0.01821412436658695,0.029460530963836613,0.011246406597249663,0.7833742979079089,46.666666666666664,0.011488452342549504,2026-07-22
2017-02-27,0.004156927512701802,0.018508309067390163,0.028887289025700067,0.010378979958309904,0.4230434292009816,48.333333333333336,0.011488452342549504,2026-07-22
2017-02-28,-0.009269067796610297,0.020836067853247132,0.031859154189666124,0.011023086336418991,0.9050738706631181,48.333333333333336,0.011488452342549504,2026-07-22
2017-03-01,-0.0017867443267349792,0.01483521388704737,0.022308646291435908,0.007473432404388539,-0.8428589156603588,48.333333333333336,0.0158233516374525,2026-07-22
2017-03-02,-0.002832901116247566,0.014345825791534345,0.024089574470734405,0.00974374867920006,0.28277016355845175,48.333333333333336,0.0158233516374525,2026-07-22
2017-03-03,0.007222512756003496,0.016115309500365396,0.02252708594555624,0.0064117764451908435,-1.3166648114470936,46.666666666666664,0.0158233516374525,2026-07-22
2017-03-06,0.00515000982290692,0.016288773289313656,0.025112113425763617,0.008823340136449961,-0.14449264402953813,46.666666666666664,0.0158233516374525,2026-07-22
2017-03-07,0.00034902064806163757,0.016290980398375753,0.027286208503465022,0.01099522810508927,0.8893706393350764,48.333333333333336,0.0158233516374525,2026-07-22
2017-03-08,8.373573003606083e-05,0.014151024657846817,0.02233251602125935,0.008181491363412532,-0.46509033312162634,46.666666666666664,0.01370053702177005,2026-07-22
2017-03-09,-0.0011163829193414632,0.014392380122217817,0.024004576838901802,0.009612196716683985,0.2270375843134528,46.666666666666664,0.01370053702177005,2026-07-22
2017-03-10,-0.0050153674210672294,0.014256124869633248,0.024166701771055028,0.00991057690142178,0.3549115100508066,48.333333333333336,0.01370053702177005,2026-07-22
2017-03-13,-0.002864323724744211,0.0156601263352225,0.024487753201056565,0.008827626865834066,-0.1703987343125339,48.333333333333336,0.01370053702177005,2026-07-22
2017-03-14,0.006392835518256312,0.014248213290740261,0.019961348464007878,0.005713135173267617,-1.621819827854587,46.666666666666664,0.01370053702177005,2026-07-22
2017-03-15,-0.0021966951630731923,0.01380985436595027,0.021528430505963453,0.007718576140013183,-0.6406156577611272,45.0,0.013794791651293457,2026-07-22
2017-03-16,0.002496003589757878,0.013755946202054179,0.020426735249898794,0.006670789047844615,-1.1551866905903314,45.0,0.013794791651293457,2026-07-22
2017-03-17,-0.006126559615061811,0.014736181258513852,0.021163258706023196,0.006427077447509344,-1.235017380396685,45.0,0.013794791651293457,2026-07-22
2017-03-20,0.00637543276944319,0.016807684489798,0.023578567214908155,0.006770882725110155,-1.047980345451411,45.0,0.013794791651293457,2026-07-22
2017-03-21,0.0015522955794535775,0.01289203963266172,0.020065160501475842,0.007173120868814121,-0.8342113442384237,43.333333333333336,0.013794791651293457,2026-07-22
2017-03-22,-0.004524002345778877,0.017482830810008308,0.02477147082116225,0.007288640011153941,-0.7954424782027802,43.333333333333336,0.01415358922264156,2026-07-22
2017-03-23,0.009285493870451855,0.01655543069377125,0.023014960187269833,0.006459529493498581,-1.1541246486693097,41.66666666666667,0.01415358922264156,2026-07-22
2017-03-24,0.003585524487186742,0.015211273164899217,0.023106354979858024,0.007895081814958807,-0.46399797512161495,40.0,0.01415358922264156,2026-07-22
2017-03-27,0.0019109867892652677,0.015672384120572556,0.023789793430630483,0.008117409310057926,-0.3491840405149478,38.333333333333336,0.01415358922264156,2026-07-22
2017-03-28,-0.005887881468376821,0.013819690720847209,0.02141336934382604,0.0075936786229788295,-0.5788532990904603,36.666666666666664,0.01415358922264156,2026-07-22
2017-03-29,0.0016822845702528788,0.014688939244568955,0.02447991287037418,0.009790973625805223,0.4460144876259865,36.666666666666664,0.013464707128843657,2026-07-22
2017-03-30,0.004705261842963493,0.017289248500345477,0.032127779449428816,0.014838530949083339,2.595158584887912,38.333333333333336,0.013464707128843657,2026-07-22
2017-03-31,-0.002141298041057782,0.01641521754692245,0.02611604575629344,0.009700828209370987,0.3179763812225494,40.0,0.013464707128843657,2026-07-22
2017-04-03,9.69112984730014e-05,0.017240809537969536,0.025521414473882217,0.008280604935912681,-0.2984616359256295,38.333333333333336,0.013464707128843657,2026-07-22
2017-04-04,0.0024363908192364114,0.01555799351385488,0.02299837977103918,0.0074403862571843,-0.6682122008850675,38.333333333333336,0.013464707128843657,2026-07-22
2017-04-05,-0.0012704725605545697,0.015318363622851607,0.024482863890175725,0.009164500267324118,0.10929598469625963,38.333333333333336,0.00808433274400093,2026-07-22
2017-04-07,0.006540195237963564,0.015282279790507992,0.021743025087997716,0.006460745297489724,-1.0648274907411635,38.333333333333336,0.00808433274400093,2026-07-22
2017-04-10,0.00263754378734804,0.015730341484148966,0.02356847102335877,0.007838129539209805,-0.4672793563820766,38.333333333333336,0.00808433274400093,2026-07-22
2017-04-11,0.002000356227821465,0.015827142941465647,0.024524962411385902,0.008697819469920254,-0.0965663568663604,38.333333333333336,0.00808433274400093,2026-07-22
2017-04-12,-0.007862387704593021,0.015759984497982715,0.02192168123652518,0.0061616967385424645,-1.2134113271011338,38.333333333333336,0.00808433274400093,2026-07-22
2017-04-13,-0.001695195567683827,0.015275230155491572,0.02465023160949016,0.00937500145399859,0.18703605750158267,40.0,0.005247756965380274,2026-07-22
2017-04-14,-0.008145233657762097,0.015305759114866396,0.02277624325540947,0.007470484140543073,-0.6578268907349348,40.0,0.005247756965380274,2026-07-22
2017-04-17,-0.010606166051917332,0.017290684371753424,0.02500455158232325,0.007713867210569825,-0.5530621301598875,40.0,0.005247756965380274,2026-07-22
2017-04-18,0.005767905124994588,0.016501134376571993,0.02379994628943043,0.007298811912858437,-0.7330762687345066,40.0,0.005247756965380274,2026-07-22
2017-04-19,0.0025736785419552266,0.017581141684800034,0.025699745365796525,0.00811860368099649,-0.3706886362925009,40.0,0.005247756965380274,2026-07-22
2017-04-20,-0.0057340569499281235,0.014868106385142226,0.02211487178726059,0.007246765402118365,-0.741444423963028,38.333333333333336,0.0076608421319186385,2026-07-22
2017-04-21,-0.0003507984171975398,0.013500128042573563,0.02105534093606545,0.007555212893491887,-0.5885504719397785,38.333333333333336,0.0076608421319186385,2026-07-22
2017-04-24,-0.004239131960528275,0.01712883123803088,0.025455761525996264,0.008326930287965384,-0.2511974703820341,38.333333333333336,0.0076608421319186385,2026-07-22
2017-04-25,-0.002551487898053151,0.01329351713593862,0.021708413352707158,0.008414896216768539,-0.1895164022352742,36.666666666666664,0.0076608421319186385,2026-07-22
2017-04-26,0.003476638683964861,0.01750318534215837,0.027707331255965046,0.010204145913806677,0.6109484603715166,38.333333333333336,0.0076608421319186385,2026-07-22
2017-04-27,0.009140330122246576,0.016759150445190527,0.025572792873549535,0.008813642428359008,-0.015770120453303612,38.333333333333336,0.008335384461895683,2026-07-22
2017-04-28,0.0016747379732879875,0.015733734003932333,0.023171748093144488,0.007438014089212155,-0.6237833681810182,38.333333333333336,0.008335384461895683,2026-07-22
2017-05-03,0.002521839689019423,0.02092687565717492,0.03145784206298656,0.01053096640581164,0.7611613492805641,38.333333333333336,0.008335384461895683,2026-07-22
2017-05-04,0.0034466464685771747,0.018441246134975352,0.025690182555828646,0.007248936420853294,-0.6861246320421659,36.666666666666664,0.008335384461895683,2026-07-22
2017-05-05,-0.002797706434724767,0.0172604724053918,0.026136118371030782,0.008875645965638983,0.07130497341935263,36.666666666666664,0.008335384461895683,2026-07-22
2017-05-08,-0.00158333333333327,0.020588208874759862,0.03075149580693026,0.010163286932170397,0.6677165922235159,36.666666666666664,0.007161381323681054,2026-07-22
2017-05-09,0.004521047213643881,0.0211726809512417,0.03078209341708474,0.009609412465843042,0.40549222705687127,38.333333333333336,0.007161381323681054,2026-07-22
2017-05-10,0.0030466272451563636,0.017814524449818413,0.02661677158257236,0.008802247132753946,0.027328911261901997,40.0,0.007161381323681054,2026-07-22
2017-05-11,0.0009388245364554404,0.014976283563045568,0.02186398005199981,0.00688769648895424,-1.0083764323768911,38.333333333333336,0.007161381323681054,2026-07-22
2017-05-12,0.0005241451606228242,0.014848044335824434,0.022230585963930335,0.007382541628105902,-0.6820747584435113,36.666666666666664,0.007161381323681054,2026-07-22
2017-05-15,-2.7572135599784886e-05,0.018724671020847114,0.028125714656259248,0.009401043635412134,0.5410061297324391,38.333333333333336,0.006628246028932045,2026-07-22
2017-05-16,-0.00044116633349422507,0.017078628751898403,0.024790118376749437,0.007711489624851034,-0.5026742872502564,38.333333333333336,0.006628246028932045,2026-07-22
2017-05-17,0.0029929796008441034,0.016428444184198032,0.024783119351651013,0.008354675167452981,-0.09391661490525328,36.666666666666664,0.006628246028932045,2026-07-22
2017-05-18,-0.00028877887788780754,0.016590010440253853,0.024424868253678247,0.007834857813424394,-0.3934956544170217,35.0,0.006628246028932045,2026-07-22
2017-05-19,0.0093949022682569,0.018045604193270285,0.024890483377184247,0.006844879183913962,-0.9936577643573964,35.0,0.006628246028932045,2026-07-22
2017-05-22,0.014008885012673389,0.02042558983763106,0.02690447685691351,0.00647888701928245,-1.1798522367156876,33.33333333333333,0.011534406421568466,2026-07-22
2017-05-23,-0.004260180083322185,0.016687991853205405,0.025476463791434114,0.008788471938228709,0.2683512362875225,33.33333333333333,0.011534406421568466,2026-07-22
2017-05-24,0.002442875845221515,0.018199590555506278,0.025405373596742217,0.007205783041235939,-0.7025282476587388,31.666666666666664,0.011534406421568466,2026-07-22
2017-05-25,-0.0011174839109244772,0.016837043065942633,0.024265044665151884,0.007428001599209252,-0.5345228929579094,30.0,0.011534406421568466,2026-07-22
2017-05-26,0.002021808575164208,0.015672089165010315,0.023455857838173784,0.007783768673163469,-0.27434201082257975,28.333333333333332,0.011534406421568466,2026-07-22
2017-05-29,0.0038202337875465897,0.019737208316615663,0.027965270490586454,0.00822806217397079,0.016164651697540788,30.0,0.012211187945196806,2026-07-22
2017-05-30,-0.010773869346733633,0.01842681682488548,0.026471162139030262,0.008044345314144781,-0.08942858743576235,28.333333333333332,0.012211187945196806,2026-07-22
2017-05-31,-0.000528304953874903,0.015017438092079232,0.0238492018937859,0.008831763801706667,0.42360366200048344,30.0,0.012211187945196806,2026-07-22
2017-06-01,0.005394269605052626,0.01548165319117043,0.022199389558496336,0.006717736367325906,-0.9995815779551288,30.0,0.012211187945196806,2026-07-22
2017-06-02,-0.004030736047452188,0.01761689342344353,0.02757850083144981,0.009961607408006282,1.2519586196280912,30.0,0.012211187945196806,2026-07-22
2017-06-05,0.006334510902667789,0.01619404460702634,0.023112982510221765,0.006918937903195425,-0.8469319067668993,30.0,0.01030191978657559,2026-07-22
2017-06-06,0.010517962581877205,0.016344437675464757,0.022256866784964118,0.005912429109499361,-1.4853026967220424,28.333333333333332,0.01030191978657559,2026-07-22
2017-06-07,0.0028616682860604925,0.014022511798030138,0.021435862682540757,0.007413350884510618,-0.4340315959003987,26.666666666666668,0.01030191978657559,2026-07-22
2017-06-08,-0.004419610861890577,0.015271316814307394,0.02343031489362208,0.008158998079314686,0.09082780330965112,28.333333333333332,0.01030191978657559,2026-07-22
2017-06-09,-0.000546571927532491,0.013826597002074122,0.022879810901204438,0.009053213899130316,0.6863436794477339,30.0,0.01030191978657559,2026-07-22
2017-06-12,0.0018273488769140478,0.01631561631112681,0.025658246952740046,0.009342630641613236,0.8669525683144345,31.666666666666664,0.008946703656691476,2026-07-22
2017-06-13,0.007722110532692339,0.01707804592014651,0.0233321302276839,0.006254084307537388,-1.2948446252377492,31.666666666666664,0.008946703656691476,2026-07-22
2017-06-14,0.005126240272694815,0.017724189454939705,0.0257494268969367,0.008025237441996996,-0.0747259254144314,31.666666666666664,0.008946703656691476,2026-07-22
2017-06-15,-0.0002628915440934243,0.01184347199725228,0.018045219019981275,0.0062017470227289945,-1.348992597748928,31.666666666666664,0.008946703656691476,2026-07-22
2017-06-16,0.0008809182586744235,0.013326919042183484,0.02089931688839627,0.007572397846212787,-0.39138326198864054,31.666666666666664,0.008946703656691476,2026-07-22
2017-06-19,0.007343282013556829,0.016967531671906847,0.023156111080899003,0.006188579408992156,-1.33647959478585,31.666666666666664,0.008745173940660779,2026-07-22
2017-06-20,0.0015127212028740455,0.014864526679109327,0.022218703592660583,0.007354176913551256,-0.5407421741158581,31.666666666666664,0.008745173940660779,2026-07-22
2017-06-21,-0.0007552181669032709,0.015482733337389932,0.022041179056679298,0.0065584457192893655,-1.0731284403809174,31.666666666666664,0.008745173940660779,2026-07-22
2017-06-22,-0.0014464236848621415,0.01810994401353212,0.02585968783807883,0.007749743824546712,-0.2406276237567627,31.666666666666664,0.008745173940660779,2026-07-22
2017-06-23,0.0035364739658096944,0.01626406003238129,0.02460114458579816,0.00833708455341687,0.15897796498410152,33.33333333333333,0.008745173940660779,2026-07-22
2017-06-26,0.004564309956957668,0.01797683487870632,0.026002087693517334,0.008025252814811014,-0.037846691106928586,31.666666666666664,0.007995945558330105,2026-07-22
2017-06-27,-0.00648526898979962,0.017487523461874342,0.026759681334587497,0.009272157872713155,1.1454470469954448,31.666666666666664,0.007995945558330105,2026-07-22
2017-06-28,0.0019934593686075086,0.01462085094554942,0.023545596430734405,0.008924745485184985,0.8595453544299076,31.666666666666664,0.007995945558330105,2026-07-22
2017-06-29,0.00352387392073239,0.01627562039585464,0.025823329004013674,0.009547708608159036,1.380935224236565,33.33333333333333,0.007995945558330105,2026-07-22
2017-06-30,0.006115970197602794,0.01569624333627244,0.02350733031422048,0.00781108697794804,-0.16881976481403477,33.33333333333333,0.007995945558330105,2026-07-22
2017-07-03,0.0031037902301440656,0.01777353106723305,0.02631163814200099,0.008538107074767938,0.49159262587724073,33.33333333333333,0.005298215307074984,2026-07-22
2017-07-04,-0.004288208709942509,0.016460332243927716,0.02866252439531818,0.012202192151390463,3.3676504047913585,35.0,0.005298215307074984,2026-07-22
2017-07-05,0.003584599118034104,0.017100077593674795,0.0264123384591222,0.009312260865447404,0.975482568466942,36.666666666666664,0.005298215307074984,2026-07-22
2017-07-06,0.005563264467057127,0.016720713369155187,0.02559455274781703,0.008873839378661843,0.6164307958980685,38.333333333333336,0.005298215307074984,2026-07-22
2017-07-07,-0.008841755574011345,0.016097011694373928,0.022104830249646462,0.006007818555272534,-1.69879325005937,38.333333333333336,0.005298215307074984,2026-07-22
2017-07-10,-0.011821123328993433,0.016233618728231335,0.02358897379460395,0.007355355066372617,-0.5866296771304738,36.666666666666664,0.008220648360080752,2026-07-22
2017-07-11,0.00365268211229397,0.013558434216605382,0.021564827422079137,0.008006393205473755,-0.06490043379208658,36.666666666666664,0.008220648360080752,2026-07-22
2017-07-12,0.006251949672454904,0.015272689338363035,0.022240124504388458,0.0069674351660254236,-0.8953745924318502,36.666666666666664,0.008220648360080752,2026-07-22
2017-07-13,0.005334745598511992,0.01571488842910006,0.02454770388664844,0.008832815457548378,0.5939965830763916,38.333333333333336,0.008220648360080752,2026-07-22
2017-07-14,-0.0008993961197480971,0.012642112639012375,0.02281030286078758,0.010168190221775206,1.6103433572369996,40.0,0.008220648360080752,2026-07-22
2017-07-17,-0.011175411522633794,0.020582536504803055,0.02918757244288245,0.008605035938079396,0.3564849426226957,41.66666666666667,0.010031192531680238,2026-07-22
2017-07-18,-0.0018467701031329442,0.016801468997552783,0.024062517357242987,0.007261048359690204,-0.7049668885982047,41.66666666666667,0.010031192531680238,2026-07-22
2017-07-19,0.0049642340616815606,0.01735942147089871,0.025332154630514622,0.007972733159615913,-0.1366034213785142,41.66666666666667,0.010031192531680238,2026-07-22
2017-07-20,-0.003746920783093466,0.015799072656996167,0.023558286567612427,0.00775921391061626,-0.29695738490677787,41.66666666666667,0.010031192531680238,2026-07-22
2017-07-21,-0.008524095209588523,0.019779342053289115,0.0287971459047348,0.009017803851445686,0.7289926486179679,41.66666666666667,0.010031192531680238,2026-07-22
2017-07-24,-0.002782663481479597,0.01832073948826645,0.027471260718466357,0.009150521230199906,0.8289068876639742,43.333333333333336,0.016918522011223094,2026-07-22
2017-07-25,0.009911285439755613,0.017141691655913987,0.02428862041688363,0.007146928760969642,-0.7769292806347822,43.333333333333336,0.016918522011223094,2026-07-22
2017-07-26,0.008614959531846766,0.016985879220711524,0.026137847421205847,0.009151968200494322,0.873366508542542,43.333333333333336,0.016918522011223094,2026-07-22
2017-07-27,-0.0030754122086111835,0.016310493086449468,0.026806731236574857,0.01049623815012539,1.8843346659019038,45.0,0.016918522011223094,2026-07-22
2017-07-28,0.007245625405055023,0.015605963517614688,0.025136813759635963,0.009530850242021275,1.09325526227472,45.0,0.016918522011223094,2026-07-22
2017-07-31,0.008313065410698872,0.02231419757662351,0.030277008639665818,0.007962811063042308,-0.1284654816449134,43.333333333333336,0.021829850797777096,2026-07-22
2017-08-01,0.0041605513368643265,0.017413175338246836,0.02832003620860129,0.010906860870354453,2.183512566458857,43.333333333333336,0.021829850797777096,2026-07-22
2017-08-02,-0.00073715382366768,0.016168936578611393,0.02523744920830277,0.009068512629691376,0.7264379760318043,43.333333333333336,0.021829850797777096,2026-07-22
2017-08-03,0.0028744769342303744,0.017721877708379654,0.028462549364481657,0.010740671656102003,1.9441282112161673,45.0,0.021829850797777096,2026-07-22
2017-08-04,0.00024096691143826732,0.017309479368226948,0.02802954292047066,0.010720063552243711,1.8363493079780528,46.666666666666664,0.021829850797777096,2026-07-22
2017-08-07,0.005452147892681447,0.016952676903300844,0.02540790619047266,0.008455229287171816,0.1539444106591818,46.666666666666664,0.019660946914340605,2026-07-22
2017-08-08,-0.0017781028525308828,0.01850646047280386,0.026900214970202976,0.008393754497399115,0.09922433313093165,48.333333333333336,0.019660946914340605,2026-07-22
2017-08-09,-0.0226259206387307,0.02009737490671309,0.027010050711085216,0.0069126758043721245,-0.9909449221952278,48.333333333333336,0.019660946914340605,2026-07-22
2017-08-10,-0.0002972882144611777,0.015066187277525796,0.023282603663061313,0.008216416385535517,-0.021000810314841637,48.333333333333336,0.019660946914340605,2026-07-22
2017-08-11,-0.00174547147123838,0.014247715339225774,0.023372675485259085,0.009124960146033312,0.6341839394031157,50.0,0.019660946914340605,2026-07-22
2017-08-14,0.005297378509998785,0.014402428212794232,0.02085370374210994,0.006451275529315709,-1.3774579537027285,50.0,0.02357261835400631,2026-07-22
2017-08-15,-0.00658360926085777,0.01398214109813311,0.021847492532317134,0.007865351434184025,-0.30207071361876764,48.333333333333336,0.02357261835400631,2026-07-22
2017-08-16,0.0032552589941121646,0.01417089616823155,0.023446412510903226,0.009275516342671675,0.7340977509779736,50.0,0.02357261835400631,2026-07-22
2017-08-17,-0.007730392853911083,0.015158893283774936,0.022014725030924685,0.00685583174714975,-1.0748974104572455,50.0,0.02357261835400631,2026-07-22
2017-08-18,0.0017978347815890139,0.013722072246183308,0.03024107141679322,0.01651899917060991,4.7412882035204085,51.66666666666667,0.02357261835400631,2026-07-22
2017-08-21,-0.00023407935290076232,0.014671499559056103,0.026679860155222463,0.01200836059616636,1.9870951829654455,51.66666666666667,0.02285374046701038,2026-07-22
2017-08-22,-0.009794612312855278,0.016302945550766338,0.02618911904474229,0.009886173493975952,0.764225141551883,53.333333333333336,0.02285374046701038,2026-07-22
2017-08-23,0.00620024695898902,0.014237302936535159,0.021179781600597143,0.006942478664061984,-0.8723649577020269,51.66666666666667,0.02285374046701038,2026-07-22
2017-08-24,0.004947909867098366,0.01657928935940711,0.026568525758190083,0.009989236398782974,0.8066599237320676,53.333333333333336,0.02285374046701038,2026-07-22
2017-08-25,0.002416306169375382,0.014026117181834125,0.021560996635967423,0.007534879454133298,-0.5515234754025283,51.66666666666667,0.02285374046701038,2026-07-22
2017-08-28,0.007296243018026782,0.017784283824255804,0.030189464930262963,0.01240518110600716,2.0752359054998766,53.333333333333336,0.020630555910398904,2026-07-22
2017-08-29,-0.004155623600854308,0.014105525375666417,0.02399353660604711,0.009888011230380694,0.6745607990110495,55.00000000000001,0.020630555910398904,2026-07-22
2017-08-30,0.0059687609007403886,0.01482267592599296,0.02185999903598171,0.007037323109988749,-0.8997261254770157,55.00000000000001,0.020630555910398904,2026-07-22
2017-08-31,0.005278366403390411,0.014537619542117644,0.020976451524844064,0.00643883198272642,-1.2003528494881077,53.333333333333336,0.020630555910398904,2026-07-22
2017-09-01,0.007626858807297188,0.012539741294996111,0.017373158260300673,0.004833416965304562,-1.9703850922821124,51.66666666666667,0.020630555910398904,2026-07-22
2017-09-05,0.004538942350360564,0.014535027501772593,0.02077893861998125,0.006243911118208658,-1.1856313139857502,50.0,0.020835597604980886,2026-07-22
2017-09-06,0.0015650439853087672,0.012077437423400665,0.019124332738916696,0.007046895315516031,-0.778549683679621,50.0,0.020835597604980886,2026-07-22
2017-09-07,0.003994707327830804,0.013185405637786153,0.019276790001989896,0.006091384364203744,-1.2477222658389269,50.0,0.020835597604980886,2026-07-22
2017-09-08,0.0056230545235465,0.013604554411583073,0.018205601701548467,0.004601047289965394,-1.9637039136911694,50.0,0.020835597604980886,2026-07-22
2017-09-11,-0.004655516724912601,0.013564467097428815,0.019054367661521836,0.005489900564093021,-1.4693217407205932,50.0,0.020835597604980886,2026-07-22
2017-09-12,0.0030972951960575035,0.012758619157984078,0.019798008503354628,0.00703938934537055,-0.707713839663495,50.0,0.016097384038232288,2026-07-22
2017-09-13,0.003550266269970237,0.013445447908074738,0.019473163255782258,0.00602771534770752,-1.1931129063120531,50.0,0.016097384038232288,2026-07-22
2017-09-14,0.004409676374598437,0.011649082409155123,0.016614044306044365,0.004964961896889242,-1.6791234213783868,50.0,0.016097384038232288,2026-07-22
2017-09-15,-0.0006201012005159212,0.011836858755526298,0.01854394215315427,0.006707083397627973,-0.8148934614008378,50.0,0.016097384038232288,2026-07-22
2017-09-18,0.0025439924548906756,0.013398582475835915,0.020411231788776223,0.007012649312940308,-0.6530762554052076,48.333333333333336,0.016097384038232288,2026-07-22
2017-09-19,-0.0024013764590837816,0.011905231321427482,0.01704767769838635,0.005142446376958867,-1.5063440038602516,48.333333333333336,0.01891510541481026,2026-07-22
2017-09-20,-8.685617857617789e-05,0.010219731124985941,0.01625178793377195,0.006032056808786008,-1.049663794213919,46.666666666666664,0.01891510541481026,2026-07-22
2017-09-21,-0.0023949569404115856,0.011680492597127314,0.018975255184932847,0.007294762587805533,-0.4410145171465904,45.0,0.01891510541481026,2026-07-22
2017-09-22,0.0039804460587364865,0.012373828635369427,0.01918222826998132,0.006808399634611894,-0.6484749409608588,43.333333333333336,0.01891510541481026,2026-07-22
2017-09-25,-0.0019203845724975466,0.013824708975898832,0.022179765673107355,0.008355056697208523,0.07582570564499518,45.0,0.01891510541481026,2026-07-22
2017-09-26,-0.00028550857767073445,0.012463510616467229,0.021117836434118794,0.008654325817651565,0.21587705177964292,45.0,0.013630239347469167,2026-07-22
2017-09-27,-0.001961879927981691,0.013841982455791024,0.02124777178700721,0.007405789331216188,-0.34502948616008794,43.333333333333336,0.013630239347469167,2026-07-22
2017-09-28,0.001306343854585279,0.014485989192142204,0.021686148002839495,0.0072001588106972905,-0.42838325110852,41.66666666666667,0.013630239347469167,2026-07-22
2017-09-29,-0.0004970055416119168,0.010710855998408226,0.018329862716298346,0.00761900671789012,-0.21468172410264524,40.0,0.013630239347469167,2026-07-22
2017-10-02,-0.002722458417244611,0.013126642795534672,0.020034556587165978,0.0069079137916313055,-0.5714887392717036,40.0,0.013630239347469167,2026-07-22
2017-10-03,-0.005272802064245963,0.013920814228956548,0.02060146444872814,0.006680650219771593,-0.6753224210750955,40.0,0.008500785995731642,2026-07-22
2017-10-04,0.009598997493734274,0.013350002284787514,0.01909729096539254,0.005747288680605025,-1.1009879038726504,40.0,0.008500785995731642,2026-07-22
2017-10-05,-0.0005337239033834651,0.011201389456459983,0.019233716477394528,0.008032327020934545,-0.005582153365249271,40.0,0.008500785995731642,2026-07-22
2017-10-06,0.0031916346882256974,0.010919987124531511,0.0163808968927398,0.00546090976820829,-1.2095310196771831,38.333333333333336,0.008500785995731642,2026-07-22
2017-10-09,0.0014359990096559638,0.012791048236285373,0.020335597027641584,0.007544548791356211,-0.1929386508457382,36.666666666666664,0.008500785995731642,2026-07-22
2017-10-10,0.002089102056962,0.013317724030070664,0.021847697167668077,0.008529973137597412,0.28377198865911374,36.666666666666664,0.010314553807443193,2026-07-22
2017-10-11,0.004070807376796548,0.014270394572153379,0.021699523589367407,0.007429129017214028,-0.24959201861474228,36.666666666666664,0.010314553807443193,2026-07-22
2017-10-12,0.002358867252288066,0.014045846738008277,0.021228988837595907,0.00718314209958763,-0.3617272731152424,36.666666666666664,0.010314553807443193,2026-07-22
2017-10-13,0.006226482160148095,0.01491075955647406,0.02216727471416193,0.007256515157687871,-0.3219863704979038,36.666666666666664,0.010314553807443193,2026-07-22
2017-10-16,-0.001851513490468526,0.014254818191538765,0.021092964127742187,0.006838145936203422,-0.5063913667578452,35.0,0.010314553807443193,2026-07-22
2017-10-17,0.010812393981182167,0.016409287526763874,0.02077936573375323,0.004370078206989356,-1.6258257293560756,33.33333333333333,0.009223423328720632,2026-07-22
2017-10-18,-0.0006881647732073226,0.014114379730797324,0.022012493782162145,0.007898114051364822,0.036754865352269066,35.0,0.009223423328720632,2026-07-22
2017-10-19,0.0014618470014013951,0.011257157827539364,0.01654636733442282,0.005289209506883455,-1.1579952442052994,33.33333333333333,0.009223423328720632,2026-07-22
2017-10-20,-0.0025213226689828616,0.013880131550080539,0.02061239106809522,0.006732259518014682,-0.4569021560915605,31.666666666666664,0.009223423328720632,2026-07-22
2017-10-23,-0.00822408204731273,0.018956777909431715,0.026969300712258854,0.00801252280282714,0.16481597475328041,31.666666666666664,0.009223423328720632,2026-07-22
2017-10-24,0.006341154090044432,0.014901218793216832,0.02166655334910506,0.006765334555888227,-0.421772773190148,31.666666666666664,0.013984617864927086,2026-07-22
2017-10-25,0.00660413940187099,0.015990475838288994,0.025366868388826774,0.00937639255053778,0.8506851263241012,31.666666666666664,0.013984617864927086,2026-07-22
2017-10-26,-0.0006982147371462633,0.012929773092200354,0.02032791770563527,0.007398144613434916,-0.09575564578376564,30.0,0.013984617864927086,2026-07-22
2017-10-27,0.012359807736324058,0.017124687237791588,0.02221380995561311,0.0050891227178215225,-1.184479465332458,28.333333333333332,0.013984617864927086,2026-07-22
2017-10-30,0.005747468377024445,0.02434695485174703,0.03233694953827358,0.007989994686526551,0.26845252484573806,28.333333333333332,0.013984617864927086,2026-07-22
2017-10-31,-0.009370563180312486,0.017505755257973717,0.02651682739587003,0.009011072137896314,0.7738716417365571,28.333333333333332,0.014034552547754453,2026-07-22
2017-11-01,0.006485285686986586,0.020866917841950352,0.030249541293403355,0.009382623451453003,0.9459175401919354,28.333333333333332,0.014034552547754453,2026-07-22
2017-11-02,-0.011415552206571644,0.021152831131907746,0.029093877009866154,0.007941045877958408,0.22045363022236272,30.0,0.014034552547754453,2026-07-22
2017-11-03,0.01277172934496873,0.020833636978366973,0.027225230292417482,0.006391593314050509,-0.5345448348285192,30.0,0.014034552547754453,2026-07-22
2017-11-06,0.006352743176134545,0.0183101299403097,0.026284508592059733,0.007974378651750033,0.2627352279981584,30.0,0.014034552547754453,2026-07-22
2017-11-07,0.0014603870025557963,0.016615124264848104,0.025772042896075542,0.009156918631227438,0.8276919238162699,31.666666666666664,0.019932710771665765,2026-07-22
2017-11-08,0.011019251349476011,0.017481696031176434,0.02346697063007755,0.005985274598901115,-0.7316322677011694,31.666666666666664,0.019932710771665765,2026-07-22
2017-11-09,0.0008142375247177647,0.014244868806911289,0.020763509025997287,0.0065186402190859985,-0.4469883564648828,30.0,0.019932710771665765,2026-07-22
2017-11-10,0.00907717340771752,0.018152337020406282,0.026020148291792652,0.00786781127138637,0.2166004067765231,31.666666666666664,0.019932710771665765,2026-07-22
2017-11-13,0.012819479158268088,0.02448219671084182,0.030493006045862716,0.006010809335020895,-0.7684842273862386,30.0,0.019932710771665765,2026-07-22
2017-11-14,0.0017740578160891918,0.014278580196913382,0.020978461597656508,0.006699881400743126,-0.31314101619476964,28.333333333333332,0.01764603558769564,2026-07-22
2017-11-15,0.001918492450902587,0.016525165927921474,0.024555340901331036,0.008030174973409562,0.6103161315118373,28.333333333333332,0.01764603558769564,2026-07-22
2017-11-16,0.011568225336792803,0.017255360460340388,0.023570150976936634,0.006314790516596246,-0.5552031099560866,28.333333333333332,0.01764603558769564,2026-07-22
2017-11-17,-0.0023633512544801727,0.013628728532385323,0.02024497407671477,0.006616245544329446,-0.3214876129891385,26.666666666666668,0.01764603558769564,2026-07-22
2017-11-20,0.014438244507067433,0.02009434986783705,0.02515200308219177,0.00505765321435472,-1.3708059846877927,26.666666666666668,0.01764603558769564,2026-07-22
2017-11-21,0.01632449781417744,0.02274268618621842,0.027106687411905937,0.004364001225687517,-1.9515865388005043,25.0,0.017422320630390033,2026-07-22
2017-11-22,0.015637591201132617,0.01806137345468943,0.023478826643582935,0.005417453188893504,-1.123203273350448,23.333333333333332,0.017422320630390033,2026-07-22
2017-11-23,0.0011150901721956874,0.014369129998771839,0.02317551572190997,0.008806385723138131,1.5318121792997592,25.0,0.017422320630390033,2026-07-22
2017-11-24,0.002002784620327658,0.017338035703610092,0.025087238609462194,0.007749202905852102,0.6841695248435421,26.666666666666668,0.017422320630390033,2026-07-22
2017-11-27,0.0032493560075674832,0.019446523158459916,0.02872496481985713,0.009278441661397213,1.8087307766337068,28.333333333333332,0.017422320630390033,2026-07-22
2017-11-28,0.002770053589882915,0.015242666311277183,0.02207963570900886,0.006836969397731676,-0.09357693746417292,28.333333333333332,0.02260546108603299,2026-07-22
2017-11-29,0.011612711297160017,0.01880827926208312,0.024813177098532542,0.006004897836449422,-0.7240471448298199,28.333333333333332,0.02260546108603299,2026-07-22
2017-11-30,-0.002321087235070518,0.017356917171074744,0.02441655454465285,0.0070596373735781065,0.08051966475424621,30.0,0.02260546108603299,2026-07-22
2017-12-01,0.010948175128693727,0.01582585942481141,0.020691750232037603,0.004865890807226193,-1.6378737590025423,30.0,0.02260546108603299,2026-07-22
2017-12-04,0.010090281465746198,0.019641261672137766,0.026746880078066616,0.007105618405928851,0.0935214822720779,31.666666666666664,0.02260546108603299,2026-07-22
2017-12-05,-0.017236758004989583,0.02073879242520183,0.027196350981101094,0.006457558555899263,-0.41081234583743265,31.666666666666664,0.015338285483624517,2026-07-22
2017-12-06,-0.005937270533934669,0.015203895738356009,0.021953125691781858,0.006749229953425849,-0.19080736742792706,31.666666666666664,0.015338285483624517,2026-07-22
2017-12-07,-0.009486724916635048,0.019357569739507367,0.028258748924929734,0.008901179185422367,1.470121774865181,33.33333333333333,0.015338285483624517,2026-07-22
2017-12-08,0.001608693336174305,0.015549465498281276,0.024910960972205225,0.00936149547392395,1.7542359483516377,35.0,0.015338285483624517,2026-07-22
2017-12-11,-0.024155462899931868,0.02107413639741197,0.029647815665539274,0.008573679268127302,1.111102260968557,36.666666666666664,0.015338285483624517,2026-07-22
2017-12-12,0.010681781023488934,0.021063260138279735,0.027825125080948615,0.00676186494266888,-0.305693418193146,36.666666666666664,0.018912263121416226,2026-07-22
2017-12-13,-0.0030736047452143422,0.014888635764215508,0.02371702487763058,0.008828389113415071,1.2654498043693336,38.333333333333336,0.018912263121416226,2026-07-22
2017-12-14,0.012386412808308211,0.017823231884288717,0.02410352068578267,0.006280288801493953,-0.697666847009053,38.333333333333336,0.018912263121416226,2026-07-22
2017-12-15,-0.0007372976438532186,0.014724812388741026,0.021612302533402922,0.006887490144661897,-0.2290826327824549,38.333333333333336,0.018912263121416226,2026-07-22
2017-12-18,0.024487788185978854,0.023120733748221878,0.028267901370395004,0.005147167622173127,-1.5143370535578857,36.666666666666664,0.018912263121416226,2026-07-22
2017-12-19,-0.006930672400475957,0.015547255029439275,0.02203821727898425,0.006490962249544976,-0.4651757601178633,35.0,0.01628273994311781,2026-07-22
2017-12-20,0.002196716486935424,0.017281021792350436,0.025368787115578165,0.00808776532322773,0.7543467609232031,36.666666666666664,0.01628273994311781,2026-07-22
2017-12-21,-0.007813237407053975,0.015641923066537215,0.022045139962347162,0.006403216895809947,-0.5277810211771221,36.666666666666664,0.01628273994311781,2026-07-22
2017-12-22,0.006616916474642354,0.015205602848394216,0.02121880091388988,0.0060131980654956636,-0.8027084127702487,36.666666666666664,0.01628273994311781,2026-07-22
2017-12-25,0.006289902553763271,0.019491363771750477,0.024812002681700696,0.005320638909950218,-1.2920436876453871,36.666666666666664,0.01628273994311781,2026-07-22
2017-12-26,0.007951497949515218,0.014621793954042258,0.02050506521998866,0.005883271265946401,-0.8541026137353851,36.666666666666664,0.019270491158136137,2026-07-22
2017-12-27,0.0026192374188607204,0.01418170590701257,0.02123763512858348,0.007055929221570908,0.006395128782464858,38.333333333333336,0.019270491158136137,2026-07-22
2017-12-28,0.008529004811762997,0.015975451377823812,0.023781158335935464,0.007805706958111652,0.575386790145721,40.0,0.019270491158136137,2026-07-22
2017-12-29,0.007699238266852371,0.01461759373090004,0.02030201506672607,0.005684421335826029,-1.0324144346353759,40.0,0.019270491158136137,2026-07-22
2018-01-02,0.011714622449809031,0.02013993030699011,0.026734306662206168,0.006594376355216057,-0.33124349252555274,40.0,0.019270491158136137,2026-07-22
2018-01-03,0.009942054892194019,0.016777140188062516,0.021583736439939286,0.004806596251876769,-1.6194197877850576,38.333333333333336,0.02014137610116592,2026-07-22
2018-01-04,0.014000616504419972,0.016983742287575262,0.023594192529056875,0.006610450241481613,-0.2587277623304437,38.333333333333336,0.02014137610116592,2026-07-22
2018-01-05,-0.006962490806570298,0.016936780956302497,0.026814084659553965,0.009877303703251468,2.0738179262778145,40.0,0.02014137610116592,2026-07-22
2018-01-08,0.01012195724090259,0.01878351729108792,0.02518178652439469,0.006398269233306768,-0.42351340392160514,40.0,0.02014137610116592,2026-07-22
2018-01-09,0.010421351060709627,0.017987996438922134,0.02354487102223534,0.005556874583313207,-1.0052019361574938,40.0,0.02014137610116592,2026-07-22
2018-01-10,0.004402260149386494,0.01847685719401299,0.02614655714429234,0.00766969995027935,0.47710831859811303,41.66666666666667,0.021167528678973035,2026-07-22
2018-01-11,0.009690687884713833,0.019625222761115915,0.02688841293628444,0.007263190175168525,0.18693188120900964,41.66666666666667,0.021167528678973035,2026-07-22
2018-01-12,0.0018508448057088511,0.019262939187094777,0.026800691130568342,0.007537751943473565,0.36632637831605963,43.333333333333336,0.021167528678973035,2026-07-22
2018-01-15,0.012722476692917928,0.021222492512245623,0.027819762308591626,0.006597269796346002,-0.33384352016192675,43.333333333333336,0.021167528678973035,2026-07-22
2018-01-16,-0.00047956218793199223,0.013737258641026213,0.02111963329818647,0.007382374657160257,0.2607615509991716,43.333333333333336,0.021167528678973035,2026-07-22
2018-01-17,-0.026595544517197256,0.022308826260398602,0.029058230572742563,0.00674940431234396,-0.2131324128300087,43.333333333333336,0.018285920197544134,2026-07-22
2018-01-18,0.015038320656428406,0.018834566642055635,0.025291179697427654,0.006456613055372019,-0.40634155695429347,41.66666666666667,0.018285920197544134,2026-07-22
2018-01-19,0.011254463223042022,0.019602990452530063,0.025770465599559988,0.006167475147029925,-0.6113560386693675,41.66666666666667,0.018285920197544134,2026-07-22
2018-01-22,0.023011665897728184,0.029543586110224906,0.035059684304285355,0.005516098194060449,-1.124262007952222,41.66666666666667,0.018285920197544134,2026-07-22
2018-01-23,0.0,0.004049772627014236,0.01915560441337293,0.015105831786358694,4.819184238248079,41.66666666666667,0.018285920197544134,2026-07-22
2018-01-24,0.0,0.0017971323925824107,0.007935626169186902,0.006138493776604491,-0.5485379427626557,40.0,0.01448874352350388,2026-07-22
2018-01-25,0.016622028329237537,0.029551727943924206,0.03697494895155468,0.007423221007630477,0.25504432366718127,40.0,0.01448874352350388,2026-07-22
2018-01-26,0.010021999511122148,0.021841300419741746,0.02817605851473735,0.0063347580949956045,-0.4007898895913627,38.333333333333336,0.01448874352350388,2026-07-22
2018-01-29,-0.005234663511527127,0.022700531010158013,0.03305549941794105,0.010354968407783039,1.975546940179259,40.0,0.01448874352350388,2026-07-22
2018-01-30,0.000684808073526666,0.021073492480499813,0.030960141501871246,0.009886649021371433,1.641554652479443,40.0,0.01448874352350388,2026-07-22
2018-01-31,-0.00018008932430491065,0.022105844089031004,0.03160560409588127,0.009499760006850266,1.4055743527890237,40.0,0.011124180368187436,2026-07-22
2018-02-01,-0.009627508195540035,0.017756038649940707,0.027219461540954996,0.00946342289101429,1.3344920111164809,41.66666666666667,0.011124180368187436,2026-07-22
2018-02-02,0.004883283166768004,0.014363954229234907,0.021650303585114238,0.0072863493558793305,0.07417717954561884,43.333333333333336,0.011124180368187436,2026-07-22
2018-02-05,-0.05097553029754576,0.026256698973399557,0.034941978525953876,0.008685279552554319,0.8679273320926774,43.333333333333336,0.011124180368187436,2026-07-22
2018-02-06,-0.03538633177904282,0.027098466637120986,0.03339663180273291,0.006298165165611925,-0.5040546451582127,43.333333333333336,0.011124180368187436,2026-07-22
2018-02-07,0.028618030842230135,0.025373610616264815,0.03338275363146873,0.008009143015203918,0.4652679900587189,45.0,0.07570593319754612,2026-07-22
2018-02-08,-0.01662582288212955,0.021814779823954866,0.030361059269268464,0.008546279445313599,0.7659849483556574,45.0,0.07570593319754612,2026-07-22
2018-02-09,-0.018871243586611186,0.0227236971912491,0.02952763241502311,0.00680393522377401,-0.23519154065633807,45.0,0.07570593319754612,2026-07-22
2018-02-12,0.03770145626232635,0.02537612948485742,0.03147657737974931,0.006100447894891888,-0.6316231082612148,45.0,0.07570593319754612,2026-07-22
2018-02-13,0.01722036110924474,0.019944169646802217,0.027524910515679978,0.00758074086887776,0.1925264576433469,46.666666666666664,0.07570593319754612,2026-07-22
2018-02-21,0.025874515206703697,0.021282830301992777,0.026558180233000304,0.005275349931007527,-1.1651669265934135,46.666666666666664,0.10982521944704704,2026-07-22
2018-02-22,-0.010228579312882458,0.01700613447543729,0.02428779880020884,0.00728166432477155,-0.007488982984770248,46.666666666666664,0.10982521944704704,2026-07-22
2018-02-23,0.024924955623913725,0.022889412563849788,0.03043522818162809,0.007545815617778302,0.16245432107189053,46.666666666666664,0.10982521944704704,2026-07-22
2018-02-26,0.010590742168019363,0.020561344182531548,0.02684078572125069,0.006279441538719142,-0.576612546898546,45.0,0.10982521944704704,2026-07-22
2018-02-27,0.0045579751105846444,0.018054448198106105,0.025261296346584663,0.007206848148478558,-0.004477125966702054,43.333333333333336,0.10982521944704704,2026-07-22
2018-02-28,0.0046980645046041936,0.01748478653254227,0.02342566729067898,0.005940880758136712,-0.7547681209608782,43.333333333333336,0.11142766222010105,2026-07-22
2018-03-01,-0.0080720438806261,0.01840307888804634,0.027229629369457338,0.008826550481410997,0.944588397419822,45.0,0.11142766222010105,2026-07-22
2018-03-02,0.00485754487851664,0.01726551145529434,0.024663319609682283,0.007397808154387942,0.08715876074247735,45.0,0.11142766222010105,2026-07-22
2018-03-05,-0.024732208952827794,0.026976338106042407,0.03376225577663275,0.006785917670590343,-0.3028812121697248,45.0,0.11142766222010105,2026-07-22
2018-03-06,0.024518052456377726,0.024078061484534417,0.02888977551922474,0.004811714034690322,-1.4530784759239586,43.333333333333336,0.11142766222010105,2026-07-22
2018-03-07,-0.007167786912317342,0.018635913871306947,0.026454039713635046,0.007818125842328098,0.3284636341494411,45.0,0.11558376065044514,2026-07-22
2018-03-08,0.0106899465952206,0.016963701989322576,0.02497140613094617,0.008007704141623592,0.4288899036081084,46.666666666666664,0.11558376065044514,2026-07-22
2018-03-09,-0.0006582751412178567,0.014080719051821474,0.02112750734644801,0.007046788294626535,-0.1274315778367312,45.0,0.11558376065044514,2026-07-22
2018-03-12,0.002563623254199232,0.01846597112763769,0.026434497588387406,0.007968526460749716,0.446740157648513,45.0,0.11558376065044514,2026-07-22
2018-03-13,0.006232852995232019,0.01872234117802799,0.025347994643382325,0.006625653465354334,-0.3533217073443833,43.333333333333336,0.11558376065044514,2026-07-22
2018-03-14,0.004217733894521292,0.017011675823274137,0.023631484337336663,0.0066198085140625265,-0.3552866459012239,43.333333333333336,0.10369987013264091,2026-07-22
2018-03-15,0.0005887056383941935,0.016846928858306614,0.024393621548102526,0.007546692689795912,0.22675907199108636,43.333333333333336,0.10369987013264091,2026-07-22
2018-03-16,0.010037233482033114,0.018742014232515404,0.02728295293525133,0.008540938702735926,0.814336262710026,45.0,0.10369987013264091,2026-07-22
2018-03-19,0.007850876811657193,0.019743655842814033,0.025818470912802722,0.006074815069988689,-0.6913476400060217,45.0,0.10369987013264091,2026-07-22
2018-03-20,0.00014665033384519965,0.01655197376091807,0.025751497887779026,0.009199524126860956,1.1836176604674729,46.666666666666664,0.10369987013264091,2026-07-22
2018-03-21,0.00859934965800968,0.016761054713740835,0.023373920099967818,0.0066128653862269834,-0.40521908630887915,46.666666666666664,0.11075860634464255,2026-07-22
2018-03-22,0.0025655059177669415,0.016598212812315025,0.02484935862321586,0.008251145810900834,0.5984820576754939,46.666666666666664,0.11075860634464255,2026-07-22
2018-03-23,-0.016010440479033772,0.015569229802201644,0.02258259357531104,0.007013363773109396,-0.16743947027674064,46.666666666666664,0.11075860634464255,2026-07-22
2018-03-26,0.015282726098527322,0.022297373707737454,0.02804019724377833,0.005742823536040876,-0.943521826008341,46.666666666666664,0.11075860634464255,2026-07-22
2018-03-27,0.00043544338382206504,0.013646175831256263,0.020774131248449425,0.007127955417193162,-0.11387769737100353,46.666666666666664,0.11075860634464255,2026-07-22
2018-03-28,0.0004352538554104335,0.012746184998397072,0.019538245184596965,0.006792060186199893,-0.3338414085191012,46.666666666666664,0.041717997070873,2026-07-22
2018-03-29,-0.00444448235856143,0.01362005797523043,0.021825801049402696,0.008205743074172265,0.5361073053092009,46.666666666666664,0.041717997070873,2026-07-22
2018-03-30,0.006366588690950525,0.01712811894736718,0.02444510017863261,0.007316981231265431,-0.012789248118707752,45.0,0.041717997070873,2026-07-22
2018-04-02,0.018859731280758796,0.02290413305097001,0.02795222731343934,0.0050480942624693305,-1.409789126905778,45.0,0.041717997070873,2026-07-22
2018-04-03,-0.006952975489089908,0.018885292097048714,0.02719602902655028,0.008310736929501565,0.5902422776850162,46.666666666666664,0.041717997070873,2026-07-22
2018-04-04,0.0027350225954942964,0.01707308135022505,0.0242854586780333,0.007212377327808248,-0.11568792604940924,46.666666666666664,0.012932869225436534,2026-07-22
2018-04-05,0.0013679775752388768,0.016425018645380336,0.02374427875883568,0.007319260113455343,-0.05577155636995325,46.666666666666664,0.012932869225436534,2026-07-22
2018-04-06,0.005690723031923417,0.017255096593498706,0.024879571191277344,0.007624474597778638,0.1645900241581429,46.666666666666664,0.012932869225436534,2026-07-22
2018-04-09,0.0036417880596018026,0.018262532072273102,0.025572136480242084,0.007309604407968982,-0.04892548509969246,46.666666666666664,0.012932869225436534,2026-07-22
2018-04-10,-0.0051563940116081675,0.016466172727914577,0.022949870572347736,0.006483697844433159,-0.6000901907746867,46.666666666666664,0.012932869225436534,2026-07-22
2018-04-11,-0.025882215470904413,0.021381039962877994,0.028628785410224792,0.007247745447346798,-0.09539145903739585,45.0,0.008406223660938258,2026-07-22
2018-04-12,0.005063790045497063,0.01491168489073464,0.02101684370162789,0.006105158810893251,-0.8259396773028331,43.333333333333336,0.008406223660938258,2026-07-22
2018-04-13,-0.013537706091967694,0.018372827786565963,0.025287056117906753,0.00691422833134079,-0.2923958186694103,41.66666666666667,0.008406223660938258,2026-07-22
2018-04-16,-0.007475327099573215,0.017339922242269573,0.026384176969889456,0.009044254727619883,1.0584663984552536,43.333333333333336,0.008406223660938258,2026-07-22
2018-04-17,0.004170693693458238,0.014996645764358574,0.02249761934986831,0.007500973585509737,0.060970344722227766,43.333333333333336,0.008406223660938258,2026-07-22
2018-04-18,-0.012789608768035476,0.015768697311042433,0.022020417951882792,0.006251720640840359,-0.7377336208619759,43.333333333333336,0.010674283203045762,2026-07-22
2018-04-19,-0.03855849209067819,0.02662954118422939,0.030886831998113373,0.004257290813883985,-1.9379004155972372,43.333333333333336,0.010674283203045762,2026-07-22
2018-04-20,0.023048884097822908,0.023054301928361536,0.029506397298734652,0.0064520953703731156,-0.5718507181809918,43.333333333333336,0.010674283203045762,2026-07-22
2018-04-23,-0.03846909435107959,0.029156601713438323,0.034950113975360124,0.005793512261921801,-0.9898178427090804,43.333333333333336,0.010674283203045762,2026-07-22
2018-04-24,0.0036776314567508184,0.021749430771192485,0.032284444864729415,0.01053501409353693,2.492903422690375,43.333333333333336,0.010674283203045762,2026-07-22
2018-04-26,-0.03319947443418414,0.025299935239941188,0.03028401871083318,0.004984083470891992,-1.7287454115122252,43.333333333333336,0.035414916960979925,2026-07-22
2018-04-27,0.005168156499435472,0.021212933801442232,0.029329330665735863,0.008116396864293631,0.6236432984826318,43.333333333333336,0.035414916960979925,2026-07-22
2018-05-02,-0.02016643497800552,0.02363104183126918,0.030386798738776213,0.006755756907507033,-0.4060385625715402,43.333333333333336,0.035414916960979925,2026-07-22
2018-05-03,-0.0025459633847707552,0.019875459595479976,0.02772983615763218,0.007854376562152203,0.47552290124908836,43.333333333333336,0.035414916960979925,2026-07-22
2018-05-04,0.0003312355084463814,0.017116821815132396,0.02498279345692893,0.007865971641796532,0.5302165228562331,43.333333333333336,0.035414916960979925,2026-07-22
2018-05-07,0.03453447604207249,0.029833164664416385,0.03619164611945795,0.006358481455041566,-0.6799601940937571,41.66666666666667,0.06253431009022153,2026-07-22
2018-05-08,-0.0017039142959350828,0.016973269914171397,0.024967022965053057,0.00799375305088166,0.7377618072388072,41.66666666666667,0.06253431009022153,2026-07-22
2018-05-09,-0.0032816257249280723,0.017479073539756907,0.026412489153556522,0.008933415613799615,1.4981400387654957,41.66666666666667,0.06253431009022153,2026-07-22
2018-05-10,-0.02658542815784759,0.02377897760046952,0.030361449031075075,0.006582471430605554,-0.47454348628780607,40.0,0.06253431009022153,2026-07-22
2018-05-11,0.015531602632013808,0.018555585706318326,0.024143805033345997,0.005588219327027671,-1.3056948587280413,40.0,0.06253431009022153,2026-07-22
2018-05-14,0.021180073694788915,0.023510540936847974,0.028180398387980955,0.004669857451132981,-1.9795380535989193,38.333333333333336,0.07093719849681042,2026-07-22
2018-05-15,0.006110704980411885,0.016203545203695435,0.023214813283426675,0.00701126807973124,-0.025056612887135593,36.666666666666664,0.07093719849681042,2026-07-22
2018-05-16,-0.017587331159757857,0.018798493461379667,0.02640916880613888,0.007610675344759215,0.46450393420828245,38.333333333333336,0.07093719849681042,2026-07-22
2018-05-17,-0.022738047827653318,0.0367090056200418,0.19299088941938242,0.1562818837993406,7.60236404755041,40.0,0.07093719849681042,2026-07-22
2018-05-18,0.009605681906388108,0.0182595007629054,0.02502702453358817,0.006767523770682769,-0.1438544254571425,38.333333333333336,0.07093719849681042,2026-07-22
2018-05-21,-0.024564168604762848,0.023003684984809078,0.028901796591244627,0.005898111606435549,-0.18945718499293862,38.333333333333336,0.005523300193080227,2026-07-22
2018-05-22,-0.028640958442530895,0.021930468357828237,0.028273464030234688,0.0063429956724064505,-0.16557545194106493,38.333333333333336,0.005523300193080227,2026-07-22
2018-05-23,0.0030733028369729354,0.017521147935538998,0.02603274243957491,0.008511594504035911,-0.05405965506056073,36.666666666666664,0.005523300193080227,2026-07-22
2018-05-24,-0.0030537747487209277,0.015467026495856045,0.022226790399622463,0.006759763903766418,-0.14525105557835458,36.666666666666664,0.005523300193080227,2026-07-22
2018-05-25,-0.022334469328140205,0.01969156609682739,0.023805532093033415,0.004113965996206025,-0.2795224465168394,36.666666666666664,0.005523300193080227,2026-07-22
2018-05-28,-0.0333540823736902,0.028725418858552173,0.03361585277828024,0.004890433919728068,-0.2383576691828437,36.666666666666664,0.006799971351003972,2026-07-22
2018-05-29,0.02192648242554318,0.02419916797499558,0.030185194317557448,0.005986026342561866,-0.17913140121158505,35.0,0.006799971351003972,2026-07-22
2018-05-30,-0.0038648154760654307,0.016402198392774833,0.024008312822659604,0.007606114429884771,-0.09545072499256972,33.33333333333333,0.006799971351003972,2026-07-22
2018-05-31,0.023985239852398532,0.020194816323916624,0.024952575494103745,0.004757759170187122,-0.2410644610617097,33.33333333333333,0.006799971351003972,2026-07-22
2018-06-01,0.02225997425997428,0.02367526066846365,0.028690460889227644,0.005015200220763995,-0.22792752450242867,33.33333333333333,0.006799971351003972,2026-07-22
2018-06-04,0.021060158933193573,0.023025045946107714,0.028291160894813476,0.005266114948705762,-0.21267134343602684,31.666666666666664,0.013664109122314659,2026-07-22
2018-06-05,0.008838209473455816,0.021056726282493197,0.028406721435413614,0.0073499951529204174,-0.10429469073940652,30.0,0.013664109122314659,2026-07-22
2018-06-06,0.011498523573928887,0.021590804983904456,0.02840477110880114,0.0068139661248966844,-0.13181928586951144,30.0,0.013664109122314659,2026-07-22
2018-06-07,0.0021169647172547545,0.018813900754954826,0.02767474315390172,0.008860842398946894,-0.026707691470316323,28.333333333333332,0.013664109122314659,2026-07-22
2018-06-08,0.0022378917516325814,0.015088530191377226,0.02284236845180094,0.007753838260423713,-0.08495586146369018,28.333333333333332,0.013664109122314659,2026-07-22
2018-06-11,9.624546443154358e-06,0.017528869913635597,0.024651877025830167,0.00712300711219457,-0.11803347699261339,28.333333333333332,0.012482445704739043,2026-07-22
2018-06-12,-0.017574252661161416,0.016440868265476815,0.02317947272642462,0.0067386044609478064,-0.13721404245604518,26.666666666666668,0.012482445704739043,2026-07-22
2018-06-13,0.009571299815823497,0.016658203961443907,0.02650480460292761,0.009846600641483703,0.022452823925977174,26.666666666666668,0.012482445704739043,2026-07-22
2018-06-14,-0.014371245863778803,0.018999334436819188,0.024735107769885776,0.005735773333066588,-0.1899211525419818,26.666666666666668,0.012482445704739043,2026-07-22
2018-06-15,0.0007777734021185978,0.013587578764552,0.020662101071357696,0.007074522306805697,-0.11881721122912008,25.0,0.012482445704739043,2026-07-22
2018-06-18,-0.028696225319967295,0.022977849164130856,0.028963739210652248,0.0059858900465213916,-0.1745727932192258,25.0,0.010154457415142964,2026-07-22
2018-06-19,-0.025502866287196002,0.020415200663367897,0.026182987914763436,0.00576778725139554,-0.18366459818007777,23.333333333333332,0.010154457415142964,2026-07-22
2018-06-20,0.01952897646961005,0.01882387219196311,0.02630824093599697,0.0074843687440338605,-0.0953127188875137,23.333333333333332,0.010154457415142964,2026-07-22
2018-06-21,-0.01177430042305938,0.01592137504376463,0.02258043891593726,0.0066590638721726325,-0.1387976903948298,23.333333333333332,0.010154457415142964,2026-07-22
2018-06-22,0.014204662677945068,0.0161587664812742,0.021210024353959182,0.005051257872684983,-0.22009251409031153,23.333333333333332,0.010154457415142964,2026-07-22
2018-06-25,0.007475818017230074,0.016275856598886185,0.025140809064768736,0.00886495246588255,-0.02470705862179471,23.333333333333332,0.013132265357325958,2026-07-22
2018-06-26,-0.00757178047894036,0.013947537724801841,0.021775607153092996,0.007828069428291154,-0.0779961353408979,21.666666666666668,0.013132265357325958,2026-07-22
2018-06-27,-0.014353726272100298,0.018414733542122603,0.02503999143763076,0.006625257895508156,-0.1395846247712072,21.666666666666668,0.013132265357325958,2026-07-22
2018-06-28,-0.011930932697567287,0.016605507755066546,0.02375612556110584,0.007150617806039292,-0.11426846971215886,21.666666666666668,0.013132265357325958,2026-07-22
2018-06-29,0.003582806706011299,0.014948571781323725,0.021378523412788657,0.006429951631464932,-0.14989494525276348,20.0,0.013132265357325958,2026-07-22
2018-07-02,-0.014186390224609213,0.01951503908295288,0.025932438054581813,0.006417398971628935,-0.14984536792945782,20.0,0.1743590600046866,2026-07-22
2018-07-03,-0.04343556986749719,0.026988135115396796,0.0337915332978659,0.006803398182469101,-0.12943523661884757,20.0,0.1743590600046866,2026-07-22
2018-07-04,0.009911590379797053,0.020273411870673864,0.028300611784476255,0.00802719991380239,-0.06650859566621749,18.333333333333332,0.1743590600046866,2026-07-22
2018-07-05,-0.017038437578552834,0.02132507762892953,0.027191502334965832,0.005866424706036301,-0.17695734524487863,18.333333333333332,0.1743590600046866,2026-07-22
2018-07-06,0.02013564598621298,0.024747707197732623,0.031906886029726356,0.007159178831993733,-0.11071716862958687,18.333333333333332,0.1743590600046866,2026-07-22
2018-07-09,-0.0026048762411309268,0.016004666904742684,0.023132549202037868,0.007127882297295184,-0.11223063542101903,18.333333333333332,0.19403862170638025,2026-07-22
2018-07-10,-0.004371011452049989,0.014394155737310552,0.022008371604917032,0.00761421586760648,-0.08840250494719779,18.333333333333332,0.19403862170638025,2026-07-22
2018-07-11,-0.019712002809728735,0.018157463545067407,0.023017172938176112,0.0048597093931087056,-0.22898971639781068,18.333333333333332,0.19403862170638025,2026-07-22
2018-07-12,0.005989968202785745,0.015037444417912556,0.02311046136301232,0.008073016945099765,-0.06204936851163884,16.666666666666664,0.19403862170638025,2026-07-22
2018-07-13,0.012476210615352201,0.014264808314580546,0.019505879086196054,0.005241070771615508,-0.20642526462125002,15.0,0.19403862170638025,2026-07-22
2018-07-16,0.001527942663676729,0.012207805832465874,0.019874881358222754,0.00766707552575688,-0.08229274510693677,15.0,0.14012598468351153,2026-07-22
2018-07-17,0.011151233111259762,0.016782567765383855,0.022583049710433525,0.00580048194504967,-0.180145602787888,15.0,0.14012598468351153,2026-07-22
2018-07-18,0.022924875443681048,0.021707760968974612,0.02684434704364136,0.005136586074666747,-0.21328985521696886,15.0,0.14012598468351153,2026-07-22
2018-07-19,0.0016765882490263895,0.019190076380095414,0.02701028525488778,0.007820208874792366,-0.076344437832834,15.0,0.14012598468351153,2026-07-22
2018-07-20,-0.011207983304554192,0.020930146234486757,0.03147026403367647,0.010540117799189713,0.06426723604596639,15.0,0.14012598468351153,2026-07-22
2018-07-23,0.0035890678065975123,0.03143612750196091,0.10410225924092363,0.07266613173896272,2.9652178030594634,16.666666666666664,0.14745266687364506,2026-07-22
2018-07-24,-0.002839635331041701,inf,inf,,,15.0,0.14745266687364506,2026-07-22
2018-07-25,-0.006958718739294323,0.019428640844729183,0.02728933391214764,0.007860693067418458,-0.1238905571105871,15.0,0.14745266687364506,2026-07-22
2018-07-26,0.0027814312512126627,0.017405544360337807,0.025462370566116478,0.008056826205778671,-0.11478830253188327,13.333333333333334,0.14745266687364506,2026-07-22
2018-07-27,0.005762449471058861,0.01614911621805214,0.02456472847549796,0.008415612257445821,-0.09828156704742473,11.666666666666666,0.14745266687364506,2026-07-22
2018-09-06,-0.010584032051546788,0.01725268641639495,0.02863062888036494,0.01137794246396999,0.33614655455210635,13.333333333333334,0.009635047591290316,2026-07-22
2018-09-07,0.011177323912793913,0.01533624171882031,0.023583208341176512,0.008246966622356203,-0.0325326732350632,13.333333333333334,0.009635047591290316,2026-07-22
2018-09-10,0.0014862214882858105,0.013749870971835368,0.02129257226293682,0.007542701291101453,-0.11535329920154201,13.333333333333334,0.009635047591290316,2026-07-22
2018-09-11,0.01516994043325015,0.019163216624389915,0.028368023679115565,0.00920480705472565,0.07162796383213561,15.0,0.009635047591290316,2026-07-22
2018-09-12,0.0019795748482327458,0.01312210064848678,0.02280924584478423,0.009687145196297452,0.12012426411478853,16.666666666666664,0.009635047591290316,2026-07-22
2018-09-13,0.0009523713032288939,0.012200910887629222,0.0217336750528353,0.009532764165206077,0.09810905583223023,18.333333333333332,0.011995728692294939,2026-07-22
2018-09-14,0.0034313477402703185,0.014257240899590972,0.02142118899175379,0.007163948092162819,-0.178824361702735,18.333333333333332,0.011995728692294939,2026-07-22
2018-09-17,-0.0037625839772429392,0.016822380324691,0.02578949342134078,0.008967113096649777,0.023542153359002126,20.0,0.011995728692294939,2026-07-22
2018-09-18,0.005953767175302049,0.014307179346177652,0.020571980400002982,0.00626480105382533,-0.28641602414196576,20.0,0.011995728692294939,2026-07-22
2018-09-19,0.002063432948494759,0.014185031879352154,0.022332885518132933,0.008147853638780778,-0.06749465989475766,20.0,0.011995728692294939,2026-07-22
2018-09-20,0.00924121582256876,0.014929343192930013,0.02174876555749869,0.006819422364568676,-0.22279751060222233,20.0,0.010639982713042917,2026-07-22
2018-09-21,-0.0017616497800425623,0.01470552373615252,0.021851468138467556,0.007145944402315035,-0.184711100169936,20.0,0.010639982713042917,2026-07-22
2018-09-24,0.008295362772565484,0.017685371313386548,0.024748030880240753,0.007062659566854205,-0.19573151697312346,20.0,0.010639982713042917,2026-07-22
2018-09-25,-0.0005438598226027436,0.013351027169295591,0.021987014189380583,0.008635987020084992,-0.016603553522290395,20.0,0.010639982713042917,2026-07-22
2018-09-26,-0.0011179927577814608,0.018053536742696073,0.028386333981227464,0.01033279723853139,0.1745048301237279,21.666666666666668,0.010639982713042917,2026-07-22
2018-09-27,0.005705173284733744,0.01342154147042639,0.01943849909901359,0.006016957628587201,-0.3250973981343738,21.666666666666668,0.010579926731880462,2026-07-22
2018-09-28,0.001733358283187325,0.015521447604999147,0.024253812940828755,0.008732365335829608,-0.014034597771592123,21.666666666666668,0.010579926731880462,2026-07-22
2018-10-01,-0.004178423603669157,0.01668733870289491,0.02614011223518898,0.009452773532294071,0.0655659247297691,23.333333333333332,0.010579926731880462,2026-07-22
2018-10-02,0.005834847168470159,0.017371606632670233,0.02385741114737362,0.006485804514703385,-0.2796244124674349,23.333333333333332,0.010579926731880462,2026-07-22
2018-10-03,0.0015803060493331245,0.014400725179373772,0.023783932662686972,0.0093832074833132,0.05520126714485341,25.0,0.010579926731880462,2026-07-22
2018-10-04,0.003155625245002014,0.012829583412695564,0.020535234349148796,0.007705650936453232,-0.1466059829230642,25.0,0.007324367980266164,2026-07-22
2018-10-05,-0.014878568218674948,0.016534826575398256,0.02435810956422661,0.007823282988828353,-0.13234079941372676,25.0,0.007324367980266164,2026-07-22
2018-10-08,-0.012167911224823746,0.017279145793927354,0.024567194644122,0.007288048850194646,-0.19927519020253362,25.0,0.007324367980266164,2026-07-22
2018-10-09,7.027265791270665e-05,0.012834186892810198,0.019511366832672176,0.006677179939861978,-0.2687527275105736,25.0,0.007324367980266164,2026-07-22
2018-10-10,-0.0022385287947078725,0.014482071702457895,0.022596045614041584,0.008113973911583689,-0.10522751018983216,25.0,0.007324367980266164,2026-07-22
2018-10-11,-0.04836210712704736,0.023178807621265046,0.02975492863365158,0.0065761210123865335,-0.2886668701241584,25.0,0.010693316600726376,2026-07-22
2018-10-12,0.02557379822178052,0.018460778352723275,0.02399406475575102,0.005533286403027745,-0.40597635164449286,25.0,0.010693316600726376,2026-07-22
2018-10-15,-0.01900874154708898,0.019102210852672892,0.025700161279705275,0.006597950427032383,-0.27326821226042824,23.333333333333332,0.010693316600726376,2026-07-22
2018-10-16,0.012326089697784814,0.01472824751230381,0.020261946338765005,0.005533698826461195,-1.7316929324743653,21.666666666666668,0.010693316600726376,2026-07-22
2018-10-17,0.00854292743182783,0.013110925426125212,0.01955845401759192,0.006447528591466708,-1.0135810105687026,21.666666666666668,0.010693316600726376,2026-07-22
2018-10-18,-0.008367641004528581,0.014279050941632395,0.02236640091481307,0.008087349973180676,0.24000381578226387,23.333333333333332,0.06548058327846036,2026-07-22
2018-10-19,-0.0053037458353659694,0.013901749951083392,0.02299838949572159,0.009096639544638198,0.9916837266031876,25.0,0.06548058327846036,2026-07-22
2018-10-22,-0.005060728744939347,0.018591996524753785,0.02906273974026654,0.010470743215512755,1.9466545251790683,26.666666666666668,0.06548058327846036,2026-07-22
2018-10-23,-0.014504305146249119,0.017380758456909503,0.024464068385238142,0.007083309928328639,-0.5593965073627689,26.666666666666668,0.06548058327846036,2026-07-22
2018-10-24,-0.0180380555082581,0.0192743897208496,0.026850308460169767,0.007575918739320165,-0.22375500403407642,26.666666666666668,0.06548058327846036,2026-07-22
2018-10-25,-0.013611782428229358,0.017081572199847947,0.02347929972656713,0.0063977275267191845,-1.0881957105622435,26.666666666666668,0.09083290922623466,2026-07-22
2018-10-26,-0.010272806179065341,0.01700959879901451,0.024097389120827015,0.007087790321812504,-0.5691373834074726,26.666666666666668,0.09083290922623466,2026-07-22
2018-10-29,-0.01332119624342265,0.017920330362017775,0.02427029911837768,0.006349968756359906,-1.1325713999141367,26.666666666666668,0.09083290922623466,2026-07-22
2018-10-30,-0.00014626133525352802,0.01671463514048053,0.0270084812462787,0.010293846105798171,1.7614940337810814,28.333333333333332,0.09083290922623466,2026-07-22
2018-10-31,0.029335313776457372,0.02404763721487657,0.03144450357973518,0.0073968663648586105,-0.36216946617084494,28.333333333333332,0.09083290922623466,2026-07-22
2018-11-01,-0.007433643797280065,0.01833731442826384,0.027080945938079738,0.008743631509815896,0.6635842290269569,30.0,0.10886159841291398,2026-07-22
2018-11-02,0.018613154764526962,0.021791827989701126,0.029477675792235522,0.007685847802534396,-0.10805137093819034,28.333333333333332,0.10886159841291398,2026-07-22
2018-11-05,0.000724433968384286,0.014515644557063664,0.023102335316592244,0.00858669075952858,0.5853369733700833,28.333333333333332,0.10886159841291398,2026-07-22
2018-11-06,-0.003760007779326502,0.01391320589488075,0.02139507677412328,0.007481870879242528,-0.258192732545416,28.333333333333332,0.10886159841291398,2026-07-22
2018-11-07,0.00011929938723498346,0.011587187083275339,0.01812809647229666,0.006540909389021321,-0.9531511078148847,26.666666666666668,0.10886159841291398,2026-07-22
2018-11-08,0.004467771319510705,0.012833381456995294,0.019445254477178306,0.006611873020183012,-0.8977149948474081,26.666666666666668,0.10925049477966164,2026-07-22
2018-11-09,-0.012944250118754552,0.01412535879274181,0.020632762053593958,0.006507403260852147,-0.984819161861996,26.666666666666668,0.10925049477966164,2026-07-22
2018-11-12,0.0041890428638615695,0.013738468320068482,0.018923796860436295,0.0051853285403678125,-1.93187930107267,26.666666666666668,0.10925049477966164,2026-07-22
2018-11-13,-0.011033416111183691,0.01685516694831811,0.026405205141531066,0.009550038193212956,1.3586103651503876,26.666666666666668,0.10925049477966164,2026-07-22
2018-11-14,-0.007775416028810933,0.01665545791045557,0.024593884336261206,0.007938426425805636,0.12477669649123913,28.333333333333332,0.10925049477966164,2026-07-22
2018-11-15,-0.0041956644800372755,0.014682723811241208,0.022115513530791404,0.007432789719550196,-0.26283646513263964,28.333333333333332,0.11573455363002287,2026-07-22
2018-11-16,0.0011592264392801255,0.01590716116712889,0.025813774551544717,0.009906613384415827,1.5671846586339901,30.0,0.11573455363002287,2026-07-22
2018-11-19,0.019895567752925114,0.01950567448994939,0.026228159771457517,0.006722485281508126,-0.808172880108452,30.0,0.11573455363002287,2026-07-22
2018-11-20,0.0032312293954543936,0.014651599483805205,0.022256352396845626,0.00760475291304042,-0.1482020240228284,30.0,0.11573455363002287,2026-07-22
2018-11-21,0.0038519292289611595,0.0139811699587073,0.023637313723959427,0.009656143765252128,1.348458596984819,30.0,0.11573455363002287,2026-07-22
2018-11-22,0.002016129032258007,0.012484812176032227,0.020880629914451856,0.008395817738419629,0.40787014396565746,31.666666666666664,0.11965314260298873,2026-07-22
2018-11-23,-0.006977347958719959,0.014681178845151655,0.021836271782806217,0.007155092937654562,-0.498716871276168,31.666666666666664,0.11965314260298873,2026-07-22
2018-11-26,0.003333442269355169,0.014993317619032958,0.023801860574446877,0.008808542955413919,0.6981205090886444,33.33333333333333,0.11965314260298873,2026-07-22
2018-11-27,0.0022691986145946252,0.015295780935267952,0.025007801923901223,0.00971202098863327,1.3217028342015593,35.0,0.11965314260298873,2026-07-22
2018-11-28,0.00766964208336951,0.014140414086414256,0.019553030484253532,0.005412616397839276,-1.7006155354006145,35.0,0.11965314260298873,2026-07-22
2018-11-29,-0.003665878305740833,0.012625057573353528,0.01864115089723486,0.006016093323881333,-1.2665426014881909,33.33333333333333,0.030514158971315562,2026-07-22
2018-11-30,-0.00026974827091363895,0.012067982744807443,0.019234148298102535,0.007166165553295092,-0.4100487539330223,33.33333333333333,0.030514158971315562,2026-07-22
2018-12-03,0.02703606967858918,0.021473057136533916,0.02727420030590346,0.005801143169369544,-1.3669200238441352,33.33333333333333,0.030514158971315562,2026-07-22
2018-12-04,0.007618827436185693,0.015527810208556678,0.021565417365413203,0.006037607156856525,-1.1567432663388053,31.666666666666664,0.030514158971315562,2026-07-22
2018-12-05,-0.0017729756789454099,0.012647853209664474,0.01900973788073577,0.006361884671071297,-0.8940320810416053,30.0,0.030514158971315562,2026-07-22
2018-12-06,-0.002423887832500915,0.012714154294002767,0.02028399040980441,0.007569836115801644,0.010510341270990129,30.0,0.03088695735341815,2026-07-22
2018-12-07,0.00394838817787635,0.014153169763477243,0.0224271672014995,0.008273997438022256,0.5183657855619599,31.666666666666664,0.03088695735341815,2026-07-22
2018-12-10,-0.0028166369354990506,0.01356321063655639,0.021230419110073888,0.007667208473517498,0.0857465130117577,31.666666666666664,0.03088695735341815,2026-07-22
2018-12-11,-0.0013704505748568518,0.011506640292756531,0.018748911695148234,0.007242271402391703,-0.24593749838955706,31.666666666666664,0.03088695735341815,2026-07-22
2018-12-12,0.007018793605564788,0.013224638423547432,0.02058618872261583,0.007361550299068398,-0.1464394719538228,31.666666666666664,0.03088695735341815,2026-07-22
2018-12-13,-0.0010714880159786722,0.010884008908434637,0.01617689127025175,0.005292882361817113,-1.651868067275704,31.666666666666664,0.01877204043396285,2026-07-22
2018-12-14,-0.008549856808122924,0.013495830731547628,0.022122249951935836,0.008626419220388207,0.7874034647807596,33.33333333333333,0.01877204043396285,2026-07-22
2018-12-17,-0.019316415276669052,0.015787895820655446,0.022091792443782284,0.006303896623126838,-0.9046205939036338,33.33333333333333,0.01877204043396285,2026-07-22
2018-12-18,-0.006854817115621414,0.01555988942817437,0.026643762264133935,0.011083872835959565,2.4363737951739957,35.0,0.01877204043396285,2026-07-22
2018-12-19,-0.008638447020760331,0.013976680205348688,0.022923732388920787,0.008947052183572099,0.9888793278089423,35.0,0.01877204043396285,2026-07-22
2018-12-20,-0.0010878551847177675,0.014061105887724192,0.02378673666821795,0.009725630780493757,1.486621844998211,36.666666666666664,0.022249526445360993,2026-07-22
2018-12-21,-0.006512458616483752,0.014497757451148289,0.021150747681255425,0.006652990230107136,-0.6611148964748325,36.666666666666664,0.022249526445360993,2026-07-22
2018-12-24,-0.004055861267621141,0.01254904219420548,0.017343918730372512,0.004794876536167033,-1.8897436775150058,35.0,0.022249526445360993,2026-07-22
2018-12-25,-0.011688826274544262,0.015496734596067485,0.022094507862303693,0.006597773266236208,-0.6365523465642767,35.0,0.022249526445360993,2026-07-22
2018-12-26,-0.006893556362340569,0.0143153554371754,0.02049378386137911,0.006178428424203708,-0.8985621747759697,33.33333333333333,0.022249526445360993,2026-07-22
2018-12-27,0.010159798149705468,0.012885043307061937,0.017917221512079553,0.005032178205017616,-1.6337442488897298,33.33333333333333,0.02780538282052512,2026-07-22
2018-12-28,-0.009180626325196228,0.015917216312453603,0.023597855514748734,0.0076806392022951316,0.18505561150482833,35.0,0.02780538282052512,2026-07-22
2019-01-02,-0.0008851143926321692,0.015440315888618075,0.023020860764998655,0.007580544876380581,0.11300331215049772,36.666666666666664,0.02780538282052512,2026-07-22
2019-01-03,-0.015172413793103412,0.018348161728874317,0.028643550151085276,0.01029538842221096,1.879240967396786,38.333333333333336,0.02780538282052512,2026-07-22
2019-01-04,0.003051627154927017,0.013239038863615816,0.020649602346558625,0.007410563482942809,-0.03599293652945198,38.333333333333336,0.02780538282052512,2026-07-22
2019-01-07,0.00992167101827679,0.014915709579484897,0.023545877230308283,0.008630167650823386,0.7539659219041622,40.0,0.035994412265160494,2026-07-22
2019-01-08,-0.002472910390719729,0.013036693485105224,0.02163385333347004,0.008597159848364818,0.705449769509564,41.66666666666667,0.035994412265160494,2026-07-22
2019-01-09,0.01076129090417366,0.013679010125682805,0.01847926788732521,0.004800257761642406,-1.7869328565765046,41.66666666666667,0.035994412265160494,2026-07-22
2019-01-10,0.0014604399157180925,0.0123085279786377,0.01844017878008548,0.00613165080144778,-0.9255434747780303,41.66666666666667,0.035994412265160494,2026-07-22
2019-01-11,0.004909273071357134,0.013894250522940622,0.020424213866524366,0.0065299633435837445,-0.6631981090036896,41.66666666666667,0.035994412265160494,2026-07-22
2019-01-14,-0.0010080756832205884,0.012329067916354809,0.02038567180028189,0.008056603883927082,0.3484470172261586,41.66666666666667,0.04247119466298526,2026-07-22
2019-01-15,0.008738079396761966,0.01496654275214635,0.021390168601647053,0.006423625849500703,-0.7074247281456716,40.0,0.04247119466298526,2026-07-22
2019-01-16,-0.001077301908363304,0.011895538431358994,0.019072396339279294,0.0071768579079203,-0.1753734274402203,38.333333333333336,0.04247119466298526,2026-07-22
2019-01-17,-0.00749422251568177,0.013061210967245229,0.021905885068662867,0.008844674101417638,0.9474681779230991,40.0,0.04247119466298526,2026-07-22
2019-01-18,0.0004546008936787693,0.01279628571813574,0.020633999093630975,0.007837713375495235,0.255062860446763,41.66666666666667,0.04247119466298526,2026-07-22
2019-01-21,0.009697439875872682,0.019133476582923692,0.02765749406377571,0.00852401748085202,0.7006277361138833,43.333333333333336,0.03214395181268577,2026-07-22
2019-01-22,-0.004939355688491354,0.014099544790271522,0.02021079814962367,0.0061112533593521475,-0.9331607474673619,43.333333333333336,0.03214395181268577,2026-07-22
2019-01-23,0.0016215321824499807,0.012002507787722803,0.018390100495784024,0.006387592708061222,-0.7459933521471275,43.333333333333336,0.03214395181268577,2026-07-22
2019-01-24,0.0008479989427545576,0.012750078608140777,0.022409975062515814,0.009659896454375037,1.5050284490188321,43.333333333333336,0.03214395181268577,2026-07-22
2019-01-25,9.903277985023884e-05,0.012696079460483204,0.023485748681379082,0.010789669220895878,2.1525859132714342,45.0,0.03214395181268577,2026-07-22
2019-01-28,0.0036308423554263225,0.012105221541928437,0.01756878327710353,0.005463561735175091,-1.3165363488256485,43.333333333333336,0.029616362454436464,2026-07-22
2019-01-29,0.004111030717621533,0.013655297928909101,0.019168277149019697,0.005512979220110596,-1.2437987282565623,43.333333333333336,0.029616362454436464,2026-07-22
2019-01-30,-9.826078412100703e-05,0.01236022821141262,0.020209636501746307,0.007849408290333688,0.27346176234059744,43.333333333333336,0.029616362454436464,2026-07-22
2019-01-31,-0.005666928721174025,0.01487128134660062,0.022342326559008484,0.007471045212407865,0.02833456090628202,45.0,0.029616362454436464,2026-07-22
2019-02-01,-0.002174271125020555,0.014089846540948353,0.023803756653492717,0.009713910112544364,1.4262782245537688,46.666666666666664,0.029616362454436464,2026-07-22
2019-02-11,0.01918188121100073,0.02037250274357553,0.030161663991545063,0.009789161247969531,1.419059252018544,48.333333333333336,0.020317546863488856,2026-07-22
2019-02-12,0.012352877659000061,0.017739347160585762,0.025555648089409688,0.007816300928823926,0.16492732419416126,50.0,0.020317546863488856,2026-07-22
2019-02-13,0.008223649124304178,0.015507361396841899,0.021241876584002027,0.0057345151871601285,-1.1638415078248552,50.0,0.020317546863488856,2026-07-22
2019-02-14,0.007500661200740666,0.015558009283761925,0.021204214183264753,0.005646204899502828,-1.1807333994868283,48.333333333333336,0.020317546863488856,2026-07-22
2019-02-15,-0.0015225654703152625,0.011554131370759956,0.018448699270452968,0.006894567899693012,-0.37393370333574655,46.666666666666664,0.020317546863488856,2026-07-22
2019-02-18,0.010947638528115755,0.014647498298144624,0.018767870102930854,0.00412037180478623,-2.0295701890609235,46.666666666666664,0.020464941699233245,2026-07-22
2019-02-19,0.0031727868511390867,0.01533220773903135,0.021302403967301948,0.005970196228270597,-0.8656504008187356,45.0,0.020464941699233245,2026-07-22
2019-02-20,0.006460310053403973,0.014128483568417685,0.02008239059461423,0.005953907026196546,-0.8633987693067118,45.0,0.020464941699233245,2026-07-22
2019-02-21,0.017504997012095957,0.022157220183242256,0.026432863850785925,0.004275643667543669,-1.8149687978832412,45.0,0.020464941699233245,2026-07-22
2019-02-22,0.0013568658424212288,0.012704428423919065,0.019640362095314258,0.006935933671395193,-0.19056596869132258,43.333333333333336,0.020464941699233245,2026-07-22
2019-02-25,0.005581903307682268,0.013836284185755979,0.021512944007344294,0.007676659821588315,0.2712078447673004,43.333333333333336,0.007878392942979616,2026-07-22
2019-02-26,-0.007411280834246803,0.015066123141385952,0.02454305498375849,0.009476931842372537,1.3326766089094704,45.0,0.007878392942979616,2026-07-22
2019-02-27,0.003252081940307683,0.011028868779861126,0.016191392264468907,0.0051625234846077814,-1.2333443582458474,43.333333333333336,0.007878392942979616,2026-07-22
2019-02-28,-0.02504367495733484,0.01928842307547592,0.025408843934677783,0.006120420859201864,-0.6315001038917822,41.66666666666667,0.007878392942979616,2026-07-22
2019-03-01,0.014666431893274767,0.01595275516588098,0.023389935674220694,0.007437180508339712,0.15440602765899858,43.333333333333336,0.007878392942979616,2026-07-22
2019-03-04,0.014658595592213386,0.01824580036500359,0.025092086379393606,0.006846286014390017,-0.21980696464848212,43.333333333333336,0.012727024762554199,2026-07-22
2019-03-05,-0.0015493113612812248,0.014277859109004143,0.022665723491289397,0.008387864382285254,0.719899899812493,45.0,0.012727024762554199,2026-07-22
2019-03-06,0.0020555191697313457,0.014578401798832958,0.02259685541592408,0.008018453617091121,0.4713674900980275,46.666666666666664,0.012727024762554199,2026-07-22
2019-03-07,-0.0004625486430230863,0.016187872844008792,0.026221596993263367,0.010033724149254575,1.6479575226225351,48.333333333333336,0.012727024762554199,2026-07-22
2019-03-08,-0.008832731406496763,0.016587616692690745,0.025359085278377602,0.008771468585686858,0.8527836096542493,50.0,0.012727024762554199,2026-07-22
2019-03-11,-0.0006597310327327577,0.015401046991332514,0.02377498350971191,0.008373936518379397,0.6018201551714236,50.0,0.018345137013032656,2026-07-22
2019-03-12,0.0169815153361772,0.01940374580735896,0.025586830380807845,0.006183084573448884,-0.7002894480448069,48.333333333333336,0.018345137013032656,2026-07-22
2019-03-13,0.004084608317021399,0.01659351194378356,0.024566612305647783,0.007973100361864223,0.3765153483049807,48.333333333333336,0.018345137013032656,2026-07-22
2019-03-14,0.004127669309038184,0.013706673709029005,0.02189216423316094,0.008185490524131936,0.49406818984533385,50.0,0.018345137013032656,2026-07-22
2019-03-15,-0.005388486073140686,0.015113690826890439,0.02371198738152794,0.008598296554637503,0.7267132218139082,51.66666666666667,0.018345137013032656,2026-07-22
2019-03-18,0.007708242042783642,0.01802765517459947,0.027027021598510427,0.008999366423910957,0.9356337457201069,53.333333333333336,0.015751803862055214,2026-07-22
2019-03-19,-0.005208230387602986,0.017180108328310118,0.0250170233827449,0.007836915054434783,0.2439985613849179,53.333333333333336,0.015751803862055214,2026-07-22
2019-03-20,-0.0042619139868268485,0.014823011132119694,0.025556937652283902,0.010733926520164208,1.8979443613725084,55.00000000000001,0.015751803862055214,2026-07-22
2019-03-21,-0.020472912301706114,0.021194493566089274,0.030301970893550717,0.009107477327461443,0.9909750765553405,55.00000000000001,0.015751803862055214,2026-07-22
2019-03-22,0.007058607834749209,0.016880691698988738,0.024862388277981685,0.007981696578992947,0.319497719088567,55.00000000000001,0.015751803862055214,2026-07-22
2019-03-25,-0.018852848661387034,0.02027479765363844,0.028813496101429945,0.008538698447791506,0.6802802576067671,55.00000000000001,0.020776614496245675,2026-07-22
2019-03-26,-0.00028863896419850654,0.012626316751432871,0.019906768513656106,0.0072804517622232345,-0.10446200770166046,55.00000000000001,0.020776614496245675,2026-07-22
2019-03-27,0.0063106445725362725,0.014265644197486094,0.02239779693968394,0.008132152742197845,0.39762202013124737,56.666666666666664,0.020776614496245675,2026-07-22
2019-03-28,0.00724452049881652,0.015445106934476314,0.023763524917583285,0.00831841798310697,0.4978378560010259,58.333333333333336,0.020776614496245675,2026-07-22
2019-03-29,-0.002258438625404424,0.013267319339233537,0.022044317009526432,0.008776997670292896,0.7622191598948275,60.0,0.020776614496245675,2026-07-22
2019-04-01,0.007922427505200114,0.01603129705503093,0.02206377192132765,0.006032474866296718,-1.0053599313819648,60.0,0.027657676986792896,2026-07-22
2019-04-02,-0.002751560397762365,0.013154024063757819,0.02315767786972082,0.010003653805963002,1.4977841464853936,60.0,0.027657676986792896,2026-07-22
2019-04-03,-0.0013694322435356954,0.015391366929672693,0.02418331370916853,0.008791946779495838,0.7165949935465495,60.0,0.027657676986792896,2026-07-22
2019-04-04,0.002488673993864543,0.014141096438809824,0.022811916344616098,0.008670819905806273,0.6710715283915368,60.0,0.027657676986792896,2026-07-22
2019-04-05,0.002381169508871128,0.01591058103233334,0.027573552479026982,0.011662971446693642,2.414913727436273,61.66666666666667,0.027657676986792896,2026-07-22
2019-04-08,0.008390109779026655,0.017457419590824887,0.026228840403161834,0.008771420812336946,0.6526375187159139,61.66666666666667,0.023953341267118396,2026-07-22
2019-04-09,-0.009102209390913774,0.015454057217438354,0.02436348317145433,0.008909425954015978,0.7319030749609172,61.66666666666667,0.023953341267118396,2026-07-22
2019-04-10,-0.006646568468760217,0.012356801110512839,0.01791603989370368,0.00555923878319084,-1.3252256779093405,61.66666666666667,0.023953341267118396,2026-07-22
2019-04-11,0.004114430039413142,0.011478940098187292,0.01682848463941449,0.0053495445412272,-1.4320088650400162,61.66666666666667,0.023953341267118396,2026-07-22
2019-04-12,-0.0030934631573610316,0.013638380268082218,0.020834360478086313,0.007195980210004095,-0.3164810181462582,61.66666666666667,0.023953341267118396,2026-07-22
2019-04-16,-0.005829687658968408,0.014117713886942848,0.022089359737466795,0.007971645850523948,0.1580136211331225,61.66666666666667,0.01963481407452148,2026-07-22
2019-04-17,-0.005188452367551166,0.015475444383247227,0.024354037959187905,0.008878593575940678,0.6877572904369851,63.33333333333333,0.01963481407452148,2026-07-22
2019-04-18,-0.010081267359325241,0.013005844849288793,0.018380943982785246,0.005375099133496453,-1.4127181255340435,63.33333333333333,0.01963481407452148,2026-07-22
2019-04-19,0.004063181959887752,0.012777172464993184,0.020630611610597798,0.007853439145604614,0.08826617160372344,63.33333333333333,0.01963481407452148,2026-07-22
2019-04-22,-0.0003622400927334457,0.01711554936788719,0.025682465875872848,0.008566916507985658,0.5106183619942248,63.33333333333333,0.01963481407452148,2026-07-22
2019-04-23,0.0022156420185119874,0.012664899270586288,0.02009584083695248,0.007430941566366192,-0.16312096163289147,61.66666666666667,0.020259952055358355,2026-07-22
2019-04-24,0.009214876033057706,0.014365278213455868,0.019988979499478008,0.00562370128602214,-1.2422124409803241,61.66666666666667,0.020259952055358355,2026-07-22
2019-04-25,-0.0028559145068173253,0.011995952100508356,0.019083707420241118,0.007087755319732762,-0.37189854800852357,61.66666666666667,0.020259952055358355,2026-07-22
2019-04-26,0.005656329237370805,0.0115366353834328,0.016859158994069617,0.005322523610636818,-1.3858002923413832,60.0,0.020259952055358355,2026-07-22
2019-05-02,-0.001163692785104753,0.014977759483653041,0.022290732526145385,0.007312973042492343,-0.16195347624222456,58.333333333333336,0.020259952055358355,2026-07-22
2019-05-03,-0.004455799693408258,0.012456732625070452,0.019982920707002572,0.0075261880819321204,-0.051978172187810555,58.333333333333336,0.020199863400316626,2026-07-22
2019-05-06,-0.016599256780339577,0.01540579171254376,0.020546405712760975,0.005140614000217215,-1.5388355353109164,58.333333333333336,0.020199863400316626,2026-07-22
2019-05-07,-0.00042798835036594873,0.012158542908205679,0.018495600939123225,0.006337058030917546,-0.7714525697790727,56.666666666666664,0.020199863400316626,2026-07-22
2019-05-08,-0.006620995029032017,0.013682392395222323,0.01949538121191794,0.005812988816695617,-1.0695397802291344,55.00000000000001,0.020199863400316626,2026-07-22
2019-05-09,-0.004425895166207616,0.012964202969239618,0.01862305092314494,0.005658847953905323,-1.12785888393557,53.333333333333336,0.020199863400316626,2026-07-22
2019-05-10,0.005849991024381884,0.011591541180116578,0.017329246294100455,0.005737705113983877,-1.0460064185019504,51.66666666666667,0.023752777350018548,2026-07-22
2019-05-13,0.006288383811873466,0.014872183623267685,0.022158621355541003,0.007286437732273318,-0.07454635963063011,50.0,0.023752777350018548,2026-07-22
2019-05-14,0.0070941223110148055,0.014214184922780657,0.021701413625662143,0.007487228702881486,0.032834164411887926,51.66666666666667,0.023752777350018548,2026-07-22
2019-05-15,0.010669815816189088,0.014427923600682678,0.02011290972495208,0.005684986124269402,-1.1034311858809112,51.66666666666667,0.023752777350018548,2026-07-22
2019-05-16,5.1248411299331664e-05,0.010742887185937213,0.017466732791479467,0.006723845605542254,-0.4465703033554927,51.66666666666667,0.023752777350018548,2026-07-22
2019-05-17,0.0008096834035400402,0.014738538332634174,0.02635487879213153,0.011616340459497354,2.5093240423003738,53.333333333333336,0.01815057067049994,2026-07-22
2019-05-20,0.01090652138292647,0.014836703800998816,0.01994428770584299,0.005107583904844174,-1.48942378410736,53.333333333333336,0.01815057067049994,2026-07-22
2019-05-21,-0.0008509517490098428,0.01155979736329484,0.01665039220448471,0.00509059484118987,-1.4748524589648708,53.333333333333336,0.01815057067049994,2026-07-22
2019-05-22,-0.002544890448042625,0.010608805592408496,0.01785300065537955,0.007244195062971054,-0.2092544102945436,53.333333333333336,0.01815057067049994,2026-07-22
2019-05-23,-0.0010876415458740407,0.014969476479520415,0.03203258818792762,0.017063111708407203,4.633711189020846,55.00000000000001,0.01815057067049994,2026-07-22
2019-05-24,-0.012903094503973755,0.016556286655670382,0.0246009701103473,0.008044683454676918,0.1448252099799006,55.00000000000001,0.02000108854963305,2026-07-22
2019-05-27,0.005267878313041985,0.013589976538048503,0.019007455729681298,0.005417479191632794,-1.1228953949699418,53.333333333333336,0.02000108854963305,2026-07-22
2019-05-28,-0.0032200504542937436,0.014738650495964007,0.023316964286181744,0.008578313790217737,0.41867510733535346,55.00000000000001,0.02000108854963305,2026-07-22
2019-05-29,-0.0004732510288065761,0.013126014069505273,0.020022979737108877,0.006896965667603604,-0.43205060332083406,55.00000000000001,0.02000108854963305,2026-07-22
2019-05-30,-0.0022644461370606717,0.010750720960149231,0.01620784506413686,0.00545712410398763,-1.1275682485440046,53.333333333333336,0.02000108854963305,2026-07-22
2019-05-31,-0.009759217611983395,0.01421135013965807,0.02065423995468193,0.006442889815023859,-0.6324571902659363,53.333333333333336,0.01742462059768234,2026-07-22
2019-06-03,-0.01397049631203895,0.015516825573845143,0.021188195441822672,0.005671369867977529,-0.9858451365030347,51.66666666666667,0.01742462059768234,2026-07-22
2019-06-04,0.004955254788846952,0.01383367795741586,0.022335515220056276,0.008501837262640416,0.40538701496300356,51.66666666666667,0.01742462059768234,2026-07-22
2019-06-05,0.00026283695697881804,0.012344391069451816,0.021485253214380894,0.009140862144929079,0.7326176479131172,51.66666666666667,0.01742462059768234,2026-07-22
2019-06-06,-0.0033634290158816027,0.01292969613485518,0.021658091699356327,0.008728395564501147,0.5284861304673553,51.66666666666667,0.01742462059768234,2026-07-22
2019-06-07,0.010620010335263164,0.014250706769510015,0.021530317257506225,0.00727961048799621,-0.18137181156560364,50.0,0.0184992683858899,2026-07-22
2019-06-10,0.004821137872020653,0.013736625769226823,0.020321094260537614,0.00658446849131079,-0.5309628450968608,50.0,0.0184992683858899,2026-07-22
2019-06-11,-0.0008619794371169665,0.01256140174844006,0.020538516368601725,0.007977114620161666,0.16193153506871624,50.0,0.0184992683858899,2026-07-22
2019-06-12,-0.00821146070452261,0.01357330886758164,0.0213956129167786,0.00782230404919696,0.08796343249932335,50.0,0.0184992683858899,2026-07-22
2019-06-13,-0.004286447907605462,0.014728940535203032,0.03433277011853196,0.01960382958332893,4.651101303863927,50.0,0.0184992683858899,2026-07-22
2019-06-14,0.0037154765914448884,0.013422833254222874,0.023299814893140793,0.009876981638917919,0.8002016007253986,50.0,0.020074301748761878,2026-07-22
2019-06-17,-0.006983987164564054,0.01436139796937649,0.022430782337666495,0.008069384368290005,0.08730105498575179,50.0,0.020074301748761878,2026-07-22
2019-06-18,-0.0031047045778552773,0.013635267165428582,0.02329266336060706,0.009657396195178478,0.7241128509895169,50.0,0.020074301748761878,2026-07-22
2019-06-19,0.0060168854143494155,0.012996691319115109,0.020525974762248423,0.007529283443133314,-0.10878224075801786,48.333333333333336,0.020074301748761878,2026-07-22
2019-06-20,0.009992734471248488,0.014662300274313972,0.021576347370787813,0.006914047096473841,-0.3456274786701575,46.666666666666664,0.020074301748761878,2026-07-22
2019-06-21,2.085114368544083e-05,0.012158520283632093,0.02123951175312719,0.009080991469495099,0.5094727957009997,46.666666666666664,0.01708126921711697,2026-07-22
2019-06-24,0.00380525437864887,0.014208402741443889,0.02114812708037293,0.006939724338929041,-0.336073079499958,46.666666666666664,0.01708126921711697,2026-07-22
2019-06-25,-0.0028249467726021438,0.012014967604666462,0.022920792946140224,0.010905825341473762,1.200354308344533,46.666666666666664,0.01708126921711697,2026-07-22
2019-06-26,-0.0010415256267380935,0.013340301864628396,0.022911766745118127,0.009571464880489731,0.6682085444140557,46.666666666666664,0.01708126921711697,2026-07-22
2019-06-27,-0.016702636764567846,0.01572353621916194,0.022281810614422144,0.006558274395260206,-0.4905904541329622,45.0,0.01708126921711697,2026-07-22
2019-06-28,0.007241997221957286,0.014174623533946001,0.020834199968935683,0.006659576434989682,-0.4563242285763604,45.0,0.014026722595504337,2026-07-22
2019-07-01,0.016495778680758688,0.01858485651852284,0.02635852311931947,0.00777366660079663,-0.0073040902598235456,43.333333333333336,0.014026722595504337,2026-07-22
2019-07-02,-0.003759281697579775,0.011384469379553239,0.01850812750612466,0.00712365812657142,-0.2517195697542427,41.66666666666667,0.014026722595504337,2026-07-22
2019-07-03,-0.0016528410154057482,0.010112384929684205,0.016382826458197195,0.00627044152851299,-0.570179910091893,40.0,0.014026722595504337,2026-07-22
2019-07-04,0.013171732317079465,0.014294648654302045,0.019488745293409316,0.005194096639107271,-0.9623570411049813,38.333333333333336,0.014026722595504337,2026-07-22
2019-07-05,0.002363726054427362,0.014192350127973692,0.029211972241087028,0.015019622113113336,2.714069763911626,38.333333333333336,0.01626863569386667,2026-07-22
2019-07-08,-0.009217298583058198,0.01191956933866464,0.019962961251764028,0.008043391913099388,0.12552247531297314,38.333333333333336,0.01626863569386667,2026-07-22
2019-07-09,0.0027940187302737396,0.012098879650495163,0.020698870681017268,0.008599991030522105,0.31541428121398907,40.0,0.01626863569386667,2026-07-22
2019-07-10,0.004746917083741753,0.014849841444222772,0.024569343264232393,0.009719501820009621,0.7089612216811305,41.66666666666667,0.01626863569386667,2026-07-22
2019-07-11,0.005114774302880987,0.012488235045123744,0.02015241133519511,0.007664176290071366,-0.06512050648462935,41.66666666666667,0.01626863569386667,2026-07-22
2019-07-12,-0.003300532376894205,0.012064137148061961,0.021877445374057537,0.009813308225995576,0.7267268625718252,41.66666666666667,0.02024753420762947,2026-07-22
2019-07-15,-0.0029423826122616514,0.013315314680819264,0.020933127978536078,0.007617813297716814,-0.08586580699489536,40.0,0.02024753420762947,2026-07-22
2019-07-16,0.009850595868508005,0.015474848111347419,0.02129886077009583,0.005824012658748412,-0.7615259191357205,40.0,0.02024753420762947,2026-07-22
2019-07-17,0.00046837930578047526,0.012525661073457034,0.0222293219655701,0.009703660892113065,0.6790055176210157,40.0,0.02024753420762947,2026-07-22
2019-07-18,-0.006635659545884853,0.011655920819362151,0.018038076147418727,0.006382155328056575,-0.5468410567580004,38.333333333333336,0.02024753420762947,2026-07-22
2019-07-19,0.006444341990676783,0.014040011774227413,0.020044185278800787,0.006004173504573374,-0.6763253130896488,38.333333333333336,0.011919370833112723,2026-07-22
2019-07-22,-0.00030539324470146845,0.014395024616664507,0.021187493405062985,0.006792468788398478,-0.3925808222417833,38.333333333333336,0.011919370833112723,2026-07-22
2019-07-23,0.007555700378803376,0.016241147235834887,0.023388700973928714,0.007147553738093827,-0.2605314871870715,38.333333333333336,0.011919370833112723,2026-07-22
2019-07-24,-0.0010611848887273068,0.012767093398183464,0.01916209782279531,0.006395004424611847,-0.5507194625314591,38.333333333333336,0.011919370833112723,2026-07-22
2019-07-25,0.006616687407047683,0.013783185292303915,0.020265218942481195,0.00648203365017728,-0.5119247548095585,38.333333333333336,0.011919370833112723,2026-07-22
2019-07-26,-0.0016081210111060784,0.01004839017320694,0.016910825172835122,0.006862434999628183,-0.3650537378835532,38.333333333333336,0.00915421757442663,2026-07-22
2019-07-29,0.004620727840136896,0.014386609460274587,0.01952112123698331,0.005134511776708723,-1.0109544662033718,38.333333333333336,0.00915421757442663,2026-07-22
2019-07-30,-0.011944605888129622,0.015398283026110663,0.021401665812971312,0.006003382786860649,-0.6831648424437125,38.333333333333336,0.00915421757442663,2026-07-22
2019-07-31,0.005719965112269465,0.017893268856009326,0.02731493531438309,0.009421666458373765,0.5717658002007908,40.0,0.00915421757442663,2026-07-22
2019-08-01,0.005778190105479641,0.017559757298283102,0.026482465074496392,0.00892270777621329,0.3665325469636574,41.66666666666667,0.00915421757442663,2026-07-22
2019-08-02,-0.006306459860235147,0.017696487045796568,0.027446524095407245,0.009750037049610676,0.6539309156293899,43.333333333333336,0.008521006478793254,2026-07-22
2019-08-05,-0.01811118958732727,0.022603760980123806,0.032440705739400354,0.009836944759276548,0.6685076073767475,45.0,0.008521006478793254,2026-07-22
2019-08-06,-0.008775625545907606,0.016327733155448824,0.025292444478243276,0.008964711322794451,0.3314513431455228,45.0,0.008521006478793254,2026-07-22
2019-08-07,0.0013684286913882016,0.015091905532639909,0.023289334391707772,0.008197428859067863,0.02788324163739976,46.666666666666664,0.008521006478793254,2026-07-22
2019-08-08,0.009638379592724178,0.01659394350778254,0.023692028109198945,0.007098084601416404,-0.3905144447975496,46.666666666666664,0.008521006478793254,2026-07-22
2019-08-09,-0.0009228497600590746,0.014782089604513169,0.02358151829005819,0.00879942868554502,0.2751433388128876,46.666666666666664,0.008834248191706421,2026-07-22
2019-08-12,0.0009955457027319703,0.012818346752171578,0.019418087717709104,0.0065997409655375264,-0.5840537430533711,46.666666666666664,0.008834248191706421,2026-07-22
2019-08-13,-0.008694671437799117,0.014519879681110685,0.021757288640969832,0.007237408959859148,-0.3547733075406907,46.666666666666664,0.008834248191706421,2026-07-22
2019-08-14,0.0021513606321690304,0.014019895331883794,0.021248344028111585,0.007228448696227791,-0.3581651653197594,46.666666666666664,0.008834248191706421,2026-07-22
2019-08-15,0.010805957209647943,0.018510732137677476,0.023643965807921736,0.00513323367024426,-1.2223124852838545,45.0,0.008834248191706421,2026-07-22
2019-08-16,0.0006330535645000523,0.013595040798740495,0.021977068629571432,0.008382027830830937,0.18772530271183402,45.0,0.00709030291242253,2026-07-22
2019-08-19,0.0010510204081632946,0.011631101793195663,0.019465663006623064,0.007834561213427401,-0.0684644918325567,45.0,0.00709030291242253,2026-07-22
2019-08-20,0.0037103860228535623,0.014257494361728119,0.021013804289094426,0.006756309927366307,-0.5277879040894755,43.333333333333336,0.00709030291242253,2026-07-22
2019-08-21,0.009861171763128729,0.01653674908022092,0.021702310970685642,0.005165561890464722,-1.1997170962801686,43.333333333333336,0.00709030291242253,2026-07-22
2019-08-22,0.002896277077173659,0.01348107501700001,0.021632665294342164,0.008151590277342155,0.07688551810174983,45.0,0.00709030291242253,2026-07-22
2019-08-23,-0.004823215610773479,0.012306783888394216,0.01947427401102944,0.007167490122635225,-0.36058405963384876,45.0,0.006239590939377184,2026-07-22
2019-08-26,-0.009642803163887437,0.015190853655375966,0.022589163266296584,0.007398309610920618,-0.27409895070484924,45.0,0.006239590939377184,2026-07-22
2019-08-27,-0.006196076835422448,0.015507327708612082,0.025423259616204806,0.009915931907592724,0.8263245564351701,45.0,0.006239590939377184,2026-07-22
2019-08-28,0.0004811679071243802,0.014248019127132375,0.023802310187741052,0.009554291060608677,0.6627703134241743,45.0,0.006239590939377184,2026-07-22
2019-08-29,0.001360947956531522,0.01335236763559554,0.02184445661567413,0.008492088980078591,0.19739605353392128,45.0,0.006239590939377184,2026-07-22
2019-08-30,0.005589674940475575,0.016352757364672097,0.02701336805465286,0.010660610689980764,1.1157407243245672,46.666666666666664,0.006171021806790861,2026-07-22
2019-09-03,-0.004776131536694872,0.016525569482000537,0.025558817049692296,0.00903324756769176,0.38986595080575626,48.333333333333336,0.006171021806790861,2026-07-22
2019-09-04,-0.0017664597288025163,0.014719027407594353,0.022442617573111938,0.007723590165517585,-0.18027522181925096,46.666666666666664,0.006171021806790861,2026-07-22
2019-09-05,-0.0008592207685934605,0.011837389308673184,0.019175147613355085,0.007337758304681901,-0.34493350540920864,45.0,0.006171021806790861,2026-07-22
2019-09-06,-0.0027743936772488542,0.01236147080488489,0.021036300837736235,0.008674830032851345,0.42118884235277526,45.0,0.006171021806790861,2026-07-22
2019-09-09,4.106438896189779e-05,0.01343445334490269,0.02177367974387234,0.008339226398969649,0.24452070419664262,45.0,0.00806006922851369,2026-07-22
2019-09-10,-0.0039625508150946676,0.013887882273395305,0.020215841680170196,0.006327959406774891,-0.9067980901373125,43.333333333333336,0.00806006922851369,2026-07-22
2019-09-11,-0.0009791189990312477,0.014136309360215062,0.024297535141790887,0.010161225781575824,1.3039033688813775,43.333333333333336,0.00806006922851369,2026-07-22
2019-09-12,0.006974033075074049,0.014608020795118797,0.021294607706148622,0.006686586911029826,-0.6889861885648761,43.333333333333336,0.00806006922851369,2026-07-22
2019-09-13,0.011423361029434309,0.017522168845278692,0.025745912769439563,0.008223743924160871,0.18198360432049251,45.0,0.00806006922851369,2026-07-22
2019-09-16,0.0026741759688821976,0.014435083357480602,0.02203356847736231,0.007598485119881707,-0.16446490395996835,43.333333333333336,0.011451869553227323,2026-07-22
2019-09-17,0.0069504778453519656,0.015444407928105438,0.021940001757392916,0.006495593829287478,-0.7953519546148522,43.333333333333336,0.011451869553227323,2026-07-22
2019-09-18,-0.0015952003531513048,0.01283994294015207,0.02193904319771953,0.00909910025756746,0.7387608787262412,43.333333333333336,0.011451869553227323,2026-07-22
2019-09-19,0.0019595035924233617,0.011836618697712667,0.01922523762855971,0.007388618930847043,-0.24991490082114656,41.66666666666667,0.011451869553227323,2026-07-22
2019-09-20,-0.006759602848259938,0.015081499611246142,0.02401783560612163,0.008936335994875488,0.6471206589042072,43.333333333333336,0.011451869553227323,2026-07-22
2019-09-23,-0.002847449412334946,0.01457606735282899,0.02311136362925009,0.008535296276421099,0.3910730055816231,45.0,0.007981379644365079,2026-07-22
2019-09-24,0.0005974441541609643,0.012817338655550107,0.02004359083776921,0.007226252182219105,-0.38425267879453356,45.0,0.007981379644365079,2026-07-22
2019-09-25,-0.0008399704492324522,0.0105941256254657,0.016366113354181484,0.005771987728715785,-1.2236829505641353,45.0,0.007981379644365079,2026-07-22
2019-09-26,0.003494378608325688,0.011403072581226073,0.016981085970686215,0.005578013389460143,-1.3209086955842564,45.0,0.007981379644365079,2026-07-22
2019-09-27,0.00715619480191787,0.01355928133167409,0.01889460623512864,0.00533532490345455,-1.467298336935264,45.0,0.007981379644365079,2026-07-22
2019-09-30,-0.0012827707848954706,0.0134886828595945,0.020570322343532323,0.007081639483937823,-0.4388361178788438,43.333333333333336,0.008112563814073343,2026-07-22
2019-10-01,0.003040459179577848,0.015555773599421037,0.031508967884618905,0.01595319428519787,4.562609146630518,43.333333333333336,0.008112563814073343,2026-07-22
2019-10-02,-0.00840344541261917,0.013443344493793316,0.020276844639694532,0.006833500145901216,-0.5481007023185955,41.66666666666667,0.008112563814073343,2026-07-22
2019-10-03,0.0012711992655292104,0.011590275664341317,0.01883511714395696,0.0072448414796156425,-0.296613775720238,40.0,0.008112563814073343,2026-07-22
2019-10-04,-0.004896972139654454,0.013108709552498744,0.021148444281628587,0.008039734729129843,0.15046739373590798,41.66666666666667,0.008112563814073343,2026-07-22
2019-10-07,-0.004556546745106749,0.013705892282475898,0.021661215228123847,0.00795532294564795,0.12156464377545605,41.66666666666667,0.006609609543637827,2026-07-22
2019-10-08,0.0052182404459408804,0.014255287261569187,0.021699378918415693,0.007444091656846506,-0.16988637501677428,41.66666666666667,0.006609609543637827,2026-07-22
2019-10-09,-0.00039464896480534417,0.011052023604923392,0.018760621580342005,0.007708597975418613,-0.03663609447565807,41.66666666666667,0.006609609543637827,2026-07-22
2019-10-10,-0.0004555439701163788,0.010608891794704929,0.01700348068353421,0.006394588888829281,-0.7703849108329405,40.0,0.006609609543637827,2026-07-22
2019-10-11,0.0045170045980271745,0.010713368467247823,0.016991095450440467,0.0062777269831926445,-0.8367695575125795,40.0,0.006609609543637827,2026-07-22
2019-10-14,0.0017442329407968415,0.011253563976089589,0.017102375315157882,0.005848811339068293,-1.0832566476527734,40.0,0.007935824312892909,2026-07-22
2019-10-15,-0.0005233652384835086,0.010256916144838242,0.016528149059605906,0.006271232914767664,-0.8297496845072003,40.0,0.007935824312892909,2026-07-22
2019-10-16,0.0014198680831780663,0.011790691234970964,0.02080911280503516,0.009018421570064198,0.7406604478025871,41.66666666666667,0.007935824312892909,2026-07-22
2019-10-17,-0.004665848802365091,0.013683310404122035,0.02224091272069171,0.008557602316569674,0.4554959742476723,43.333333333333336,0.007935824312892909,2026-07-22
2019-10-18,-0.0006263765129013166,0.013170600338834798,0.021371094807977088,0.00820049446914229,0.23316511351214322,45.0,0.007935824312892909,2026-07-22
2019-10-21,-0.005701577031945071,0.014023779018792804,0.020981706513757054,0.006957927494964249,-0.4905690902105077,45.0,0.006037497469061165,2026-07-22
2019-10-22,0.003690674691935625,0.0146002379626121,0.022256781215762283,0.007656543253150183,-0.11088459261001804,45.0,0.006037497469061165,2026-07-22
2019-10-23,0.0006077857352686511,0.01023558601118219,0.016120818191745545,0.005885232180563355,-1.1606563357287853,45.0,0.006037497469061165,2026-07-22
2019-10-24,0.005881816985391586,0.012010453872037507,0.01904536148163541,0.007034907609597902,-0.4574987648628093,43.333333333333336,0.006037497469061165,2026-07-22
2019-10-25,0.002989130434782661,0.012877200173209495,0.020288843525958493,0.007411643352748997,-0.21836132410109116,41.66666666666667,0.006037497469061165,2026-07-22
2019-10-28,-9.030976248536327e-05,0.010875078541134491,0.019186269130974043,0.008311190589839552,0.3385458210692415,41.66666666666667,0.0022981997277700746,2026-07-22
2019-10-29,-0.0006121547848426667,0.011280568927066853,0.019165159324619468,0.007884590397552614,0.10126115996726334,41.66666666666667,0.0022981997277700746,2026-07-22
2019-10-30,0.00504081858073846,0.010910432377256652,0.01841695078472051,0.007506518407463856,-0.11657367538067748,40.0,0.0022981997277700746,2026-07-22
2019-10-31,-0.002068159338188935,0.011456281357884623,0.019079285662381675,0.007623004304497052,-0.03880452535411867,38.333333333333336,0.0022981997277700746,2026-07-22
2019-11-01,0.016789811978134228,0.019939559616816184,0.02427872550315334,0.0043391658863371554,-1.9715181053803275,38.333333333333336,0.0022981997277700746,2026-07-22
2019-11-04,0.006735001329276402,0.015270817887044855,0.020696983028707427,0.0054261651416625725,-1.275746491754725,36.666666666666664,0.0036326221348085405,2026-07-22
2019-11-05,0.0018680985495338476,0.012064554959899427,0.019378700466055786,0.007314145506156359,-0.16683619463643054,36.666666666666664,0.0036326221348085405,2026-07-22
2019-11-06,0.0005564558642638939,0.010146067321304745,0.015904516876742294,0.005758449555437549,-1.064475699289962,36.666666666666664,0.0036326221348085405,2026-07-22
2019-11-07,-0.000858611975685819,0.009767832137021312,0.01745537572390228,0.007687543586880969,0.06404371676585456,38.333333333333336,0.0036326221348085405,2026-07-22
2019-11-08,-0.0015038621915373085,0.00951487156501937,0.015820896599935325,0.006306025034915955,-0.769009624384811,38.333333333333336,0.0036326221348085405,2026-07-22
2019-11-11,-0.005613746833709854,0.010562963537599869,0.01715415849615746,0.0065911949585575925,-0.580913945571048,36.666666666666664,0.003122648664004768,2026-07-22
2019-11-12,0.001553970985984865,0.012018197166043026,0.019242385226821174,0.007224188060778148,-0.19848451901746064,36.666666666666664,0.003122648664004768,2026-07-22
2019-11-13,-0.005459919672404889,0.010829841561662905,0.01619993953658484,0.005370097974921934,-1.2714284635220374,36.666666666666664,0.003122648664004768,2026-07-22
2019-11-14,-0.0004640737778568438,0.011736066751085173,0.01893767697146372,0.007201610220378546,-0.21930647916860055,36.666666666666664,0.003122648664004768,2026-07-22
2019-11-15,-0.002242418255457901,0.01251184180394272,0.019669880904708417,0.007158039100765696,-0.2355688299076271,35.0,0.003122648664004768,2026-07-22
2019-11-18,-0.007049295565478286,0.012628925029522273,0.019567779714877387,0.006938854685355114,-0.3639930501652489,35.0,0.0032621316756574867,2026-07-22
2019-11-19,0.005424215532799703,0.011347785280077086,0.01644971866192468,0.005101933381847595,-1.4129928373472342,35.0,0.0032621316756574867,2026-07-22
2019-11-20,-0.0077254921406259,0.01273910692988179,0.019270016172816713,0.006530909242934924,-0.5495984913784403,33.33333333333333,0.0032621316756574867,2026-07-22
2019-11-21,-0.01266290877108811,0.01500073482521076,0.020194531357409902,0.005193796532199141,-1.30108863447706,31.666666666666664,0.0032621316756574867,2026-07-22
2019-11-22,-0.010233932927755096,0.015258501739019418,0.02243081379071178,0.007172312051692364,-0.11154964118298415,30.0,0.0032621316756574867,2026-07-22
2019-11-25,-0.001462496676143843,0.012359004430748189,0.019937278755278162,0.0075782743245299735,0.16713694620644817,30.0,0.0054487398365828405,2026-07-22
2019-11-26,0.00045065806319444235,0.012407407938292201,0.02048462539963724,0.008077217461345038,0.48909896739450365,30.0,0.0054487398365828405,2026-07-22
2019-11-27,0.0014127908762373576,0.012311501261514136,0.020300667279208928,0.007989166017694792,0.431083902634536,31.666666666666664,0.0054487398365828405,2026-07-22
2019-11-28,-0.007953627692527832,0.014373300291715947,0.024153602306329954,0.009780302014614007,1.4907345949705024,33.33333333333333,0.0054487398365828405,2026-07-22
2019-11-29,0.00037098486175657364,0.012001616304839306,0.02457778949532602,0.012576173190486713,2.930738441017519,33.33333333333333,0.0054487398365828405,2026-07-22
2019-12-02,-0.011784702549575088,0.015308565204165025,0.021205049480659145,0.00589648427649412,-0.8268052055015616,31.666666666666664,0.006664266801646871,2026-07-22
2019-12-03,-0.006129405510210462,0.0169356424729802,0.026269865624269653,0.009334223151289452,1.077571448147121,33.33333333333333,0.006664266801646871,2026-07-22
2019-12-04,0.013079093378643547,0.016375588706168596,0.021739825858509785,0.005364237152341189,-1.113635127899349,31.666666666666664,0.006664266801646871,2026-07-22
2019-12-05,-0.002722849156227336,0.011577238304009956,0.017715141948177436,0.00613790364416748,-0.6686678932999176,31.666666666666664,0.006664266801646871,2026-07-22
2019-12-06,0.00030105785501466364,0.012728348921456165,0.022666981973885104,0.009938633052428938,1.4378820896981406,31.666666666666664,0.006664266801646871,2026-07-22
2019-12-09,0.0025945452281124215,0.015122705550209678,0.023424356300124665,0.008301650749914987,0.5206437612098188,33.33333333333333,0.009853715026910589,2026-07-22
2019-12-10,-0.005962362586174774,0.013442829084598517,0.022848811605369848,0.00940598252077133,1.0966991116732727,35.0,0.009853715026910589,2026-07-22
2019-12-11,0.0015411850463395993,0.011132310328331608,0.017892421362752358,0.00676011103442075,-0.33865564801776965,33.33333333333333,0.009853715026910589,2026-07-22
2019-12-12,0.006643931044521656,0.015009368894620595,0.024127469777248518,0.009118100882627923,0.9428554562172412,35.0,0.009853715026910589,2026-07-22
2019-12-13,-0.0020554241507173554,0.012652414494043331,0.020778072393608966,0.008125657899565635,0.40726242375767974,35.0,0.009853715026910589,2026-07-22
2019-12-16,-0.004874868037011648,0.016196790294704597,0.02538431198847448,0.009187521693769882,0.9822414959959179,35.0,0.008799485039256314,2026-07-22
2019-12-17,-0.007738150956348111,0.014255331400765781,0.022340446476358487,0.008085115075592706,0.36877704718158605,36.666666666666664,0.008799485039256314,2026-07-22
2019-12-18,-0.003039736695910955,0.014375240974269524,0.02588365505649397,0.011508414082224448,2.1216535209072034,38.333333333333336,0.008799485039256314,2026-07-22
2019-12-19,0.001188060517489653,0.012505406242557382,0.023465896871685127,0.010960490629127745,1.7515581260510977,40.0,0.008799485039256314,2026-07-22
2019-12-20,0.004358053472790946,0.013198834460626162,0.020399113386802867,0.007200278926176706,-0.22596012843483312,40.0,0.008799485039256314,2026-07-22
2019-12-23,0.003157641597222982,0.01877941277191054,0.034830333549273826,0.016050920777363285,3.785802153662591,41.66666666666667,0.009493683187442653,2026-07-22
2019-12-24,-0.0005732570380329038,0.014344061720101395,0.026006547811142512,0.011662486091041117,2.0048476454754818,41.66666666666667,0.009493683187442653,2026-07-22
2019-12-25,0.002127482062406205,0.014162189396784005,0.02427523512035567,0.010113045723571664,1.1794246539186282,43.333333333333336,0.009493683187442653,2026-07-22
2019-12-26,-0.002424759605378135,0.015324156953646261,0.026983912434253698,0.011659755480607437,1.8612515603019224,45.0,0.009493683187442653,2026-07-22
2019-12-27,0.0051325384157980825,0.01429675147807721,0.022611641399367444,0.008314889921290234,0.23110696834776837,45.0,0.009493683187442653,2026-07-22
2019-12-30,0.0015775653599858774,0.013814386600501416,0.02068751045295394,0.006873123852452525,-0.4606788309423295,43.333333333333336,0.008959613305530145,2026-07-22
2019-12-31,-0.004186398350310316,0.013105802917936308,0.022376059872461468,0.00927025695452516,0.6859996769777609,45.0,0.008959613305530145,2026-07-22
2020-01-02,0.0059105713899207935,0.014357779893826434,0.0204781941880058,0.006120414294179366,-0.8202342893862075,45.0,0.008959613305530145,2026-07-22
2020-01-03,-0.0015827531629201141,0.013459915945380947,0.02044073982309778,0.006980823877716834,-0.4121800816266068,45.0,0.008959613305530145,2026-07-22
2020-01-06,-0.009687713699566891,0.015787572982693558,0.02338271462591314,0.0075951416432195815,-0.1271183256218877,45.0,0.008959613305530145,2026-07-22
2020-01-07,0.00323292773517192,0.013994138083801077,0.022713380693335665,0.008719242609534588,0.39709376147824915,46.666666666666664,0.007859501358987393,2026-07-22
2020-01-08,-0.010324545302853316,0.017691157216262274,0.023793833045407595,0.00610267582914532,-0.8770888856202885,46.666666666666664,0.007859501358987393,2026-07-22
2020-01-09,0.011770532571813819,0.016706264812897012,0.02494037167259451,0.008234106859697499,0.16834531287475482,46.666666666666664,0.007859501358987393,2026-07-22
2020-01-10,0.00873821798677299,0.01902797987508995,0.03109025658307629,0.01206227670798634,1.9448235576554636,46.666666666666664,0.007859501358987393,2026-07-22
2020-01-13,-0.0027877010758460274,0.014322685602241692,0.0229404919045144,0.008617806302272709,0.3131596632200965,46.666666666666664,0.007859501358987393,2026-07-22
2020-01-14,0.0012010270852313987,0.013192611186807897,0.023605239620443513,0.010412628433635615,1.1234836306222404,48.333333333333336,0.012747421195057427,2026-07-22
2020-01-15,0.0005791106514994038,0.01318658258517866,0.023699767168455586,0.010513184583276927,1.1357017262821232,50.0,0.012747421195057427,2026-07-22
2020-01-16,0.006976311546570857,0.017205841731388893,0.025869470117760248,0.008663628386371355,0.2601428037709737,51.66666666666667,0.012747421195057427,2026-07-22
2020-01-17,0.004772608307417547,0.013147961562563783,0.019970452230888763,0.006822490668324979,-0.5970537981202617,51.66666666666667,0.012747421195057427,2026-07-22
2020-01-20,-0.0003370924246138829,0.013233612134761144,0.022597004260573497,0.009363392125812353,0.5716136145815787,53.333333333333336,0.012747421195057427,2026-07-22
2020-01-21,0.00790901566475588,0.017139400880771833,0.027041345570702778,0.009901944689930945,0.8054471274849478,53.333333333333336,0.010808661223115522,2026-07-22
2020-01-22,0.005160335371108271,0.01465598020309136,0.022286434816639836,0.007630454613548476,-0.2438958861513725,51.66666666666667,0.010808661223115522,2026-07-22
2020-01-30,-0.03215460028644623,0.026623586644606,0.035173714133085295,0.008550127488479293,0.17367380653660944,53.333333333333336,0.010808661223115522,2026-07-22
2020-01-31,-0.02392713478813646,0.025120091999665268,0.03226423530060128,0.007144143300936014,-0.4728643566132484,53.333333333333336,0.010808661223115522,2026-07-22
2020-02-03,-0.009053831863509276,0.02674169228089663,0.03479180127898128,0.00805010899808465,-0.08494606811541999,53.333333333333336,0.010808661223115522,2026-07-22
2020-02-04,0.0010235524813066998,0.02272288207970854,0.03311501076995688,0.010392128690248342,0.9956886071387446,55.00000000000001,0.04466218665511682,2026-07-22
2020-02-05,-0.00342270393610955,0.01819926448686542,0.028764897808483653,0.010565633321618233,1.0448899375448666,56.666666666666664,0.04466218665511682,2026-07-22
2020-02-06,0.013640634618915515,0.0211426346223411,0.027151031939076205,0.0060083973167351055,-1.1243804589908604,56.666666666666664,0.04466218665511682,2026-07-22
2020-02-07,0.002354721162656892,0.017088087930182988,0.025375439681586575,0.008287351751403587,-0.04413083019783783,55.00000000000001,0.04466218665511682,2026-07-22
2020-02-10,-0.010651076268934356,0.017574470316943938,0.026846614670529595,0.009272144353585657,0.40445941717191775,56.666666666666664,0.04466218665511682,2026-07-22
2020-02-11,0.004233236276900865,0.01583207977684319,0.023982974779920428,0.008150895003077238,-0.14709744605163289,56.666666666666664,0.05403945405421468,2026-07-22
2020-02-12,0.003220387944408154,0.016120282805242817,0.02412601149597411,0.008005728690731292,-0.22410582402758303,56.666666666666664,0.05403945405421468,2026-07-22
2020-02-13,0.0005972186673492974,0.014775539121355038,0.025887574769298823,0.011112035647943785,1.2419375126578291,58.333333333333336,0.05403945405421468,2026-07-22
2020-02-14,-0.0008420020463846267,0.015065957402472492,0.024349867781771735,0.009283910379299242,0.33488803504670994,60.0,0.05403945405421468,2026-07-22
2020-02-17,-0.002858819137020685,0.015748844060771372,0.02501394715071054,0.009265103089939167,0.309599650374618,61.66666666666667,0.05403945405421468,2026-07-22
2020-02-18,-0.007317308000898692,0.01855972980878712,0.027720980746533196,0.009161250937746074,0.24181324146170727,63.33333333333333,0.06673914103659565,2026-07-22
2020-02-19,0.0008944640220707178,0.015858546321174095,0.02441951291467894,0.008560966593504846,-0.08498861054317892,63.33333333333333,0.06673914103659565,2026-07-22
2020-02-20,0.010088720444463517,0.01691270178263725,0.022840224522633554,0.005927522739996305,-1.4056304760814793,63.33333333333333,0.06673914103659565,2026-07-22
2020-02-21,-0.005372389754085161,0.01368721743249831,0.020351781546161393,0.006664564113663084,-1.0658362970666906,63.33333333333333,0.06673914103659565,2026-07-22
2020-02-24,-0.03188331243502773,0.02286172512166194,0.02825879985352223,0.005397074731860289,-1.668661011596207,63.33333333333333,0.06673914103659565,2026-07-22
2020-02-25,0.00700732835920026,0.017880320298802387,0.0252040462343293,0.0073237259355269126,-0.6961718078443236,61.66666666666667,0.09870208351443784,2026-07-22
2020-02-26,-0.01506040652104601,0.018411640590601814,0.026330092483792016,0.007918451893190202,-0.3958253451067557,60.0,0.09870208351443784,2026-07-22
2020-02-27,0.002756788731765658,0.015290833907620193,0.022712923650289193,0.007422089742669001,-0.6388196575510872,58.333333333333336,0.09870208351443784,2026-07-22
2020-02-28,-0.01808690619295672,0.01863067145136963,0.026700969649931287,0.008070298198561657,-0.30031250080892474,56.666666666666664,0.09870208351443784,2026-07-22
2020-03-02,0.0025391355603667787,0.01634275012946849,0.024962634901014656,0.008619884771546165,0.008916944598193156,56.666666666666664,0.09870208351443784,2026-07-22
2020-03-03,0.0069875513042299,0.01792931747533692,0.027806294416382788,0.009876976941045869,0.6361348524556434,58.333333333333336,0.09986672398068656,2026-07-22
2020-03-04,-0.0013923041510874867,0.015087515417299253,0.024422786047558147,0.009335270630258893,0.35084172252165374,58.333333333333336,0.09986672398068656,2026-07-22
2020-03-05,0.004430102207180209,0.016714988482610556,0.02459827659888605,0.007883288116275495,-0.4470090308268629,58.333333333333336,0.09986672398068656,2026-07-22
2020-03-06,-0.0020933382588349536,0.015362290750411513,0.023642658323239682,0.008280367572828169,-0.2560169912392191,58.333333333333336,0.09986672398068656,2026-07-22
2020-03-09,-0.06276361841514855,0.020428509223630268,0.03207500325647867,0.011646494032848401,1.5488888119202562,58.333333333333336,0.09986672398068656,2026-07-22
2020-03-10,0.002405773857257376,0.023083521100322153,0.032728992969443184,0.009645471869121031,0.4567984400700223,58.333333333333336,0.17668374830010736,2026-07-22
2020-03-11,-0.031223880597014864,0.027125081504499885,0.03363572615807576,0.0065106446535758734,-1.1924097299066998,56.666666666666664,0.17668374830010736,2026-07-22
2020-03-12,-0.05188882726320332,0.02640270000876398,0.0349533803141335,0.008550680305369523,-0.12290391639557319,56.666666666666664,0.17668374830010736,2026-07-22
2020-03-13,-0.009710757231069289,0.02625700970121133,0.033442546190138776,0.0071855364889274465,-0.8349177516733134,55.00000000000001,0.17668374830010736,2026-07-22
2020-03-16,-0.018272992202473137,0.0278289123889233,0.03634373750465458,0.008514825115731282,-0.12771944257027507,53.333333333333336,0.17668374830010736,2026-07-22
2020-03-17,-0.002781269221512117,0.02676860168813979,0.037215080368193494,0.010446478680053703,0.889042655008033,53.333333333333336,0.18831715946191993,2026-07-22
2020-03-18,0.002520850653007667,0.0218255048717636,0.032493780550162076,0.010668275678398474,0.9770867774985267,53.333333333333336,0.18831715946191993,2026-07-22
2020-03-19,-0.029050637990530315,0.023173894346487898,0.0297804605639953,0.006606566217507402,-1.1315100379110619,51.66666666666667,0.18831715946191993,2026-07-22
2020-03-20,-0.022329669118659967,0.029238291930189664,0.042254921409022206,0.013016629478832541,2.188044524131109,51.66666666666667,0.18831715946191993,2026-07-22
2020-03-23,-0.060783678300198596,0.02116220775593303,0.03194325449914146,0.010781046743208431,1.0023242087381103,53.333333333333336,0.18831715946191993,2026-07-22
2020-03-24,-0.011071273196417541,0.02922046488308487,0.03777291962885127,0.008552454745766401,-0.08959601167823675,51.66666666666667,0.24370028802734034,2026-07-22
2020-03-25,0.04708666434065001,0.028663493326615525,0.03679963816878022,0.008136144842164697,-0.3077475800546114,50.0,0.24370028802734034,2026-07-22
2020-03-26,0.005737051792828796,0.03125887651700416,0.03920007095991979,0.007941194442915633,-0.4057420873795671,48.333333333333336,0.24370028802734034,2026-07-22
2020-03-27,0.0026648996701283956,0.021906748743934883,0.03131867835115376,0.009411929607218879,0.5239526383645506,48.333333333333336,0.24370028802734034,2026-07-22
2020-03-30,-0.04855903226733327,0.026709039069626336,0.03423450812834054,0.007525469058714207,-0.6429818432546728,46.666666666666664,0.24370028802734034,2026-07-22
2020-03-31,0.00040769486304470526,0.02618785328214662,0.03914386191738021,0.01295600863523359,2.542671439743717,48.333333333333336,0.2575959331070774,2026-07-22
2020-04-01,0.02671577136129688,0.02467787204292863,0.032311129973725074,0.007633257930796444,-0.5908626112484415,46.666666666666664,0.2575959331070774,2026-07-22
2020-04-03,0.031709862840509695,0.025108608541464857,0.03069289522066474,0.005584286679199885,-1.7805641393145895,46.666666666666664,0.2575959331070774,2026-07-22
2020-04-06,0.04980051296665722,0.02556611509953703,0.03182064954041316,0.00625453444087613,-1.3693934156942986,46.666666666666664,0.2575959331070774,2026-07-22
2020-04-07,0.013491686460807673,0.025370129160549842,0.0318622442013878,0.006492115040837958,-1.2088957090541217,46.666666666666664,0.2575959331070774,2026-07-22
2020-04-08,0.0017811943376768724,0.01940980868393867,0.02772429860032325,0.00831448991638458,-0.15679793349718574,45.0,0.2972135257617439,2026-07-22
2020-04-09,0.016456779230501928,0.020910146822394546,0.026609167573739,0.0056990207513444545,-1.6470716869791897,45.0,0.2972135257617439,2026-07-22
2020-04-10,-0.0031433719569133878,0.019075486725573267,0.02876855668832315,0.009693069962749882,0.6202629513807916,45.0,0.2972135257617439,2026-07-22
2020-04-13,0.010357020344618162,0.020528167225302627,0.0309088226308329,0.010380655405530272,1.05409520480742,45.0,0.2972135257617439,2026-07-22
2020-04-14,0.0021154624635997266,0.021320593965323775,0.030338340876122076,0.009017746910798301,0.2536781589397702,45.0,0.2972135257617439,2026-07-22
2020-04-15,0.012783257971618944,0.022757194218760515,0.032764468721692926,0.010007274502932411,0.8387217557669037,45.0,0.29180347004116125,2026-07-22
2020-04-16,0.004477496719075713,0.019768294650584953,0.029452881426295572,0.00968458677571062,0.6625512477540396,45.0,0.29180347004116125,2026-07-22
2020-04-17,0.011400025618035103,0.023489941703106584,0.032978982294661646,0.009489040591555063,0.5376043190616399,45.0,0.29180347004116125,2026-07-22
2020-04-20,0.006800911854103253,0.023722708501630337,0.031208386826047565,0.007485678324417228,-0.6528736554718905,45.0,0.29180347004116125,2026-07-22
2020-04-21,-0.03538498308112259,0.027279320963860366,0.033471484928712415,0.0061921639648520495,-1.367867406209363,43.333333333333336,0.29180347004116125,2026-07-22
2020-04-22,0.0027124302331644756,0.021824801332575215,0.02918605133518257,0.007361250002607355,-0.6616471046705114,41.66666666666667,0.2643930627995706,2026-07-22
2020-04-23,0.006489621807210133,0.01656290032436857,0.02345114586970852,0.0068882455453399515,-0.926205720972316,41.66666666666667,0.2643930627995706,2026-07-22
2020-04-24,0.003553384760501821,0.01683709774659032,0.02555522256142928,0.008718124814838961,0.1368798917516947,41.66666666666667,0.2643930627995706,2026-07-22
2020-04-27,-0.007583756083743176,0.023160610329876593,0.03345306253805529,0.0102924522081787,1.0184166708722517,43.333333333333336,0.2643930627995706,2026-07-22
2020-04-28,-0.004618757865511025,0.017307455130599038,0.026421631733606846,0.009114176603007808,0.32514736951830037,45.0,0.2643930627995706,2026-07-22
2020-04-29,0.0024765057806859225,0.01689328216940798,0.026114141942499856,0.009220859773091877,0.40167372119449346,45.0,0.2235042308187083,2026-07-22
2020-05-04,-0.008633355436803547,0.021844716116961087,0.03001590500065468,0.008171188883693593,-0.19070263048566874,43.333333333333336,0.2235042308187083,2026-07-22
2020-05-05,0.0022164806484188393,0.016912487258502425,0.02552140696863857,0.008608919710136144,0.04337205746859342,45.0,0.2235042308187083,2026-07-22
2020-05-06,0.02411798576214408,0.02148830031793017,0.02631982437739585,0.004831524059465679,-2.1129210557698146,45.0,0.2235042308187083,2026-07-22
2020-05-07,0.01782542582961688,0.018001633603637893,0.022680723541926143,0.00467908993828825,-2.078775184621279,43.333333333333336,0.2235042308187083,2026-07-22
2020-05-08,0.02158083712054637,0.02327377875588769,0.02765352783537728,0.004379749079489587,-2.123503937138487,43.333333333333336,0.16199223063316207,2026-07-22
2020-05-11,0.0179420692367247,0.02002066479659963,0.025836018383880752,0.005815353587281122,-1.314491191684316,43.333333333333336,0.16199223063316207,2026-07-22
2020-05-12,0.00843866574915797,0.020474819439476787,0.027756404482709593,0.007281585043232806,-0.5148440819573087,41.66666666666667,0.16199223063316207,2026-07-22
2020-05-13,-0.0013288320643586315,0.02008340137480098,0.02768354970514049,0.00760014833033951,-0.32915585903276984,40.0,0.16199223063316207,2026-07-22
2020-05-14,-0.002169717457235043,0.018282972479764684,0.026673842347030782,0.008390869867266098,0.10466083781867026,40.0,0.16199223063316207,2026-07-22
2020-05-15,-0.0064512253724171575,0.01823138335730711,0.02682127013921879,0.00858988678191168,0.21765201009982035,40.0,0.08713967444093679,2026-07-22
2020-05-18,0.012067276882337996,0.019200216903205065,0.025472834882389665,0.006272617979184599,-1.006470152850862,40.0,0.08713967444093679,2026-07-22
2020-05-19,0.010645034109508789,0.01552894605636995,0.020279871582586324,0.004750925526216374,-1.7836107144237152,40.0,0.08713967444093679,2026-07-22
2020-05-20,0.008263192736901903,0.017374523827791737,0.022889002964572247,0.00551447913678051,-1.3555532722677495,40.0,0.08713967444093679,2026-07-22
2020-05-21,0.01151352428743957,0.018512984429621123,0.02468706889701788,0.0061740844673967565,-1.0265276058889568,40.0,0.08713967444093679,2026-07-22
2020-05-22,-0.01157952082343261,0.017363186723456527,0.027909580269509345,0.010546393546052819,1.2330075530421645,41.66666666666667,0.04302085513260691,2026-07-22
2020-05-25,0.007387949433590446,0.018116679583394434,0.027331101831158746,0.009214422247764312,0.5273764011498763,43.333333333333336,0.04302085513260691,2026-07-22
2020-05-26,0.01174566958465273,0.015782802873782004,0.021064061631245048,0.005281258757463044,-1.4703725303607043,43.333333333333336,0.04302085513260691,2026-07-22
2020-05-27,-0.013404208806507611,0.018395876922795644,0.02501214773554345,0.006616270812747807,-0.7728696047891797,43.333333333333336,0.04302085513260691,2026-07-22
2020-05-28,0.004559873116574131,0.013743695960534806,0.02050574706355963,0.006762051103024825,-0.6807714199426677,41.66666666666667,0.04302085513260691,2026-07-22
2020-05-29,0.0035756161552840116,0.014799671719085071,0.021948465413950884,0.007148793694865813,-0.4645059467704408,40.0,0.05851217728976437,2026-07-22
2020-06-01,0.016426249609587273,0.019182866910813653,0.025201990125725212,0.0060191232149115585,-1.0055204401785074,38.333333333333336,0.05851217728976437,2026-07-22
2020-06-02,-0.004404383898391928,0.01768342112989103,0.025734343175937646,0.008050922046046616,0.02070733799866305,40.0,0.05851217728976437,2026-07-22
2020-06-03,0.007281664380429875,0.017342471907761534,0.02712800433839712,0.009785532430635586,0.8795926237697687,41.66666666666667,0.05851217728976437,2026-07-22
2020-06-04,0.0030981535912479874,0.01764189004764646,0.025916521269797793,0.008274631222151333,0.1529928444839093,41.66666666666667,0.05851217728976437,2026-07-22
2020-06-05,0.0026247313044462928,0.018528443063893757,0.028241750989701567,0.00971330792580781,0.8961456596974533,41.66666666666667,0.026505950450128428,2026-07-22
2020-06-08,0.015458915393468775,0.02109357791450427,0.02932121126050758,0.008227633346003311,0.11378933432989125,43.333333333333336,0.026505950450128428,2026-07-22
2020-06-09,-0.0005444928438083085,0.020383872593399598,0.02958737117536058,0.009203498581960984,0.613565565502942,45.0,0.026505950450128428,2026-07-22
2020-06-10,0.0006337346986424741,0.020643805315777145,0.031272845221773996,0.01062903990599685,1.3051029189697523,46.666666666666664,0.026505950450128428,2026-07-22
2020-06-11,-0.036255555555555596,0.02859934641500755,0.03574712287675779,0.00714777646175024,-0.46281641570664733,46.666666666666664,0.026505950450128428,2026-07-22
2020-06-12,-0.004438705512065266,0.02318327812799758,0.031500144088733285,0.008316865960735706,0.15426947214824882,46.666666666666664,0.07168566009878417,2026-07-22
2020-06-15,-0.0359574763757643,0.02715054115762284,0.036238363618889685,0.009087822461266847,0.5744259552680988,46.666666666666664,0.07168566009878417,2026-07-22
2020-06-16,0.028421444616622882,0.021875600623814242,0.029019477438315438,0.007143876814501196,-0.4507977128746316,46.666666666666664,0.07168566009878417,2026-07-22
2020-06-17,-0.001973999275810878,0.014987378964671744,0.024224919436225276,0.009237540471553531,0.724909596844893,46.666666666666664,0.07168566009878417,2026-07-22
2020-06-18,0.0009713964702027233,0.013120285365402322,0.020238233173103273,0.007117947807700951,-0.43239377516814714,45.0,0.07168566009878417,2026-07-22
2020-06-19,0.015538952611455992,0.018593310472391277,0.02531207304687911,0.006718762574487832,-0.6408674740426387,45.0,0.09271534312568523,2026-07-22
2020-06-22,0.003131620152896808,0.017739834995313977,0.026457137112175257,0.00871730211686128,0.4883320116492518,46.666666666666664,0.09271534312568523,2026-07-22
2020-06-23,-0.0035350289229638676,0.016829948512009547,0.02603547634915782,0.009205527837148272,0.7496480806112676,48.333333333333336,0.09271534312568523,2026-07-22
2020-06-24,-0.009778852798894233,0.016364466572967876,0.02400532460198422,0.007640858029016345,-0.11759234773432743,46.666666666666664,0.09271534312568523,2026-07-22
2020-06-25,-0.005955496620953626,0.014625359726365795,0.023172209740621737,0.008546850014255942,0.38699906037522547,48.333333333333336,0.09271534312568523,2026-07-22
2020-06-26,-0.0030540961162662805,0.013323127574120859,0.019713639106567715,0.0063905115324468555,-0.8321342129483287,46.666666666666664,0.1052772954916744,2026-07-22
2020-06-29,-0.0265499190121834,0.020663064021507704,0.026205015487723547,0.0055419514662158435,-1.3085196713071197,46.666666666666664,0.1052772954916744,2026-07-22
2020-06-30,-0.005124433297964748,0.01921069991551214,0.02910714121161786,0.009896441296105722,1.2641945075652776,48.333333333333336,0.1052772954916744,2026-07-22
2020-07-01,0.02227581776975196,0.020462656828516352,0.027682224624974567,0.007219567796458215,-0.35615053800736113,48.333333333333336,0.1052772954916744,2026-07-22
2020-07-02,-0.0013159610665212096,0.012796132340924162,0.020504163342465964,0.007708031001541802,-0.07344242858213326,48.333333333333336,0.1052772954916744,2026-07-22
2020-07-03,0.006208599444431195,0.014541360647423287,0.02180427211217856,0.0072629114647552746,-0.3333393784958359,48.333333333333336,0.14961708245190633,2026-07-22
2020-07-06,0.015986125694600117,0.01641952904957771,0.0215234253562617,0.005103896306683991,-1.625164255844707,48.333333333333336,0.14961708245190633,2026-07-22
2020-07-07,0.0026243671327046414,0.013790335642927549,0.021341515175909775,0.007551179532982226,-0.13068675149361156,46.666666666666664,0.14961708245190633,2026-07-22
2020-07-08,0.0012508396840471558,0.011638988190592295,0.01917891110144583,0.007539922910853536,-0.11114668478322752,45.0,0.14961708245190633,2026-07-22
2020-07-09,0.013834586466165533,0.015998209454822807,0.021873119978022004,0.005874910523199196,-1.1101203156346366,43.333333333333336,0.14961708245190633,2026-07-22
2020-07-10,-0.005990005248385555,0.012040565607552659,0.01836137162787344,0.00632080602032078,-0.8059612981014325,41.66666666666667,0.14755033848682145,2026-07-22
2020-07-13,-0.0028580939153590723,0.011170328425917218,0.01749653037897902,0.006326201953061803,-0.7749245647171199,40.0,0.14755033848682145,2026-07-22
2020-07-14,-0.0007021825214108546,0.011131719129421042,0.018393157908648698,0.007261438779227657,-0.16055180209313794,38.333333333333336,0.14755033848682145,2026-07-22
2020-07-15,0.002073469951964668,0.012494932356267866,0.01947475083783781,0.006979818481569942,-0.3356839848464803,38.333333333333336,0.14755033848682145,2026-07-22
2020-07-16,0.007954845903599406,0.014891818059348838,0.021802207734198394,0.006910389674849556,-0.3897879489947045,38.333333333333336,0.14755033848682145,2026-07-22
2020-07-17,-0.0054856699702336975,0.014692786820621985,0.023129800774907786,0.008437013954285802,0.5812726599914971,40.0,0.14275893909619247,2026-07-22
2020-07-20,-0.012178619756427644,0.016349826652150786,0.024154448077056374,0.007804621424905588,0.1650871175926034,41.66666666666667,0.14275893909619247,2026-07-22
2020-07-21,0.00033666124912934414,0.013692117695482599,0.030676071853927855,0.016983954158445256,4.720438070171499,41.66666666666667,0.14275893909619247,2026-07-22
2020-07-22,-0.0076709721593613,0.012877159568235806,0.020721353002623143,0.007844193434387336,0.10261696842914977,41.66666666666667,0.14275893909619247,2026-07-22
2020-07-23,0.0019530336342796772,0.014669607899799094,0.021872801738314587,0.007203193838515493,-0.21235400320797018,40.0,0.14275893909619247,2026-07-22
2020-07-24,-0.032203093084330336,0.022702406221370257,0.027948448983738047,0.00524604276236779,-1.1841450856980487,38.333333333333336,0.08915511288191905,2026-07-22
2020-07-27,-0.05305369289401318,0.02164912290675943,0.029508036607432463,0.007858913700673032,0.16329286512779695,40.0,0.08915511288191905,2026-07-22
2020-07-28,0.03590305284205986,0.022792364692609982,0.03215331454624626,0.009360949853636277,0.9258501177204109,40.0,0.08915511288191905,2026-07-22
2020-07-29,-0.0276876167994492,0.02236662246026755,0.028794173774898242,0.006427551314630693,-0.5994103920049579,40.0,0.08915511288191905,2026-07-22
2020-07-30,0.013011481462748442,0.015033901801078114,0.020416307312264154,0.0053824055111860395,-1.1582236664420518,40.0,0.08915511288191905,2026-07-22
2020-07-31,-0.003420169011271623,0.017674554482392076,0.0258719819350471,0.008197427452655025,0.2905395477387128,41.66666666666667,0.2714927872436624,2026-07-22
2020-08-03,0.02036598654792776,0.019606593419053162,0.0257272128340979,0.006120619415044739,-0.8293633547184053,41.66666666666667,0.2714927872436624,2026-07-22
2020-08-04,0.015859571595163713,0.016563050049933113,0.022790128087204965,0.006227078037271853,-0.7590758649093456,41.66666666666667,0.2714927872436624,2026-07-22
2020-08-05,0.01236149207921966,0.015891977738841184,0.022163937710421258,0.006271959971580074,-0.7199338468251709,41.66666666666667,0.2714927872436624,2026-07-22
2020-08-06,0.0026736691334448004,0.014199755103117754,0.020267858160928638,0.006068103057810885,-0.804667538362668,40.0,0.2714927872436624,2026-07-22
2020-08-07,0.0016903956954432697,0.011960870731919445,0.017515107411023877,0.005554236679104431,-1.0434190868196296,38.333333333333336,0.3004288496582742,2026-07-22
2020-08-10,0.0020678344781688285,0.017651732475927735,0.02736836756884655,0.009716635092918816,1.1140514532208927,40.0,0.3004288496582742,2026-07-22
2020-08-11,-0.00014231499051231555,0.01552465560354677,0.03503942497074028,0.01951476936719351,4.825820045756641,41.66666666666667,0.3004288496582742,2026-07-22
2020-08-12,0.004554727902452704,0.014271999674512929,0.023327173233068575,0.009055173558555646,0.48233234519422735,43.333333333333336,0.3004288496582742,2026-07-22
2020-08-13,0.009599489916402915,0.016116454479550655,0.024136525801983,0.008020071322432345,0.03943804124164693,45.0,0.3004288496582742,2026-07-22
2020-08-14,-0.005040640898193005,0.015705204022285164,0.024303040154871777,0.008597836132586613,0.2970877809090043,45.0,0.255487145739082,2026-07-22
2020-08-17,-0.000693513882032204,0.013528709984054718,0.020985409293926664,0.0074566993098719465,-0.17206177521163982,43.333333333333336,0.255487145739082,2026-07-22
2020-08-18,-0.004375698406163697,0.014220033593407788,0.02131924037589152,0.007099206782483731,-0.3391112074142072,43.333333333333336,0.255487145739082,2026-07-22
2020-08-19,0.005647247852746284,0.01414197350348244,0.023284022782226802,0.009142049278744362,0.5145301462650473,45.0,0.255487145739082,2026-07-22
2020-08-20,-0.003524394685212817,0.013405809513414206,0.02152985040026092,0.008124040886846715,0.07060037300796397,46.666666666666664,0.255487145739082,2026-07-22
2020-08-21,0.007745723346812561,0.014742763157333336,0.0222821933728321,0.007539430215498764,-0.18230955498484697,46.666666666666664,0.24873368275885574,2026-07-22
2020-08-24,0.016261494185638492,0.016480942882738023,0.023910428403238062,0.0074294855205000385,-0.24074214036413827,46.666666666666664,0.24873368275885574,2026-07-22
2020-08-25,0.0062623750978496595,0.016559464450584937,0.023792628383035728,0.007233163932450791,-0.3190769592451791,45.0,0.24873368275885574,2026-07-22
2020-08-26,-0.0007436049970255265,0.014031094573030853,0.02199174941098263,0.007960654837951778,0.006804041809354398,45.0,0.24873368275885574,2026-07-22
2020-08-27,0.0014196251731599663,0.017163521624929644,0.038352465970724975,0.02118894434579533,4.528463078002322,45.0,0.24873368275885574,2026-07-22
2020-08-28,0.004881617907649405,0.017715013946089937,0.02550006179716194,0.007785047851072004,-0.11949125084977874,43.333333333333336,0.24144146411697212,2026-07-22
2020-08-31,0.00303761177728723,0.01932817698996572,0.027105426616370724,0.007777249626405004,-0.11957942888218002,41.66666666666667,0.24144146411697212,2026-07-22
2020-09-01,0.011433108376339929,0.01670238230816316,0.023516713887548044,0.006814331579384884,-0.44095835676705064,40.0,0.24144146411697212,2026-07-22
2020-09-03,0.013726127863815218,0.01873661404261775,0.02385370361647513,0.00511708957385738,-0.9981409756719667,38.333333333333336,0.24144146411697212,2026-07-22
2020-09-04,-0.0026881423056075437,0.014865003850393526,0.02801077698680146,0.013145773136407935,1.7138695750676307,40.0,0.24144146411697212,2026-07-22
2020-09-07,-0.014741442420746709,0.019395101873728067,0.03020990436587066,0.010814802492142592,0.9033926604164773,40.0,0.22788610882538743,2026-07-22
2020-09-08,0.0021277793414016255,0.011396023331801747,0.01860371940336353,0.007207696071561784,-0.3000203927060642,38.333333333333336,0.22788610882538743,2026-07-22
2020-09-09,-0.0009212034062057173,0.01404152953673746,0.022171800577000685,0.008130271040263225,0.004967855176165976,40.0,0.22788610882538743,2026-07-22
2020-09-10,-0.000562227319749975,0.012817523818915112,0.020898140396888244,0.008080616577973132,-0.005270390225163952,38.333333333333336,0.22788610882538743,2026-07-22
2020-09-11,0.0001687630791387118,0.012993212360327239,0.023008529870299055,0.010015317509971816,0.6294341631945427,40.0,0.22788610882538743,2026-07-22
2020-09-14,0.006299425177452633,0.015632789557089705,0.021679202768266043,0.006046413211176337,-0.7005654916160031,40.0,0.03782258407281015,2026-07-22
2020-09-15,0.001889175805135368,0.011856449148460192,0.017179325856012676,0.005322876707552484,-0.9180263466613816,38.333333333333336,0.03782258407281015,2026-07-22
2020-09-16,0.0013500546716354034,0.010651187063688259,0.01721605885367086,0.0065648717899826,-0.48891385548567323,36.666666666666664,0.03782258407281015,2026-07-22
2020-09-17,-0.0038218547695187954,0.011840406998500197,0.018161553150375844,0.006321146151875647,-0.5613194100914558,36.666666666666664,0.03782258407281015,2026-07-22
2020-09-18,0.007728960672900742,0.013820838756804482,0.021435250781668483,0.007614412024864001,-0.12652441519960195,35.0,0.03782258407281015,2026-07-22
2020-09-21,0.007758477162994604,0.015138562959018845,0.020812057527767026,0.005673494568748182,-0.7654459544943589,35.0,0.021319247063421882,2026-07-22
2020-09-22,-0.0019274401392161966,0.01070537920824366,0.017982705623550838,0.007277326415307178,-0.24478600624764954,35.0,0.021319247063421882,2026-07-22
2020-09-23,0.006963219633851603,0.012596237602366544,0.019593348267840004,0.00699711066547346,-0.3228405567870731,33.33333333333333,0.021319247063421882,2026-07-22
2020-09-24,-0.0042958904109589025,0.01151060876776409,0.019666569297569856,0.008155960529805766,0.05897048985953395,35.0,0.021319247063421882,2026-07-22
2020-09-25,-0.00034119174976343647,0.012799412092001425,0.02096184989523269,0.008162437803231266,0.05860666264501727,36.666666666666664,0.021319247063421882,2026-07-22
2020-09-28,0.004657205456527258,0.01464123512989215,0.021137286734668515,0.006496051604776365,-0.4931211781343467,36.666666666666664,0.018330680949666417,2026-07-22
2020-09-29,-0.00933698630136981,0.013409771263371447,0.019005730493979345,0.005595959230607898,-0.7980726097281855,36.666666666666664,0.018330680949666417,2026-07-22
2020-09-30,0.001360649571893191,0.013454434014953586,0.020687252074296673,0.007232818059343086,-0.24882506915100402,36.666666666666664,0.018330680949666417,2026-07-22
2020-10-01,0.009809878370764746,0.014297641277271853,0.02118081243353475,0.006883171156262897,-0.3617086799044731,36.666666666666664,0.018330680949666417,2026-07-22
2020-10-02,-0.004572853876533056,0.012558565195109611,0.019362580556502355,0.006804015361392744,-0.3944506962164619,36.666666666666664,0.018330680949666417,2026-07-22
2020-10-05,0.005242276708685489,0.01739515582264995,0.025015810930459906,0.007620655107809956,-0.12850605534738,36.666666666666664,0.02350257950938401,2026-07-22
2020-10-06,0.001082345738400381,0.013172151468030135,0.02108218857436704,0.007910037106336903,-0.04030825849581519,36.666666666666664,0.02350257950938401,2026-07-22
2020-10-07,0.004422990815468486,0.014876601210273246,0.02073604485025066,0.005859443639977414,-0.7200668102647255,36.666666666666664,0.02350257950938401,2026-07-22
2020-10-08,-0.000956812943069596,0.011314298271463585,0.017020652354246015,0.0057063540827824305,-0.7612448411656431,36.666666666666664,0.02350257950938401,2026-07-22
2020-10-09,0.005615776413739004,0.012383731393683638,0.018283674095438632,0.005899942701754994,-0.6888840059160904,36.666666666666664,0.02350257950938401,2026-07-22
2020-10-12,0.0019805194805195825,0.018165896635593037,0.03390159754148037,0.015735700905887336,2.415521371542455,36.666666666666664,0.0174691907457462,2026-07-22
2020-10-13,0.004352850955358978,0.012419596372331792,0.01744996777520787,0.0050303714028760785,-0.9447255880137607,35.0,0.0174691907457462,2026-07-22
2020-10-14,0.011098444927193363,0.017773092122419544,0.023404756042391922,0.005631663919972378,-0.7458816509562299,33.33333333333333,0.0174691907457462,2026-07-22
2020-10-15,0.002744155374502899,0.014898952352619553,0.021138404313928154,0.0062394519613086005,-0.5316634371267304,31.666666666666664,0.0174691907457462,2026-07-22
2020-10-16,0.0005727862870719136,0.014384258389100119,0.020793360615593257,0.006409102226493138,-0.46972739295387167,31.666666666666664,0.0174691907457462,2026-07-22
2020-10-19,0.00041344217110150794,0.013715478870125997,0.02036522653930201,0.0066497476691760125,-0.39911504364972394,31.666666666666664,0.01740268068691672,2026-07-22
2020-10-20,0.000773559113691924,0.01292134522175944,0.020221577171788123,0.007300231950028683,-0.17744009014879744,30.0,0.01740268068691672,2026-07-22
2020-10-21,-0.0057072065394633276,0.01570371178063126,0.023387636645787486,0.007683924865156226,-0.0392948713200874,28.333333333333332,0.01740268068691672,2026-07-22
2020-10-22,0.011575775001863686,0.014824901943148297,0.020073555829795458,0.005248653886647161,-0.8485922104325271,28.333333333333332,0.01740268068691672,2026-07-22
2020-10-23,0.011959153595115346,0.017364651201957945,0.02456675909213527,0.0072021078901773235,-0.2052287643108363,28.333333333333332,0.01740268068691672,2026-07-22
2020-10-26,-0.010881551297255765,0.01468862292221431,0.02055399211022536,0.00586536918801105,-0.640245455155555,26.666666666666668,0.01573279086380559,2026-07-22
2020-10-27,-0.0045540597391668936,0.014558031277081796,0.02046757806978662,0.005909546792704825,-0.6237920168448995,26.666666666666668,0.01573279086380559,2026-07-22
2020-10-28,-0.02685769226705559,0.0191898006891054,0.02443395615908192,0.00524415546997652,-0.8383420577282661,26.666666666666668,0.01573279086380559,2026-07-22
2020-10-29,-0.002138863253894896,0.01477272226211917,0.02219178186822078,0.00741905960610161,-0.11809273486100866,26.666666666666668,0.01573279086380559,2026-07-22
2020-10-30,0.00695260477869164,0.013624752733890001,0.01932329971341461,0.0056985469795246095,-0.6912754419120061,26.666666666666668,0.01573279086380559,2026-07-22
2020-11-02,0.008871168163203436,0.015652917942087997,0.022796085518703848,0.007143167576615851,-0.2179419724790759,26.666666666666668,0.04341055873220942,2026-07-22
2020-11-03,0.0018528832148059227,0.013428349886927171,0.019892142035287105,0.006463792148359933,-0.4287924039551692,25.0,0.04341055873220942,2026-07-22
2020-11-04,0.004650367218652862,0.013583660648300126,0.019925886742811948,0.006342226094511821,-0.46266783941435946,23.333333333333332,0.04341055873220942,2026-07-22
2020-11-05,-0.002138843960160064,0.011917926661475092,0.016886254665253134,0.004968328003778041,-0.9714680011170749,21.666666666666668,0.04341055873220942,2026-07-22
2020-11-06,0.0005758464409491015,0.010847611901336344,0.018022751447728795,0.007175139546392451,-0.10217315196062937,20.0,0.04341055873220942,2026-07-22
2020-11-09,0.014601029532447463,0.017232263070673638,0.022892319961310838,0.0056600568906371995,-0.674799806657412,18.333333333333332,0.061084120260366886,2026-07-22
2020-11-10,-9.453880818077742e-05,0.013130658441097494,0.019170873689557076,0.006040215248459583,-0.5158552140509588,18.333333333333332,0.061084120260366886,2026-07-22
2020-11-11,0.00033616976573180857,0.011506739762281138,0.018796038975245104,0.007289299212963967,-0.0301646300352477,18.333333333333332,0.061084120260366886,2026-07-22
2020-11-12,0.00741425300875842,0.014221058629479432,0.021506151618306893,0.007285092988827461,-0.019820500217421686,16.666666666666664,0.061084120260366886,2026-07-22
2020-11-13,0.00730756400633803,0.012839323700995178,0.01854640528803219,0.005707081587037012,-0.6202535117507517,15.0,0.061084120260366886,2026-07-22
2020-11-16,-0.016040733113247607,0.01724146047286712,0.025853985714511914,0.008612525241644794,0.5062550487832005,16.666666666666664,0.059017911540868925,2026-07-22
2020-11-17,0.019047318545630576,0.01804356747062617,0.023533017147937464,0.005489449677311294,-0.6952024364012661,16.666666666666664,0.059017911540868925,2026-07-22
2020-11-18,0.004778614924140667,0.015415951376087707,0.02303126829543077,0.007615316919343064,0.1272452281309588,18.333333333333332,0.059017911540868925,2026-07-22
2020-11-19,0.009994555894528245,0.017924649077072297,0.024254526122192185,0.006329877045119888,-0.36075946595754643,16.666666666666664,0.059017911540868925,2026-07-22
2020-11-20,0.006854748489717899,0.018109479033705245,0.02536314216394426,0.0072536631302390145,0.12413799305335167,16.666666666666664,0.059017911540868925,2026-07-22
2020-11-23,0.004232323232323365,0.017776147638892854,0.02498642170339153,0.007210274064498676,0.10569324036159189,18.333333333333332,0.05501297432214767,2026-07-22
2020-11-24,0.0015791750067892796,0.014587963686861006,0.020283823981698743,0.005695860294837736,-0.7071827245105864,18.333333333333332,0.05501297432214767,2026-07-22
2020-11-25,0.004197798666345287,0.015911030594211163,0.023669186677685323,0.00775815608347416,0.4160806388603449,20.0,0.05501297432214767,2026-07-22
2020-11-26,0.00603036182170924,0.016456591828872113,0.025691685838124777,0.009235094009252664,1.1848068286848619,21.666666666666668,0.05501297432214767,2026-07-22
2020-11-27,0.004224778074892965,0.014233068619703613,0.02336584190767708,0.009132773287973468,1.2768513867525921,21.666666666666668,0.05501297432214767,2026-07-22
2020-11-30,-0.007067767416998216,0.015883703505459923,0.022802709798419196,0.006919006292959273,-0.01080049498786284,20.0,0.04995708452897781,2026-07-22
2020-12-01,0.005772221557602597,0.014705520986898802,0.021867944332198616,0.007162423345299814,0.1425266628078479,21.666666666666668,0.04995708452897781,2026-07-22
2020-12-02,0.005402083519184808,0.0146244436710528,0.02059211975045002,0.005967676079397221,-0.5861990849168935,20.0,0.04995708452897781,2026-07-22
2020-12-03,0.005402634277151153,0.016666877784517677,0.023985628340531476,0.0073187505560138,0.27294455039137355,21.666666666666668,0.04995708452897781,2026-07-22
2020-12-04,0.0016571876838595845,0.01622327186529875,0.022544121273171257,0.0063208494078725065,-0.3295797509657897,20.0,0.04995708452897781,2026-07-22
2020-12-07,0.008311388266160291,0.016402606573006143,0.023523479853188232,0.007120873280182089,0.18193096736256154,21.666666666666668,0.05185108032971647,2026-07-22
2020-12-08,-0.000699042699858321,0.014756640767147717,0.02236379311352363,0.007607152346375915,0.4785971434861042,23.333333333333332,0.05185108032971647,2026-07-22
2020-12-09,0.009589413753570586,0.01608157066250872,0.021467721663321292,0.005386151000812571,-0.9650428814003917,23.333333333333332,0.05185108032971647,2026-07-22
2020-12-10,-0.007910463560863445,0.016377340855832066,0.021863436899157238,0.005486096043325173,-0.8854781317979618,23.333333333333332,0.05185108032971647,2026-07-22
2020-12-11,0.014598752558419248,0.014605813556345753,0.01943942921346848,0.004833615657122727,-1.2646535660290346,23.333333333333332,0.05185108032971647,2026-07-22
2020-12-14,0.017333358828253376,0.018847069642787775,0.025696017402037325,0.00684894775924955,0.01817579997126653,25.0,0.017887996563524296,2026-07-22
2020-12-15,-0.008288772566230285,0.01670792407230121,0.025066960592460927,0.008359036520159718,0.9742228669543098,26.666666666666668,0.017887996563524296,2026-07-22
2020-12-16,0.011106162403934583,0.016135032290421188,0.02324660141591188,0.007111569125490692,0.1735345453169977,28.333333333333332,0.017887996563524296,2026-07-22
2020-12-17,-0.014264426095839777,0.018711357911992473,0.028057922107126536,0.009346564195134063,1.5683620902152533,28.333333333333332,0.017887996563524296,2026-07-22
2020-12-18,0.01491771014575427,0.021615997604340107,0.029302659114876214,0.007686661510536107,0.5279764613883561,28.333333333333332,0.017887996563524296,2026-07-22
2020-12-21,0.01275926030015162,0.022535287989903632,0.03102190029028434,0.008486612300380707,1.0049689157464112,30.0,0.01903667772334134,2026-07-22
2020-12-22,0.0021922521922523863,0.025556927628012163,0.036471963923772256,0.010915036295760093,2.365000954957304,31.666666666666664,0.01903667772334134,2026-07-22
2020-12-23,-0.004199547741012499,0.02317823394225603,0.032451065119005,0.009272831176748972,1.3381363985053092,33.33333333333333,0.01903667772334134,2026-07-22
2020-12-24,-0.010547780146445529,0.018936373676688423,0.02814719517480236,0.009210821498113936,1.2609825754994675,35.0,0.01903667772334134,2026-07-22
2020-12-25,0.015831085131894573,0.019188947597182503,0.02592684492783559,0.006737897330653088,-0.17964993751766856,35.0,0.01903667772334134,2026-07-22
2020-12-28,0.006372069862230267,0.020070753406815148,0.027472112906800114,0.007401359499984966,0.20924820570952063,36.666666666666664,0.03824927610537012,2026-07-22
2020-12-29,0.007477115079765229,0.01820772713849921,0.024666185865881273,0.0064584587273820646,-0.3268823804330374,36.666666666666664,0.03824927610537012,2026-07-22
2020-12-30,-0.0017735495547935853,0.016444163332166854,0.025017818494021554,0.0085736551618547,0.879274218829361,38.333333333333336,0.03824927610537012,2026-07-22
2020-12-31,0.005767443555587892,0.016984583204329374,0.025779811468188578,0.008795228263859204,0.9755200732785951,40.0,0.03824927610537012,2026-07-22
2021-01-04,0.015038002663357197,0.018857504262765633,0.02684199879759226,0.007984494534826626,0.4857374780303011,41.66666666666667,0.03824927610537012,2026-07-22
2021-01-05,0.01078119003632394,0.020058795524137262,0.02543172179096511,0.005372926266827848,-1.2207413138231602,40.0,0.03908161884516513,2026-07-22
2021-01-06,0.00941238797404087,0.018662010212846632,0.025060340105673175,0.006398329892826543,-0.4658037172278233,40.0,0.03908161884516513,2026-07-22
2021-01-07,0.011616413432352646,0.021326041882319378,0.028051610181522336,0.006725568299202959,-0.22864291731796807,40.0,0.03908161884516513,2026-07-22
2021-01-08,0.009684476303297052,0.01992258856416992,0.02853500003509924,0.00861241147092932,1.2037890294715001,41.66666666666667,0.03908161884516513,2026-07-22
2021-01-11,0.014729936883933314,0.023446544506989568,0.029029321899040367,0.005582777392050799,-1.1213795059357756,41.66666666666667,0.03908161884516513,2026-07-22
2021-01-12,0.006236865869405417,0.019753117348881227,0.02731118341137858,0.007558066062497353,0.3828359837869081,43.333333333333336,0.0352940451019982,2026-07-22
2021-01-13,-0.005225282651726171,0.0174966496061874,0.025289945465281606,0.007793295859094208,0.5556627873057112,45.0,0.0352940451019982,2026-07-22
2021-01-14,0.0011382319463766333,0.018565324515960192,0.028465351952933027,0.009900027436972835,2.063633707630981,46.666666666666664,0.0352940451019982,2026-07-22
2021-01-15,0.005726798046151282,0.020870977510188172,0.028580609499875703,0.007709631989687531,0.42287099277360735,48.333333333333336,0.0352940451019982,2026-07-22
2021-01-18,-0.0018924803215542019,0.02325931463069971,0.0316145478387014,0.008355233208001689,0.8860973826197921,50.0,0.0352940451019982,2026-07-22
2021-01-19,-0.0511267345671762,0.02047303402470498,0.02602402124724389,0.005550987222538911,-1.1915432926873846,50.0,0.031161457323023237,2026-07-22
2021-01-20,0.0032537577365163717,0.020689910414472323,0.027259414724200307,0.006569504309727983,-0.4475942051860224,50.0,0.031161457323023237,2026-07-22
2021-01-21,0.026024958578630075,0.01859015831397793,0.023001112111408734,0.004410953797430804,-2.0092724326290043,50.0,0.031161457323023237,2026-07-22
2021-01-22,0.002207505518763808,0.022081190628942725,0.02978812098518341,0.0077069303562406835,0.3990863499324035,51.66666666666667,0.031161457323023237,2026-07-22
2021-01-25,-0.0006256535079449677,0.021859234539391488,0.03127542885269231,0.009416194313300819,1.5840859744474396,53.333333333333336,0.031161457323023237,2026-07-22
2021-01-26,-0.02566785300801855,0.021773104362391785,0.02767006330335349,0.005896958940961705,-0.9356868520488284,53.333333333333336,0.10094532003561987,2026-07-22
2021-01-27,-0.034283350350314934,0.025061897817293465,0.030435733082943804,0.005373835265650339,-1.2822389423149336,53.333333333333336,0.10094532003561987,2026-07-22
2021-01-28,-0.0667444425203022,0.010499973253437446,0.02520329782370014,0.014703324570262693,4.3189702587950025,55.00000000000001,0.10094532003561987,2026-07-22
2021-01-29,0.031906166376935996,0.028970083239183455,0.039833789017477486,0.010863705778294031,1.9779329603606757,56.666666666666664,0.10094532003561987,2026-07-22
2021-02-01,-0.019969525179583725,0.031166886571014258,0.03721853698059246,0.0060516504095782,-0.7726646598754002,56.666666666666664,0.10094532003561987,2026-07-22
2021-02-02,0.038647622910449986,0.029948394223830173,0.038489172483115314,0.00854077825928514,0.6263927487337179,58.333333333333336,0.3102288429308016,2026-07-22
2021-02-03,0.033248723884968356,0.022293332144219052,0.027677572861091855,0.005384240716872803,-1.1742017444389456,58.333333333333336,0.3102288429308016,2026-07-22
2021-02-04,0.0008098696109926085,0.016501302658418062,0.024211528286906033,0.007710225628487971,0.15028160240672783,60.0,0.3102288429308016,2026-07-22
2021-02-05,0.013235148670640795,0.017221104324594873,0.02267164611573748,0.005450541791142606,-1.110808296642359,60.0,0.3102288429308016,2026-07-22
2021-02-08,-0.03880522845657597,0.02120697939780309,0.02838821761215163,0.007181238214348538,-0.1479763964794022,60.0,0.3102288429308016,2026-07-22
2021-02-09,0.029311841060580823,0.017552390753881403,0.022903297570278577,0.005350906816397175,-1.1505325718059152,58.333333333333336,0.34724327791674664,2026-07-22
2021-02-17,0.036639071511215926,0.020043393247611934,0.024667980783620647,0.0046245875360087126,-1.5362507097652327,58.333333333333336,0.34724327791674664,2026-07-22
2021-02-18,0.01609302808492985,0.019061329381353576,0.02370126796506691,0.004639938583713334,-1.4719039608651838,56.666666666666664,0.34724327791674664,2026-07-22
2021-02-19,-0.0007493315621861507,0.01416442500776433,0.021072061170848207,0.006907636163083876,-0.2334991586570868,56.666666666666664,0.34724327791674664,2026-07-22
2021-02-22,0.0013123135918193807,0.01371516468371015,0.01988018336751955,0.006165018683809399,-0.6296634165733146,55.00000000000001,0.34724327791674664,2026-07-22
2021-02-23,0.0022126906318082895,0.014048527460932788,0.021028803935047694,0.006980276474114906,-0.1808140466525446,53.333333333333336,0.37775329453063833,2026-07-22
2021-02-24,-0.013272307326517518,0.012357802958096385,0.019045155226618454,0.00668735226852207,-0.3523351225541051,53.333333333333336,0.37775329453063833,2026-07-22
2021-02-25,0.002943176048398888,0.013428425048926655,0.02022192695561711,0.006793501906690456,-0.2849357303452711,51.66666666666667,0.37775329453063833,2026-07-22
2021-02-26,0.002608479273744413,0.0136573547069206,0.020471600217529407,0.006814245510608807,-0.25361419867039514,50.0,0.37775329453063833,2026-07-22
2021-03-01,0.015148014069680915,0.01798175730874307,0.02455675226013489,0.00657499495139182,-0.3658954020169372,48.333333333333336,0.37775329453063833,2026-07-22
2021-03-02,0.0003709417705723972,0.01405575517355414,0.02205129070174563,0.007995535528191492,0.41969565841937645,50.0,0.3957140593047266,2026-07-22
2021-03-03,0.00028653053657068384,0.020437483424193607,0.0312034886448061,0.010766005220612492,1.8771880472581013,50.0,0.3957140593047266,2026-07-22
2021-03-04,-0.01552719154134552,0.01724633279351552,0.024697500343619026,0.007451167550103506,0.06573176973885707,51.66666666666667,0.3957140593047266,2026-07-22
2021-03-05,0.0001454831752987218,0.014758672929946112,0.021648520821580006,0.0068898478916338945,-0.2361629972739144,50.0,0.3957140593047266,2026-07-22
2021-03-08,-0.0003593767380571933,0.01948585250888847,0.028521252002101677,0.009035399493213206,0.9038101675739524,51.66666666666667,0.3957140593047266,2026-07-22
2021-03-09,-0.00539258904191664,0.018683948573795912,0.02724313931924919,0.008559190745453277,0.630510179613449,51.66666666666667,0.4102107770229792,2026-07-22
2021-03-10,0.006979526149556214,0.01603667866387904,0.023838050484734342,0.007801371820855302,0.2191084476543846,51.66666666666667,0.4102107770229792,2026-07-22
2021-03-11,0.009956584165185411,0.016317151088735368,0.02253753047602497,0.006220379387289601,-0.646931912093891,51.66666666666667,0.4102107770229792,2026-07-22
2021-03-12,-0.00014385688778317807,0.012759123023547736,0.019276363175586474,0.006517240152038738,-0.49847495691458177,51.66666666666667,0.4102107770229792,2026-07-22
2021-03-15,0.002539016215850287,0.017524562281474126,0.025230852903517228,0.007706290622043102,0.12908106039728598,53.333333333333336,0.4102107770229792,2026-07-22
2021-03-16,-0.003933950158708566,0.014166417067625968,0.021487197996671877,0.007320780929045909,-0.0903779282654564,51.66666666666667,0.35450357897088897,2026-07-22
2021-03-17,0.005246207305703798,0.01620675209251668,0.023479155270603826,0.007272403178087146,-0.10748464459460992,50.0,0.35450357897088897,2026-07-22
2021-03-18,0.012520129163891447,0.017272753464754056,0.021766170985839897,0.004493417521085841,-1.601338105724901,48.333333333333336,0.35450357897088897,2026-07-22
2021-03-19,-0.005737172548170633,0.014974783842489538,0.021064239375010063,0.006089455532520525,-0.7023925549572378,46.666666666666664,0.35450357897088897,2026-07-22
2021-03-22,0.00031824462962193323,0.014970801971436475,0.021632802663506104,0.0066620006920696286,-0.3777666571256247,45.0,0.35450357897088897,2026-07-22
2021-03-23,-0.009192669306698598,0.014936832632014908,0.0224368894004187,0.007500056768403792,0.09201276067283921,45.0,0.15178095428608265,2026-07-22
2021-03-24,-0.01828552114580262,0.01876068246875447,0.027437603261306988,0.008676920792552518,0.7840592875826599,45.0,0.15178095428608265,2026-07-22
2021-03-25,0.0011103364577684793,0.012866652257982895,0.01983497462012839,0.006968322362145497,-0.1658989043034555,43.333333333333336,0.15178095428608265,2026-07-22
2021-03-26,-0.00076519645774209,0.016264681777498412,0.023884986715328724,0.007620304937830311,0.22580751267475724,43.333333333333336,0.15178095428608265,2026-07-22
2021-03-29,0.0115899880400272,0.019804835800833587,0.026747827252366917,0.006942991451533331,-0.1690281940110388,43.333333333333336,0.15178095428608265,2026-07-22
2021-03-30,0.009084104518236158,0.017929326633280666,0.025226119124792466,0.0072967924915118,0.037249805860008076,43.333333333333336,0.11716607648210836,2026-07-22
2021-03-31,0.004282005462085792,0.01496948326331106,0.022646697403916987,0.007677214140605928,0.24648824852448742,45.0,0.11716607648210836,2026-07-22
2021-04-01,0.020697643188074766,0.017019088343531715,0.021676252047907293,0.004657163704375578,-1.4504658704374296,43.333333333333336,0.11716607648210836,2026-07-22
2021-04-02,0.006866211660225385,0.011164583111321728,0.015610442729898207,0.004445859618576478,-1.5107337674949732,41.66666666666667,0.11716607648210836,2026-07-22
2021-04-05,0.009473641226673157,0.018024567690470908,0.02412049790541748,0.006095930214946574,-0.5586891330502529,40.0,0.11716607648210836,2026-07-22
2021-04-06,0.003163302455402306,0.01684111116635231,0.025286168152820414,0.008445056986468105,0.7435645726528208,41.66666666666667,0.06068236296295043,2026-07-22
2021-04-07,0.0019516758605115925,0.015260713923906113,0.02384544092481786,0.008584727000911747,0.7989292976792359,43.333333333333336,0.06068236296295043,2026-07-22
2021-04-08,-0.006028751267728061,0.014608380439139678,0.02325111848878163,0.008642738049641953,0.8094935022402228,45.0,0.06068236296295043,2026-07-22
2021-04-09,-0.0026156175853719876,0.015088767663576063,0.023193055666620676,0.008104288003044613,0.5130802103612823,45.0,0.06068236296295043,2026-07-22
2021-04-12,0.01687965834727123,0.022520233170439538,0.028335284732617715,0.005815051562178177,-0.7820127097380338,45.0,0.06068236296295043,2026-07-22
2021-04-13,-0.003289552477144908,0.019989407454960667,0.024829802771906627,0.00484039531694596,-1.2888917196776781,43.333333333333336,0.045225044243237644,2026-07-22
2021-04-14,0.006040069532895931,0.01473373166066048,0.021850285055845832,0.007116553395185353,-0.014244569332254485,41.66666666666667,0.045225044243237644,2026-07-22
2021-04-15,-0.006863767746661642,0.018086774932924682,0.024860710050817837,0.006773935117893155,-0.17997140205916584,40.0,0.045225044243237644,2026-07-22
2021-04-16,-0.006847063539787479,0.02036663174557733,0.02601882232809288,0.005652190582515551,-0.7956897776803978,38.333333333333336,0.045225044243237644,2026-07-22
2021-04-19,0.017655464152222855,0.020837652059236846,0.02719371646683215,0.006356064407595303,-0.37906176449750256,36.666666666666664,0.045225044243237644,2026-07-22
2021-04-20,0.0061082993542656006,0.019746737421515493,0.02491155528408146,0.005164817862565969,-1.0494085798395174,36.666666666666664,0.07385273759879632,2026-07-22
2021-04-22,-0.03190147286088252,0.02386397569182013,0.0299702949018453,0.00610631921002517,-0.5104238693321143,36.666666666666664,0.07385273759879632,2026-07-22
2021-04-23,0.016867293251453752,0.01786846513389345,0.023776376307871973,0.005907911173978524,-0.6466877817072952,36.666666666666664,0.07385273759879632,2026-07-22
2021-04-26,-0.026238856895709373,0.022532642332944913,0.02873996378066526,0.006207321447720345,-0.4600070988201172,35.0,0.07385273759879632,2026-07-22
2021-04-27,0.0032736455086077587,0.016166243253104333,0.022983083762384608,0.006816840509280275,-0.08644980041621306,33.33333333333333,0.07385273759879632,2026-07-22
2021-04-28,0.008034433285509346,0.016917746196793038,0.02491698199968234,0.007999235802889304,0.5839292556928631,35.0,0.14141226165225546,2026-07-22
2021-04-29,0.008002927900451429,0.014600848431324568,0.020135777842663433,0.005534929411338865,-0.8588035790649943,35.0,0.14141226165225546,2026-07-22
2021-05-04,0.0022672443702143052,0.02444685516102676,0.03053011395623234,0.00608325879520558,-0.561429807649872,33.33333333333333,0.14141226165225546,2026-07-22
2021-05-05,0.011455482208984069,0.017510918093560274,0.024404278609885623,0.006893360516325348,0.07875607547126938,33.33333333333333,0.14141226165225546,2026-07-22
2021-05-06,-0.004664008341093484,0.01448279050898206,0.021094531836600115,0.006611741327618055,-0.14937126926557445,33.33333333333333,0.14141226165225546,2026-07-22
2021-05-07,-0.00700480580855134,0.01664219875796957,0.02236788061339488,0.00572568185542531,-0.8164851825146523,31.666666666666664,0.1569590905649211,2026-07-22
2021-05-10,0.014309757531345335,0.02519297737599303,0.03070430268275961,0.005511325306766578,-0.9899301939980649,31.666666666666664,0.1569590905649211,2026-07-22
2021-05-11,-0.0028104606297336687,0.016020338446955055,0.02155475792307058,0.005534419476115524,-0.9402158977843298,30.0,0.1569590905649211,2026-07-22
2021-05-12,0.010389796503295967,0.015174469335309986,0.020844277840640853,0.005669808505330868,-0.8381102270579167,30.0,0.1569590905649211,2026-07-22
2021-05-13,-0.0055945598814898245,0.015629805284316414,0.022662858970110278,0.007033053685793864,0.24713853621690957,31.666666666666664,0.1569590905649211,2026-07-22
2021-05-14,0.003462784966600241,0.014094570687203798,0.020704320175916866,0.006609749488713068,-0.10716595688293729,31.666666666666664,0.13109054902895662,2026-07-22
2021-05-17,-0.006048832875327648,0.01718515695422291,0.02401554301787355,0.006830386063650641,0.04157160517704755,33.33333333333333,0.13109054902895662,2026-07-22
2021-05-18,-0.004782712322237259,0.015328211866550246,0.021197642273365565,0.005869430406815319,-0.7843892152831544,33.33333333333333,0.13109054902895662,2026-07-22
2021-05-19,0.007831209886004276,0.01946788392466615,0.02484646395426021,0.005378580029594061,-1.1627648519996652,33.33333333333333,0.13109054902895662,2026-07-22
2021-05-20,0.012459504629739548,0.025662802493523033,0.03149329857820603,0.005830496084682994,-0.7794380073226289,33.33333333333333,0.13109054902895662,2026-07-22
2021-05-21,0.0044671496299542035,0.020612652125243124,0.027954448280160124,0.0073417961549170005,0.4694495917890636,35.0,0.12131092191915033,2026-07-22
2021-05-24,0.01094296418029006,0.01790241043065528,0.0255357579907128,0.00763334756005752,0.6951461684576469,36.666666666666664,0.12131092191915033,2026-07-22
2021-05-25,0.008166535693924226,0.015628420626455156,0.021014841572703596,0.00538642094624844,-1.1275605694501558,36.666666666666664,0.12131092191915033,2026-07-22
2021-05-26,0.0062051995292609075,0.017465497007271378,0.023280783653641557,0.005815286646370179,-0.7600783169506644,36.666666666666664,0.12131092191915033,2026-07-22
2021-05-27,-0.009971899445583743,0.01588682752789815,0.023131648787300597,0.007244821259402446,0.3915396306217476,38.333333333333336,0.12131092191915033,2026-07-22
2021-05-28,0.012956726527919571,0.016514020845529172,0.0241039602409545,0.007589939395425328,0.6802137195965008,38.333333333333336,0.1298339030668339,2026-07-22
2021-05-31,0.005747996910167696,0.024317337240710647,0.032626811064602086,0.008309473823891439,1.4143948109407467,38.333333333333336,0.1298339030668339,2026-07-22
2021-06-01,0.007326531380595691,0.021592646550370072,0.029052592631822336,0.007459946081452264,0.6608515906685767,38.333333333333336,0.1298339030668339,2026-07-22
2021-06-02,0.0022425211918253307,0.020010458051530212,0.02769065247129513,0.007680194419764919,0.8394991677454133,40.0,0.1298339030668339,2026-07-22
2021-06-03,0.017527111084592484,0.0220410306327612,0.028015144055072154,0.005974113422310953,-0.6405011216184225,38.333333333333336,0.1298339030668339,2026-07-22
2021-06-04,0.007161286539419942,0.02162808816591292,0.028171206316502124,0.006543118150589205,-0.09363771414870697,36.666666666666664,0.11873493232837753,2026-07-22
2021-06-07,-0.011113132709872242,0.022798264205230907,0.031418791697826645,0.008620527492595738,1.8030332307683368,36.666666666666664,0.11873493232837753,2026-07-22
2021-06-08,-0.028628622735100473,0.025665272425396315,0.031815736342023386,0.006150463916627071,-0.46369435565061295,36.666666666666664,0.11873493232837753,2026-07-22
2021-06-09,0.009864533139376297,0.018990230400511256,0.02648140783635279,0.007491177435841535,0.748340912943415,38.333333333333336,0.11873493232837753,2026-07-22
2021-06-10,-0.006992272488558937,0.02186915036625716,0.030748951741529095,0.008879801375271935,1.947520358572621,38.333333333333336,0.11873493232837753,2026-07-22
2021-06-11,0.021275631242539284,0.018080949987264602,0.023148290745063405,0.005067340757798803,-1.3920068240484185,38.333333333333336,0.07253848222401016,2026-07-22
2021-06-14,0.0073830766271620885,0.01742889608998221,0.024763067543095436,0.007334171453113228,0.5955909469765145,40.0,0.07253848222401016,2026-07-22
2021-06-15,0.004141820638604132,0.017521664981646742,0.025657942413005,0.008136277431358259,1.2682205676402807,41.66666666666667,0.07253848222401016,2026-07-22
2021-06-16,-0.007927685466885048,0.020375593278173617,0.028091478863535347,0.00771588558536173,0.8654296024000795,43.333333333333336,0.07253848222401016,2026-07-22
2021-06-17,0.002506413469760993,0.01787333744899836,0.025303304325884603,0.007429966876886244,0.5979384999914125,45.0,0.07253848222401016,2026-07-22
2021-06-18,0.013125772104241262,0.017783773612798023,0.023297727545474777,0.005513953932676754,-1.0650268002721741,43.333333333333336,0.06746342205259588,2026-07-22
2021-06-21,-0.003730666221502754,0.017432601340125232,0.024620165447054882,0.00718756410692965,0.4424589006800311,43.333333333333336,0.06746342205259588,2026-07-22
2021-06-22,0.0053473987891856645,0.01634324578083227,0.021948996847474558,0.005605751066642288,-0.9584807151835555,43.333333333333336,0.06746342205259588,2026-07-22
2021-06-23,-0.002246425646934447,0.018017172045510312,0.023809313642138553,0.0057921415966282405,-0.7649642951799631,41.66666666666667,0.06746342205259588,2026-07-22
2021-06-24,0.0020699121921461394,0.014772950862604616,0.02071261964330116,0.005939668780696544,-0.6159121077100957,41.66666666666667,0.06746342205259588,2026-07-22
2021-06-25,0.007537761284898359,0.014513887870366261,0.02012461738685954,0.005610729516493277,-0.8819678416305332,40.0,0.06425608757559506,2026-07-22
2021-06-28,0.011286795384571224,0.01566050116487067,0.02094251924387953,0.005282018079008861,-1.1358583175377082,38.333333333333336,0.06425608757559506,2026-07-22
2021-06-29,0.003008941464351489,0.014694112974376854,0.020902180051945767,0.0062080670775689125,-0.34384895705478047,38.333333333333336,0.06425608757559506,2026-07-22
2021-06-30,-0.0010567076111316354,0.013507623560023526,0.019688116085981675,0.0061804925259581495,-0.4083189450904454,38.333333333333336,0.06425608757559506,2026-07-22
2021-07-01,0.006055873060949235,0.015996947882448792,0.023200572324723265,0.007203624442274473,0.5366516280824478,40.0,0.06425608757559506,2026-07-22
2021-07-02,0.0022511079120444144,0.0157849836013675,0.022285688189061948,0.006500704587694448,-0.09633544224402303,38.333333333333336,0.06285171389272223,2026-07-22
2021-07-05,-0.0064353960866594395,0.018941531794380774,0.024713264290327726,0.005771732495946952,-0.7753704457130639,36.666666666666664,0.06285171389272223,2026-07-22
2021-07-06,-0.03992544981681356,0.024747646855559864,0.028646754833047617,0.003899107977487753,-2.506130924932619,35.0,0.06285171389272223,2026-07-22
2021-07-07,0.024918991135157498,0.029888940333121592,0.03542952332323556,0.005540582990113969,-0.8807750643251445,33.33333333333333,0.06285171389272223,2026-07-22
2021-07-08,-0.009988837276295293,0.016596135638025863,0.022247571790340093,0.00565143615231423,-0.7670892870206044,33.33333333333333,0.06285171389272223,2026-07-22
2021-07-09,-0.020033753309861124,0.020936351237087692,0.02706757466147014,0.0061312234243824475,-0.3216810350826931,33.33333333333333,0.10328600648210277,2026-07-22
2021-07-12,-0.037739210475526086,0.02424543810375719,0.029484114038622812,0.005238675934865621,-1.179195035708071,33.33333333333333,0.10328600648210277,2026-07-22
2021-07-13,0.0009565686955179675,0.021482675294118046,0.028853624595116,0.007370949300997954,0.9343355982626768,35.0,0.10328600648210277,2026-07-22
2021-07-14,-0.013587249718698402,0.01872572606160432,0.0248506767192971,0.006124950657692779,-0.3111748886882444,35.0,0.10328600648210277,2026-07-22
2021-07-15,0.010946082146400915,0.016497489470385644,0.022210297887695886,0.005712808417310242,-0.7081704590559852,35.0,0.10328600648210277,2026-07-22
2021-07-16,0.004165636206256762,0.016503424076429907,0.02256469239886655,0.006061268322436645,-0.38194309351254735,35.0,0.16425235089551668,2026-07-22
2021-07-19,-0.042945871270135605,0.023079387205774952,0.028885879663783292,0.0058064924580083395,-0.6313362671957349,35.0,0.16425235089551668,2026-07-22
2021-07-20,0.02394833978013855,0.01945475002933362,0.02498006410383447,0.00552531407450085,-0.9025469359538985,35.0,0.16425235089551668,2026-07-22
2021-07-21,-0.0019634176032168327,0.014663627696060277,0.022426058134407904,0.007762430438347626,1.2851645702277725,36.666666666666664,0.16425235089551668,2026-07-22
2021-07-22,0.018004548351812755,0.017348012277033174,0.023839607986568062,0.0064915957095348885,0.040423027610256033,38.333333333333336,0.16425235089551668,2026-07-22
2021-07-23,-0.0192011873197957,0.016994002188097015,0.02526753105354681,0.008273528865449794,1.7772483553074219,38.333333333333336,0.2321381991818755,2026-07-22
2021-07-26,0.0030579352631954215,0.018657442993989925,0.027273062184443374,0.00861561919045345,2.002879174901554,40.0,0.2321381991818755,2026-07-22
2021-07-27,0.003315759285304587,0.014183593286291157,0.01988520749986651,0.005701614213575354,-0.7555664078615605,40.0,0.2321381991818755,2026-07-22
2021-07-28,0.0001096379597940178,0.01247054156172897,0.018131871909262673,0.005661330347533702,-0.7711969095000215,38.333333333333336,0.2321381991818755,2026-07-22
2021-07-29,0.012943691418638048,0.015041912160249275,0.020226291450249775,0.0051843792900005,-1.18390080326114,38.333333333333336,0.2321381991818755,2026-07-22
2021-07-30,0.012716450216450292,0.015305728481211934,0.020027571022251393,0.004721842541039458,-1.5709185357563273,38.333333333333336,0.23536238115541708,2026-07-22
2021-08-02,0.003183084615091092,0.016503045530714563,0.023189109294286796,0.006686063763572232,0.20928568116093005,40.0,0.23536238115541708,2026-07-22
2021-08-03,0.013863736665094217,0.016496370066548242,0.0210648594557079,0.004568489389159658,-1.6919770184683753,40.0,0.23536238115541708,2026-07-22
2021-08-04,0.0017261565248716249,0.01327425322922409,0.019890975131716254,0.006616721902492163,0.14359983626074446,41.66666666666667,0.23536238115541708,2026-07-22
2021-08-05,0.008098955601840041,0.01585412445411455,0.022826282878095464,0.0069721584239809155,0.46693897497087017,41.66666666666667,0.23536238115541708,2026-07-22
2021-08-06,-0.0030470811192448988,0.016278415746968818,0.023837641871635125,0.007559226124666307,0.9770342116912267,43.333333333333336,0.24704071230073932,2026-07-22
2021-08-09,0.013723955421372391,0.019070811644091815,0.025360995880440877,0.006290184236349063,-0.15657202707157403,41.66666666666667,0.24704071230073932,2026-07-22
2021-08-10,0.0018899004309267387,0.015769750583361716,0.023159556576170068,0.007389805992808352,0.807908751818028,43.333333333333336,0.24704071230073932,2026-07-22
2021-08-11,-0.003405679557848873,0.01937456321023203,0.027239661507453335,0.007865098297221304,1.1927039620357471,45.0,0.24704071230073932,2026-07-22
2021-08-12,-0.0034909669389228126,0.019286065771164495,0.02799038190958266,0.008704316138418166,1.8494966516874873,46.666666666666664,0.24704071230073932,2026-07-22
2021-08-13,0.0029562839510735017,0.01767168047903464,0.02522423255729967,0.0075525520782650304,0.8422744272513107,46.666666666666664,0.24144517193772955,2026-07-22
2021-08-16,0.01025017501197456,0.02090246267239267,0.02859899959312871,0.00769653692073604,0.9655113606895035,46.666666666666664,0.24144517193772955,2026-07-22
2021-08-17,-0.005740503005193576,0.017303883701916774,0.024458082713332302,0.007154199011415528,0.4730688672688257,48.333333333333336,0.24144517193772955,2026-07-22
2021-08-18,-0.001577298637654101,0.015477781715032786,0.02295990602860137,0.007482124313568584,0.7349953506930788,50.0,0.24144517193772955,2026-07-22
2021-08-19,0.010220876746954266,0.018010328521487894,0.023908476012988903,0.0058981474915010094,-0.6282367131032214,48.333333333333336,0.24144517193772955,2026-07-22
2021-08-20,-0.0330363312361347,0.024077950698703027,0.03209978302954815,0.008021832330845122,1.2105106783920925,48.333333333333336,0.19865510343776094,2026-07-22
2021-08-23,-0.022994817327727013,0.026275443943476796,0.035756040852222094,0.009480596908745299,2.3792104072526907,48.333333333333336,0.19865510343776094,2026-07-22
2021-08-24,-9.238871009953353e-05,0.021822755669961932,0.030024181665408295,0.008201425995446363,1.2822859175128627,48.333333333333336,0.19865510343776094,2026-07-22
2021-08-25,0.00832345196113149,0.017138651343276773,0.023670671916765362,0.0065320205734885894,-0.08863381637235629,46.666666666666664,0.19865510343776094,2026-07-22
2021-08-26,-0.006437325798938631,0.017932227984210965,0.025901852100139212,0.007969624115928248,1.0767328692915852,48.333333333333336,0.19865510343776094,2026-07-22
2021-08-27,0.009284308903098948,0.01812956621293139,0.024269869056154317,0.006140302843222926,-0.43420373848375166,48.333333333333336,0.13215640614578802,2026-07-22
2021-08-30,0.011376789521778896,0.018096114579720594,0.024548305444938977,0.006452190865218383,-0.1493931581861218,46.666666666666664,0.13215640614578802,2026-07-22
2021-08-31,0.0025072658002920356,0.015374839236335109,0.021755723441024735,0.006380884204689626,-0.21328437758924848,46.666666666666664,0.13215640614578802,2026-07-22
2021-09-01,0.00238833770193847,0.01694504999868877,0.02427382992292634,0.007328779924237569,0.5939145786980902,46.666666666666664,0.13215640614578802,2026-07-22
2021-09-06,0.008796313640280218,0.022482452852548563,0.029748146406341214,0.007265693553792651,0.5801045155440988,46.666666666666664,0.13215640614578802,2026-07-22
2021-09-07,-0.003334843544589572,0.025050725832919354,0.030777689206102552,0.005726963373183198,-0.7841163630456378,46.666666666666664,0.07365227089072493,2026-07-22
2021-09-08,-0.00617780758625841,0.014854438073289462,0.02163645811341872,0.006782020040129257,0.15746386232736895,46.666666666666664,0.07365227089072493,2026-07-22
2021-09-09,0.007775886503550655,0.01540708806639714,0.021582445788951646,0.006175357722554505,-0.3570911164387898,45.0,0.07365227089072493,2026-07-22
2021-09-10,0.000989598059494945,0.015317182116680693,0.023307706405612548,0.007990524288931855,1.2674813728023437,45.0,0.07365227089072493,2026-07-22
2021-09-13,-0.0028840936289775687,0.02247946971538759,0.030487517695036583,0.008008047979648991,1.263288662275173,45.0,0.07365227089072493,2026-07-22
2021-09-14,-0.0012896684881059661,0.021383759237467985,0.030179461031615524,0.008795701794147539,1.8705020871720535,46.666666666666664,0.07987068716939137,2026-07-22
2021-09-15,0.004575651265208647,0.01861483367801498,0.026569872381834246,0.007955038703819264,1.1196057415017484,46.666666666666664,0.07987068716939137,2026-07-22
2021-09-16,2.972143584245579e-05,0.015076597950668126,0.02327383983685897,0.008197241886190842,1.2814112507393036,48.333333333333336,0.07987068716939137,2026-07-22
2021-09-17,0.005030203511483533,0.020608166754282783,0.02813419438532364,0.007526027631040856,0.6842892627544304,50.0,0.07987068716939137,2026-07-22
2021-09-20,-0.0015968772178850399,0.02342675020412057,0.03145648410895455,0.008029733904833976,1.0784206800595557,51.66666666666667,0.07987068716939137,2026-07-22
2021-09-21,-0.00787868017297566,0.01857735967656459,0.02852624847688553,0.009948888800320941,2.519368320401433,53.333333333333336,0.0768214176155664,2026-07-22
2021-09-22,0.008090518270838398,0.021514164932075953,0.030534430084147888,0.009020265152071934,1.6981257780016903,55.00000000000001,0.0768214176155664,2026-07-22
2021-09-23,0.0015399650546390475,0.022039381372796058,0.031108321948740008,0.00906894057594395,1.6622913584822006,56.666666666666664,0.0768214176155664,2026-07-22
2021-09-24,-0.0011753747893195055,0.018777882135419418,0.02646895215037386,0.007691070014954442,0.5655353249179993,58.333333333333336,0.0768214176155664,2026-07-22
2021-09-27,-0.01937580023239127,0.025019826695395757,0.03105790438618556,0.006038077690789803,-0.7091251384250645,56.666666666666664,0.0768214176155664,2026-07-22
2021-09-28,0.010807628736820618,0.01849405145856467,0.02571851264024851,0.00722446118168384,0.20568285054244928,58.333333333333336,0.11844033258060817,2026-07-22
2021-09-29,-7.466531273558896e-05,0.01579878407760647,0.02330274325000994,0.007503959172403471,0.4034615555609115,60.0,0.11844033258060817,2026-07-22
2021-09-30,0.002128120309734749,0.01209516918190879,0.01846591853150389,0.006370749349595101,-0.544415593989305,60.0,0.11844033258060817,2026-07-22
2021-10-01,-0.005342533120724746,0.017742726912475866,0.025366799619332907,0.007624072706857041,0.46619444712332847,61.66666666666667,0.11844033258060817,2026-07-22
2021-10-04,0.0034834330918651624,0.021155263090144746,0.029016386894520386,0.00786112380437564,0.6387400988935137,63.33333333333333,0.11844033258060817,2026-07-22
2021-10-05,0.011265061140391497,0.017988875054474322,0.024728130894514047,0.006739255840039725,-0.3155334378240084,63.33333333333333,0.11482015791813391,2026-07-22
2021-10-06,0.006045931361331025,0.015162518337742606,0.021707013558531208,0.006544495220788602,-0.5086842350161666,63.33333333333333,0.11482015791813391,2026-07-22
2021-10-07,0.002326059200774999,0.0186183911170902,0.026198016490030156,0.007579625372939956,0.38106028550016735,63.33333333333333,0.11482015791813391,2026-07-22
2021-10-08,0.004934150323208764,0.01522829273478668,0.01973169126347587,0.004503398528689188,-2.1686424875446475,63.33333333333333,0.11482015791813391,2026-07-22
2021-10-11,0.015560233986289917,0.020803923691715832,0.024540899823340876,0.0037369761316250437,-2.637736009285467,63.33333333333333,0.11482015791813391,2026-07-22
2021-10-12,0.0005092928003214148,0.012588896202120729,0.01863077852691567,0.006041882324794943,-0.8173731204344121,63.33333333333333,0.08940992112787394,2026-07-22
2021-10-13,-0.002071981646113996,0.013632165725740724,0.020449330657516366,0.006817164931775642,-0.2204711166050853,63.33333333333333,0.08940992112787394,2026-07-22
2021-10-14,-4.3106235317114105e-05,0.014699884514023381,0.02270964408323464,0.008009759569211258,0.7024484846610178,65.0,0.08940992112787394,2026-07-22
2021-10-15,0.0006106979918814037,0.01373690923596639,0.020795152006635807,0.0070582427706694165,-0.05278960591236301,63.33333333333333,0.08940992112787394,2026-07-22
2021-10-18,0.002032024125798726,0.01743540352575889,0.024703659225479277,0.007268255699720387,0.10612778324914617,63.33333333333333,0.08940992112787394,2026-07-22
2021-10-19,-0.00014331472630468856,0.015377556006349304,0.02288592381930249,0.007508367812953186,0.3121966834273654,63.33333333333333,0.0684436398692644,2026-07-22
2021-10-20,-0.0010965148029498106,0.017573964611517844,0.02558049780377075,0.008006533192252904,0.7310185976744942,63.33333333333333,0.0684436398692644,2026-07-22
2021-10-21,-0.006478691347395538,0.01740157117829751,0.026522436789913843,0.009120865611616333,1.5804376783265257,65.0,0.0684436398692644,2026-07-22
2021-10-22,0.0032279728763622284,0.018606104193806705,0.025890796245184172,0.007284692051377467,0.0712780344412398,66.66666666666666,0.0684436398692644,2026-07-22
2021-10-25,-0.00276410123520765,0.019430674352366315,0.027842478315634335,0.00841180396326802,0.9679241497684511,68.33333333333333,0.0684436398692644,2026-07-22
2021-10-26,0.004496896203262546,0.015135665173883294,0.0217515447709044,0.006615879597021106,-0.5778186894179985,68.33333333333333,0.05059444746072967,2026-07-22
2021-10-27,0.02255628292002898,0.019723780514810652,0.024196914380891568,0.004473133866080916,-2.2948528853013106,66.66666666666666,0.05059444746072967,2026-07-22
2021-10-28,0.010533934870908368,0.01806153678100438,0.02431684650824725,0.006255309727242871,-0.8756444692274277,66.66666666666666,0.05059444746072967,2026-07-22
2021-10-29,0.004353238155506478,0.01888350318522398,0.02600435844920516,0.0071208552639811795,-0.13956496771318008,65.0,0.05059444746072967,2026-07-22
2021-11-01,-0.003669673952931163,0.02404583660005964,0.03195497838773517,0.007909141787675534,0.5250939921148923,65.0,0.05059444746072967,2026-07-22
2021-11-02,0.009374761113852381,0.02080739133830183,0.028956107135865206,0.008148715797563377,0.7197319562920808,65.0,0.05439927341903519,2026-07-22
2021-11-03,-0.005618054886193158,0.03524648622368515,0.04210886579129914,0.006862379567613992,-0.3921345179958453,65.0,0.05439927341903519,2026-07-22
2021-11-04,0.002797202797202747,0.020093803063356765,0.027769078619769627,0.0076752755564128625,0.30339287197467973,65.0,0.05439927341903519,2026-07-22
2021-11-05,0.005640940663103944,0.018075718032153444,0.026135417648838696,0.008059699616685252,0.6303357445156254,65.0,0.05439927341903519,2026-07-22
2021-11-08,0.007593494037116066,0.01726867931852243,0.024567856138634568,0.007299176820112139,-0.0028325166219573907,63.33333333333333,0.05439927341903519,2026-07-22
2021-11-09,-0.004136088908876512,0.017111805954523752,0.024932393264801418,0.007820587310277665,0.44607404395996186,63.33333333333333,0.026061963882113563,2026-07-22
2021-11-10,0.002408484433800817,0.02057795358466257,0.028441751034778688,0.007863797450116117,0.4806914247989151,63.33333333333333,0.026061963882113563,2026-07-22
2021-11-11,-0.0018225007167138596,0.021941587809340916,0.029767094706570824,0.007825506897229908,0.43711523281249287,63.33333333333333,0.026061963882113563,2026-07-22
2021-11-12,0.007535815639210908,0.01896948574527963,0.02627537480385197,0.007305889058572337,-0.010440863305144855,61.66666666666667,0.026061963882113563,2026-07-22
2021-11-15,0.0021718916497552865,0.023705042825351828,0.03312449613285805,0.00941945330750622,1.745620445307946,63.33333333333333,0.026061963882113563,2026-07-22
2021-11-16,-0.006853721801201362,0.023142125617909112,0.031810589432903234,0.008668463814994122,1.0863395204722988,63.33333333333333,0.024241719534164964,2026-07-22
2021-11-17,0.006410037846499961,0.0185124139431877,0.02682009782613876,0.00830768388295106,0.8148357279800064,63.33333333333333,0.024241719534164964,2026-07-22
2021-11-18,-0.004079005318968765,0.028552269966948828,0.03852631571930578,0.009974045752356952,2.152611110901727,63.33333333333333,0.024241719534164964,2026-07-22
2021-11-19,-0.011892531789390648,0.0288218090204596,0.03492158525868896,0.006099776238229358,-1.072165726153063,63.33333333333333,0.024241719534164964,2026-07-22
2021-11-22,-0.0035115502461526837,0.04087345046766159,0.0474730242845328,0.006599573816871214,-0.6369683008544467,61.66666666666667,0.024241719534164964,2026-07-22
2021-11-23,0.01131801692865797,0.02622464818245175,0.03278115955423263,0.006556511371780878,-0.6818415400122844,61.66666666666667,0.07486226453616318,2026-07-22
2021-11-24,0.017244795474265828,0.025382397877867526,0.03129073692160324,0.0059083390437357115,-1.2055519077180423,61.66666666666667,0.07486226453616318,2026-07-22
2021-11-25,0.008019504725059967,0.01976420775964961,0.027223207338934376,0.007458999579284767,0.06307865521531565,63.33333333333333,0.07486226453616318,2026-07-22
2021-11-26,-0.0051838673782823586,0.019021093171525755,0.02636752944779862,0.0073464362762728636,-0.030844332129542455,61.66666666666667,0.07486226453616318,2026-07-22
2021-11-29,-0.005485489240001917,0.022257957699506285,0.031248564449406584,0.0089906067499003,1.2945564425408171,61.66666666666667,0.07486226453616318,2026-07-22
2021-11-30,-0.004310228711510877,0.020922361282297422,0.028353560597532614,0.0074311993152351916,-0.007883058184968796,61.66666666666667,0.07648557689819975,2026-07-22
2021-12-01,0.004565623224479953,0.016563604341961337,0.022559418170007332,0.0059958138280459955,-1.182718151741523,60.0,0.07648557689819975,2026-07-22
2021-12-02,-0.0021142076098008555,0.015522193649247035,0.02280283452205115,0.007280640872804115,-0.13782774228259673,60.0,0.07648557689819975,2026-07-22
2021-12-03,-0.026132721568098205,0.0195672828642515,0.025063380409743784,0.005496097545492285,-1.5599284219996103,58.333333333333336,0.07648557689819975,2026-07-22
2021-12-06,-0.020605271180334284,0.028167322281330093,0.0336784583752506,0.00551113609392051,-1.487594402747768,56.666666666666664,0.07648557689819975,2026-07-22
2021-12-07,0.023479392747492334,0.01785810518361788,0.02442154978467516,0.0065634446010572785,-0.6173667396687115,55.00000000000001,0.1461572105718207,2026-07-22
2021-12-08,0.004216288698272619,0.015099801693979575,0.02227446377134738,0.007174662077367805,-0.11195132985869556,53.333333333333336,0.1461572105718207,2026-07-22
2021-12-09,0.010400104620509776,0.015333791944699528,0.021755212375703402,0.006421420431003874,-0.6995568764218527,51.66666666666667,0.1461572105718207,2026-07-22
2021-12-10,-0.0030245643673619815,0.016161637651975893,0.02322956147911998,0.007067923827144086,-0.16842949965808357,50.0,0.1461572105718207,2026-07-22
2021-12-13,0.008657091709143527,0.02083970488581465,0.028079001935917506,0.007239297050102855,-0.018628808060991254,48.333333333333336,0.1461572105718207,2026-07-22
2021-12-14,-0.000128707975152631,0.017756131537501826,0.025093578843236996,0.00733744730573517,0.10104439736910435,48.333333333333336,0.16701686665038343,2026-07-22
2021-12-15,-0.000352298749339397,0.015004665155579414,0.020907945581706572,0.005903280426127158,-1.085733696116313,46.666666666666664,0.16701686665038343,2026-07-22
2021-12-16,0.000752287360216819,0.02052743812666996,0.028564676744865552,0.00803723861819559,0.7770255783872472,46.666666666666664,0.16701686665038343,2026-07-22
2021-12-17,0.002153581514414915,0.018528374596629343,0.02621223400908358,0.007683859412454235,0.4678482055651518,46.666666666666664,0.16701686665038343,2026-07-22
2021-12-20,-0.0016623980429655294,0.01979899779544418,0.026691159726462882,0.0068921619310187004,-0.23944780234451593,46.666666666666664,0.16701686665038343,2026-07-22
2021-12-21,0.0009544245361565729,0.02008475041586982,0.02818962922496669,0.008104878809096869,0.8127189478380072,46.666666666666664,0.1362790879926594,2026-07-22
2021-12-22,-0.0007235890014470892,0.023511763019900423,0.031092211280061847,0.007580448260161424,0.35149456887757374,46.666666666666664,0.1362790879926594,2026-07-22
2021-12-23,-0.01401530788335692,0.02641171026675509,0.035147217314937716,0.008735507048182625,1.3154103884088455,48.333333333333336,0.1362790879926594,2026-07-22
2021-12-24,0.01377525807160107,0.021687099351276957,0.02888291217577997,0.007195812824503014,-0.013909914433580193,46.666666666666664,0.1362790879926594,2026-07-22
2021-12-27,0.00802285667860514,0.01645142859918351,0.02265003693659695,0.006198608337413442,-0.8526839707687853,45.0,0.1362790879926594,2026-07-22
2021-12-28,0.003700768362796092,0.018251414766538857,0.025522004008181626,0.007270589241642769,0.06723249333831437,46.666666666666664,0.12931859529579973,2026-07-22
2021-12-29,-0.005734781415828616,0.018271530057252017,0.025392184582866014,0.007120654525613997,-0.07116372910723437,46.666666666666664,0.12931859529579973,2026-07-22
2021-12-30,0.00010095435517087914,0.01747996176057334,0.025869147515744987,0.008389185755171648,1.0109048728893768,46.666666666666664,0.12931859529579973,2026-07-22
2021-12-31,0.008284151093225223,0.017419757698518595,0.02386939095514579,0.006449633256627195,-0.7200838691734287,46.666666666666664,0.12931859529579973,2026-07-22
2022-01-04,0.01822089329097354,0.019877076688926937,0.026691390440342133,0.006814313751415196,-0.4801523360146495,46.666666666666664,0.12931859529579973,2026-07-22
2022-01-05,-0.0020189042855831563,0.018903455722577643,0.027790576626840827,0.008887120904263184,1.51294884370818,48.333333333333336,0.09412800298213614,2026-07-22
2022-01-06,0.003986863711001654,0.02109370529117845,0.028353433102272414,0.007259727811093963,-0.0934211476027004,48.333333333333336,0.09412800298213614,2026-07-22
2022-01-07,-5.8878559699548916e-05,0.01888929250055112,0.026923476558567198,0.008034184058016078,0.6686285165782464,48.333333333333336,0.09412800298213614,2026-07-22
2022-01-10,-0.016205642206636672,0.025713668589723543,0.03297035846775105,0.0072566898780275085,-0.1001087254847868,48.333333333333336,0.09412800298213614,2026-07-22
2022-01-11,-0.007581249044031124,0.022932208886302603,0.03186929187246057,0.008937082986157967,1.4981139081884793,48.333333333333336,0.09412800298213614,2026-07-22
2022-01-12,0.012195857429086576,0.03276840251665383,0.041321727034387544,0.008553324517733711,1.0991163938853254,48.333333333333336,0.09979615771785952,2026-07-22
2022-01-13,-0.009572925700591206,0.029056322931777852,0.03617256732954838,0.007116244397770526,-0.26104884258112365,46.666666666666664,0.09979615771785952,2026-07-22
2022-01-14,-2.0052805721704203e-05,0.018752693366401552,0.02710406006598082,0.008351366699579268,0.9501626310965747,46.666666666666664,0.09979615771785952,2026-07-22
2022-01-17,-0.02886325049130367,0.028781551238031347,0.03344490252043434,0.004663351282402993,-2.460366126255727,45.0,0.09979615771785952,2026-07-22
2022-01-18,-0.009567467856061107,0.03181510436120574,0.03894360216089839,0.00712849779969265,-0.1694746570837376,43.333333333333336,0.09979615771785952,2026-07-22
2022-01-19,0.002675580635745689,0.02877533840920229,0.038484059600557945,0.009708721191355654,2.1039701041847083,45.0,0.12370403399197342,2026-07-22
2022-01-20,0.015601716119463038,0.026244074592479398,0.03313145788317166,0.006887383290692259,-0.49024933360501927,45.0,0.12370403399197342,2026-07-22
2022-01-21,0.005179826656657394,0.022391386896289726,0.029655597838552598,0.007264210942262872,-0.14918572352501958,45.0,0.12370403399197342,2026-07-22
2022-01-24,-0.02252714051965865,0.02991322162004266,0.034846344282137516,0.004933122662094856,-2.2513992685939783,45.0,0.12370403399197342,2026-07-22
2022-01-25,0.0276930770780226,0.026149966325189105,0.03429675981513282,0.008146793489943713,0.6968250595342695,45.0,0.12370403399197342,2026-07-22
2022-01-26,0.0013517349518106236,0.023278107502244367,0.03102931505127304,0.007751207549028673,0.34124338184016084,45.0,0.13782097454192332,2026-07-22
2022-01-27,-0.007303014349545722,0.01860889688085449,0.0255822818606028,0.006973384979748309,-0.37630214510434223,45.0,0.13782097454192332,2026-07-22
2022-01-28,0.005575348799260249,0.01957087658650668,0.027271806793843365,0.007700930207336684,0.2930781631735733,45.0,0.13782097454192332,2026-07-22
2022-02-07,0.01264402012224819,0.02694990317144744,0.03419970222720679,0.007249799055759346,-0.11013650169436541,43.333333333333336,0.13782097454192332,2026-07-22
2022-02-08,0.0022234686110331747,0.019224188298674075,0.026902382105339906,0.007678193806665831,0.2794898438459969,45.0,0.13782097454192332,2026-07-22
2022-02-09,0.0029247363406819105,0.0177347815661626,0.024327779368111608,0.006592997801949007,-0.7012416445703823,43.333333333333336,0.15952747925456479,2026-07-22
2022-02-10,0.0009366405824442481,0.012977627266064506,0.018411966995332367,0.005434339729267861,-1.690415889463403,41.66666666666667,0.15952747925456479,2026-07-22
2022-02-11,-0.0033714054380503677,0.013519309327802877,0.02018769346773071,0.006668384139927834,-0.563007429017913,40.0,0.15952747925456479,2026-07-22
2022-02-14,-0.01981074907938285,0.02341515788720284,0.03210952008771885,0.008694362200516007,1.2201692673002367,41.66666666666667,0.15952747925456479,2026-07-22
2022-02-15,0.014124025109377936,0.014859540772652172,0.019142472653910655,0.004282931881258483,-2.542715221996674,40.0,0.15952747925456479,2026-07-22
2022-02-16,-0.0004354379500921546,0.021856270150588584,0.03648785446459083,0.014631584314002247,4.8896105630553794,40.0,0.17100832366915755,2026-07-22
2022-02-17,0.010649420280142152,0.014323123400928868,0.018908525229265945,0.004585401828337077,-1.756312852375849,38.333333333333336,0.17100832366915755,2026-07-22
2022-02-18,-0.0020888732683904676,0.017596938915771097,0.02537796868217913,0.007781029766408033,0.36786604348435614,38.333333333333336,0.17100832366915755,2026-07-22
2022-02-21,0.003987134844900542,0.016135676597724358,0.023251804016971023,0.007116127419246665,-0.09065760465788898,38.333333333333336,0.17100832366915755,2026-07-22
2022-02-22,-0.004878081067485551,0.01970026803123458,0.02706827997544446,0.007368011944209878,0.07087215365546085,40.0,0.17100832366915755,2026-07-22
2022-02-23,0.005873080274298781,0.014089793141339098,0.025429244173505332,0.011339451032166234,2.551543502322552,41.66666666666667,0.18243259087107022,2026-07-22
2022-02-24,-0.011538715863254723,0.020790461329639055,0.027829066040634252,0.007038604710995197,-0.2077488962713422,41.66666666666667,0.18243259087107022,2026-07-22
2022-02-25,0.0027026123022377835,0.01344938459776875,0.01948818016626479,0.0060387955684960415,-0.8303272570520143,40.0,0.18243259087107022,2026-07-22
2022-02-28,-0.005844324800352241,0.018612360608592303,0.026906974087188475,0.008294613478596172,0.5993086179242146,41.66666666666667,0.18243259087107022,2026-07-22
2022-03-01,0.005804862662988963,0.01693347923885635,0.0236133073472359,0.006679828108379551,-0.40815901307507535,40.0,0.18243259087107022,2026-07-22
2022-03-02,-0.008847195719184908,0.01643785598481066,0.022418795588242776,0.005980939603432114,-0.8364187917185433,40.0,0.19612988427407788,2026-07-22
2022-03-03,0.013113253271581637,0.018075799752256403,0.024672227415137873,0.00659642766288147,-0.4517876603978417,40.0,0.19612988427407788,2026-07-22
2022-03-04,0.00021926910299008284,0.01563480103093038,0.02200999026739077,0.006375189236460389,-0.5822246506970721,40.0,0.19612988427407788,2026-07-22
2022-03-07,-0.004171842718872276,0.02076695516706936,0.028740720274987742,0.007973765107918383,0.41721668635326953,41.66666666666667,0.19612988427407788,2026-07-22
2022-03-08,-0.016904039224842293,0.019933200575178427,0.026310730011502154,0.006377529436323727,-0.6278522139251796,41.66666666666667,0.19612988427407788,2026-07-22
2022-03-09,2.035678661327367e-05,0.019586726973360006,0.02818957813142806,0.008602851158068053,0.7962477906583598,43.333333333333336,0.1294749890224114,2026-07-22
2022-03-10,0.0036234342557031063,0.016643053503953658,0.024703983191900505,0.008060929687946847,0.4343426797366249,45.0,0.1294749890224114,2026-07-22
2022-03-11,-0.008478243232279525,0.01893686792957063,0.025231631040331506,0.006294763110760878,-0.7080740188178463,45.0,0.1294749890224114,2026-07-22
2022-03-14,-0.013835285774680517,0.023254453323427255,0.03062362891806579,0.007369175594638535,-0.015777638644902538,45.0,0.1294749890224114,2026-07-22
2022-03-15,0.0044874675885910875,0.01661799421050187,0.024909100390483007,0.008291106179981137,0.5683887107384348,46.666666666666664,0.1294749890224114,2026-07-22
2022-03-16,0.004536255627297425,0.012860507675489049,0.01925797073060356,0.006397463055114511,-0.6422543574011401,45.0,0.08694993006735008,2026-07-22
2022-03-17,0.001377344397771596,0.014926368955105658,0.022887801711547907,0.007961432756442248,0.34460953065321903,46.666666666666664,0.08694993006735008,2026-07-22
2022-03-18,0.005310194752761177,0.01293586143228642,0.017436334079481104,0.004500472647194683,-1.8093839959691942,45.0,0.08694993006735008,2026-07-22
2022-03-21,0.017595806956640203,0.017806902709541893,0.02378868681580563,0.005981784106263738,-0.8526012908444309,43.333333333333336,0.08694993006735008,2026-07-22
2022-03-22,0.0059065520585972475,0.013957230202606911,0.020566889619876384,0.006609659417269473,-0.45569877523900487,43.333333333333336,0.08694993006735008,2026-07-22
2022-03-23,-0.0009575868810597354,0.016450689245457947,0.02374492202380544,0.007294232778347492,-0.018777008017042025,41.66666666666667,0.07016904213217813,2026-07-22
2022-03-24,-0.0027157634090817506,0.014791777332101678,0.02180076210172608,0.007008984769624402,-0.19168903706838825,40.0,0.07016904213217813,2026-07-22
2022-03-25,0.00016018581554599898,0.014703342333455254,0.021904956343552863,0.007201614010097609,-0.05523134934681777,38.333333333333336,0.07016904213217813,2026-07-22
2022-03-28,-0.010223556890223473,0.022987885143311258,0.03034886646528061,0.007360981321969353,0.04366291702856645,40.0,0.07016904213217813,2026-07-22
2022-03-29,0.009830229641715649,0.017620729333911334,0.023767685723984164,0.00614695639007283,-0.7221136690539449,40.0,0.07016904213217813,2026-07-22
2022-03-30,-0.004840561905779306,0.021858420251450347,0.02853589763091635,0.006677477379466005,-0.3805294313734774,38.333333333333336,0.07299810231594363,2026-07-22
2022-03-31,0.0011002945300602196,0.01697983980178112,0.023677434595084867,0.006697594793303747,-0.3630209276876149,38.333333333333336,0.07299810231594363,2026-07-22
2022-04-01,0.01627852427704979,0.015508013010305507,0.020563935112595615,0.005055922102290108,-1.3461904209238285,36.666666666666664,0.07299810231594363,2026-07-22
2022-04-04,0.005446967898499189,0.01822068146005484,0.02496311043629117,0.00674242897623633,-0.29974113536453817,36.666666666666664,0.07299810231594363,2026-07-22
2022-04-05,-0.0030628976192038637,0.01348885999525414,0.019953758280691875,0.006464898285437734,-0.4684563920903286,36.666666666666664,0.07299810231594363,2026-07-22
2022-04-06,0.0018881206291980757,0.019105096475435047,0.02665659961907804,0.007551503143642991,0.2237157018298465,36.666666666666664,0.07783691834587998,2026-07-22
2022-04-07,-0.013493991726311716,0.01751093197600946,0.023588098339958827,0.006077166363949366,-0.6870176140757615,36.666666666666664,0.07783691834587998,2026-07-22
2022-04-08,-0.013545445468765571,0.019519456029017567,0.025124834532567066,0.005605378503549498,-0.9516584638075387,35.0,0.07783691834587998,2026-07-22
2022-04-12,-0.018049932523616752,0.025597375995585456,0.0315488816281186,0.005951505632533143,-0.7195968468585058,35.0,0.07783691834587998,2026-07-22
2022-04-13,0.015083319017350938,0.019961439267216517,0.027405794669948122,0.007444355402731605,0.22279933902202934,35.0,0.07783691834587998,2026-07-22
2022-04-14,-0.0034389385323586596,0.01697114009786635,0.023963146017119644,0.006992005919253294,-0.044413109317017835,33.33333333333333,0.13428413825226818,2026-07-22
2022-04-15,-0.009211205608238404,0.022323084444530062,0.029710768686255492,0.00738768424172543,0.20217866139497542,35.0,0.13428413825226818,2026-07-22
2022-04-18,-0.01779837648091276,0.031397099663619935,0.03755046395606315,0.006153364292443217,-0.5544959950214164,33.33333333333333,0.13428413825226818,2026-07-22
2022-04-19,-0.018253525059332643,0.029678213889383905,0.0349561535915272,0.005277939702143294,-1.1242051965609476,33.33333333333333,0.13428413825226818,2026-07-22
2022-04-20,-0.015450247075971424,0.03037861971842457,0.036478827970660106,0.006100208252235537,-0.5870959086573709,33.33333333333333,0.13428413825226818,2026-07-22
2022-04-21,-0.01047865272401638,0.031667875274799334,0.03893209995407905,0.0072642246792797155,0.18365621831865458,33.33333333333333,0.18428203545673838,2026-07-22
2022-04-22,0.006582932543186759,0.03028828047165665,0.040050174233905604,0.009761893762248956,1.7349541565952018,35.0,0.18428203545673838,2026-07-22
2022-04-25,-0.04952763498473778,0.022277854828018574,0.027233843111386286,0.004955988283367713,-1.2753650570542028,35.0,0.18428203545673838,2026-07-22
2022-04-26,0.023205077350257675,0.025021842613556895,0.03127914490943188,0.0062573022958749835,-0.48008145515810086,35.0,0.18428203545673838,2026-07-22
2022-04-27,0.00926685255043469,0.02249016627934682,0.029606863789076718,0.007116697509729899,0.07623862363054258,35.0,0.18428203545673838,2026-07-22
2022-04-28,-0.0020535246016679665,0.01707542583330534,0.02448964626072869,0.007414220427423349,0.2697324175459249,35.0,0.26668569217069305,2026-07-22
2022-04-29,0.011702529256323091,0.01977208802267941,0.026311464999751344,0.006539376977071933,-0.2835681596995213,35.0,0.26668569217069305,2026-07-22
2022-05-04,-0.013257243195785695,0.024357862114937085,0.03113567804045698,0.006777815925519896,-0.12195561521294736,33.33333333333333,0.26668569217069305,2026-07-22
2022-05-05,0.008897588753447705,0.022974280934848414,0.02936877402047883,0.006394493085630417,-0.35734133027669684,33.33333333333333,0.26668569217069305,2026-07-22
2022-05-06,-0.02309139547873129,0.02462543177277617,0.030532058629522976,0.005906626856746807,-0.6486209469139786,31.666666666666664,0.26668569217069305,2026-07-22
2022-05-09,-0.04486706889547576,0.024474000566323127,0.02774609399335508,0.003272093427031955,-2.19497498049177,31.666666666666664,0.2728473223683451,2026-07-22
2022-05-10,0.018856035664214454,0.02747895169085847,0.03518366884710494,0.007704717156246474,0.48863928444690313,33.33333333333333,0.2728473223683451,2026-07-22
2022-05-11,0.006161291320077922,0.01912453398544312,0.026228055073332077,0.007103521087888958,0.11570827871750251,35.0,0.2728473223683451,2026-07-22
2022-05-12,-0.048166388788579595,0.022188363204880948,0.025353742070898036,0.003165378866017088,-2.1711748289772803,33.33333333333333,0.2728473223683451,2026-07-22
2022-05-13,-0.04526008201220488,0.025326982591850105,0.028616575825474434,0.0032895932336243286,-2.051076181539146,33.33333333333333,0.2728473223683451,2026-07-22
2022-05-16,-0.00914801694327716,0.030173921544704444,0.03639230031180732,0.006218378767102874,-0.3257123185207796,31.666666666666664,0.3784152870332201,2026-07-22
2022-05-17,0.048141985579589486,0.021199953537145336,0.025395864269016945,0.004195910731871609,-1.7791107911200041,31.666666666666664,0.3784152870332201,2026-07-22
2022-05-18,0.010086537443929844,0.01936461865355866,0.025139460735748895,0.005774842082190236,-0.6161245380559861,30.0,0.3784152870332201,2026-07-22
2022-05-19,0.0007092427222026298,0.015366885302984109,0.02235996940148095,0.006993084098496841,0.2674302576660928,31.666666666666664,0.3784152870332201,2026-07-22
2022-05-20,-0.0007490093746980175,0.0147936338273522,0.022558969110610297,0.0077653352832580975,0.819252215789008,31.666666666666664,0.3784152870332201,2026-07-22
2022-05-23,-0.017651183596489206,0.019409599823568283,0.026611125598762244,0.007201525775193961,0.5151147807094493,31.666666666666664,0.4195662801360736,2026-07-22
2022-05-24,0.011954283276310651,0.019579472471676573,0.02557098251505977,0.005991510043383198,-0.4445229858849069,31.666666666666664,0.4195662801360736,2026-07-22
2022-05-25,0.028417843649159114,0.0201929352804424,0.02461025799259722,0.004417322712154819,-1.6513857430561012,31.666666666666664,0.4195662801360736,2026-07-22
2022-05-26,0.00011037266542102131,0.017618181221545466,0.024993593547613276,0.0073754123260678095,0.6960995250796844,31.666666666666664,0.4195662801360736,2026-07-22
2022-05-27,0.013306321290902368,0.016332270527027203,0.021183527283335883,0.004851256756308681,-1.272755949181221,31.666666666666664,0.4195662801360736,2026-07-22
2022-05-30,0.006589132210510051,0.015036999040494067,0.021282583589385114,0.006245584548891047,-0.18093222365509098,31.666666666666664,0.4384094059166311,2026-07-22
2022-05-31,-0.0009583281810312538,0.017321339873248458,0.02348565901367507,0.006164319140426613,-0.23907999482528852,31.666666666666664,0.4384094059166311,2026-07-22
2022-06-01,0.005291332735092968,0.019127313278111624,0.02518884248864998,0.006061529210538357,-0.31551919099551484,31.666666666666664,0.4384094059166311,2026-07-22
2022-06-02,-0.008387712386111912,0.019723593278992743,0.02593093629483001,0.006207343015837266,-0.18000802061448506,30.0,0.4384094059166311,2026-07-22
2022-06-03,-0.0004966553367167226,0.014867030137755451,0.02026569482619415,0.005398664688438698,-0.8053842775688482,30.0,0.4384094059166311,2026-07-22
2022-06-06,0.0015761114303016743,0.02238519011771634,0.030775554222142624,0.008390364104426284,1.569793250188569,30.0,0.43256814663090004,2026-07-22
2022-06-07,0.0010387516375840455,0.025477788131742486,0.03309412054502825,0.007616332413285763,0.9674943475713321,30.0,0.43256814663090004,2026-07-22
2022-06-08,0.012823789057962776,0.0222883041867406,0.028988569109171473,0.006700264922430872,0.2294214522005172,31.666666666666664,0.43256814663090004,2026-07-22
2022-06-09,-8.41036462754241e-05,0.014613430390098736,0.02205985999249024,0.007446429602391504,0.8241858465507748,33.33333333333333,0.43256814663090004,2026-07-22
2022-06-10,-0.018137329866952157,0.019390152498538867,0.024403511614157755,0.005013359115618888,-1.0857901506953362,31.666666666666664,0.43256814663090004,2026-07-22
2022-06-13,-0.04442090835461965,0.022511907653180358,0.026518974644193064,0.004007066991012706,-1.8115732153743385,31.666666666666664,0.40201057121979245,2026-07-22
2022-06-14,0.0026649497978876724,0.028021618251520695,0.036613056703719456,0.008591438452198761,1.748506945860765,31.666666666666664,0.40201057121979245,2026-07-22
2022-06-15,-0.01331371768090961,0.031249954682492614,0.03874242759710921,0.007492472914616598,0.8695394437725653,33.33333333333333,0.40201057121979245,2026-07-22
2022-06-16,0.018699595528572477,0.025706093698652184,0.03432077578250813,0.008614682083855948,1.6723447729186705,35.0,0.40201057121979245,2026-07-22
2022-06-17,-0.015631191221303187,0.0319508082285605,0.03816522676600515,0.006214418537444651,-0.1552395694943572,35.0,0.40201057121979245,2026-07-22
2022-06-20,-0.030312987759796184,0.029909695020628794,0.03453675660338632,0.004627061582757528,-1.318196914241776,35.0,0.42977834517413727,2026-07-22
2022-06-21,-0.006718061674008902,0.03211127731247931,0.04033249910832424,0.008221221795844932,1.3602319602521489,36.666666666666664,0.42977834517413727,2026-07-22
2022-06-22,-0.0027292809197677625,0.0403829336915371,0.048249915214966445,0.007866981523429344,1.080708812724317,38.333333333333336,0.42977834517413727,2026-07-22
2022-06-23,0.016771147810172193,0.025296571087762888,0.03119859882480725,0.005902027737044364,-0.3545716085715757,36.666666666666664,0.42977834517413727,2026-07-22
2022-06-24,-0.0028598344660522024,0.017964121581101552,0.025506206226277257,0.0075420846451757055,0.8392028543802966,38.333333333333336,0.42977834517413727,2026-07-22
2022-06-27,0.01462698653709893,0.021911093867739085,0.029387178423401033,0.007476084555661948,0.7769459962419691,40.0,0.3177885696673971,2026-07-22
2022-06-28,0.012703480154969027,0.019300847728369562,0.02542507486680655,0.006124227138436987,-0.20761527326246612,40.0,0.3177885696673971,2026-07-22
2022-06-29,-8.209506608625183e-06,0.0149444450733999,0.021134462942913563,0.006190017869513663,-0.17466250795889307,40.0,0.3177885696673971,2026-07-22
2022-06-30,-0.01682141713666474,0.021777059444311398,0.028008765306657104,0.006231705862345706,-0.13757799352323885,40.0,0.3177885696673971,2026-07-22
2022-07-01,0.0010855043420174848,0.019014179550702247,0.026985371107394605,0.007971191556692358,1.1184894520391486,41.66666666666667,0.3177885696673971,2026-07-22
2022-07-04,-0.0028109100008342214,0.017954668863978566,0.02533435864357217,0.007379689779593603,0.6888273533734917,41.66666666666667,0.28187687467530476,2026-07-22
2022-07-05,-0.011911035273058812,0.020714497043753992,0.027965115691628104,0.007250618647874112,0.5785645896332035,43.333333333333336,0.28187687467530476,2026-07-22
2022-07-06,-0.026818139491572857,0.020297453115431595,0.02608173640944349,0.005784283294011896,-0.49655861142137403,43.333333333333336,0.28187687467530476,2026-07-22
2022-07-07,0.014674541801132701,0.017099079553163265,0.021803378609676467,0.004704299056513202,-1.2562059762418913,43.333333333333336,0.28187687467530476,2026-07-22
2022-07-08,0.0041406625060009805,0.021405570318150133,0.028559501094809592,0.007153930776659458,0.5196572693000807,43.333333333333336,0.28187687467530476,2026-07-22
2022-07-11,-0.013676994134772191,0.018620485487078776,0.026408813627259206,0.00778832814018043,0.9633183256739843,45.0,0.2698673105652377,2026-07-22
2022-07-12,0.016904846402201912,0.02180641421474199,0.027099765938082266,0.005293351723340275,-0.8061835089575148,43.333333333333336,0.2698673105652377,2026-07-22
2022-07-13,-0.0007660748029484354,0.014910284734617243,0.021545505984053512,0.006635221249436269,0.15236505449152857,45.0,0.2698673105652377,2026-07-22
2022-07-14,0.00702773613193397,0.01611194538342846,0.02478976553163752,0.008677820148209059,1.5554805810213639,46.666666666666664,0.2698673105652377,2026-07-22
2022-07-15,-0.002470033920671355,0.013019259009955072,0.020218251851312558,0.007198992841357487,0.4952116047144627,48.333333333333336,0.2698673105652377,2026-07-22
2022-07-18,-0.0023404706381174867,0.014459525787471146,0.021947820065551574,0.007488294278080428,0.6958503878855352,48.333333333333336,0.2879621493125903,2026-07-22
2022-07-19,0.0015639741944257768,0.01453910813826374,0.020536331564482785,0.005997223426219046,-0.32675781658075986,46.666666666666664,0.2879621493125903,2026-07-22
2022-07-20,0.013417293966885513,0.01736744305843164,0.02471876151453897,0.007351318456107328,0.6492648610442241,48.333333333333336,0.2879621493125903,2026-07-22
2022-07-21,0.0036260404977639382,0.016273033767244937,0.022532125714375267,0.00625909194713033,-0.16380340736164176,48.333333333333336,0.2879621493125903,2026-07-22
2022-07-22,-0.003095613573973477,0.01353610712533683,0.019806299022624277,0.006270191897287447,-0.145294330012124,46.666666666666664,0.2879621493125903,2026-07-22
2022-07-25,-0.00523954601761023,0.015549700080623558,0.021239033354777462,0.005689333274153904,-0.557926030052516,45.0,0.2839410249628228,2026-07-22
2022-07-26,-0.0028859907446361355,0.014450659527999576,0.02219881132800444,0.007748151800004863,0.9572349792589484,46.666666666666664,0.2839410249628228,2026-07-22
2022-07-27,0.005037677099243076,0.01428041212809846,0.02081221319930083,0.006531801071202369,0.058919165308561984,48.333333333333336,0.2839410249628228,2026-07-22
2022-07-28,0.014340408382589986,0.01480636519431053,0.021571582643891068,0.006765217449580538,0.22729416190397156,50.0,0.2839410249628228,2026-07-22
2022-07-29,-0.0014816408965996342,0.013317320738890621,0.020082436455831073,0.006765115716940452,0.21684036893496028,51.66666666666667,0.2839410249628228,2026-07-22
2022-08-01,0.02074059336997336,0.017881197759244342,0.022367758496389986,0.004486560737145644,-1.5344568047092524,51.66666666666667,0.20812230267036633,2026-07-22
2022-08-02,0.008340439355179363,0.016346790011607427,0.023619765519634038,0.007272975508026611,0.6045309116591068,51.66666666666667,0.20812230267036633,2026-07-22
2022-08-03,0.006555951096148593,0.01465902085867482,0.0201645455524528,0.005505524693777981,-0.7305209290247374,50.0,0.20812230267036633,2026-07-22
2022-08-04,0.0035126744334912363,0.014827592737128598,0.021083158197061667,0.0062555654599330685,-0.20707125584015507,50.0,0.20812230267036633,2026-07-22
2022-08-05,-0.0011242674321254587,0.013689154825169888,0.022295521847536744,0.008606367022366857,1.690774238299259,51.66666666666667,0.20812230267036633,2026-07-22
2022-08-08,0.0032009834442900953,0.015548777621581883,0.022302117885317947,0.006753340263736064,0.12231159774724455,53.333333333333336,0.1630673333360409,2026-07-22
2022-08-09,0.0016709767256812835,0.014113154395129586,0.02061226575836721,0.006499111363237624,-0.12905120244016124,53.333333333333336,0.1630673333360409,2026-07-22
2022-08-10,-0.0018667831751201236,0.013598131292125101,0.021874574448235453,0.008276443156110352,1.3732582085059408,55.00000000000001,0.1630673333360409,2026-07-22
2022-08-11,-0.0035256665340230864,0.016426848564793185,0.02150699640041669,0.0050801478356235046,-1.3425266091016979,53.333333333333336,0.1630673333360409,2026-07-22
2022-08-12,0.008194430023880539,0.013379810057399919,0.018586910281424222,0.0052071002240243035,-1.1925163653964732,51.66666666666667,0.1630673333360409,2026-07-22
2022-08-15,0.009403246377730268,0.013862946252097944,0.019528152758025927,0.0056652065059279826,-0.7800175225008238,50.0,0.14945103141587238,2026-07-22
2022-08-16,0.00038455501491130306,0.011357536895565436,0.018979877676160366,0.007622340780594931,0.8475234106550522,51.66666666666667,0.14945103141587238,2026-07-22
2022-08-17,0.00046285763597420093,0.013043171971963696,0.018469603976225213,0.005426432004261517,-1.0364816123912115,51.66666666666667,0.14945103141587238,2026-07-22
2022-08-18,-0.0012703092654161585,0.012328442360119995,0.01869546191202332,0.006367019551903327,-0.2141837827389578,50.0,0.14945103141587238,2026-07-22
2022-08-19,-0.003517422231992806,0.011766170782026611,0.016926971054213844,0.005160800272187233,-1.2667341357799902,50.0,0.14945103141587238,2026-07-22
2022-08-22,-0.006894215162545847,0.01673742953996958,0.023818736926439973,0.007081307386470392,0.38757777271212784,51.66666666666667,0.09245334107395427,2026-07-22
2022-08-23,0.008235284783764119,0.01602381745384563,0.025024029660897895,0.009000212207052265,1.9470736758570157,53.333333333333336,0.09245334107395427,2026-07-22
2022-08-24,0.0049968130562398905,0.012981159969115311,0.019262021049955697,0.006280861080840385,-0.34021038610472676,53.333333333333336,0.09245334107395427,2026-07-22
2022-08-25,0.009176610604779478,0.013393966523806164,0.01811695861583567,0.004722992092029506,-1.5955631188509125,53.333333333333336,0.09245334107395427,2026-07-22
2022-08-26,-0.004895723418782305,0.01369212035896799,0.01853242654184686,0.004840306182878871,-1.476809523053092,53.333333333333336,0.09245334107395427,2026-07-22
2022-08-29,-0.009176887031506986,0.019651439419397378,0.0265082984199906,0.006856859000593223,0.19169451369413879,53.333333333333336,0.07994678859580152,2026-07-22
2022-08-30,0.006759521561221282,0.014578754298771554,0.019451519485055118,0.004872765186283564,-1.4005601873181126,51.66666666666667,0.07994678859580152,2026-07-22
2022-08-31,0.0008754171910050346,0.01167597097902374,0.018031516883214572,0.006355545904190832,-0.1794494044888049,50.0,0.07994678859580152,2026-07-22
2022-09-05,-0.002467766749185918,0.012426609858051942,0.01870315991939491,0.006276550061342969,-0.22915682608916638,48.333333333333336,0.07994678859580152,2026-07-22
2022-09-06,3.914353935896564e-05,0.011828825037527432,0.018883670269329505,0.007054845231802073,0.38863516373485407,50.0,0.07994678859580152,2026-07-22
2022-09-07,-0.026796618130577765,0.021770465311750226,0.029544947012377632,0.0077744817006274065,0.968362400641544,51.66666666666667,0.07711487369176005,2026-07-22
2022-09-08,-0.006893666996468872,0.016449354367664624,0.022976024937243485,0.0065266705695788615,-0.08006660883246992,50.0,0.07711487369176005,2026-07-22
2022-09-09,0.011485501376964358,0.015515329212984286,0.02131032254369063,0.005794993330706344,-0.702482837712355,48.333333333333336,0.07711487369176005,2026-07-22
2022-09-12,0.0006726565127563866,0.011396326390171786,0.01759179515250119,0.006195468762329404,-0.3212165762979637,46.666666666666664,0.07711487369176005,2026-07-22
2022-09-13,-0.0009762967942252843,0.011242959018693363,0.018197074904190532,0.006954115885497169,0.35747653766539456,48.333333333333336,0.07711487369176005,2026-07-22
2022-09-14,-0.006111823133611138,0.012194651301370726,0.01819832331320298,0.006003672011832254,-0.540860122621587,48.333333333333336,0.11133267291071915,2026-07-22
2022-09-15,0.003941101090451982,0.011548811491522556,0.018410210901478357,0.006861399409955801,0.28537901732293147,48.333333333333336,0.11133267291071915,2026-07-22
2022-09-16,-0.009336416036478723,0.016379700039779375,0.02060167468288711,0.004221974643107734,-2.1097905688237777,46.666666666666664,0.11133267291071915,2026-07-22
2022-09-19,-0.02317609782582264,0.023547415802203465,0.029460007053134153,0.005912591250930688,-0.5445792293762312,46.666666666666664,0.11133267291071915,2026-07-22
2022-09-20,0.01119932306313931,0.013085393568225889,0.01876916914471776,0.005683775576491872,-0.7303133811601196,45.0,0.11133267291071915,2026-07-22
2022-09-21,-0.006874882068699684,0.01172539735854396,0.018827287402582164,0.007101890044038203,0.5959474437723632,45.0,0.1539559604097987,2026-07-22
2022-09-22,0.003428193796208401,0.013324461190463155,0.018992577731770884,0.005668116541307729,-0.7325492488260108,45.0,0.1539559604097987,2026-07-22
2022-09-23,-0.009401498312340606,0.014381380534521624,0.02217324460116013,0.007791864066638506,1.2029255360705182,46.666666666666664,0.1539559604097987,2026-07-22
2022-09-26,-0.02404261684728415,0.024479766314819754,0.03161084954043657,0.007131083225616813,0.5806342229902473,48.333333333333336,0.1539559604097987,2026-07-22
2022-09-27,-0.006650487503725433,0.016498291108351503,0.023371731595661607,0.0068734404873101035,0.36666522368059506,48.333333333333336,0.1539559604097987,2026-07-22
2022-09-28,-0.01964784748058368,0.02042998296734192,0.026134042094625057,0.005704059127283136,-0.6963957647489082,46.666666666666664,0.18911144832139615,2026-07-22
2022-09-29,-0.015346006540634116,0.021035119430083144,0.027779506303942523,0.006744386873859379,0.28213710507237155,46.666666666666664,0.18911144832139615,2026-07-22
2022-09-30,0.005363787331160497,0.021132636969687656,0.02765136938911967,0.006518732419432013,0.059714894747120176,48.333333333333336,0.18911144832139615,2026-07-22
2022-10-03,-0.04034060294494335,0.024120382100587433,0.026553254395587086,0.0024328722949996523,-3.422420879301655,48.333333333333336,0.18911144832139615,2026-07-22
2022-10-04,-0.007639630352343385,0.022592596141579116,0.029082470760486902,0.006489874618907786,0.07211748430862257,48.333333333333336,0.18911144832139615,2026-07-22
2022-10-05,0.02422690930676885,0.020116294210676434,0.02477715228155615,0.004660858070879716,-1.4505220863095112,46.666666666666664,0.25873220838381367,2026-07-22
2022-10-06,-0.026932063101081316,0.023991608422004984,0.02986211770647269,0.005870509284467706,-0.4248728030149505,46.666666666666664,0.25873220838381367,2026-07-22
2022-10-07,-0.035932323269925126,0.028191326698176835,0.031905913270085996,0.0037145865719091613,-2.1501356160238996,45.0,0.25873220838381367,2026-07-22
2022-10-10,0.00634224980934639,0.02436458559492684,0.03287789562224355,0.008513310027316711,1.8278651971646747,45.0,0.25873220838381367,2026-07-22
2022-10-11,-0.034801626889724435,0.027874447638039212,0.0313696773269914,0.003495229688952186,-2.2008825244893733,43.333333333333336,0.25873220838381367,2026-07-22
2022-10-12,0.028433710991850436,0.023364736148904074,0.03121809817910753,0.007853362030203457,1.2683526505014198,43.333333333333336,0.3678474635763605,2026-07-22
2022-10-13,0.01563572056706075,0.01849586088971949,0.025100665321875406,0.0066048044321559175,0.2684559996945347,45.0,0.3678474635763605,2026-07-22
2022-10-14,0.01033311449205021,0.018398779035156822,0.026172765696739517,0.007773986661582695,1.18446155911939,45.0,0.3678474635763605,2026-07-22
2022-10-17,-0.009671799218345378,0.017544489087323752,0.02524267761170281,0.007698188524379059,1.0942111543572572,46.666666666666664,0.3678474635763605,2026-07-22
2022-10-18,0.01148747598851263,0.0193080077754334,0.029445605087042238,0.010137597311608838,2.7508128463178148,48.333333333333336,0.3678474635763605,2026-07-22
2022-10-19,-0.0033751386721322385,0.013979663675988734,0.02203200764485949,0.008052343968870758,1.190439702073586,50.0,0.38214849369107123,2026-07-22
2022-10-20,-0.001528200967860549,0.01568015488913258,0.02284227425866962,0.007162119369537041,0.5585461135288384,50.0,0.38214849369107123,2026-07-22
2022-10-21,-0.036496764136236926,0.02634536274703358,0.029038018490347112,0.002692655743313531,-2.4912830987611536,48.333333333333336,0.38214849369107123,2026-07-22
2022-10-24,-0.03301563020925269,0.029266961247852052,0.03264728973177012,0.0033803284839180672,-1.9189244626459596,46.666666666666664,0.38214849369107123,2026-07-22
2022-10-25,0.01171221416620205,0.03428800858626199,0.044147108261391885,0.009859099675129893,2.244824328276435,46.666666666666664,0.38214849369107123,2026-07-22
2022-10-26,-0.004350005011526492,0.025579479395784623,0.03534891290843908,0.009769433512654455,2.0757672014565487,48.333333333333336,0.40998369960165104,2026-07-22
2022-10-27,0.034881613916404985,0.024755797326139594,0.030301107200899447,0.005545309874759853,-0.5173951573280137,46.666666666666664,0.40998369960165104,2026-07-22
2022-10-28,-0.0006322895691677211,0.017426618449068794,0.026803657998517944,0.00937703954944915,1.7664906787976427,48.333333333333336,0.40998369960165104,2026-07-22
2022-10-31,0.0005645538078182799,0.025007302769154843,0.03519520669164277,0.010187903922487928,2.1278354314150953,50.0,0.40998369960165104,2026-07-22
2022-11-01,0.00565208086075053,0.019177027617280552,0.0286481761163348,0.009471148499054248,1.6838409605365858,50.0,0.40998369960165104,2026-07-22
2022-11-02,-0.010215235792019328,0.01806939542978878,0.027533499604385604,0.009464104174596824,1.6165310105928106,50.0,0.3983479814449904,2026-07-22
2022-11-03,-0.003303394286496286,0.017008640427351434,0.024830758400140155,0.007822117972788721,0.6836831734305256,51.66666666666667,0.3983479814449904,2026-07-22
2022-11-04,-0.022219825261568293,0.02752691523965503,0.03561509361643938,0.008088178376784348,0.83485559942894,51.66666666666667,0.3983479814449904,2026-07-22
2022-11-07,-0.02202276487990762,0.03302118331270968,0.037998741067419115,0.004977557754709434,-0.8978015739292627,51.66666666666667,0.3983479814449904,2026-07-22
2022-11-08,0.006624350126641865,0.02721306350274618,0.037130463584570714,0.009917400081824533,1.769927008745141,53.333333333333336,0.3983479814449904,2026-07-22
2022-11-09,0.004013650486425879,0.018201479788862523,0.026341674458065366,0.008140194669202842,0.7774629643903516,55.00000000000001,0.3911452861440192,2026-07-22
2022-11-10,-0.03891070323359613,0.027107120703709967,0.029920765477256098,0.0028136447735461305,-2.003588729527524,53.333333333333336,0.3911452861440192,2026-07-22
2022-11-11,0.007696043241417039,0.038851375866569726,0.050036800346847106,0.01118542448027738,2.246186042647771,55.00000000000001,0.3911452861440192,2026-07-22
2022-11-14,-0.014132609766062898,0.037102109573906625,0.04406128339566445,0.0069591738217578275,0.1131025517388675,56.666666666666664,0.3911452861440192,2026-07-22
2022-11-15,-0.03096574003230468,0.035236542260514515,0.039809692369812716,0.0045731501092982005,-1.0785891726500412,56.666666666666664,0.3911452861440192,2026-07-22
2022-11-16,0.03399495558723542,0.03579088042510166,0.043875718752243914,0.008084838327142255,0.6709429684241304,56.666666666666664,0.4133202152473358,2026-07-22
2022-11-17,0.027956305016438643,0.025643006890927623,0.031618685234083864,0.005975678343156241,-0.3609245016777282,55.00000000000001,0.4133202152473358,2026-07-22
2022-11-18,7.222004415741168e-05,0.02985168334327503,0.039966930740133265,0.010115247396858235,1.655245000820066,56.666666666666664,0.4133202152473358,2026-07-22
2022-11-21,-0.008954638771110024,0.0343564651472609,0.04437178571697988,0.010015320569718981,1.5435371376697746,58.333333333333336,0.4133202152473358,2026-07-22
2022-11-22,-0.008879404569822502,0.02902934723748463,0.037458356493965714,0.008429009256481084,0.7450967800750242,60.0,0.4133202152473358,2026-07-22
2022-11-23,-0.006427761206570626,0.02632611147942313,0.034452021473326405,0.008125909993903276,0.5850409958623631,60.0,0.3808427942501616,2026-07-22
2022-11-24,0.0018076109936575602,0.02139259755926832,0.03138256699987081,0.009989969440602493,1.437358100721593,61.66666666666667,0.3808427942501616,2026-07-22
2022-11-25,0.025060408774836285,0.024749765724097945,0.03035511681849493,0.005605351094396985,-0.6691027435266005,61.66666666666667,0.3808427942501616,2026-07-22
2022-11-28,0.03523562472978825,0.026331363337390463,0.03177709515109356,0.005445731813703097,-0.7364891223964877,61.66666666666667,0.3808427942501616,2026-07-22
2022-11-29,0.026320237846652494,0.0246604721636842,0.0319423222301389,0.007281850066454702,0.14126315656344987,61.66666666666667,0.3808427942501616,2026-07-22
2022-11-30,0.0157533715702991,0.022363569418972204,0.028527962209356078,0.006164392790383874,-0.38110239567571036,60.0,0.4118891626157816,2026-07-22
2022-12-01,-0.011579328894908647,0.0316047364100932,0.040655289078754105,0.009050552668660908,0.9734155693035492,61.66666666666667,0.4118891626157816,2026-07-22
2022-12-02,0.042199019570000385,0.02749351161090266,0.03388682291361989,0.006393311302717232,-0.2946792119798236,61.66666666666667,0.4118891626157816,2026-07-22
2022-12-05,0.01264803103674983,0.02346389535006004,0.03150324016136674,0.008039344811306703,0.4742312866000421,63.33333333333333,0.4118891626157816,2026-07-22
2022-12-06,-0.041127579617252,0.030698267081277854,0.04017182257092858,0.009473555489650724,1.1243531459255922,63.33333333333333,0.4118891626157816,2026-07-22
2022-12-07,-0.007313886849307338,0.027812785097689637,0.03584569338527451,0.008032908287584874,0.43060373858175693,65.0,0.3829783865145111,2026-07-22
2022-12-08,0.00913527117634616,0.02556103207938708,0.03327692920155345,0.00771589712216637,0.27444216614133843,65.0,0.3829783865145111,2026-07-22
2022-12-09,0.0012184326006872137,0.020780895165225282,0.029913744735957173,0.00913284957073189,0.9113223978193226,66.66666666666666,0.3829783865145111,2026-07-22
2022-12-12,-0.01876764814938059,0.02615868525027546,0.03292716379350066,0.006768478543225202,-0.21944465911091612,66.66666666666666,0.3829783865145111,2026-07-22
2022-12-13,0.014902089974517363,0.019943139476104016,0.02548406601910608,0.005540926543002065,-0.8025205510354547,66.66666666666666,0.3829783865145111,2026-07-22
2022-12-14,0.002845004534822726,0.015488409661251508,0.02243488295721468,0.0069464732959631705,-0.1321291307591627,65.0,0.37520900891115044,2026-07-22
2022-12-15,0.004655236426986953,0.014879800942533222,0.02159008853076882,0.0067102875882356,-0.25388798766700776,65.0,0.37520900891115044,2026-07-22
2022-12-16,-0.002691126861994353,0.016994461111329046,0.026184450855775712,0.009189989744446667,0.9142038385673426,65.0,0.37520900891115044,2026-07-22
2022-12-19,-0.013377926421404562,0.02059451055359041,0.027225652783947518,0.006631142230357108,-0.29667816671313085,63.33333333333333,0.37520900891115044,2026-07-22
2022-12-20,-0.014705315870570224,0.027282805558708597,0.035170386659466396,0.007887581100757799,0.2913517703933658,63.33333333333333,0.37520900891115044,2026-07-22
2022-12-21,-0.004153919834234188,0.024225741499409936,0.03586466560813716,0.011638924108727227,1.9645850158238922,65.0,0.35957530383276465,2026-07-22
2022-12-22,0.0036608825376884813,0.015964156441626638,0.024866673258415614,0.008902516816788976,0.6857616806553759,65.0,0.35957530383276465,2026-07-22
2022-12-23,-0.002219810093779584,0.01676115146309673,0.02452510534975597,0.00776395388665924,0.15393599521246404,65.0,0.35957530383276465,2026-07-22
2022-12-26,-0.034429699903953614,0.0281065570192451,0.032843494086573465,0.004736937067328365,-1.296507139974648,65.0,0.35957530383276465,2026-07-22
2022-12-27,0.019650632859999462,0.023178928845615534,0.02888945737929024,0.0057105285336747046,-0.8247005680049186,63.33333333333333,0.35957530383276465,2026-07-22
2022-12-28,0.011039549259882264,0.017393340577025997,0.02499890145599393,0.007605560878967934,0.049050190412912704,65.0,0.2910437523433882,2026-07-22
2022-12-29,-0.006271783864679081,0.016712345690412196,0.023977300579930968,0.007264954889518772,-0.12632258317368852,65.0,0.2910437523433882,2026-07-22
2022-12-30,-0.0021797501213723924,0.01788674834080291,0.03095257855413078,0.01306583021332787,2.52625687008917,66.66666666666666,0.2910437523433882,2026-07-22
2023-01-03,0.03655085444200634,0.025785071531853235,0.034207306737340494,0.00842223520548726,0.34793967080351906,66.66666666666666,0.2910437523433882,2026-07-22
2023-01-04,0.002346968100392477,0.014303789638186194,0.021097694474225548,0.006793904836039354,-0.45687134176041294,66.66666666666666,0.2910437523433882,2026-07-22
2023-01-05,0.009050508911931932,0.015460505610117543,0.02106352962290082,0.005603024012783276,-1.007323324992121,65.0,0.2757239248661353,2026-07-22
2023-01-06,-0.004148434392225786,0.016503024185954375,0.02336170789850345,0.006858683712549076,-0.4061262526458901,63.33333333333333,0.2757239248661353,2026-07-22
2023-01-09,0.0026344822338888463,0.01488882375557711,0.022816053021746666,0.007927229266169556,0.10680377922889481,63.33333333333333,0.2757239248661353,2026-07-22
2023-01-10,-0.0008157767427743323,0.014837274038137588,0.022267436693565006,0.007430162655427418,-0.13018796026467852,61.66666666666667,0.2757239248661353,2026-07-22
2023-01-11,0.0022879384819860515,0.01242374584005768,0.018501062144048754,0.006077316303991075,-0.7537574289061599,60.0,0.2757239248661353,2026-07-22
2023-01-12,0.0005967265287565304,0.012871214994708448,0.019280193326111264,0.006408978331402816,-0.5783347790164894,58.333333333333336,0.21458885800073094,2026-07-22
2023-01-13,0.0035782239513815206,0.013016678269960226,0.01947458995811703,0.006457911688156804,-0.5478107550860628,56.666666666666664,0.21458885800073094,2026-07-22
2023-01-16,0.0061405246328418706,0.015406879718033178,0.020289118565304864,0.004882238847271686,-1.3712196299913428,56.666666666666664,0.21458885800073094,2026-07-22
2023-01-17,0.020259121760977994,0.01828743964770055,0.025296585192079706,0.007009145544379158,-0.35380829345693726,56.666666666666664,0.21458885800073094,2026-07-22
2023-01-18,0.009179538542116505,0.016520054274653764,0.023824794109953116,0.007304739835299352,-0.18025311385406959,55.00000000000001,0.21458885800073094,2026-07-22
2023-01-19,0.008923043304075451,0.014062762283559065,0.020364140618049656,0.006301378334490591,-0.6808242356191402,53.333333333333336,0.19545566785455054,2026-07-22
2023-01-27,0.008140206483286283,0.017927522906586276,0.025061008224292188,0.007133485317705912,-0.2578298384421262,53.333333333333336,0.19545566785455054,2026-07-22
2023-01-30,-0.013006892847551632,0.025404228151599154,0.03542012612472007,0.010015897973120916,1.265287381797741,53.333333333333336,0.19545566785455054,2026-07-22
2023-01-31,0.007809027998222362,0.017017942427566404,0.02294316079458846,0.005925218367022058,-0.8726079991389896,51.66666666666667,0.19545566785455054,2026-07-22
2023-02-01,-0.03168703540380502,0.025302666137749265,0.030422980053019067,0.005120313915269802,-1.258391333314574,50.0,0.19545566785455054,2026-07-22
2023-02-02,0.0015056181863806195,0.01826490768836313,0.02441792582866168,0.00615301814029855,-0.6830856104175675,48.333333333333336,0.19775664935601442,2026-07-22
2023-02-03,-0.00040831856271850153,0.013774183917485817,0.02008913941406691,0.0063149554965810945,-0.581464183517462,46.666666666666664,0.19775664935601442,2026-07-22
2023-02-06,0.011270482291231287,0.015086256418195543,0.019879944461526744,0.0047936880433312005,-1.344619135070107,45.0,0.19775664935601442,2026-07-22
2023-02-07,-0.0215277841529804,0.01805052515968982,0.023964792550729985,0.005914267391040163,-0.7696564640294049,45.0,0.19775664935601442,2026-07-22
2023-02-08,0.005985889064024752,0.014922028163093754,0.021473942478280342,0.006551914315186588,-0.40741352173135004,43.333333333333336,0.19775664935601442,2026-07-22
2023-02-09,-0.007638357799705342,0.01585001657124597,0.02337996600307744,0.007529949431831471,0.12495852334273062,43.333333333333336,0.19418868327711258,2026-07-22
2023-02-10,-0.008204655883762735,0.01605929370977688,0.021380008137750223,0.005320714427973345,-1.1358283934517022,43.333333333333336,0.19418868327711258,2026-07-22
2023-02-13,-0.010992134937932274,0.02571663459345161,0.03212620162449544,0.006409567031043832,-0.49808704299852247,41.66666666666667,0.19418868327711258,2026-07-22
2023-02-14,-0.004848136437673567,0.016165527261080743,0.02329339253532071,0.007127865274239968,-0.07928351511075589,40.0,0.19418868327711258,2026-07-22
2023-02-15,0.009204344142339949,0.01639926016775775,0.024939389433008215,0.008540129265250464,0.7212758358231514,41.66666666666667,0.19418868327711258,2026-07-22
2023-02-16,0.009626025567639696,0.015125181972642154,0.022759461681311266,0.007634279708669112,0.18637342170520427,41.66666666666667,0.16092571980936154,2026-07-22
2023-02-17,0.0009638189910137207,0.011293236339925405,0.01804127794102347,0.0067480416010980634,-0.3516216996188801,41.66666666666667,0.16092571980936154,2026-07-22
2023-02-20,0.025847013622074755,0.02053371326258863,0.027043280176270394,0.0065095669136817635,-0.46901677377931,40.0,0.16092571980936154,2026-07-22
2023-02-21,-0.00410420635139741,0.01409726062822781,0.021004567159370807,0.006907306531142996,-0.19825919992708427,38.333333333333336,0.16092571980936154,2026-07-22
2023-02-22,-0.02582630309638434,0.018592284064850688,0.027269693074856566,0.008677409010005879,0.9092585638510249,38.333333333333336,0.16092571980936154,2026-07-22
2023-02-23,-0.0005880790681791481,0.014030180349488105,0.019870720302095024,0.005840539952606919,-0.8424187077970148,36.666666666666664,0.19933349324855953,2026-07-22
2023-02-24,-0.01338192585843645,0.017114458162782974,0.0245121557909649,0.007397697628181925,0.16172409009627878,36.666666666666664,0.19933349324855953,2026-07-22
2023-02-27,-0.017613220978106026,0.01868429431457777,0.025017101888984913,0.006332807574407143,-0.5327065606845163,36.666666666666664,0.19933349324855953,2026-07-22
2023-02-28,0.0033586291309670724,0.013979714837547631,0.022167351125523167,0.008187636287975536,0.6399491129440659,38.333333333333336,0.19933349324855953,2026-07-22
2023-03-01,0.015487762033024932,0.018919855517345457,0.02506744599210528,0.006147590474759823,-0.6717588826557354,36.666666666666664,0.19933349324855953,2026-07-22
2023-03-02,-0.0028254288597376886,0.01190528118221709,0.01739747721163798,0.005492196029420889,-1.0820797055301314,36.666666666666664,0.233296686799175,2026-07-22
2023-03-03,-0.012374591609564223,0.012297403454679286,0.018827677000287684,0.006530273545608398,-0.3913561613802542,35.0,0.233296686799175,2026-07-22
2023-03-06,0.0023517472213276935,0.012567293197910376,0.01995403817235194,0.007386744974441563,0.1557189389141933,36.666666666666664,0.233296686799175,2026-07-22
2023-03-07,0.010377927919157148,0.014982492282864532,0.021829022635674804,0.006846530352810272,-0.18411548637972946,35.0,0.233296686799175,2026-07-22
2023-03-08,0.010926539736375585,0.012644103163433826,0.01772792606987757,0.005083822906443745,-1.2966455290190206,33.33333333333333,0.233296686799175,2026-07-22
2023-03-09,0.006452658266455691,0.01234039200479337,0.01816079562351368,0.005820403618720309,-0.7864469879171895,31.666666666666664,0.2299040097920866,2026-07-22
2023-03-10,-0.002793692883185761,0.0120319559796305,0.017383906616619385,0.005351950636988885,-1.0597180404983884,30.0,0.2299040097920866,2026-07-22
2023-03-13,-0.00018993352326690527,0.01389644055113778,0.01960750000665287,0.005711059455515088,-0.7979457612651208,28.333333333333332,0.2299040097920866,2026-07-22
2023-03-14,-0.01203457446808498,0.015876862545774605,0.02121611150758933,0.005339248961814726,-1.0181919185673778,28.333333333333332,0.2299040097920866,2026-07-22
2023-03-15,0.021208887350619543,0.018375157821455487,0.02328990351102876,0.004914745689573275,-1.2790883699019548,28.333333333333332,0.2299040097920866,2026-07-22
2023-03-16,-0.013924062550014549,0.011227943285441938,0.015725063450777246,0.004497120165335308,-1.493847237699494,28.333333333333332,0.25987197393012873,2026-07-22
2023-03-17,-0.002157723887721952,0.011124462452956993,0.01946729849861775,0.008342836045660756,0.9272004602728899,30.0,0.25987197393012873,2026-07-22
2023-03-20,-0.021088083893067044,0.015452384639708888,0.02049070569328087,0.005038321053571984,-1.1234516740533507,28.333333333333332,0.25987197393012873,2026-07-22
2023-03-21,0.009119343172710348,0.01140274149951158,0.017560984849531024,0.006158243350019443,-0.4055585150875298,28.333333333333332,0.25987197393012873,2026-07-22
2023-03-22,0.007855254109237375,0.012532442059540322,0.020371406616733024,0.007838964557192702,0.6628393579630072,28.333333333333332,0.25987197393012873,2026-07-22
2023-03-23,0.004382339938877822,0.010781151179479155,0.018004006162370415,0.0072228549828912605,0.34738560676333535,28.333333333333332,0.2768232946191475,2026-07-22
2023-03-24,0.0016170701368289908,0.011514589273192688,0.01822421573414305,0.006709626460950363,0.016923765438340257,28.333333333333332,0.2768232946191475,2026-07-22
2023-03-27,0.005215945891726248,0.011065640048515494,0.016808239470194775,0.005742599421679281,-0.6448825149119596,26.666666666666668,0.2768232946191475,2026-07-22
2023-03-28,0.0019387027797577172,0.010210340879766818,0.017595012553627203,0.007384671673860385,0.49512100893434713,28.333333333333332,0.2768232946191475,2026-07-22
2023-03-29,0.0019349514839370752,0.010021295108326066,0.01756360526305533,0.007542310154729264,0.5873300529494854,30.0,0.2768232946191475,2026-07-22
2023-03-30,0.002944155708916929,0.012170766150825348,0.02028401393827116,0.00811324778744581,0.98741329417914,30.0,0.2535153392157068,2026-07-22
2023-03-31,0.0049082534168995995,0.015109065689629542,0.021960619190997722,0.006851553501368179,0.08844033862469247,31.666666666666664,0.2535153392157068,2026-07-22
2023-04-03,0.013751127141568897,0.0186795455920263,0.02509771307173944,0.006418167479713143,-0.17814379864563723,30.0,0.2535153392157068,2026-07-22
2023-04-04,-0.0007690312059891458,0.016601722027737017,0.026021975194623206,0.009420253166886189,2.4165028629523735,30.0,0.2535153392157068,2026-07-22
2023-04-05,0.0022346886735591376,0.01762555330687594,0.02766092889441836,0.01003537558754242,2.7131811317023464,31.666666666666664,0.2535153392157068,2026-07-22
2023-04-06,-0.00920563255185669,0.01875218660965237,0.0261924117340636,0.0074402251244112295,0.586994670616463,33.33333333333333,0.19812316153388512,2026-07-22
2023-04-07,-0.0011205423424938132,0.015891441380520413,0.024689376700476797,0.008797935319956384,1.627078139338042,35.0,0.19812316153388512,2026-07-22
2023-04-10,-0.00407587103046636,0.017954838001554268,0.028081169877553654,0.010126331875999386,2.5231438183085397,35.0,0.19812316153388512,2026-07-22
2023-04-11,0.003857887079363742,0.01287212401789135,0.0201588569441059,0.00728673292621455,0.3792335296655279,36.666666666666664,0.19812316153388512,2026-07-22
2023-04-12,-9.350513343164835e-06,0.014259269213513231,0.022446187890006367,0.008186918676493135,1.0266039997193968,38.333333333333336,0.19812316153388512,2026-07-22
2023-04-13,-0.004815559399691471,0.016173366474856024,0.024807993974471573,0.00863462749961555,1.3161044939095468,40.0,0.1396660170690014,2026-07-22
2023-04-14,-0.010720661467631176,0.018788169942284747,0.025997773101363506,0.007209603159078759,0.25148361379621265,41.66666666666667,0.1396660170690014,2026-07-22
2023-04-17,0.0008737854856630811,0.012276521652847221,0.01936672239747456,0.007090200744627339,0.13836174087528674,43.333333333333336,0.1396660170690014,2026-07-22
2023-04-18,0.0011482145737846672,0.015498841755701286,0.024842081656768517,0.009343239901067231,1.760859396669857,45.0,0.1396660170690014,2026-07-22
2023-04-19,-0.005725009952417981,0.015241001853870177,0.025472506036637428,0.010231504182767252,2.270701881049289,46.666666666666664,0.1396660170690014,2026-07-22
2023-04-20,0.0002573928959559435,0.012835880024229298,0.029217240960691903,0.016381360936462606,4.935649815540493,48.333333333333336,0.14213357279998565,2026-07-22
2023-04-21,-0.006042411246128143,0.01719626012258055,0.027661547260709147,0.010465287138128596,1.69491882653082,50.0,0.14213357279998565,2026-07-22
2023-04-24,-0.0014862260405981154,0.015840316871271055,0.02368924673190252,0.007848929860631463,0.3543086497325779,50.0,0.14213357279998565,2026-07-22
2023-04-25,-0.0062514404240607835,0.01659856873952106,0.027459934010045123,0.010861365270524063,1.8602787033689259,51.66666666666667,0.14213357279998565,2026-07-22
2023-04-26,0.005749625549596571,0.015052013640818582,0.023848526594876275,0.008796512954057693,0.765030291111687,53.333333333333336,0.14213357279998565,2026-07-22
2023-04-27,-0.0011241352805532179,0.014545960909589574,0.025308976208436394,0.01076301529884682,1.7087582493701479,55.00000000000001,0.06279981708162793,2026-07-22
2023-04-28,0.009128247549608837,0.017059012790786747,0.025422084278372635,0.008363071487585888,0.4714596521667335,56.666666666666664,0.06279981708162793,2026-07-22
2023-05-04,-0.008111560164709486,0.019979912953430656,0.028851857803685512,0.008871944850254856,0.7038835377160306,58.333333333333336,0.06279981708162793,2026-07-22
2023-05-05,-0.0002882924438549761,0.014127180777696025,0.021988123656457643,0.007860942878761618,0.16771202907198915,60.0,0.06279981708162793,2026-07-22
2023-05-08,0.012621237900241278,0.01955009859347524,0.028130067284618483,0.008579968691143244,0.522334046189525,61.66666666666667,0.06279981708162793,2026-07-22
2023-05-09,0.00031325941676785263,0.012947258781597429,0.020983723089270847,0.008036464307673418,0.23655891081867167,61.66666666666667,0.029738465452995803,2026-07-22
2023-05-10,0.0042608918454691835,0.018310011822985556,0.02760001288930274,0.009290001066317184,0.8555389263041066,63.33333333333333,0.029738465452995803,2026-07-22
2023-05-11,-0.0010772399977322378,0.015208400168500686,0.025083418921633696,0.00987501875313301,1.1215006380424357,65.0,0.029738465452995803,2026-07-22
2023-05-12,0.009251551384894974,0.016847354024784645,0.024679290058561745,0.0078319360337771,0.0605176870603361,66.66666666666666,0.029738465452995803,2026-07-22
2023-05-15,-0.0011153810104039819,0.019613694531785464,0.02806484472407494,0.008451150192289477,0.3813752484059344,66.66666666666666,0.029738465452995803,2026-07-22
2023-05-16,0.0001876683150201508,0.013835870456006238,0.023171273329592932,0.009335402873586694,0.8190259962589655,66.66666666666666,0.028590519464774092,2026-07-22
2023-05-17,-0.005131765346042427,0.017060768403251474,0.025434696892533495,0.00837392848928202,0.31142862938084587,68.33333333333333,0.028590519464774092,2026-07-22
2023-05-18,0.007421447700954209,0.015643251159357167,0.023288109530813325,0.007644858371456158,-0.073780958073793,68.33333333333333,0.028590519464774092,2026-07-22
2023-05-19,-0.0011607117784163679,0.015691291645479152,0.024812797313103797,0.009121505667624645,0.6684365405863588,70.0,0.028590519464774092,2026-07-22
2023-05-22,0.0033456099412412232,0.015270939370562255,0.023274734708666957,0.008003795338104702,0.09829514628153768,70.0,0.028590519464774092,2026-07-22
2023-05-23,-0.004473959500859492,0.013206752201261879,0.020334359320339418,0.007127607119077539,-0.36797225487062324,70.0,0.017968526421681903,2026-07-22
2023-05-24,-0.0038091663930196473,0.01444573337060851,0.022843668035563022,0.008397934664954513,0.28423482853202253,70.0,0.017968526421681903,2026-07-22
2023-05-25,0.0026747285244730357,0.015854433564827825,0.03019131039654478,0.014336876831716954,3.0450110414417266,71.66666666666667,0.017968526421681903,2026-07-22
2023-05-26,-0.0008171853132075135,0.017303764624153756,0.02775275886692121,0.010448994242767455,1.1499289833169206,71.66666666666667,0.017968526421681903,2026-07-22
2023-05-29,0.010547491915469775,0.021591224005640806,0.03144841142837125,0.009857187422730444,0.8407631443820737,73.33333333333333,0.017968526421681903,2026-07-22
2023-05-30,0.002855867085899133,0.016136425758102438,0.026396149275443283,0.010259723517340846,0.9985026526422058,75.0,0.0269671693544801,2026-07-22
2023-05-31,-0.0026714901906218502,0.02064808704011831,0.03296716735396714,0.012319080313848828,1.8834674372943951,76.66666666666667,0.0269671693544801,2026-07-22
2023-06-01,0.0029948752290336333,0.020759819124892383,0.031525770719008875,0.010765951594116491,1.1257088899818388,76.66666666666667,0.0269671693544801,2026-07-22
2023-06-02,0.011544988362280684,0.02093884822670552,0.028460284934551806,0.007521436707846288,-0.3716976875522166,76.66666666666667,0.0269671693544801,2026-07-22
2023-06-05,0.006398738586777197,0.019166425493868298,0.02608366861851939,0.0069172431246510915,-0.6747572904164029,76.66666666666667,0.0269671693544801,2026-07-22
2023-06-06,0.009555300504636488,0.016239043061810392,0.024482871368769987,0.008243828306959595,-0.07348785976032886,76.66666666666667,0.01594088223139551,2026-07-22
2023-06-07,0.0011097978002545528,0.0168826477567155,0.027005249899844524,0.010122602143129024,0.7894076389329564,78.33333333333333,0.01594088223139551,2026-07-22
2023-06-08,-0.007408475584476437,0.021657330193423488,0.03103253463188933,0.009375204438465842,0.40691746223515496,80.0,0.01594088223139551,2026-07-22
2023-06-09,0.005638688119711022,0.016221756304805424,0.02388583414973502,0.007664077844929597,-0.45388991680992047,80.0,0.01594088223139551,2026-07-22
2023-06-12,0.0076657065722824935,0.018650990956102176,0.02841667381511141,0.009765682859009233,0.5642877032144691,81.66666666666667,0.01594088223139551,2026-07-22
2023-06-13,0.005770505904912238,0.018191799587853587,0.02801793251408604,0.009826132926232453,0.5708833113937203,83.33333333333334,0.01952525913054858,2026-07-22
2023-06-14,-0.004490137733193178,0.019200604259452584,0.02926225280954386,0.010061648550091278,0.6779777055093518,83.33333333333334,0.01952525913054858,2026-07-22
2023-06-15,-0.00040271339335262724,0.015031131074194348,0.023729257629918312,0.008698126555723964,-0.07612826771185578,83.33333333333334,0.01952525913054858,2026-07-22
2023-06-16,-0.0015667385874285067,0.01489212749384233,0.024092013699265464,0.009199886205423134,0.1734087242884438,85.0,0.01952525913054858,2026-07-22
2023-06-19,-0.008805437492154011,0.01908777163461356,0.02838080239728693,0.00929303076267337,0.2122907893017136,85.0,0.01952525913054858,2026-07-22
2023-06-20,0.005717387371087401,0.016488090534922777,0.023788213175610782,0.007300122640688005,-0.9006781254164838,83.33333333333334,0.036398437885270044,2026-07-22
2023-06-21,0.006062677652646453,0.015033119371182532,0.02253531106123999,0.007502191690057459,-0.8013700558147904,81.66666666666667,0.036398437885270044,2026-07-22
2023-06-22,0.0061155517407862625,0.01240734471537157,0.019464204118330403,0.007056859402958833,-1.0837348910109172,81.66666666666667,0.036398437885270044,2026-07-22
2023-06-23,0.003625699813383232,0.015523579741232215,0.022592997547737245,0.007069417806505029,-1.070310737519991,80.0,0.036398437885270044,2026-07-22
2023-06-26,0.002346420159733631,0.018288231994297757,0.027006877833123263,0.008718645838825506,-0.14041307197497552,78.33333333333333,0.036398437885270044,2026-07-22
2023-06-27,0.002031748275222345,0.012620137631560214,0.02180056576655744,0.009180428134997226,0.11473636824604186,78.33333333333333,0.04242278221743361,2026-07-22
2023-06-28,0.003543942239030873,0.01513546612373725,0.02287744561426257,0.007741979490525321,-0.7274864648358219,76.66666666666667,0.04242278221743361,2026-07-22
2023-06-29,-0.01138489919620489,0.016979438758685513,0.025276900158291933,0.00829746139960642,-0.4310791513587864,76.66666666666667,0.04242278221743361,2026-07-22
2023-06-30,-0.00462950621562308,0.014023546910695333,0.02152201109903299,0.007498464188337658,-0.8786893064947779,75.0,0.04242278221743361,2026-07-22
2023-07-03,0.0047492367298112015,0.014108067346523014,0.022599869205680686,0.008491801859157672,-0.28110770623638337,73.33333333333333,0.04242278221743361,2026-07-22
2023-07-04,0.005775211017325699,0.01519828131885842,0.022869486246848245,0.007671204927989825,-0.7678513569372453,71.66666666666667,0.0552738673100087,2026-07-22
2023-07-05,0.002314487632508744,0.0126322376807679,0.019693620820161618,0.007061383139393718,-1.0988985110250946,70.0,0.0552738673100087,2026-07-22
2023-07-06,-0.007403359715146829,0.013635725680328116,0.02058686949876788,0.006951143818439762,-1.1245634196107426,68.33333333333333,0.0552738673100087,2026-07-22
2023-07-07,0.01052192289250753,0.014729423274448579,0.020478376785513615,0.005748953511065037,-1.7702788113215504,66.66666666666666,0.0552738673100087,2026-07-22
2023-07-10,0.00962155227710082,0.015180504577841149,0.02289397366892493,0.007713469091083782,-0.6484616484487123,65.0,0.0552738673100087,2026-07-22
2023-07-11,0.0023933438930567874,0.015120480367924261,0.023127036772794818,0.008006556404870557,-0.47558955961274435,63.33333333333333,0.055971448957599375,2026-07-22
2023-07-12,0.002109796226677174,0.01332246340219354,0.020314287719767773,0.006991824317574233,-1.0453349347978518,61.66666666666667,0.055971448957599375,2026-07-22
2023-07-13,0.009721018887541177,0.012542410610986736,0.017754286790686535,0.005211876179699799,-1.9793292936037017,60.0,0.055971448957599375,2026-07-22
2023-07-14,0.0025570180707383816,0.012317116493558211,0.018681074122395943,0.006363957628837732,-1.3003011769189923,58.333333333333336,0.055971448957599375,2026-07-22
2023-07-17,0.004048271140020487,0.017113313073895704,0.02598076943869141,0.008867456364795707,0.06943025499297047,58.333333333333336,0.055971448957599375,2026-07-22
2023-07-18,0.0008183236299470487,0.012760983264466235,0.018824290075020147,0.006063306810553911,-1.5943305032569972,56.666666666666664,0.058329400170488516,2026-07-22
2023-07-19,-0.0009454130432929864,0.015544528936533386,0.023932338602215497,0.008387809665682111,-0.093897077860869,55.00000000000001,0.058329400170488516,2026-07-22
2023-07-20,-0.0001449300073318449,0.01305831899857938,0.02074017818930856,0.00768185919072918,-0.5466767924142739,53.333333333333336,0.058329400170488516,2026-07-22
2023-07-21,0.011161228161424397,0.015762156273572848,0.023741169542233334,0.007979013268660486,-0.3305361524800001,51.66666666666667,0.058329400170488516,2026-07-22
2023-07-24,0.0040644236444893345,0.017209345414457417,0.02579744971360953,0.008588104299152112,0.07151269753175618,51.66666666666667,0.058329400170488516,2026-07-22
2023-07-25,0.004350309056705193,0.01548163997854434,0.02054414356693867,0.005062503588394331,-2.1350591180834835,50.0,0.055432991445931036,2026-07-22
2023-07-26,0.004130780165565451,0.013256103222715272,0.019119956473056293,0.005863853250341021,-1.5594571437679,48.333333333333336,0.055432991445931036,2026-07-22
2023-07-27,-0.0029229539322473963,0.015008620871416842,0.024479039058007142,0.0094704181865903,0.7010345344861613,48.333333333333336,0.055432991445931036,2026-07-22
2023-07-28,0.008635881503010978,0.016423304224820138,0.023801009444438574,0.007377705219618436,-0.6048004475463898,46.666666666666664,0.055432991445931036,2026-07-22
2023-07-31,0.012611060968642063,0.01906449920134692,0.026126361265870326,0.007061862064523406,-0.7825517485399728,45.0,0.055432991445931036,2026-07-22
2023-08-01,-0.004366669392427913,0.020250804734879002,0.028046796494118113,0.007795991759239111,-0.32291494664391884,43.333333333333336,0.038900540913463316,2026-07-22
2023-08-02,0.002357173363119802,0.013256079187242151,0.02075307000523442,0.007496990817992268,-0.4908522718893692,41.66666666666667,0.038900540913463316,2026-07-22
2023-08-03,-0.0077677539883483915,0.014412888915265293,0.020836830554817363,0.00642394163955207,-1.12051871354234,40.0,0.038900540913463316,2026-07-22
2023-08-04,0.012411742846525353,0.01612814151658004,0.02192226113930906,0.005794119622729018,-1.4636513818175623,38.333333333333336,0.038900540913463316,2026-07-22
2023-08-07,0.012594006427511184,0.01698364589367858,0.023679186513665983,0.0066955406199874015,-0.8900370115968879,36.666666666666664,0.038900540913463316,2026-07-22
2023-08-08,0.0006524786132009464,0.016847592623493328,0.02511171686600889,0.008264124242515561,0.0714880358336247,36.666666666666664,0.04085600395459769,2026-07-22
2023-08-09,-0.006633232171176062,0.0180029624916208,0.027661366184962517,0.009658403693341717,0.9006867662553152,36.666666666666664,0.04085600395459769,2026-07-22
2023-08-10,-0.010842875550045039,0.016908127349898456,0.024590619084713692,0.007682491734815236,-0.2938601378335363,36.666666666666664,0.04085600395459769,2026-07-22
2023-08-11,0.009503444998812283,0.01846949542100604,0.0250863161148743,0.006616820693868257,-0.9088191289350225,35.0,0.04085600395459769,2026-07-22
2023-08-14,0.0037574764041843345,0.01526854547324193,0.023223077423184725,0.007954531949942795,-0.10325720270675255,33.33333333333333,0.04085600395459769,2026-07-22
2023-08-15,-0.0022557485204229843,0.014313961986141214,0.024678008722967937,0.010364046736826723,1.2991058765535892,35.0,0.029867654750643603,2026-07-22
2023-08-16,0.007463230825331291,0.015850836076262326,0.02201541496217887,0.006164578885916542,-1.1630946013173993,33.33333333333333,0.029867654750643603,2026-07-22
2023-08-17,-0.007866415713527308,0.014732260273902294,0.02299742226403107,0.008265161990128778,0.14960072608049996,33.33333333333333,0.029867654750643603,2026-07-22
2023-08-18,-0.04498654214093456,0.02875082147835428,0.034130593694024096,0.005379772215669817,-1.7193696957024862,31.666666666666664,0.029867654750643603,2026-07-22
2023-08-21,0.0015025594444775248,0.02134266475974046,0.03054987070417712,0.00920720594443666,0.84773390624073,31.666666666666664,0.029867654750643603,2026-07-22
2023-08-22,0.0006187699193056506,0.015357702783221093,0.027729574673285073,0.01237187189006398,2.8036114055299706,31.666666666666664,0.09133929688659023,2026-07-22
2023-08-23,-0.00671754949216008,0.013408664544008879,0.022002793764058507,0.008594129220049629,0.4616641792869048,31.666666666666664,0.09133929688659023,2026-07-22
2023-08-24,0.014353210070273681,0.016472427930565726,0.026187453205450687,0.00971502527488496,1.2654642984358662,31.666666666666664,0.09133929688659023,2026-07-22
2023-08-25,-0.0050614180378179,0.013680558418817029,0.02217070085440506,0.00849014243558803,0.3989775002583935,33.33333333333333,0.09133929688659023,2026-07-22
2023-08-28,0.01550656176850862,0.01445699443002775,0.020560362252310782,0.006103367822283032,-1.2445039730348377,33.33333333333333,0.09133929688659023,2026-07-22
2023-08-29,0.002255101021868766,0.012201040603201525,0.01903294401048322,0.0068319034072816965,-0.7219373481015899,33.33333333333333,0.10372045612240609,2026-07-22
2023-08-30,0.007248241906960162,0.014695071134571606,0.020610260349452555,0.005915189214880949,-1.3122254190729732,31.666666666666664,0.10372045612240609,2026-07-22
2023-08-31,0.008976557090573323,0.014088849389462138,0.020790083407087604,0.006701234017625466,-0.7412839383846109,30.0,0.10372045612240609,2026-07-22
2023-09-05,0.008929373800089957,0.016512978376990985,0.024728494256237875,0.00821551587924689,0.3060423619226158,31.666666666666664,0.10372045612240609,2026-07-22
2023-09-06,0.008518356572576158,0.016098501405570058,0.024926422443912417,0.00882792103834236,0.7517171778417818,31.666666666666664,0.10372045612240609,2026-07-22
2023-09-07,-0.0018948213568846795,0.013821197321507552,0.02155959818184294,0.0077384008603353874,0.009575451942101408,31.666666666666664,0.10553852748040891,2026-07-22
2023-09-08,-0.001335328281609538,0.01517201991633338,0.02594292918513315,0.010770909268799768,2.140156527395608,31.666666666666664,0.10553852748040891,2026-07-22
2023-09-11,-0.014378000451074402,0.01892340106230049,0.02500560853891307,0.0060822074766125785,-1.1283532029645784,31.666666666666664,0.10553852748040891,2026-07-22
2023-09-12,0.017824015429500628,0.017653779380807515,0.024840423495650688,0.007186644114843172,-0.33423203473565216,30.0,0.10553852748040891,2026-07-22
2023-09-13,-0.005660650051387384,0.014545463349533811,0.023389892714988928,0.008844429365455117,0.8468569169612162,30.0,0.10553852748040891,2026-07-22
2023-09-14,-0.011773350883001465,0.016836614371665008,0.022287424156045784,0.0054508097843807765,-1.5119915840537037,30.0,0.13618696402513236,2026-07-22
2023-09-15,0.002900777081409567,0.012521612170230345,0.018789458212694045,0.0062678460424637,-0.9217641636226958,30.0,0.13618696402513236,2026-07-22
2023-09-18,-0.012669469430321989,0.01602869818253937,0.022427603630647067,0.006398905448107697,-0.819770688388893,30.0,0.13618696402513236,2026-07-22
2023-09-19,-0.00025581568067600813,0.01369198962895252,0.020585252944170455,0.006893263315217935,-0.477063530053224,30.0,0.13618696402513236,2026-07-22
2023-09-20,0.012059430458109643,0.016621759554422355,0.0230527047698485,0.006430945215426146,-0.7688893226103345,30.0,0.13618696402513236,2026-07-22
2023-09-21,-0.010904404988133165,0.01613583870845213,0.022978206773693326,0.006842368065241196,-0.4633090803333245,28.333333333333332,0.150800369725827,2026-07-22
2023-09-22,-0.016235961541633093,0.02397546534684461,0.0317523684077774,0.007776903060932788,0.1849528519139084,30.0,0.150800369725827,2026-07-22
2023-09-25,-0.033401785340094636,0.030003413702499687,0.03657952330181936,0.00657610959931967,-0.6280467037828078,30.0,0.150800369725827,2026-07-22
2023-09-26,-0.013215400624349671,0.02191080514269904,0.02839223958753733,0.006481434444838292,-0.6792320820458236,30.0,0.150800369725827,2026-07-22
2023-09-27,0.01396358395725672,0.02096737922764353,0.02766216544128399,0.006694786213640461,-0.5122451130229261,30.0,0.150800369725827,2026-07-22
2023-09-28,-0.0012306625644580294,0.01566734530236441,0.023496664824467488,0.007829319522103077,0.27111735590124786,31.666666666666664,0.2521757167012619,2026-07-22
2023-09-29,0.0014924984597763924,0.014278293995530404,0.022203145920541314,0.00792485192501091,0.32714765700371473,33.33333333333333,0.2521757167012619,2026-07-22
2023-10-02,0.0009530823549797063,0.01297218145019681,0.019429266192201568,0.006457084742004758,-0.6803313165689225,33.33333333333333,0.2521757167012619,2026-07-22
2023-10-03,-0.032157541657649946,0.02560640640615701,0.03180065365608428,0.006194247249927273,-0.8713322544937292,33.33333333333333,0.2521757167012619,2026-07-22
2023-10-04,0.0094535372506932,0.014912667506638685,0.02157177947952487,0.006659111972886185,-0.5356857031836577,33.33333333333333,0.2521757167012619,2026-07-22
2023-10-05,-0.013095058786004699,0.01701268740470087,0.024476298891890444,0.007463611487189575,0.027141743382961096,35.0,0.22071471954972507,2026-07-22
2023-10-06,0.013152106581439726,0.014480777764274597,0.021549103684176972,0.007068325919902375,-0.24761955668032004,35.0,0.22071471954972507,2026-07-22
2023-10-09,0.00781540751767773,0.014521092259922434,0.020942016597668978,0.006420924337746544,-0.7217431287690462,35.0,0.22071471954972507,2026-07-22
2023-10-10,0.005565520151930903,0.014685156068999443,0.022702275941253514,0.00801711987225407,0.38431458195553697,36.666666666666664,0.22071471954972507,2026-07-22
2023-10-11,0.006225463193697545,0.015337960616944923,0.02211781602368524,0.006779855406740316,-0.4686900057133733,35.0,0.22071471954972507,2026-07-22
2023-10-12,0.0006951625376907522,0.012368575216983651,0.018748486465017394,0.006379911248033743,-0.7595145645110174,35.0,0.21943307054694713,2026-07-22
2023-10-13,0.0027092505275223555,0.014203420235744437,0.022171956731732945,0.007968536495988507,0.3805204581088147,36.666666666666664,0.21943307054694713,2026-07-22
2023-10-16,-0.011526504031245333,0.016483314382407903,0.02416069377285348,0.007677379390445577,0.17217759595195212,38.333333333333336,0.21943307054694713,2026-07-22
2023-10-17,-0.017320530567188186,0.021627008968174165,0.028650557928953508,0.0070235489607793425,-0.2845838685821722,38.333333333333336,0.21943307054694713,2026-07-22
2023-10-18,-0.016270672669727593,0.022944119377629593,0.029238762990535377,0.006294643612905784,-0.7798617618526745,36.666666666666664,0.21943307054694713,2026-07-22
2023-10-19,-0.014092804060177766,0.01977553676871822,0.02699665205154268,0.0072211152828244585,-0.14506412207767092,36.666666666666664,0.22862518060204307,2026-07-22
2023-10-20,0.018550351610975735,0.022024806782070784,0.03010177218086057,0.008076965398789784,0.46071050831266375,38.333333333333336,0.22862518060204307,2026-07-22
2023-10-23,-0.013086288277393221,0.015719352443749328,0.02360172332858107,0.007882370884831742,0.3423735241998253,38.333333333333336,0.22862518060204307,2026-07-22
2023-10-24,0.01131198961162494,0.01387664649611469,0.020280519985945746,0.006403873489831055,-0.7582968095782172,38.333333333333336,0.22862518060204307,2026-07-22
2023-10-25,-0.003833981372637685,0.012314449329644915,0.01869507746231178,0.006380628132666865,-0.7638245879442452,38.333333333333336,0.22862518060204307,2026-07-22
2023-10-26,-0.04194579089737305,0.025864479737767357,0.03100357284440139,0.005139093106634032,-1.6227452552987711,38.333333333333336,0.2294390925946445,2026-07-22
2023-10-27,0.004898384575299453,0.019281033299220825,0.028701066133652194,0.00942003283443137,1.4583348144090924,40.0,0.2294390925946445,2026-07-22
2023-10-30,-0.01717863136655895,0.02128809457663692,0.028320666443880427,0.0070325718672435075,-0.2643664505827714,40.0,0.2294390925946445,2026-07-22
2023-10-31,-0.013632003069838916,0.024296010048307958,0.0320913275933855,0.007795317545077545,0.2641971014392613,41.66666666666667,0.2294390925946445,2026-07-22
2023-11-01,0.01115552572968026,0.021067060405735766,0.030505588763546587,0.00943852835781082,1.4072033820469223,43.333333333333336,0.2294390925946445,2026-07-22
2023-11-02,0.03444395283073298,0.02496005559847943,0.030530956809567862,0.005570901211088431,-1.3206678821747708,41.66666666666667,0.2794980462069683,2026-07-22
2023-11-03,0.0012180720987102767,0.015210070556616962,0.02330197415223526,0.008091903595618297,0.4949721793502277,41.66666666666667,0.2794980462069683,2026-07-22
2023-11-06,0.011961589182562848,0.014565337409431011,0.02019291044360175,0.0056275730341707395,-1.2458684203117405,41.66666666666667,0.2794980462069683,2026-07-22
2023-11-07,-0.008599012536020467,0.013093272890872337,0.020587405849720544,0.007494132958848206,0.07604074731303914,43.333333333333336,0.2794980462069683,2026-07-22
2023-11-08,0.03067694785659425,0.02292029154429809,0.028576791327458037,0.0056564997831599455,-1.1979336659236448,43.333333333333336,0.2794980462069683,2026-07-22
2023-11-09,0.0004131377814502457,0.015082201840541829,0.022241977160673193,0.007159775320131364,-0.10050259907409773,41.66666666666667,0.3092806504995419,2026-07-22
2023-11-10,-0.010961585075725644,0.012955076069378709,0.01951311065581165,0.006558034586432943,-0.5506825737551923,41.66666666666667,0.3092806504995419,2026-07-22
2023-11-13,-0.00146140440055198,0.011035069230053055,0.016598488674782287,0.005563419444729233,-1.2415769805180392,40.0,0.3092806504995419,2026-07-22
2023-11-14,0.008781259374403438,0.01142752678323409,0.01635486865700607,0.004927341873771978,-1.6876446573612527,40.0,0.3092806504995419,2026-07-22
2023-11-15,0.01150730357834795,0.011895195766805415,0.015297841119619753,0.003402645352814338,-2.606439438224754,38.333333333333336,0.3092806504995419,2026-07-22
2023-11-16,0.002699331848552422,0.011269889315005282,0.016685973636770896,0.005416084321765614,-1.2634931816452977,36.666666666666664,0.2924733870820852,2026-07-22
2023-11-17,-0.021625367604595103,0.018692808986225114,0.025319267701517295,0.006626458715292181,-0.29830809758231464,35.0,0.2924733870820852,2026-07-22
2023-11-20,0.0022430279969851696,0.011821874390130528,0.018407241928840568,0.00658536753871004,-0.3014670350201349,33.33333333333333,0.2924733870820852,2026-07-22
2023-11-21,0.00616131779714757,0.01177375366255229,0.017251401353385723,0.0054776476908334325,-1.1721000834935242,31.666666666666664,0.2924733870820852,2026-07-22
2023-11-22,0.0030257731030383095,0.011022184576278208,0.016979494390847904,0.005957309814569696,-0.7743365917403212,31.666666666666664,0.2924733870820852,2026-07-22
2023-11-23,-0.022741556086261605,0.020884173004809006,0.027084311570667013,0.006200138565858007,-0.5646523157895805,31.666666666666664,0.292629395942851,2026-07-22
2023-11-24,0.006541171714944394,0.016328696557027886,0.022839867062466705,0.006511170505438819,-0.31944299520168756,31.666666666666664,0.292629395942851,2026-07-22
2023-11-27,-0.00689113827000476,0.014162216486192621,0.020021542488990903,0.005859326002798282,-0.839476201010196,31.666666666666664,0.292629395942851,2026-07-22
2023-11-28,0.006773523518923685,0.011320585314040572,0.01652167878975807,0.005201093475717497,-1.33009144374083,30.0,0.292629395942851,2026-07-22
2023-11-29,0.006727951580657754,0.011839572280310674,0.019387393714525494,0.00754782143421482,0.6097241572532015,30.0,0.292629395942851,2026-07-22
2023-11-30,-0.007861806311207697,0.012082961201166094,0.018787519018387867,0.006704557817221773,-0.07668621637579859,28.333333333333332,0.28297804266069354,2026-07-22
2023-12-01,0.007339164450293811,0.011681347023227887,0.016796850528627068,0.005115503505399181,-1.4446048758058125,26.666666666666668,0.28297804266069354,2026-07-22
2023-12-04,0.016630979168178683,0.01662882629434021,0.02203209960868795,0.005403273314347739,-1.1617761550409231,26.666666666666668,0.28297804266069354,2026-07-22
2023-12-05,-0.004033949432837414,0.010941296038698926,0.019278878336063867,0.008337582297364941,1.4443680457473478,28.333333333333332,0.28297804266069354,2026-07-22
2023-12-06,0.00937301181931427,0.013628195346383353,0.021935192340309304,0.00830699699392595,1.444688604016089,28.333333333333332,0.28297804266069354,2026-07-22
2023-12-07,-0.004385536606802076,0.015200145143087698,0.02239504091343871,0.007194895770351014,0.42207224803464233,30.0,0.2861889408148067,2026-07-22
2023-12-08,0.00263042916120515,0.012653734531664322,0.01898123088850325,0.006327496356838927,-0.36671639429172814,30.0,0.2861889408148067,2026-07-22
2023-12-11,0.0009426914730887859,0.010488909170807704,0.01620177955772508,0.005712870386917377,-0.9088984817168053,30.0,0.2861889408148067,2026-07-22
2023-12-12,0.0018924922256775556,0.009692122432793146,0.01599026944570152,0.006298147012908373,-0.37123826064196436,30.0,0.2861889408148067,2026-07-22
2023-12-13,-0.011909934996408467,0.011973223177017074,0.017974365338445555,0.006001142161428481,-0.6308002129082692,30.0,0.2861889408148067,2026-07-22
2023-12-14,-0.0036528450906478938,0.010640794782956816,0.017251638999417222,0.006610844216460406,-0.07907175127362041,30.0,0.19858064282040197,2026-07-22
2023-12-15,-0.007053228000324374,0.012566620291852217,0.021279508040689597,0.00871288774883738,1.7628282240028161,30.0,0.19858064282040197,2026-07-22
2023-12-18,-0.009452961988569264,0.013720679772265132,0.02167574545636447,0.007955065684099339,1.0637165680981466,31.666666666666664,0.19858064282040197,2026-07-22
2023-12-19,0.0040480638898046095,0.011143089073321816,0.016796384318209706,0.00565329524488789,-0.9283352178035477,31.666666666666664,0.19858064282040197,2026-07-22
2023-12-20,0.004068229499224696,0.010659819630185714,0.018121993704349592,0.007462174074163878,0.6274506757099004,33.33333333333333,0.19858064282040197,2026-07-22
2023-12-21,0.001517133616773858,0.01066242939733675,0.01837455989890234,0.0077121305015655905,0.8465167363234797,33.33333333333333,0.07957075684508398,2026-07-22
2023-12-22,0.0005714648549113299,0.010723621590849431,0.02050907866966275,0.009785457078813318,2.493573096070983,33.33333333333333,0.07957075684508398,2026-07-22
2023-12-25,0.013235907384911094,0.012544765984713727,0.019154962566571607,0.00661019658185788,-0.13030423787662113,33.33333333333333,0.07957075684508398,2026-07-22
2023-12-26,0.004106794552905191,0.010654900638415609,0.018151764114295803,0.007496863475880194,0.5835723987431701,35.0,0.07957075684508398,2026-07-22
2023-12-27,-0.00023167743372687344,0.00946627189240904,0.017871790757329517,0.008405518864920476,1.2905569664046361,36.666666666666664,0.07957075684508398,2026-07-22
2023-12-28,0.006185438372890983,0.011332603511948805,0.017052258631973925,0.005719655120025121,-0.866705010694416,35.0,0.07415146450882927,2026-07-22
2023-12-29,0.0008857945133888823,0.011705801230792524,0.022949691554248332,0.011243890323455808,3.2198876714628666,36.666666666666664,0.07415146450882927,2026-07-22
2024-01-02,0.0015841689308186968,0.01449317274081005,0.024114810291838915,0.009621637551028864,1.9264326352822114,38.333333333333336,0.07415146450882927,2026-07-22
2024-01-03,0.01100095429965009,0.013600544436645849,0.01959971593188068,0.005999171495234832,-0.6268885964249352,36.666666666666664,0.07415146450882927,2026-07-22
2024-01-04,0.00572467378099395,0.012699127621038484,0.018857813060944768,0.006158685439906284,-0.5047667681927839,36.666666666666664,0.07415146450882927,2026-07-22
2024-01-05,0.0034413236929922153,0.010538075520120278,0.016624267761480467,0.0060861922413601895,-0.5519483180211996,36.666666666666664,0.06552604777179886,2026-07-22
2024-01-08,0.004771884851214159,0.01188093703272846,0.019215731278162982,0.007334794245434522,0.3433376173178426,36.666666666666664,0.06552604777179886,2026-07-22
2024-01-09,-0.001379084460303992,0.010415000187794359,0.017731004523104058,0.007316004335309699,0.33491061079314605,36.666666666666664,0.06552604777179886,2026-07-22
2024-01-10,0.0025461983963266377,0.013080042644312763,0.01792273173976699,0.004842689095454229,-1.38276262874522,36.666666666666664,0.06552604777179886,2026-07-22
2024-01-11,0.0005854296881726562,0.0099000188495373,0.01654322517261863,0.0066432063230813295,-0.1219678596205495,36.666666666666664,0.06552604777179886,2026-07-22
2024-01-12,-0.006470375660374117,0.014441137140325468,0.02263176113436934,0.00819062399404387,0.9481741160412054,38.333333333333336,0.038002680135029755,2026-07-22
2024-01-15,-0.0005022949683901601,0.012185696373199453,0.02099424177354079,0.008808545400341337,1.3580475620332702,38.333333333333336,0.038002680135029755,2026-07-22
2024-01-16,0.007798149239247154,0.012188926001763946,0.018527066056197264,0.006338140054433318,-0.33391035547603026,36.666666666666664,0.038002680135029755,2026-07-22
2024-01-17,-0.0005072563450030376,0.00986189210511067,0.015799626135226636,0.005937734030115965,-0.6049363605423593,36.666666666666664,0.038002680135029755,2026-07-22
2024-01-18,0.005617059344705133,0.010636587242675698,0.016692553158471683,0.006055965915795984,-0.5185252482486313,36.666666666666664,0.038002680135029755,2026-07-22
2024-01-19,0.01064102783432852,0.01509436720825838,0.023003078771283884,0.007908711563025504,0.735372456846597,38.333333333333336,0.023338901671498293,2026-07-22
2024-01-22,0.001151079136690658,0.010913256358332457,0.01895718389270813,0.008043927534375672,0.8641235902807478,38.333333333333336,0.023338901671498293,2026-07-22
2024-01-23,-0.004531390020796944,0.009967649070593644,0.016220310867515818,0.006252661796922174,-0.4005001796488971,38.333333333333336,0.023338901671498293,2026-07-22
2024-01-24,-0.0038471337579617515,0.010035068329384231,0.017746366427545995,0.0077112980981617636,0.6373884665753816,38.333333333333336,0.023338901671498293,2026-07-22
2024-01-25,-0.002216595479850425,0.009668926094535837,0.017158833309942414,0.007489907215406577,0.5176646947316166,38.333333333333336,0.023338901671498293,2026-07-22
2024-01-26,0.004528482445722348,0.011425412079991957,0.019327269988534252,0.007901857908542295,0.7917566975272762,40.0,0.017599552301624286,2026-07-22
2024-01-29,1.701157637779005e-05,0.011860132941456327,0.02078039313633481,0.008920260194878482,1.5088669723496855,40.0,0.017599552301624286,2026-07-22
2024-01-30,0.0033682348238055493,0.012975418875411985,0.021586743449419073,0.008611324574007088,1.2408350287625693,41.66666666666667,0.017599552301624286,2026-07-22
2024-01-31,-0.013003857076251513,0.01429762158070763,0.021207702412786602,0.006910080832078972,0.02520589457049493,41.66666666666667,0.017599552301624286,2026-07-22
2024-02-01,0.007480825553332071,0.014162454304310894,0.022281039475110242,0.008118585170799348,0.8657905642301504,43.333333333333336,0.017599552301624286,2026-07-22
2024-02-02,-0.0004006751803038444,0.012427602517147975,0.02258687575032581,0.010159273233177836,2.2015502198588064,45.0,0.018640657208749394,2026-07-22
2024-02-05,0.011521896720822156,0.018477208456754116,0.026608429320769074,0.008131220864014958,0.781612669963682,46.666666666666664,0.018640657208749394,2026-07-22
2024-02-06,0.0020403689526669044,0.010230809753417822,0.017375796420444414,0.007144986667026593,0.08740908725105705,48.333333333333336,0.018640657208749394,2026-07-22
2024-02-07,0.008456179321486124,0.011917281958007201,0.01825895912251932,0.006341677164512118,-0.49275017237631397,48.333333333333336,0.018640657208749394,2026-07-22
2024-02-15,0.00331239101232339,0.013061175840974255,0.021805452535315413,0.008744276694341158,1.1898048394605099,50.0,0.018640657208749394,2026-07-22
2024-02-16,0.0059875259875259434,0.012961643025142822,0.021936000101316893,0.008974357076174071,1.314296317621843,51.66666666666667,0.016125385412828014,2026-07-22
2024-02-19,0.012622964371331813,0.016878259025110292,0.02221249262089785,0.005334233595787559,-1.3330139496191533,51.66666666666667,0.016125385412828014,2026-07-22
2024-02-20,0.0041552038009093906,0.012033026855577363,0.01781198174393214,0.005778954888354776,-0.993154600479344,51.66666666666667,0.016125385412828014,2026-07-22
2024-02-21,-1.62593694615909e-05,0.011923011431805021,0.021190615850186032,0.00926760441838101,1.469017950735794,53.333333333333336,0.016125385412828014,2026-07-22
2024-02-22,-0.0022194400182108387,0.013332275257629518,0.022283474561363023,0.008951199303733505,1.1998067454565793,55.00000000000001,0.016125385412828014,2026-07-22
2024-02-23,-0.012474435961574493,0.01605363496639966,0.023234462685041382,0.007180827718641723,-0.0746612032721727,55.00000000000001,0.012258476067995556,2026-07-22
2024-02-26,0.01004125412541268,0.016667020597122384,0.023871357262303845,0.007204336665181461,-0.06626612629710484,55.00000000000001,0.012258476067995556,2026-07-22
2024-02-27,0.010856335312905863,0.01414052162276519,0.02188325622809431,0.007742734605329121,0.30057987075622095,56.666666666666664,0.012258476067995556,2026-07-22
2024-02-28,0.013810547411633456,0.016570212002070966,0.020727894669570437,0.004157682667499472,-2.230748445249579,56.666666666666664,0.012258476067995556,2026-07-22
2024-02-29,-0.0014507193814514707,0.010213136510658942,0.016366239730812682,0.006153103220153741,-0.7982611583304801,55.00000000000001,0.012258476067995556,2026-07-22
2024-03-01,0.004430324172008282,0.011588506367431963,0.01782389298836219,0.006235386620930228,-0.7325032610129991,55.00000000000001,0.021435270583420044,2026-07-22
2024-03-04,0.002487522649966767,0.011805845064927427,0.0187712873957819,0.0069654423308544745,-0.24678201683403345,55.00000000000001,0.021435270583420044,2026-07-22
2024-03-05,0.006793984509398054,0.013035825605840356,0.019103085129717774,0.006067259523877417,-0.9056791655193763,55.00000000000001,0.021435270583420044,2026-07-22
2024-03-06,-0.005708751318918459,0.012191347639866708,0.017701006199926764,0.005509658560060056,-1.2625614980703852,53.333333333333336,0.021435270583420044,2026-07-22
2024-03-07,0.004537787175405761,0.0135061420274856,0.02145324598395113,0.007947103956465532,0.4870081705917512,53.333333333333336,0.021435270583420044,2026-07-22
2024-03-08,-0.01664222758305356,0.015931782991136022,0.023120108071868956,0.007188325080732933,-0.057270557457688484,51.66666666666667,0.01690778804621268,2026-07-22
2024-03-11,-0.009508157293462105,0.014632275319331726,0.022282008232098083,0.007649732912766357,0.25880686401488767,53.333333333333336,0.01690778804621268,2026-07-22
2024-03-12,0.0076973508486510855,0.015470839008734623,0.02345781732896189,0.007986978320227269,0.478692741516921,55.00000000000001,0.01690778804621268,2026-07-22
2024-03-13,0.02048995983935753,0.018569247541761372,0.025714752830984244,0.007145505289222871,-0.14358373828318477,55.00000000000001,0.01690778804621268,2026-07-22
2024-03-14,-0.004919284381862399,0.014654192022455973,0.022414100849480333,0.00775990882702436,0.2856560095079882,56.666666666666664,0.01690778804621268,2026-07-22
2024-03-15,-0.00037966873902517406,0.012930853606963081,0.022013468444866548,0.009082614837903466,1.2157538157308485,58.333333333333336,0.029652649115618192,2026-07-22
2024-03-18,-0.015999620187057917,0.020175912711480972,0.02780836243419252,0.007632449722711546,0.17438566616670184,58.333333333333336,0.029652649115618192,2026-07-22
2024-03-19,-0.0008845572388946898,0.011324778937035127,0.017899439953913385,0.006574661016878258,-0.5837991908961618,56.666666666666664,0.029652649115618192,2026-07-22
2024-03-20,0.014181543067784741,0.01469036162945959,0.020649789291092683,0.005959427661633094,-1.0427246240677484,56.666666666666664,0.029652649115618192,2026-07-22
2024-03-21,0.012967430639324595,0.013461188385821403,0.018818765649511716,0.005357577263690313,-1.4336414956895878,55.00000000000001,0.029652649115618192,2026-07-22
2024-03-22,0.004214913586436886,0.012494834119891923,0.020580230187313173,0.00808539606742125,0.5318588116308979,55.00000000000001,0.03441058215962889,2026-07-22
2024-03-25,-0.010875331564986768,0.013558739667437612,0.021966395812494897,0.008407656145057285,0.7980922772051878,55.00000000000001,0.03441058215962889,2026-07-22
2024-03-26,0.011318284353162067,0.014918761495095767,0.02371153820282503,0.008792776707729261,1.047652925072113,56.666666666666664,0.03441058215962889,2026-07-22
2024-03-27,0.0006863150341986923,0.011811929872100732,0.02174036434227244,0.009928434470171709,1.7971302158815428,56.666666666666664,0.03441058215962889,2026-07-22
2024-03-28,0.005525723059177645,0.013993498437619203,0.022328764613184757,0.008335266175565554,0.6651281896973592,56.666666666666664,0.03441058215962889,2026-07-22
2024-03-29,-0.004720271590010761,0.012905861864510539,0.021532247000053264,0.008626385135542725,0.8431608467000681,58.333333333333336,0.03863952045797687,2026-07-22
2024-04-01,-0.002001417346136125,0.012473039508280421,0.020115137502242298,0.007642097993961877,0.19388022949995826,58.333333333333336,0.03863952045797687,2026-07-22
2024-04-02,0.004307384980335893,0.013535525200423806,0.02282206260613798,0.009286537405714175,1.4687231877205318,58.333333333333336,0.03863952045797687,2026-07-22
2024-04-03,-0.01209752610641468,0.01572035231665398,0.024788251748558494,0.009067899431904513,1.2556733291971955,60.0,0.03863952045797687,2026-07-22
2024-04-04,-0.002532501749943017,0.014832194383409299,0.024982132086304298,0.010149937702894999,1.982755909857878,61.66666666666667,0.03863952045797687,2026-07-22
2024-04-05,-0.010360733293908964,0.018090146229756694,0.027387846622305347,0.009297700392548652,1.2982501503212112,63.33333333333333,0.045180325399582826,2026-07-22
2024-04-08,-0.00379249627522682,0.014815931640405962,0.0232517289011163,0.008435797260710337,0.6404598465243944,63.33333333333333,0.045180325399582826,2026-07-22
2024-04-09,0.00997320750189945,0.014639763555814018,0.02215242183435813,0.007512658278544112,-0.04731745573615216,61.66666666666667,0.045180325399582826,2026-07-22
2024-04-10,-0.003373402385138058,0.012632145505770662,0.020435226843391108,0.007803081337620445,0.13663434087692689,63.33333333333333,0.045180325399582826,2026-07-22
2024-04-11,-0.00028604118993125205,0.011458841245995555,0.019413675651851772,0.007954834405856218,0.23775917603468627,65.0,0.045180325399582826,2026-07-22
2024-04-12,0.014624066126212032,0.015819100081121057,0.021926229121921336,0.006107129040800279,-1.1534617068701627,63.33333333333333,0.04645627753295687,2026-07-22
2024-04-15,-0.046992010026633224,0.025733408630587817,0.030568054389586458,0.00483464575899864,-2.0179236434015357,61.66666666666667,0.04645627753295687,2026-07-22
2024-04-16,-0.0007644191647281362,0.020490510312510937,0.0280700726130445,0.007579562300533561,0.00918073245384875,63.33333333333333,0.04645627753295687,2026-07-22
2024-04-17,-0.018647999473545673,0.02095086523637706,0.029478698456108152,0.008527833219731093,0.693505308779389,65.0,0.04645627753295687,2026-07-22
2024-04-19,-0.015222001492024462,0.020428066603652616,0.027236026793735175,0.006807960190082559,-0.6215533277420604,65.0,0.04645627753295687,2026-07-22
2024-04-22,0.013082521172915751,0.01767385903620145,0.024802747001940004,0.007128887965738552,-0.3666290294764834,63.33333333333333,0.12112917901235673,2026-07-22
2024-04-23,-0.010771117944581632,0.017026252749216864,0.024099520760896626,0.007073268011679762,-0.3965208214831386,61.66666666666667,0.12112917901235673,2026-07-22
2024-04-24,0.023959571938168667,0.018909951987402418,0.023807873083865023,0.004897921096462605,-1.9839361781656493,61.66666666666667,0.12112917901235673,2026-07-22
2024-04-25,-0.0005308516020934295,0.012444286781688173,0.019009452861986773,0.0065651660802986,-0.7291684568490777,60.0,0.12112917901235673,2026-07-22
2024-04-26,0.0037760276189449105,0.014392813158886207,0.02238312484768908,0.007990311688802872,0.31726958478115885,60.0,0.12112917901235673,2026-07-22
2024-05-02,0.0056551359216878705,0.01613386939277377,0.02250060740536975,0.00636673801259598,-0.8572797129185687,58.333333333333336,0.1512838670016757,2026-07-22
2024-05-03,0.0038393238843763555,0.012294779314464377,0.019128258573274198,0.006833479258809821,-0.49261514977393706,56.666666666666664,0.1512838670016757,2026-07-22
2024-05-06,0.016830053315643356,0.017606160055363806,0.02474046431301619,0.007134304257652383,-0.2534706843774179,55.00000000000001,0.1512838670016757,2026-07-22
2024-05-07,0.005678248683129716,0.014378029869840311,0.022394093077162894,0.008016063207322583,0.3879457893501402,55.00000000000001,0.1512838670016757,2026-07-22
2024-05-08,0.001465606304509759,0.015611451763268938,0.0244911395355457,0.008879687772276762,1.0130346569195683,55.00000000000001,0.1512838670016757,2026-07-22
2024-05-09,-0.0014554643891047103,0.014495609673186307,0.023915050210109437,0.00941944053692313,1.4430843186562692,55.00000000000001,0.15666274282149167,2026-07-22
2024-05-10,-0.0031554331112250145,0.014138909655298796,0.023387640386385137,0.009248730731086341,1.2850347619529696,55.00000000000001,0.15666274282149167,2026-07-22
2024-05-13,-0.0036313971238048914,0.016653304182232976,0.02673804892389061,0.010084744741657634,1.8150330985276304,55.00000000000001,0.15666274282149167,2026-07-22
2024-05-14,0.002499637149445899,0.012537532899812824,0.021414999156730136,0.008877466256917313,0.9155160609143032,56.666666666666664,0.15666274282149167,2026-07-22
2024-05-15,0.008936040151856561,0.01600819761128104,0.02459931486816406,0.008591117256883017,0.7124792731569841,56.666666666666664,0.15666274282149167,2026-07-22
2024-05-16,0.011471711349739566,0.015308807877278834,0.02205235426785832,0.006743546390579485,-0.594317971884126,55.00000000000001,0.14878943669137007,2026-07-22
2024-05-17,0.003412727186746345,0.013617644119296501,0.023464631422625608,0.009846987303329106,1.5987857820120495,56.666666666666664,0.14878943669137007,2026-07-22
2024-05-20,0.0035110870231165325,0.01665942129180945,0.026710952791258093,0.010051531499448645,1.680113079136939,58.333333333333336,0.14878943669137007,2026-07-22
2024-05-21,-0.0003444011333927355,0.017454329043168345,0.02819071921230722,0.010736390169138875,2.0937975678637684,58.333333333333336,0.14878943669137007,2026-07-22
2024-05-22,-0.008010085033747338,0.018370123347854858,0.02863202177548522,0.010261898427630364,1.7133800420727257,58.333333333333336,0.14878943669137007,2026-07-22
2024-05-23,0.011145227364216748,0.01725977085135177,0.02404761748168369,0.006787846630331919,-0.6570472783723982,58.333333333333336,0.14473737820224283,2026-07-22
2024-05-24,-0.01490987720818393,0.020019761586249393,0.027876927416717285,0.007857165830467892,0.0653404086141312,60.0,0.14473737820224283,2026-07-22
2024-05-27,0.004556512643332011,0.01556093709585872,0.024654111137424436,0.009093174041565715,0.8883322125973189,60.0,0.14473737820224283,2026-07-22
2024-05-28,0.011083238672220164,0.01562196417514954,0.02264455499797784,0.007022590822828301,-0.5785262376486229,60.0,0.14473737820224283,2026-07-22
2024-05-29,-0.0070919772494986155,0.017950473781597705,0.02779845273995568,0.009847978958357977,1.3912989350642624,61.66666666666667,0.14473737820224283,2026-07-22
2024-05-30,-0.004966054815187415,0.015012224476314858,0.022668907839799506,0.007656683363484648,-0.18754265902427075,61.66666666666667,0.14762089102342577,2026-07-22
2024-05-31,-0.003632573125276317,0.014189007899210744,0.02276728813831216,0.008578280239101416,0.4579402099147268,63.33333333333333,0.14762089102342577,2026-07-22
2024-06-03,0.014488159021018854,0.016841239762567174,0.024793940964595095,0.007952701202027922,-0.016623097159321885,63.33333333333333,0.14762089102342577,2026-07-22
2024-06-04,0.00275000000000003,0.013555911730250088,0.02281183594248148,0.009255924212231393,0.9133071605823114,65.0,0.14762089102342577,2026-07-22
2024-06-05,0.0006466591872349436,0.013765460040068836,0.023339891318318123,0.009574431278249288,1.119530002050584,65.0,0.14762089102342577,2026-07-22
2024-06-06,-0.0006150971308443998,0.014554445261900443,0.026216249158076552,0.011661803896176109,2.4791382721645587,66.66666666666666,0.04490954597829828,2026-07-22
2024-06-07,0.0031319143631773905,0.015469599278982693,0.026592231958037713,0.01112263267905502,1.9894772691381115,66.66666666666666,0.04490954597829828,2026-07-22
2024-06-10,0.002399850883052057,0.016291573576753475,0.026737632099297217,0.010446058522543742,1.473367633193599,66.66666666666666,0.04490954597829828,2026-07-22
2024-06-11,-0.004850194085242565,0.016505882272453722,0.027254789591890025,0.010748907319436302,1.6060134818459348,68.33333333333333,0.04490954597829828,2026-07-22
2024-06-12,0.012285796591431142,0.0161823053317028,0.024592829477918157,0.008410524146215355,0.06644516108025653,68.33333333333333,0.04490954597829828,2026-07-22
2024-06-13,0.001015236234704009,0.014159939158433036,0.023843069362306683,0.009683130203873647,0.8906251844761445,68.33333333333333,0.017164228302074803,2026-07-22
2024-06-14,-0.016596107598097487,0.02103714454622532,0.03008118153169425,0.00904403698546893,0.457894078068405,68.33333333333333,0.017164228302074803,2026-07-22
2024-06-17,-0.004015907368486893,0.015846963736742135,0.02661721129242755,0.010770247555685415,1.5258113137902352,70.0,0.017164228302074803,2026-07-22
2024-06-18,0.0037104732618433722,0.014612216110309221,0.024885439853674463,0.010273223743365242,1.1695684022404746,71.66666666666667,0.017164228302074803,2026-07-22
2024-06-19,0.00022665103556063215,0.012376489910904103,0.02217500040267694,0.009798510491772838,0.8365600833742403,73.33333333333333,0.017164228302074803,2026-07-22
2024-06-20,0.0019612592690987363,0.015443296201797433,0.024646048881848084,0.009202752680050651,0.42175831455389146,73.33333333333333,0.024212018352706352,2026-07-22
2024-06-21,-0.0002183576386181052,0.018582034902917956,0.03000044814342819,0.011418413240510232,1.8271204814335171,73.33333333333333,0.024212018352706352,2026-07-22
2024-06-24,-0.021762531005756647,0.02378639197476006,0.03111645331969987,0.007330061344939808,-0.828494722178597,71.66666666666667,0.024212018352706352,2026-07-22
2024-06-25,0.001945587344113875,0.014001607285636182,0.02358217194014843,0.009580564654512248,0.641828066410348,71.66666666666667,0.024212018352706352,2026-07-22
2024-06-26,0.003724454065066496,0.01399643568099455,0.02273951793495787,0.008743082253963318,0.09077067612563465,71.66666666666667,0.024212018352706352,2026-07-22
2024-06-27,-0.001704671593035445,0.014061810740137433,0.02180906540795876,0.007747254667821326,-0.5483477219457913,70.0,0.037734473681979186,2026-07-22
2024-06-28,-0.010936469990231013,0.01777150477606497,0.025162581606458234,0.0073910768303932645,-0.7760479268632829,68.33333333333333,0.037734473681979186,2026-07-22
2024-07-01,0.00741977965502838,0.015004360860943134,0.022911135508346767,0.007906774647403633,-0.4260546473988823,66.66666666666666,0.037734473681979186,2026-07-22
2024-07-02,0.012139714322152884,0.013976932047642976,0.01977066113515871,0.0057937290875157334,-1.720160681656273,65.0,0.037734473681979186,2026-07-22
2024-07-03,0.005559974483969832,0.01219650217632859,0.020540682440494784,0.008344180264166194,-0.08532515199696858,63.33333333333333,0.037734473681979186,2026-07-22
2024-07-04,0.0023808591455536376,0.012970969204864296,0.02211278143598743,0.009141812231123135,0.4270007575266029,63.33333333333333,0.04882337624270778,2026-07-22
2024-07-05,0.0024611490049926132,0.012598738813251267,0.019623075465294453,0.007024336652043186,-0.90727462358061,61.66666666666667,0.04882337624270778,2026-07-22
2024-07-08,0.00040528744232437575,0.015693311057141057,0.025409905785391606,0.009716594728250549,0.7792840040975552,63.33333333333333,0.04882337624270778,2026-07-22
2024-07-09,0.007907694225435469,0.01446108615818006,0.021025494309025547,0.006564408150845486,-1.194279820775018,61.66666666666667,0.04882337624270778,2026-07-22
2024-07-10,-0.006005982793670928,0.013440593759269901,0.02080818832031889,0.00736759456104899,-0.6819640324500277,60.0,0.04882337624270778,2026-07-22
2024-07-11,-0.0016641522932641095,0.011500528190525446,0.016983730865906432,0.005483202675380987,-1.8342380574805752,60.0,0.03405228578387028,2026-07-22
2024-07-12,-0.002375759464090965,0.012209935607890878,0.020164994705840624,0.007955059097949746,-0.35194261232196417,60.0,0.03405228578387028,2026-07-22
2024-07-15,-0.0007261370290845282,0.01292849476632308,0.020511274045033317,0.007582779278710237,-0.592717582566056,58.333333333333336,0.03405228578387028,2026-07-22
2024-07-16,0.0010626494350769455,0.014783606515744507,0.025146695723210946,0.010363089207466439,1.171281437289319,58.333333333333336,0.03405228578387028,2026-07-22
2024-07-17,-0.009772241215129762,0.02385173157339352,0.030975450860303986,0.007123719286910465,-0.9049986482088116,58.333333333333336,0.03405228578387028,2026-07-22
2024-07-18,0.0045559882080306036,0.016169048689478004,0.024917738091872723,0.008748689402394719,0.12038059727063179,60.0,0.055902331483291656,2026-07-22
2024-07-19,-0.007579799755186634,0.016721300364591983,0.024329408441986344,0.007608108077394361,-0.6246501119455455,60.0,0.055902331483291656,2026-07-22
2024-07-22,-0.008017204573127268,0.022654721389229006,0.031244368459238503,0.008589647070009497,-0.02938198698025509,60.0,0.055902331483291656,2026-07-22
2024-07-23,-0.018196454759931258,0.0202105442013606,0.03004668319144402,0.009836138990083423,0.7940905129360945,61.66666666666667,0.055902331483291656,2026-07-22
2024-07-24,0.005406677977934926,0.016759005893983575,0.025888227099289406,0.009129221205305831,0.29275865803826445,61.66666666666667,0.055902331483291656,2026-07-22
2024-07-25,-0.004263324908960198,0.013872737424182185,0.023529515064651996,0.009656777640469811,0.6321976453795279,63.33333333333333,0.08888983303902445,2026-07-22
2024-07-26,0.00723327305605781,0.013834181049018724,0.021657500923020535,0.00782331987400181,-0.6816787229064749,63.33333333333333,0.08888983303902445,2026-07-22
2024-07-29,0.0036148167231566664,0.014207956137335517,0.023157315960243778,0.008949359822908261,0.10237930296470282,65.0,0.08888983303902445,2026-07-22
2024-07-30,-0.001235360179688727,0.015933173555667056,0.025998767213566636,0.01006559365789958,0.881253657798179,65.0,0.08888983303902445,2026-07-22
2024-07-31,0.005180473230205873,0.01805829781876986,0.026689922790441405,0.008631624971671546,-0.14843703858928808,63.33333333333333,0.08888983303902445,2026-07-22
2024-08-01,-0.019616303505365473,0.022978836978083957,0.029536888277678388,0.006558051299594431,-1.574799452067524,61.66666666666667,0.07972761516528885,2026-07-22
2024-08-02,0.007856816848144987,0.018041928439999532,0.026280364834815648,0.008238436394816116,-0.3772117898311875,60.0,0.07972761516528885,2026-07-22
2024-08-05,-0.039244703218502375,0.023630633412064533,0.0286608265783602,0.005030193166295667,-2.4604769725759836,58.333333333333336,0.07972761516528885,2026-07-22
2024-08-06,0.018694184686087523,0.017063292110707867,0.023468491485996383,0.006405199375288516,-1.479582819362367,56.666666666666664,0.07972761516528885,2026-07-22
2024-08-07,0.004627028456225091,0.013973928328048132,0.02201356920912318,0.008039640881075049,-0.39465158977450543,55.00000000000001,0.07972761516528885,2026-07-22
2024-08-08,-0.006217718853834375,0.01606737975836141,0.025030782858675372,0.00896340310031396,0.19216171373038726,56.666666666666664,0.19086790002886667,2026-07-22
2024-08-09,0.012678760593220373,0.01547523743568848,0.02331895382029557,0.007843716384607092,-0.5346775799375375,55.00000000000001,0.19086790002886667,2026-07-22
2024-08-12,0.0054264326108985905,0.014249559866104773,0.02232696942101148,0.008077409554906708,-0.35853334332678805,53.333333333333336,0.19086790002886667,2026-07-22
2024-08-13,0.00011379523360544042,0.013133968782799356,0.02441803690394717,0.011284068121147815,1.7788712557444364,53.333333333333336,0.19086790002886667,2026-07-22
2024-08-14,-4.8763836738796584e-05,0.01306460805603778,0.021654740759150963,0.008590132703113183,-0.00030466909805587606,51.66666666666667,0.19086790002886667,2026-07-22
2024-08-15,-0.0055268376735264635,0.013332331041853244,0.021740154391535114,0.00840782334968187,-0.14326702447605932,51.66666666666667,0.18138122500078108,2026-07-22
2024-08-16,0.023431625747817986,0.020403248083060488,0.026716411838420297,0.0063131637553598095,-1.5282561577347393,50.0,0.18138122500078108,2026-07-22
2024-08-19,0.007498622457535742,0.013832092113092302,0.01979420478641638,0.005962112673324077,-1.68738976668913,48.333333333333336,0.18138122500078108,2026-07-22
2024-08-20,0.008663464434615964,0.01257446039027654,0.01786760101546294,0.005293140625186401,-2.0464779549419854,48.333333333333336,0.18138122500078108,2026-07-22
2024-08-21,0.009036973006954607,0.013110648038986665,0.017994079731135534,0.004883431692148868,-2.17422687860506,46.666666666666664,0.18138122500078108,2026-07-22
2024-08-22,-0.0009890580584868136,0.011219956087825896,0.019365555901401592,0.008145599813575696,-0.17857376961728738,46.666666666666664,0.2249958066562948,2026-07-22
2024-08-23,0.0019800745256395302,0.010986771274013001,0.017513251935168117,0.006526480661155116,-1.1394539861423145,45.0,0.2249958066562948,2026-07-22
2024-08-26,-0.004123486758161321,0.011922724862783084,0.019152142413450278,0.007229417550667194,-0.7025255101840314,45.0,0.2249958066562948,2026-07-22
2024-08-27,0.00042186840830615857,0.010750513624588839,0.01722137182692285,0.00647085820233401,-1.1238580490325614,43.333333333333336,0.2249958066562948,2026-07-22
2024-08-28,0.0006871993502843843,0.011141076935476434,0.018281066752788667,0.007139989817312233,-0.6983012833917307,41.66666666666667,0.2249958066562948,2026-07-22
2024-08-29,2.341116244219954e-05,0.011041874060997438,0.01843968953226389,0.007397815471266453,-0.5181585780568886,40.0,0.20873026414172896,2026-07-22
2024-08-30,0.0018728491498043454,0.009877000788180379,0.016444744326682918,0.006567743538502539,-1.006358953359127,38.333333333333336,0.20873026414172896,2026-07-22
2024-09-04,-0.006285683129911845,0.01324496145969582,0.019869906418785926,0.006624944959090107,-0.9398692866328872,36.666666666666664,0.20873026414172896,2026-07-22
2024-09-05,-0.00594920833986512,0.0100556212142037,0.015957765693232727,0.005902144479029026,-1.3637170652984387,35.0,0.20873026414172896,2026-07-22
2024-09-06,0.004533949424779804,0.011414496005827389,0.017298078925290044,0.005883582919462655,-1.3285795298524987,33.33333333333333,0.20873026414172896,2026-07-22
2024-09-09,-0.00489026343056298,0.011211517319476366,0.019792828178813584,0.008581310859337218,0.40503524628977716,33.33333333333333,0.186512045606092,2026-07-22
2024-09-10,-0.00986014372145494,0.012322698939194687,0.018827393665698956,0.006504694726504268,-0.8998746866524144,31.666666666666664,0.186512045606092,2026-07-22
2024-09-11,-0.0015614668228133288,0.010338098504387688,0.01728890736816791,0.00695080886378022,-0.588764270125633,30.0,0.186512045606092,2026-07-22
2024-09-12,0.0024575709942789015,0.010604805614776665,0.01820830543626501,0.007603499821488346,-0.13270150961542018,28.333333333333332,0.186512045606092,2026-07-22
2024-09-13,-0.003693238349186001,0.011038942755813897,0.01715971021740477,0.006120767461590872,-1.095575032199166,26.666666666666668,0.186512045606092,2026-07-22
2024-09-16,-0.009946393333919223,0.011952001658680517,0.018734741798534585,0.006782740139854068,-0.6234045956622771,25.0,0.19895910904946865,2026-07-22
2024-09-17,0.0158885141132612,0.014441237382079789,0.02109686409806745,0.006655626715987661,-0.6925061980491731,23.333333333333332,0.19895910904946865,2026-07-22
2024-09-18,0.004726160689463521,0.012847956756217877,0.02242950536582442,0.009581548609606545,1.360757453647215,25.0,0.19895910904946865,2026-07-22
2024-09-19,0.005035971223021463,0.010633644271865932,0.016578433652125996,0.005944789380260064,-1.172856656771941,23.333333333333332,0.19895910904946865,2026-07-22
2024-09-20,0.0006056935190792423,0.010399625328748443,0.01792164441646597,0.007522019087717527,-0.03867464987907856,21.666666666666668,0.19895910904946865,2026-07-22
2024-09-23,-0.0027986541303731682,0.011172517292310967,0.018510076945083435,0.0073375596527724685,-0.1655135354488823,21.666666666666668,0.05085444190686197,2026-07-22
2024-09-24,0.006708816851664912,0.010922508377105011,0.016580854873541526,0.005658346496436515,-1.323719393443322,21.666666666666668,0.05085444190686197,2026-07-22
2024-09-25,0.008214629715189714,0.012036468643458049,0.01783747291662366,0.00580100427316561,-1.1847903761091867,21.666666666666668,0.05085444190686197,2026-07-22
2024-09-26,0.003114611489110519,0.01101543065190648,0.01798764138778652,0.0069722107358800404,-0.38854925818187663,21.666666666666668,0.05085444190686197,2026-07-22
2024-09-27,-0.0004413506879650253,0.010614753279399747,0.01755060807601517,0.006935854796615421,-0.3982005801352351,21.666666666666668,0.05085444190686197,2026-07-22
2024-09-30,-0.0023084311963561532,0.010616877949498121,0.015985263000771206,0.0053683850512730846,-1.447485476652233,20.0,0.054845807504741995,2026-07-22
2024-10-01,0.00330760749724357,0.011956280411567875,0.018249621646985372,0.006293341235417497,-0.788570239676792,20.0,0.054845807504741995,2026-07-22
2024-10-02,-0.0033740906980344043,0.010469670086930885,0.015219314004335219,0.004749643917404334,-1.7941765791344815,18.333333333333332,0.054845807504741995,2026-07-22
2024-10-03,-0.00756305131072188,0.013111635287797619,0.02560493799636724,0.012493302708569621,3.1819524649162942,20.0,0.054845807504741995,2026-07-22
2024-10-04,-0.0058680854393240445,0.010743503444546143,0.016764519752472836,0.006021016307926693,-0.8755537493876069,20.0,0.054845807504741995,2026-07-22
2024-10-07,-0.0005273099323153119,0.009663607767412943,0.016968302993139048,0.007304695225726104,-0.09236435966798076,20.0,0.016605495157480648,2026-07-22
2024-10-08,0.0016142622034285292,0.01081796712062284,0.017903861366052903,0.007085894245430064,-0.22197234848490147,20.0,0.016605495157480648,2026-07-22
2024-10-09,0.007759555967861154,0.011356179848464336,0.016555534106628897,0.005199354258164561,-1.3704916700217322,20.0,0.016605495157480648,2026-07-22
2024-10-10,0.0035183523813238082,0.010688767747639175,0.016165820675497534,0.005477052927858359,-1.167897371756781,18.333333333333332,0.016605495157480648,2026-07-22
2024-10-11,0.0015780963338414278,0.0086940349389159,0.013776962134236414,0.005082927195320514,-1.3740152331265878,18.333333333333332,0.016605495157480648,2026-07-22
2024-10-14,-0.001591133119630106,0.010988891150891446,0.018163730134537755,0.00717483898364631,-0.050181993502444504,16.666666666666664,0.019122896648824054,2026-07-22
2024-10-15,-0.0040891210721892834,0.012069440677779878,0.019383191290732564,0.007313750612952686,0.04040285187650388,18.333333333333332,0.019122896648824054,2026-07-22
2024-10-16,-0.001248946201642287,0.010205639933087575,0.016058029077942286,0.005852389144854711,-0.8514279528230649,18.333333333333332,0.019122896648824054,2026-07-22
2024-10-17,0.005502235283083801,0.011610680103744483,0.018491363689018592,0.006880683585274109,-0.17683278978072503,16.666666666666664,0.019122896648824054,2026-07-22
2024-10-18,-0.000823928116158279,0.00940334046772074,0.015966545239566476,0.006563204771845736,-0.35874885025250725,15.0,0.019122896648824054,2026-07-22
2024-10-21,-0.004426431005243314,0.011412783228233567,0.017193486883144288,0.005780703654910721,-0.8433340562140723,13.333333333333334,0.021005676501101515,2026-07-22
2024-10-22,-0.007720137212155254,0.012448441021983864,0.017968310103299273,0.005519869081315409,-0.9853724403477949,13.333333333333334,0.021005676501101515,2026-07-22
2024-10-23,0.0007953444786557018,0.010709043438691288,0.01755661414706459,0.0068475707083733035,-0.08483767746795806,11.666666666666666,0.021005676501101515,2026-07-22
2024-10-24,-0.010614525139664766,0.01328974372891248,0.020196373835207337,0.006906630106294857,-0.010236757035488542,10.0,0.021005676501101515,2026-07-22
2024-10-25,-0.0037298892167233477,0.010375398356048919,0.01574102040604745,0.005365622049998532,-1.0503525096601922,10.0,0.021005676501101515,2026-07-22
2024-10-28,0.0016364391084999763,0.011319322535255187,0.01960435676060203,0.008285034225346842,0.9646464645706433,11.666666666666666,0.022330514550241466,2026-07-22
2024-10-29,0.005586681224447609,0.012248670725344045,0.019902041710947286,0.007653370985603241,0.5355615382851124,13.333333333333334,0.022330514550241466,2026-07-22
2024-10-30,-0.002496473236221708,0.01216012898327003,0.021038801445147737,0.008878672461877707,1.3442951305605233,15.0,0.022330514550241466,2026-07-22
2024-10-31,0.004647910823673218,0.012321974897029893,0.01875338447995076,0.006431409582920869,-0.3618440122212561,15.0,0.022330514550241466,2026-07-22
2024-11-01,-0.00758414526129314,0.011689746049520524,0.019795111385653548,0.008105365336133024,0.8038204809662262,16.666666666666664,0.022330514550241466,2026-07-22
2024-11-04,-0.00811226482002414,0.013296190748251257,0.02079440467909172,0.007498213930840462,0.40418555881557044,16.666666666666664,0.01682287055120696,2026-07-22
2024-11-05,0.0008435699881899072,0.009221894635440842,0.015740451161422267,0.006518556525981425,-0.27438623093217307,16.666666666666664,0.01682287055120696,2026-07-22
2024-11-06,0.012458258412535228,0.012875046539949175,0.0199661772021392,0.007091130662190024,0.14459484300567926,18.333333333333332,0.01682287055120696,2026-07-22
2024-11-07,-0.0012130534060637022,0.010506972546253206,0.019670047742294482,0.009163075196041277,1.7610743400355213,18.333333333333332,0.01682287055120696,2026-07-22
2024-11-08,-0.005707481643183243,0.012741038381129291,0.021370507905377853,0.008629469524248562,1.3528128429757296,20.0,0.01682287055120696,2026-07-22
2024-11-11,-0.001788337484831093,0.014015100672371945,0.022299618663951984,0.008284517991580038,1.0935363407530574,21.666666666666668,0.01892913038335168,2026-07-22
2024-11-12,-0.004398873888284638,0.010812374761329561,0.017127368055982355,0.006314993294652793,-0.40983603759505216,21.666666666666668,0.01892913038335168,2026-07-22
2024-11-13,0.0009800613743353725,0.013079140083981982,0.022372391854462385,0.009293251770480402,1.777900291823344,23.333333333333332,0.01892913038335168,2026-07-22
2024-11-14,-0.01135597573111602,0.015088351374534084,0.02252109358331036,0.007432742208776277,0.3690887696953208,25.0,0.01892913038335168,2026-07-22
2024-11-15,-0.01081265372719975,0.014203816925644038,0.01936145920604542,0.005157642280401383,-1.3561901868369388,25.0,0.01892913038335168,2026-07-22
2024-11-18,-0.0011899193316756707,0.013914521930258989,0.023790226451611784,0.009875704521352795,2.124518995088936,26.666666666666668,0.017953469362064767,2026-07-22
2024-11-19,-0.009834691731299916,0.016366905262045244,0.02461935960664868,0.008252454344603435,0.9082638923805036,28.333333333333332,0.017953469362064767,2026-07-22
2024-11-20,0.009451105671492988,0.012860254481797494,0.019842921214905555,0.006982666733108061,-0.01346356057796095,28.333333333333332,0.017953469362064767,2026-07-22
2024-11-21,0.00969141992864997,0.012409088226728274,0.01904570615056085,0.006636617923832577,-0.26772167450899076,28.333333333333332,0.017953469362064767,2026-07-22
2024-11-22,-0.00018724609836118233,0.011155388036276479,0.020396873122338066,0.009241485086061587,1.5710513658527867,30.0,0.017953469362064767,2026-07-22
2024-11-25,0.0053741551990882375,0.012393784932449322,0.019448698282815455,0.007054913350366133,0.015480410085114029,31.666666666666664,0.0243153091825961,2026-07-22
2024-11-26,0.006017656110796299,0.011421921097573392,0.018143871821684192,0.0067219507241108,-0.22410224827602,31.666666666666664,0.0243153091825961,2026-07-22
2024-11-27,-0.00012881099401840235,0.010056370272509677,0.01771374808765357,0.007657377815143893,0.43119021917812217,33.33333333333333,0.0243153091825961,2026-07-22
2024-11-28,0.00011272413987439833,0.010718806229549727,0.018844615686782366,0.008125809457232638,0.7397665509306047,35.0,0.0243153091825961,2026-07-22
2024-11-29,0.00672243199072553,0.01184631931350583,0.017323922224724477,0.005477602911218647,-1.1412206619932663,35.0,0.0243153091825961,2026-07-22
2024-12-02,0.0005997792812244551,0.00949726294510229,0.015981119249836848,0.006483856304734558,-0.40460183726085025,33.33333333333333,0.02482005535156569,2026-07-22
2024-12-03,-0.0011029323614741848,0.012620574032834998,0.021131279494932213,0.008510705462097215,1.0163860959036357,35.0,0.02482005535156569,2026-07-22
2024-12-04,-0.007537025035404654,0.014200006286610434,0.02442392354952114,0.010223917262910706,2.1103545944429185,36.666666666666664,0.02482005535156569,2026-07-22
2024-12-05,0.021863738602558636,0.018409310220753036,0.025220016526547092,0.0068107063057940564,-0.21362958157397322,36.666666666666664,0.02482005535156569,2026-07-22
2024-12-06,0.002059122860997409,0.012282029097681786,0.01831776885318021,0.0060357397554984225,-0.7420815412353173,36.666666666666664,0.02482005535156569,2026-07-22
2024-12-09,0.0029130647015287447,0.01356048397090743,0.022627345386164004,0.009066861415256573,1.285121507073792,38.333333333333336,0.03105316992641927,2026-07-22
2024-12-10,-0.0013894994661809434,0.012214392779379081,0.021265064645232028,0.009050671865852946,1.2321121002050206,40.0,0.03105316992641927,2026-07-22
2024-12-11,-0.002523446036774679,0.011362003053742851,0.01966371912041145,0.0083017160666686,0.7606929562541423,40.0,0.03105316992641927,2026-07-22
2024-12-12,-0.001190044606970031,0.01095026294597685,0.019296097043427232,0.008345834097450383,0.764226541252803,41.66666666666667,0.03105316992641927,2026-07-22
2024-12-13,-0.0037716495048722987,0.011388063523128314,0.019188252934469505,0.007800189411341191,0.3908597567638594,43.333333333333336,0.03105316992641927,2026-07-22
2024-12-16,0.0009662830575729586,0.010625810440815136,0.01775488045365189,0.0071290700128367555,-0.0612564319272234,43.333333333333336,0.030545817290819215,2026-07-22
2024-12-17,-0.0016379303523528232,0.009762847481493217,0.018013627248597376,0.00825077976710416,0.6729946907501356,45.0,0.030545817290819215,2026-07-22
2024-12-18,0.0033921947817265874,0.01122728200576353,0.019123739628882218,0.007896457623118688,0.41079562105802797,46.666666666666664,0.030545817290819215,2026-07-22
2024-12-19,-0.008949447077409078,0.012158469873663754,0.020164957468102464,0.00800648759443871,0.47373889597422614,48.333333333333336,0.030545817290819215,2026-07-22
2024-12-20,0.0022555731786046973,0.013914812869477124,0.024381757802650672,0.010466944933173548,2.0424260579563294,50.0,0.030545817290819215,2026-07-22
2024-12-23,0.004182902584493053,0.014131289336514722,0.023972272555094407,0.009840983218579685,1.5698688619695307,51.66666666666667,0.025774272058703012,2026-07-22
2024-12-24,-0.0019005986885869408,0.014503427796162151,0.025465641369814232,0.01096221357365208,2.1716642285038166,53.333333333333336,0.025774272058703012,2026-07-22
2024-12-25,0.010854041702370809,0.016805321476291296,0.02532350796145887,0.008518186485167573,0.6016606867123993,55.00000000000001,0.025774272058703012,2026-07-22
2024-12-26,-0.0009183385137044864,0.01521348671065182,0.027531516520808014,0.012318029810156193,3.0823248381615738,55.00000000000001,0.025774272058703012,2026-07-22
2024-12-27,0.0017833714362034403,0.015806276797015125,0.025528365027631714,0.009722088230616589,1.3421483987121692,56.666666666666664,0.025774272058703012,2026-07-22
2024-12-30,-0.002446790156375056,0.012293071387531745,0.020484423717932337,0.008191352330400591,0.3419977082993281,58.333333333333336,0.016196650406174684,2026-07-22
2024-12-31,-0.004119432084401242,0.012967624804994948,0.021177488598750214,0.008209863793755266,0.3419197843336399,60.0,0.016196650406174684,2026-07-22
2025-01-02,0.0023129509464943077,0.01275903814287438,0.02209731417066815,0.00933827602779377,1.04084226596654,61.66666666666667,0.016196650406174684,2026-07-22
2025-01-03,-0.011908231013381121,0.01367580190183492,0.020603574415512076,0.006927772513677155,-0.564218091335222,61.66666666666667,0.016196650406174684,2026-07-22
2025-01-06,-0.006567882734598518,0.016207305155803958,0.02320303691411945,0.006995731758315492,-0.5543305625518149,61.66666666666667,0.016196650406174684,2026-07-22
2025-01-07,0.00048140570465760035,0.013796388058571508,0.022097986292936602,0.008301598234365094,0.3261842108428429,63.33333333333333,0.023268993550753125,2026-07-22
2025-01-08,0.0032639640723364227,0.01395941995897463,0.024804461431465658,0.010845041472491029,1.960457298208231,63.33333333333333,0.023268993550753125,2026-07-22
2025-01-09,-0.004196575594315077,0.011521023336933682,0.0193224719862714,0.007801448649337716,-0.07727934131232403,63.33333333333333,0.023268993550753125,2026-07-22
2025-01-10,-0.012273533637830347,0.01496945754748087,0.021808303356278,0.006838845808797131,-0.7239993750279228,63.33333333333333,0.023268993550753125,2026-07-22
2025-01-13,0.0042016123789090365,0.013176758012564953,0.020650876331214936,0.007474118318649983,-0.3090329373571989,63.33333333333333,0.023268993550753125,2026-07-22
2025-01-14,-0.005325132521345144,0.010949313055449605,0.017553434586995712,0.006604121531546107,-0.9172852382471045,63.33333333333333,0.029987570110880678,2026-07-22
2025-01-15,0.005784861724718704,0.012677476898349041,0.0194394475505577,0.006761970652208658,-0.8385657656428893,63.33333333333333,0.029987570110880678,2026-07-22
2025-01-16,0.004999271950686612,0.011866727113158077,0.020546180115071117,0.00867945300191304,0.4780099082607928,65.0,0.029987570110880678,2026-07-22
2025-01-17,0.005433207765864978,0.013051798743526001,0.021012808663859312,0.007961009920333311,-0.03678753482282052,65.0,0.029987570110880678,2026-07-22
2025-01-20,0.00035225080257150765,0.012244544593705102,0.02115757732969125,0.008913032735986148,0.6071664397335598,66.66666666666666,0.029987570110880678,2026-07-22
2025-01-21,-0.0027689968388620034,0.013430399255605898,0.022264649336960117,0.008834250081354219,0.5423761931782745,66.66666666666666,0.02698467493672915,2026-07-22
2025-01-22,-0.002856936497363738,0.013424647833808957,0.02128298934962699,0.007858341515818032,-0.16347963533057766,65.0,0.02698467493672915,2026-07-22
2025-01-23,0.013762243165155175,0.013513408955823165,0.019364544027327665,0.005851135071504501,-1.546055955735204,63.33333333333333,0.02698467493672915,2026-07-22
2025-01-24,0.00430285083715054,0.014330842744979299,0.0228795286566637,0.0085486859116844,0.3425104304110867,65.0,0.02698467493672915,2026-07-22
2025-02-03,-0.00950160072724393,0.018886276804625818,0.026503286402615095,0.007617009597989277,-0.3178651915579219,63.33333333333333,0.02698467493672915,2026-07-22
2025-02-04,0.00929746294980971,0.015514467034029703,0.02278691946295846,0.007272452428928756,-0.5607022434019763,61.66666666666667,0.027056464220315032,2026-07-22
2025-02-05,0.0038982193123950903,0.012642198184884589,0.020170414931066232,0.007528216746181643,-0.3937490571767028,61.66666666666667,0.027056464220315032,2026-07-22
2025-02-06,0.001472893250683338,0.015242807447657568,0.027805410434995143,0.012562602987337575,2.9352882497567467,61.66666666666667,0.027056464220315032,2026-07-22
2025-02-07,0.0029257243527227583,0.015495090534899796,0.025859965643813414,0.010364875108913619,1.4341248725737887,61.66666666666667,0.027056464220315032,2026-07-22
2025-02-10,-0.00936323713927234,0.018707466979349354,0.028803938434886902,0.010096471455537548,1.2260796968114096,61.66666666666667,0.027056464220315032,2026-07-22
2025-02-11,0.004108417902886297,0.015187094923077583,0.024506108964325268,0.009319014041247685,0.706403571506303,61.66666666666667,0.030364775408706857,2026-07-22
2025-02-12,-0.0012140801765934128,0.01214325375428712,0.021726479922723564,0.009583226168436444,0.8482142186072982,63.33333333333333,0.030364775408706857,2026-07-22
2025-02-13,0.0027152678564379418,0.014658756876129787,0.025211385234723698,0.010552628358593911,1.4453142759266002,63.33333333333333,0.030364775408706857,2026-07-22
2025-02-14,0.004510567953713629,0.013447622559272019,0.022976254175368346,0.009528631616096328,0.763142536838202,63.33333333333333,0.030364775408706857,2026-07-22
2025-02-17,-0.0026330637577580696,0.01764057204523838,0.029486629891658938,0.011846057846420559,2.166325721187199,65.0,0.030364775408706857,2026-07-22
2025-02-18,0.004258595763404482,0.013317464082790957,0.022723392338645364,0.009405928255854406,0.6173585512319686,65.0,0.0323404625260634,2026-07-22
2025-02-19,0.008152471560235908,0.016810097558156517,0.0261866403392802,0.009376542781123681,0.584889334970476,65.0,0.0323404625260634,2026-07-22
2025-02-20,0.0034301856335754444,0.014902498305348904,0.033042463505973944,0.01813996520062504,4.765389765234818,66.66666666666666,0.0323404625260634,2026-07-22
2025-02-21,0.0029157450231247495,0.013108387651086715,0.020421656886028938,0.007313269234942223,-0.6781612390714782,66.66666666666666,0.0323404625260634,2026-07-22
2025-02-24,0.006022749180643938,0.017157546119109864,0.026625264040646655,0.009467717921536792,0.40639348766710603,66.66666666666666,0.0323404625260634,2026-07-22
2025-02-25,-0.001073158766173976,0.012133765763108768,0.02147191228516822,0.009338146522059453,0.32344133035834305,66.66666666666666,0.018910666942549354,2026-07-22
2025-02-26,-0.00015347309616631222,0.012613035628289242,0.02204417933375856,0.009431143705469318,0.3503481630975752,68.33333333333333,0.018910666942549354,2026-07-22
2025-02-27,0.003714619021305321,0.014724717214330479,0.02776454935415208,0.0130398321398216,2.0710196305634447,68.33333333333333,0.018910666942549354,2026-07-22
2025-02-28,-0.0018657287046949245,0.01272068513132396,0.02309260313326836,0.010371918001944402,0.7360475244577104,68.33333333333333,0.018910666942549354,2026-07-22
2025-03-03,0.0030719495005209208,0.013847989029608227,0.023068225135588854,0.009220236105980627,0.14379393158173265,70.0,0.018910666942549354,2026-07-22
2025-03-04,0.0019398642095054264,0.012266314483091205,0.018561718362599837,0.006295403879508632,-1.3223823593280069,70.0,0.010992154087385454,2026-07-22
2025-03-05,-0.0054881813539038315,0.013214003163555584,0.020127041721053354,0.00691303855749777,-0.991027506642382,68.33333333333333,0.010992154087385454,2026-07-22
2025-03-06,0.010354791486230752,0.013258792110469679,0.019429767570063292,0.006170975459593614,-1.3117603072560486,66.66666666666666,0.010992154087385454,2026-07-22
2025-03-07,0.005939827949811072,0.013270737751267652,0.020803296446148343,0.007532558694880691,-0.6509489651463108,66.66666666666666,0.010992154087385454,2026-07-22
2025-03-10,0.0031899249651219375,0.012665620511372277,0.020008385330660718,0.007342764819288441,-0.7646181559827304,66.66666666666666,0.010992154087385454,2026-07-22
2025-03-11,0.001698890459151503,0.010107726109974981,0.016033497843630923,0.005925771733655941,-1.4221737957274627,65.0,0.01436563006673505,2026-07-22
2025-03-12,0.0014033349843156628,0.01212815012546672,0.01908973014711076,0.006961580021644041,-0.8897569597167339,63.33333333333333,0.01436563006673505,2026-07-22
2025-03-13,-0.00610007419009162,0.013261629045730213,0.0194235719342963,0.006161942888566087,-1.246415053712751,61.66666666666667,0.01436563006673505,2026-07-22
2025-03-14,-9.047931416672483e-05,0.011979272416709623,0.019215235482209502,0.00723596306549988,-0.7168626189863867,60.0,0.01436563006673505,2026-07-22
2025-03-17,0.007623571994118228,0.015024206664901079,0.022194724010809012,0.007170517345907934,-0.7409860562223901,58.333333333333336,0.01436563006673505,2026-07-22
2025-03-18,-0.00395881041114754,0.011381325935644917,0.01688479033231453,0.005503464396669613,-1.5033050675655009,58.333333333333336,0.023421348060176355,2026-07-22
2025-03-19,-0.004763443203077422,0.011025298591652319,0.016794751242457228,0.0057694526508049095,-1.3377754207818089,56.666666666666664,0.023421348060176355,2026-07-22
2025-03-20,-0.0005284494538098095,0.011613457697629564,0.019482435552310065,0.007868977854680501,-0.36263036452559727,55.00000000000001,0.023421348060176355,2026-07-22
2025-03-21,-0.0015484202336981667,0.01012814526317488,0.01897367734111613,0.00884553207794125,0.08435976934331185,55.00000000000001,0.023421348060176355,2026-07-22
2025-03-24,0.006384845825642138,0.014990270896224994,0.021401938600386465,0.0064116677041614716,-1.012240527809795,53.333333333333336,0.023421348060176355,2026-07-22
2025-03-25,0.001202718143003212,0.010287494844621993,0.016487424995295916,0.006199930150673922,-1.0744892981163807,51.66666666666667,0.019297364306740845,2026-07-22
2025-03-26,-0.004377139768154348,0.011034465816412332,0.016935267724098105,0.005900801907685773,-1.1719687392662104,50.0,0.019297364306740845,2026-07-22
2025-03-27,-0.001719340316268081,0.010896613567834687,0.017966176407418162,0.007069562839583475,-0.6217545619737831,48.333333333333336,0.019297364306740845,2026-07-22
2025-03-28,-0.0047967608644744475,0.012219935458342442,0.019237735046202725,0.007017799587860283,-0.6202057323498508,46.666666666666664,0.019297364306740845,2026-07-22
2025-03-31,-0.008045785071273626,0.014050612999732951,0.021646347350428,0.0075957343506950475,-0.3331370545494238,45.0,0.019297364306740845,2026-07-22
2025-04-01,0.008011569716725564,0.012946488491050333,0.019963599203211595,0.007017110712161262,-0.5945006010676455,43.333333333333336,0.017107219750470526,2026-07-22
2025-04-02,0.0003795556162844438,0.011764379545447174,0.020850789049050467,0.009086409503603293,0.369364559115195,43.333333333333336,0.017107219750470526,2026-07-22
2025-04-03,-0.06676885485988326,0.0205376053617655,0.03413061149931128,0.013593006137545778,2.3355068328671242,43.333333333333336,0.017107219750470526,2026-07-22
2025-04-04,-0.015587393482078826,0.034575483167440337,0.041824793719546324,0.007249310552105988,-0.5038856629274648,43.333333333333336,0.017107219750470526,2026-07-22
2025-04-08,-0.06432801671801569,0.023878729123991336,0.037748006560934314,0.013869277436942978,2.303564914311869,45.0,0.017107219750470526,2026-07-22
2025-04-09,-0.03397805418480038,0.03594261183235175,0.04185452603345467,0.005911914201102923,-1.0756807795850933,43.333333333333336,0.2559051325639495,2026-07-22
2025-04-10,0.06765969112674775,0.020334358235034714,0.03714707268538568,0.016812714450350968,3.206218120382767,43.333333333333336,0.2559051325639495,2026-07-22
2025-04-11,0.04632213225602144,0.03200275118170233,0.04010167005978724,0.008098918878084907,-0.1765992195181115,43.333333333333336,0.2559051325639495,2026-07-22
2025-04-14,0.015526070382670953,0.02342910266045264,0.03168785857932531,0.008258755918872668,-0.1242014137222675,43.333333333333336,0.2559051325639495,2026-07-22
2025-04-15,-0.010995295785539483,0.020385242323198327,0.027724102931706955,0.007338860608508628,-0.4815187402183458,43.333333333333336,0.2559051325639495,2026-07-22
2025-04-16,-0.014245107062282658,0.019080878839888706,0.02749134118826976,0.008410462348381054,-0.07630122770724641,43.333333333333336,0.39080280788379274,2026-07-22
2025-04-17,0.005742377922829167,0.014228424271937745,0.021126535540614607,0.006898111268676862,-0.6695673518212478,43.333333333333336,0.39080280788379274,2026-07-22
2025-04-18,0.0015362497432735989,0.016178525686183012,0.023551854868605848,0.007373329182422835,-0.4739996425179133,41.66666666666667,0.39080280788379274,2026-07-22
2025-04-21,-0.009884178751886519,0.015994460879635977,0.02313693133713742,0.0071424704575014444,-0.5576972960169402,41.66666666666667,0.39080280788379274,2026-07-22
2025-04-22,-0.008234816539222978,0.02215544563166936,0.03005113329360567,0.007895687661936313,-0.2571789317453669,40.0,0.39080280788379274,2026-07-22
2025-04-23,0.01158604328686108,0.018086780023666447,0.02576539257127864,0.007678612547612193,-0.3340179310398203,38.333333333333336,0.3863139652503589,2026-07-22
2025-04-24,0.010198183319570564,0.014929321653307083,0.02128235846667333,0.006353036813366247,-0.8360560753970694,38.333333333333336,0.3863139652503589,2026-07-22
2025-04-25,0.00480647402623946,0.015589400558212268,0.02484258620085216,0.009253185642639893,0.26789944592414866,40.0,0.3863139652503589,2026-07-22
2025-04-28,-0.0019768472946478655,0.014998064368348515,0.025036346254828555,0.01003828188648004,0.5634576339335797,40.0,0.3863139652503589,2026-07-22
2025-04-29,-0.0004075643951744201,0.012764143344176863,0.021634558807589088,0.008870415463412225,0.10029207370726366,41.66666666666667,0.3863139652503589,2026-07-22
2025-05-05,0.011212590720052207,0.01752875333654797,0.02478657478466213,0.007257821448114158,-0.5287752495982818,41.66666666666667,0.3912492170013097,2026-07-22
2025-05-06,0.0015321962824079716,0.01290374761372519,0.019935898347953087,0.007032150734227896,-0.6125546573355687,41.66666666666667,0.3912492170013097,2026-07-22
2025-05-07,0.006779661016949046,0.015450836956596022,0.023038038636579963,0.007587201679983941,-0.3713205755703825,40.0,0.3912492170013097,2026-07-22
2025-05-08,0.015539400337500231,0.01658396971062345,0.022508181975014235,0.005924212264390785,-0.9985098267043787,38.333333333333336,0.3912492170013097,2026-07-22
2025-05-09,-0.001968813986454543,0.012558918154186178,0.021648908109431923,0.009089989955245745,0.26147808285923735,38.333333333333336,0.3912492170013097,2026-07-22
2025-05-12,0.012593703148425783,0.015845554790276644,0.021998240892405103,0.006152686102128459,-0.8783704857455805,36.666666666666664,0.39002910563060555,2026-07-22
2025-05-13,0.00792512818914326,0.01447033275818431,0.0224876179716857,0.00801728521350139,-0.13244345601559096,35.0,0.39002910563060555,2026-07-22
2025-05-14,0.012602150870166806,0.01696089507686975,0.022451437982162026,0.005490542905292276,-1.0938416620364821,33.33333333333333,0.39002910563060555,2026-07-22
2025-05-15,0.0026494010215847297,0.013322479795079714,0.01998534214907669,0.006662862353996978,-0.6126389011719475,31.666666666666664,0.39002910563060555,2026-07-22
2025-05-16,-0.008993298812062123,0.014410972010486373,0.021360442694279613,0.00694947068379324,-0.47527836389103206,30.0,0.39002910563060555,2026-07-22
2025-05-19,-0.003918886728805471,0.014057738143472276,0.02186203476409721,0.007804296620624936,-0.12318530125350993,28.333333333333332,0.3878566265905155,2026-07-22
2025-05-20,0.01454921352475158,0.017420011651610626,0.022983792229265398,0.005563780577654772,-0.9889188994950733,26.666666666666668,0.3878566265905155,2026-07-22
2025-05-21,0.006006919362810281,0.015813166038477305,0.022095571886083222,0.006282405847605917,-0.7312918944220522,25.0,0.3878566265905155,2026-07-22
2025-05-22,-0.006961188163712606,0.013833506812991423,0.021475686303261923,0.0076421794902705,-0.09982273162313833,25.0,0.3878566265905155,2026-07-22
2025-05-23,0.00047189916580414604,0.013851519190760149,0.02243674855259571,0.008585229361835563,0.34832722961910684,25.0,0.3878566265905155,2026-07-22
2025-05-26,0.013731874686182977,0.01942146288208933,0.028467964560959187,0.009046501678869858,0.56745868507307,25.0,0.19386432263741707,2026-07-22
2025-05-27,0.005478382901441536,0.015923153300681628,0.023348173500256378,0.00742502019957475,-0.1781569889269091,23.333333333333332,0.19386432263741707,2026-07-22
2025-05-28,0.0015375314410250862,0.014886084306495125,0.02276424946830628,0.007878165161811154,0.0801963245568135,23.333333333333332,0.19386432263741707,2026-07-22
2025-05-29,-7.452286734155322e-06,0.013402169604491579,0.021769560658358493,0.008367391053866914,0.34534819997005994,23.333333333333332,0.19386432263741707,2026-07-22
2025-05-30,-0.006900868943108818,0.014707908258911124,0.022010534467835775,0.0073026262089246514,-0.17722958096053346,21.666666666666668,0.19386432263741707,2026-07-22
2025-06-02,0.0027765270898993943,0.018024984753655174,0.026280908324727098,0.008255923571071924,0.29109288697108254,23.333333333333332,0.04195091916209702,2026-07-22
2025-06-03,0.008194267754246809,0.014371680601807178,0.022258510841457867,0.007886830239650689,0.09494663342677133,25.0,0.04195091916209702,2026-07-22
2025-06-04,-0.0011208016329560255,0.014402997954898304,0.02380972556099308,0.009406727606094775,0.8418434326939536,26.666666666666668,0.04195091916209702,2026-07-22
2025-06-05,-0.0027122623983830696,0.013526546666328115,0.02229807007328022,0.008771523406952104,0.5065870805409387,28.333333333333332,0.04195091916209702,2026-07-22
2025-06-06,-0.009090299458307416,0.014069678801544801,0.02019932695295662,0.0061296481514118185,-0.8219755417799087,28.333333333333332,0.04195091916209702,2026-07-22
2025-06-09,-0.014527517313462135,0.015227171585194522,0.02084604090619864,0.005618869321004118,-1.0748701476918976,28.333333333333332,0.0237025214624051,2026-07-22
2025-06-10,0.0043187315442898555,0.012919923463198008,0.020843512293925445,0.007923588830727437,0.07962270444476252,30.0,0.0237025214624051,2026-07-22
2025-06-11,-0.0007825380062754794,0.011248293078517388,0.020495209017422703,0.009246915938905314,0.7228430181164768,31.666666666666664,0.0237025214624051,2026-07-22
2025-06-12,0.005923053527980615,0.011144902296109465,0.017868252627565306,0.006723350331455841,-0.5478365039939547,31.666666666666664,0.0237025214624051,2026-07-22
2025-06-13,-0.0056689770897738745,0.016274355124266164,0.024426525569065,0.008152170444798837,0.16514815456782778,33.33333333333333,0.0237025214624051,2026-07-22
2025-06-16,0.01719511360785697,0.01603670252100326,0.021904186816540574,0.005867484295537313,-0.995131832241233,33.33333333333333,0.028836299993029457,2026-07-22
2025-06-17,0.0071593516228114495,0.012422055526256411,0.01798856510147234,0.005566509575215928,-1.1437551076417758,33.33333333333333,0.028836299993029457,2026-07-22
2025-06-18,-0.0006381289465678952,0.010299513274521247,0.018116610810016344,0.007817097535495096,-0.005003137266322026,33.33333333333333,0.028836299993029457,2026-07-22
2025-06-19,0.0038683427010091087,0.011800701825217254,0.01797683610118853,0.006176134275971275,-0.8097290478002412,31.666666666666664,0.028836299993029457,2026-07-22
2025-06-20,-0.001989586106919905,0.011507499587350452,0.018243495893853597,0.006735996306503145,-0.5311406162841106,31.666666666666664,0.028836299993029457,2026-07-22
2025-06-23,0.006543891503316468,0.01593785201113462,0.022502024369162748,0.006564172358028128,-0.622346671453231,31.666666666666664,0.03144522833681463,2026-07-22
2025-06-24,0.006324640327497022,0.013732764131151872,0.02130963175592466,0.007576867624772787,-0.12498050405834103,31.666666666666664,0.03144522833681463,2026-07-22
2025-06-25,-1.4633039940870063e-05,0.009504780918217772,0.015519709241680814,0.006014928323463042,-0.9073152312610356,31.666666666666664,0.03144522833681463,2026-07-22
2025-06-26,-0.0007901957197731235,0.011024058499083774,0.019779427716786698,0.008755369217702924,0.46729824504749423,33.33333333333333,0.03144522833681463,2026-07-22
2025-06-27,0.004225032401678375,0.011552144327310923,0.01825846279653355,0.006706318469222627,-0.562158247167135,33.33333333333333,0.03144522833681463,2026-07-22
2025-06-30,0.003376013533220368,0.011743508001189434,0.018204770209773926,0.006461262208584492,-0.6795883412965066,33.33333333333333,0.02885324695818056,2026-07-22
2025-07-01,0.0012862717739650087,0.012716616163753185,0.019180314511137237,0.0064636983473840524,-0.6562308786557003,31.666666666666664,0.02885324695818056,2026-07-22
2025-07-02,0.0048989723044765565,0.014336036092256092,0.021822790372907946,0.007486754280651854,-0.0966814028922372,30.0,0.02885324695818056,2026-07-22
2025-07-03,-0.0018994792682309747,0.012449356258938206,0.019172636317228667,0.006723280058290461,-0.5080860394533556,30.0,0.02885324695818056,2026-07-22
2025-07-04,0.0036252858259284704,0.012022755729343594,0.020843233062604938,0.008820477333261344,0.7572057907500849,30.0,0.02885324695818056,2026-07-22
2025-07-07,0.010879831575304477,0.013536279858209948,0.020715309384355955,0.007179029526146007,-0.252253450601818,30.0,0.029507646666153287,2026-07-22
2025-07-08,0.009557365590630917,0.014198383724789158,0.023338944163030808,0.00914056043824165,1.4922578098295725,30.0,0.029507646666153287,2026-07-22
2025-07-09,0.011204838003193274,0.015064814778560049,0.020052217016514377,0.004987402237954328,-2.081868087089555,30.0,0.029507646666153287,2026-07-22
2025-07-10,0.010004750859346823,0.014678236981944696,0.01986042044146603,0.005182183459521334,-1.8244790650858838,30.0,0.029507646666153287,2026-07-22
2025-07-11,0.008383829999169867,0.017490800118926002,0.02453108388491268,0.007040283765986678,-0.2641778781878371,30.0,0.029507646666153287,2026-07-22
2025-07-14,0.008684557128745496,0.01510081633021995,0.022557854448323835,0.007457038118103885,0.0985581231325237,31.666666666666664,0.020373791219300198,2026-07-22
2025-07-15,-0.0066443601147970766,0.016741970885214955,0.027024157813360428,0.010282186928145472,2.318629739185825,33.33333333333333,0.020373791219300198,2026-07-22
2025-07-16,0.010146167802005834,0.015074205521895954,0.02198061654085587,0.006906411018959915,-0.38699079557999544,33.33333333333333,0.020373791219300198,2026-07-22
2025-07-17,0.00985448704480607,0.016641407274533174,0.02414646188562406,0.007505054611090887,0.08856286803576634,35.0,0.020373791219300198,2026-07-22
2025-07-18,0.004879161884819627,0.016642480245369844,0.02418957163140745,0.007547091386037607,0.12712718067447673,36.666666666666664,0.020373791219300198,2026-07-22
2025-07-21,-0.008168144902756969,0.018311915042514008,0.02644147884784728,0.008129563805333272,0.5877208955510903,38.333333333333336,0.016514751024843094,2026-07-22
2025-07-22,0.01649102723814022,0.018642683452705512,0.025915775598661824,0.007273092145956311,-0.11182592259440714,38.333333333333336,0.016514751024843094,2026-07-22
2025-07-23,0.0018349960915244878,0.014649546032380565,0.022982274106680283,0.008332728074299718,0.7659488564270467,38.333333333333336,0.016514751024843094,2026-07-22
2025-07-24,0.0057594011809747325,0.014943326234410638,0.021566785801243556,0.006623459566832917,-0.6089096606590767,36.666666666666664,0.016514751024843094,2026-07-22
2025-07-25,0.006646855399666141,0.0173635560455851,0.02528951598562038,0.007925959940035279,0.5185386482166563,36.666666666666664,0.016514751024843094,2026-07-22
2025-07-28,0.017170325184667545,0.023648930534700203,0.031475175878244686,0.007826245343544484,0.4238729405200125,38.333333333333336,0.010309708739393228,2026-07-22
2025-07-29,-0.04110002439932714,0.02640298809845511,0.035017813626361825,0.008614825527906714,1.0691233520382557,40.0,0.010309708739393228,2026-07-22
2025-07-30,0.00952183258448791,0.019611675295876763,0.029394697016474177,0.009783021720597414,1.9647961573232913,41.66666666666667,0.010309708739393228,2026-07-22
2025-07-31,-0.003389425787494349,0.021354780581235248,0.031415777761375004,0.010060997180139756,2.0820033420870376,43.333333333333336,0.010309708739393228,2026-07-22
2025-08-01,-0.004865159864760549,0.0186446237929103,0.027449082080197505,0.008804458287287206,1.083024892679147,43.333333333333336,0.010309708739393228,2026-07-22
2025-08-04,0.02205710234682745,0.022123650064461618,0.02945229620476233,0.007328646140300713,-0.12312546730187218,43.333333333333336,0.045243204361641795,2026-07-22
2025-08-05,0.012406834228728236,0.023450675657771557,0.029315212529328564,0.005864536871557007,-1.2691241937187936,43.333333333333336,0.045243204361641795,2026-07-22
2025-08-06,0.017167049090262676,0.014996811320215379,0.018735108341075352,0.0037382970208599733,-2.8064149891704027,43.333333333333336,0.045243204361641795,2026-07-22
2025-08-07,0.005147072840612221,0.015207537339903708,0.022477831679731927,0.0072702943398282194,-0.1184412837710826,43.333333333333336,0.045243204361641795,2026-07-22
2025-08-08,0.0019850677388562055,0.01646303149804417,0.023841684330883833,0.007378652832839661,-0.04102502372088007,43.333333333333336,0.045243204361641795,2026-07-22
2025-08-11,0.007514432631944068,0.015885786664796526,0.02362675079570218,0.007740964130905654,0.23746064919480894,45.0,0.04764540130156809,2026-07-22
2025-08-12,0.007113961148754511,0.01688946748918151,0.023905733542715725,0.007016266053534215,-0.34227847748348206,45.0,0.04764540130156809,2026-07-22
2025-08-13,0.0021017025033887027,0.017017051235801106,0.026621688277205187,0.00960463704140408,1.6071649226905564,46.666666666666664,0.04764540130156809,2026-07-22
2025-08-14,0.018050384710846412,0.024763590413030282,0.02898870777963623,0.0042251173666059474,-2.35671422884116,46.666666666666664,0.04764540130156809,2026-07-22
2025-08-15,-0.006515551383869056,0.019418092240959094,0.02718867449614108,0.007770582255181985,0.2424760668004708,46.666666666666664,0.04764540130156809,2026-07-22
2025-08-18,0.003907975460122559,0.01841010647922452,0.028410128401574083,0.010000021922349563,1.8341528998247376,46.666666666666664,0.051187738156824786,2026-07-22
2025-08-19,0.010896068737510589,0.019779199205937664,0.027432515507132587,0.0076533163011949235,0.13944002603452554,48.333333333333336,0.051187738156824786,2026-07-22
2025-08-20,0.0061419417240962115,0.028891703076566078,0.03484803525553509,0.005956332178969015,-1.0514444612538139,46.666666666666664,0.051187738156824786,2026-07-22
2025-08-21,0.014203657862481789,0.02792533288724312,0.034216566588931824,0.006291233701688704,-0.7862762127345534,45.0,0.051187738156824786,2026-07-22
2025-08-22,-0.025195497630331687,0.025174842136726217,0.03225836638978538,0.007083524253059165,-0.21829867717416684,45.0,0.051187738156824786,2026-07-22
2025-08-25,-0.019107002862404077,0.022011166921824993,0.028847395093061355,0.006836228171236362,-0.3785802661908289,43.333333333333336,0.08527777427569967,2026-07-22
2025-08-26,0.03320880033208806,0.021548873391991744,0.026588543561299128,0.005039670169307384,-1.5944782216874749,41.66666666666667,0.08527777427569967,2026-07-22
2025-08-27,0.0030882150117230722,0.015369079388880132,0.023391310498401846,0.008022231109521714,0.5169830875054181,41.66666666666667,0.08527777427569967,2026-07-22
2025-08-28,0.004830282523702989,0.013692429805961002,0.019953107606510884,0.0062606778005498825,-0.7099342384990079,40.0,0.08527777427569967,2026-07-22
2025-08-29,0.0008031602869960075,0.013433589576298812,0.02135574345997409,0.007922153883675278,0.458427478370008,41.66666666666667,0.08527777427569967,2026-07-22
2025-09-03,-0.0005409550531741969,0.016907267833479265,0.02478678425051571,0.007879516417036447,0.4052311406427501,43.333333333333336,0.10712824789896884,2026-07-22
2025-09-04,0.008915719978588088,0.015261050959843524,0.02261763893290428,0.0073565879730607565,0.0326544377603668,43.333333333333336,0.10712824789896884,2026-07-22
2025-09-05,-0.01728478031468672,0.01821359618705462,0.024567820848914873,0.006354224661860253,-0.6698710566702696,41.66666666666667,0.10712824789896884,2026-07-22
2025-09-08,-0.025459366395316096,0.020895014370247354,0.028329177197731092,0.007434162827483739,0.11718798909802516,43.333333333333336,0.10712824789896884,2026-07-22
2025-09-09,0.007873046358023439,0.013920703883202244,0.020507927988050755,0.006587224104848511,-0.4890895756836826,41.66666666666667,0.10712824789896884,2026-07-22
2025-09-10,0.0036278797058608703,0.013306991609761577,0.019623080818407298,0.006316089208645721,-0.6983050597579795,41.66666666666667,0.13560689079446894,2026-07-22
2025-09-11,0.008817837712839172,0.016260745136645084,0.022439804881372104,0.00617905974472702,-0.8141117114110087,41.66666666666667,0.13560689079446894,2026-07-22
2025-09-12,0.005736691298446672,0.013448901476401395,0.020133434004865284,0.006684532528463889,-0.42167352729156343,41.66666666666667,0.13560689079446894,2026-07-22
2025-09-15,0.010580233436896513,0.015863976259192752,0.022524301899709564,0.006660325640516811,-0.447545070033085,41.66666666666667,0.13560689079446894,2026-07-22
2025-09-16,-0.002374028132233419,0.013012300582907626,0.019038590353096158,0.006026289770188532,-0.9095989127184965,41.66666666666667,0.13560689079446894,2026-07-22
2025-09-17,-0.005907549527039091,0.01370147563791815,0.019530226354747753,0.005828750716829603,-1.0404618100892893,41.66666666666667,0.09519465774218001,2026-07-22
2025-09-18,-0.0034650532325535277,0.010680190763996154,0.016124372132734613,0.005444181368738459,-1.2814526749155635,41.66666666666667,0.09519465774218001,2026-07-22
2025-09-19,-0.003939514046529591,0.012309589382562564,0.018513868506870076,0.006204279124307512,-0.7292619856900098,41.66666666666667,0.09519465774218001,2026-07-22
2025-09-22,-0.014572355331540554,0.015267817661047416,0.02067351038855597,0.005405692727508555,-1.2699374869919842,40.0,0.09519465774218001,2026-07-22
2025-09-23,0.0004955795527548101,0.010307930762852484,0.01728829768536974,0.006980366922517257,-0.12283735057995812,40.0,0.09519465774218001,2026-07-22
2025-09-24,0.0135758228049363,0.014210197666360079,0.019280545701502012,0.005070348035141933,-1.4771748733994616,40.0,0.09628817024551975,2026-07-22
2025-09-25,0.005206762154139399,0.01434954685281843,0.022183967585395044,0.007834420732576614,0.49336090991179715,41.66666666666667,0.09628817024551975,2026-07-22
2025-09-26,-0.003235119351295501,0.0135429004788789,0.02056096277938565,0.007018062300506748,-0.08783826028239378,41.66666666666667,0.09628817024551975,2026-07-22
2025-09-29,0.0034804600469682256,0.014694948706338692,0.020986617262873947,0.006291668556535256,-0.6035737325543986,41.66666666666667,0.09628817024551975,2026-07-22
2025-09-30,-0.0028683212519802215,0.01411478880088246,0.020760030591660573,0.006645241790778113,-0.32778355948700505,40.0,0.09628817024551975,2026-07-22
2025-10-01,0.0020160077029547363,0.010795066826247778,0.017628605083648278,0.0068335382574005,-0.18685947981880938,40.0,0.10413025215918599,2026-07-22
2025-10-02,-0.007411188853187589,0.013392570194027347,0.01938311496951493,0.0059905447754875826,-0.7715040210902115,38.333333333333336,0.10413025215918599,2026-07-22
2025-10-03,-0.004168910456159969,0.01363711392634918,0.019081786949155296,0.005444673022806115,-1.1881318220215042,38.333333333333336,0.10413025215918599,2026-07-22
2025-10-06,0.03018556099694991,0.021446911858949883,0.025795959796137472,0.00434904793718759,-1.956409672185148,38.333333333333336,0.10413025215918599,2026-07-22
2025-10-07,-0.006015924506045489,0.012613775414453831,0.01882692848243429,0.006213153067980459,-0.5854387454267956,38.333333333333336,0.10413025215918599,2026-07-22
2025-10-08,0.0074348780632527145,0.011854186717048052,0.017445393751397153,0.005591207034349101,-1.00694680555167,36.666666666666664,0.12652278318138468,2026-07-22
2025-10-09,0.010978719895395894,0.015810238793264243,0.020138396449973724,0.004328157656709481,-1.8829999899797587,35.0,0.12652278318138468,2026-07-22
2025-10-10,0.018106928754944684,0.01982127939276641,0.02393574203407323,0.0041144626413068194,-1.9398178698388284,35.0,0.12652278318138468,2026-07-22
2025-10-13,0.010054075705988375,0.019670468755842753,0.025177941033791146,0.005507472277948393,-0.9202739499638908,33.33333333333333,0.12652278318138468,2026-07-22
2025-10-14,-0.002300126903553301,0.015384961265351329,0.0212631895311382,0.005878228265786873,-0.6375673959554684,31.666666666666664,0.12652278318138468,2026-07-22
2025-10-15,-0.0017659818518391823,0.01318183046692678,0.01987485577246179,0.006693025305535009,-0.045240217291461875,30.0,0.09823005428913197,2026-07-22
2025-10-16,0.005062715094285908,0.014501457613178484,0.021767254590387815,0.0072657969772093305,0.362798760115141,31.666666666666664,0.09823005428913197,2026-07-22
2025-10-17,-0.02018281121770371,0.019214991154224866,0.025560183695794023,0.006345192541569157,-0.27210397044061624,30.0,0.09823005428913197,2026-07-22
2025-10-20,-0.054736915069980796,0.028674047346485567,0.03660229912050582,0.007928251774020251,0.8462623445588692,31.666666666666664,0.09823005428913197,2026-07-22
2025-10-21,0.016499330860470618,0.024394531624489627,0.03207665253320359,0.007682120908713962,0.6746445239645996,31.666666666666664,0.09823005428913197,2026-07-22
2025-10-22,0.009059593731025606,0.01727998674931124,0.02555277277200815,0.008272786022696911,1.0872171120907492,31.666666666666664,0.11328467278561316,2026-07-22
2025-10-23,0.005099791480488447,0.016413171656728336,0.02507481060789442,0.008661638951166083,1.3629620629988302,31.666666666666664,0.11328467278561316,2026-07-22
2025-10-24,-0.0022998589261792324,0.013201411201885963,0.020211591985662962,0.0070101807837769994,0.22822021379757707,31.666666666666664,0.11328467278561316,2026-07-22
2025-10-27,-0.01820363835121619,0.022973979266752334,0.030819691661990594,0.00784571239523826,0.9207474859225339,31.666666666666664,0.11328467278561316,2026-07-22
2025-10-28,0.016919408909920497,0.01767440591145402,0.023874768269124533,0.006200362357670512,-0.3374993396011337,30.0,0.11328467278561316,2026-07-22
2025-10-29,0.0031716750966974683,0.018376652456509157,0.027968336779945226,0.00959168432343607,2.2447768194942053,31.666666666666664,0.10343730195959636,2026-07-22
2025-10-30,-0.009645100632922676,0.017649545615636364,0.0264098511194491,0.008760305503812738,1.5435030683745503,33.33333333333333,0.10343730195959636,2026-07-22
2025-10-31,-0.017920781997759816,0.02188697891259415,0.028651444211115387,0.006764465298521236,0.004236160021213276,35.0,0.10343730195959636,2026-07-22
2025-11-03,-0.013813923703229425,0.02117898863560415,0.029512678383131645,0.008333689747527497,1.2112872054800017,36.666666666666664,0.10343730195959636,2026-07-22
2025-11-04,0.021632653061224527,0.023778781308660877,0.02955627187204912,0.005777490563388242,-0.7544307559285294,36.666666666666664,0.10343730195959636,2026-07-22
2025-11-05,0.0017615225365925635,0.016275639124453643,0.023678491343861872,0.007402852219408229,0.5121287397006239,36.666666666666664,0.1137347708372539,2026-07-22
2025-11-06,-0.007402304684903549,0.011948911098617721,0.017022998645624378,0.005074087547006657,-1.2571907637310944,36.666666666666664,0.1137347708372539,2026-07-22
2025-11-07,-0.026506112112209768,0.018753599684785852,0.02441181450129463,0.005658214816508779,-0.7885514649946291,35.0,0.1137347708372539,2026-07-22
2025-11-10,-0.011606528672378214,0.014067543857422527,0.019610967650688056,0.005543423793265528,-0.9212357843409535,35.0,0.1137347708372539,2026-07-22
2025-11-11,0.008269325673504024,0.01355380797636464,0.019395040992839934,0.005841233016475295,-0.6532138657336881,33.33333333333333,0.1137347708372539,2026-07-22
2025-11-12,0.02400210842050443,0.017524229663553652,0.022079630271282694,0.004555400607729042,-1.7100921599003975,31.666666666666664,0.11338543272109602,2026-07-22
2025-11-13,-0.0002573750199158509,0.011437908059786341,0.017690251359197523,0.006252343299411182,-0.23350309589057414,30.0,0.11338543272109602,2026-07-22
2025-11-14,0.002464080812043301,0.01050340738028808,0.018049165762868684,0.007545758382580604,0.8595665680106329,31.666666666666664,0.11338543272109602,2026-07-22
2025-11-17,0.011593068616780666,0.014015404136111643,0.02076893238643143,0.006753528250319786,0.17007116033185357,33.33333333333333,0.11338543272109602,2026-07-22
2025-11-18,0.003324427896181037,0.011548312218264061,0.017116198984271812,0.005567886766007751,-0.8268911607255424,33.33333333333333,0.11338543272109602,2026-07-22
2025-11-19,-0.006578630295435928,0.01173259739070094,0.019334044061303717,0.007601446670602778,0.9022374454558724,35.0,0.09311981143567155,2026-07-22
2025-11-20,0.004238932686476682,0.012563383850441555,0.018850741089510938,0.006287357239069383,-0.23975765417015427,35.0,0.09311981143567155,2026-07-22
2025-11-21,-0.000640100483698558,0.010467645888757237,0.017408989299745638,0.0069413434109884,0.3459154922390355,35.0,0.09311981143567155,2026-07-22
2025-11-24,0.007885529901566768,0.01640608373228754,0.024430285757437,0.00802420202514946,1.2523231462469215,36.666666666666664,0.09311981143567155,2026-07-22
2025-11-25,-0.004568400100720682,0.01581274201035007,0.024228385431866045,0.008415643421515975,1.568183902052561,36.666666666666664,0.09311981143567155,2026-07-22
2025-11-26,0.012045580476523154,0.014315589549753835,0.021102960145040397,0.006787370595286562,0.19157231989601461,36.666666666666664,0.09202573534747564,2026-07-22
2025-11-27,0.002356637863315081,0.012429743556650934,0.02183694585808986,0.009407202301438926,2.3223798565703007,36.666666666666664,0.09202573534747564,2026-07-22
2025-11-28,0.003960055096418724,0.01476490152607656,0.02457138966064399,0.00980648813456743,2.4657211825085583,38.333333333333336,0.09202573534747564,2026-07-22
2025-12-01,0.006315826823340309,0.015362125647793327,0.021489722668042055,0.006127597020248728,-0.3987469117550069,36.666666666666664,0.09202573534747564,2026-07-22
2025-12-02,0.009044056720750815,0.015396442465973529,0.022805917768597056,0.007409475302623527,0.594313212849719,38.333333333333336,0.09202573534747564,2026-07-22
2025-12-03,0.008566969121638124,0.014168029591315138,0.022756297004868323,0.008588267413553185,1.4599310361417759,40.0,0.0460620167693845,2026-07-22
2025-12-04,0.0031586180612899195,0.013565260873492494,0.02361235398555944,0.010047093112066944,2.4046129563633847,41.66666666666667,0.0460620167693845,2026-07-22
2025-12-05,0.002348552876977328,0.015009486534793599,0.022875177038611996,0.007865690503818397,0.7940582922923388,43.333333333333336,0.0460620167693845,2026-07-22
2025-12-08,0.00713252015712218,0.01868192294166885,0.024898690002973813,0.006216767061304963,-0.39681171997705916,43.333333333333336,0.0460620167693845,2026-07-22
2025-12-09,-0.003746279380067663,0.013292831498263153,0.02056672207021454,0.007273890571951389,0.3548462210453065,45.0,0.0460620167693845,2026-07-22
2025-12-10,-0.016134663484377643,0.020201937967406634,0.02852189326127937,0.008319955293872736,1.0775641938912717,46.666666666666664,0.04607034398272134,2026-07-22
2025-12-11,-0.01168134591443759,0.015188600898044358,0.022376761194544483,0.0071881602965001255,0.24191829375056456,48.333333333333336,0.04607034398272134,2026-07-22
2025-12-12,-0.030613926658425994,0.021190635955858846,0.02671746970550968,0.005526833749650833,-0.9527023805282846,48.333333333333336,0.04607034398272134,2026-07-22
2025-12-15,-0.000534340484185436,0.013880735822909397,0.021941958927730595,0.008061223104821198,0.8506464723490109,50.0,0.04607034398272134,2026-07-22
2025-12-16,0.02015176092490334,0.018111909861278475,0.024544388337019416,0.006432478475740942,-0.32394254126441785,50.0,0.04607034398272134,2026-07-22
2025-12-17,-0.0032873188103716977,0.013766217115978656,0.02209125035620837,0.008325033240229715,1.0145742280334078,51.66666666666667,0.061425410319937375,2026-07-22
2025-12-18,0.0019836764934335616,0.012332813079313134,0.02096239109052651,0.008629578011213376,1.2157819777908656,51.66666666666667,0.061425410319937375,2026-07-22
2025-12-19,0.016297153215899973,0.021174127050151766,0.02722737518060165,0.006053248130449884,-0.6319347482855663,51.66666666666667,0.061425410319937375,2026-07-22
2025-12-22,0.027412853295468498,0.02390872718450824,0.029053106630848393,0.005144379446340153,-1.257449035328298,51.66666666666667,0.061425410319937375,2026-07-22
2025-12-23,0.012061472390535899,0.02113394222948593,0.027690413962868622,0.006556471733382693,-0.2516507669153814,51.66666666666667,0.061425410319937375,2026-07-22
2025-12-24,0.006020935022430285,0.01482988734808499,0.0224790197865446,0.00764913243845961,0.5147448752195988,53.333333333333336,0.0508878657838865,2026-07-22
2025-12-25,-0.022419537586520266,0.01978580641533083,0.02500464390840593,0.005218837493075102,-1.1906822727655981,53.333333333333336,0.0508878657838865,2026-07-22
2025-12-26,-0.007487735605473778,0.013212784806757402,0.019565876209014933,0.006353091402257531,-0.40638681673894816,53.333333333333336,0.0508878657838865,2026-07-22
2025-12-29,0.014475661926234284,0.018118945225976752,0.023276879353734382,0.00515793412775763,-1.2829641463948094,53.333333333333336,0.0508878657838865,2026-07-22
2025-12-30,0.006872421417337238,0.01343896393536806,0.019829151815774694,0.006390187880406633,-0.398151035029453,53.333333333333336,0.0508878657838865,2026-07-22
2025-12-31,0.009955288924104355,0.017598790153299754,0.02315599618742704,0.005557206034127286,-0.9977538028967707,53.333333333333336,0.038114413589991895,2026-07-22
2026-01-05,0.002191102219681884,0.018002700855211242,0.026899350763800147,0.008896649908588905,1.3739552555232086,55.00000000000001,0.038114413589991895,2026-07-22
2026-01-06,0.015583762021919023,0.02054418261130355,0.026670595415856698,0.0061264128045531475,-0.701680132939339,55.00000000000001,0.038114413589991895,2026-07-22
2026-01-07,0.024946731488159735,0.02273585765897841,0.02928891446268138,0.006553056803702967,-0.39551721603052636,55.00000000000001,0.038114413589991895,2026-07-22
2026-01-08,-0.003233812138076275,0.014478719495060534,0.021956794610407053,0.0074780751153465195,0.2949388543134842,56.666666666666664,0.038114413589991895,2026-07-22
2026-01-09,0.0066502834723749515,0.02373065665041702,0.033900513960811056,0.010169857310394034,2.226971584342654,58.333333333333336,0.04029093859517117,2026-07-22
2026-01-12,0.0050484501311631735,0.02150696448014055,0.0303407297479965,0.00883376526785595,1.2058472665368807,58.333333333333336,0.04029093859517117,2026-07-22
2026-01-13,0.013636387848700027,0.020130966739243725,0.026034304178070865,0.005903337438827139,-0.9214472368364965,58.333333333333336,0.04029093859517117,2026-07-22
2026-01-14,-0.004461540886948057,0.020280981885707476,0.03139661818734991,0.011115636301642431,2.654218781199265,58.333333333333336,0.04029093859517117,2026-07-22
2026-01-15,-0.015645784506239324,0.024862037269405928,0.03607402333317575,0.01121198606376982,2.52980865289225,58.333333333333336,0.04029093859517117,2026-07-22
2026-01-16,0.007684470184470271,0.01872341047861502,0.02665177431345401,0.00792836383483899,0.41930279203086945,58.333333333333336,0.04210563792881796,2026-07-22
2026-01-19,0.009291533848110545,0.018368932338427835,0.02607637907516451,0.007707446736736675,0.2887703565877188,58.333333333333336,0.04210563792881796,2026-07-22
2026-01-20,-0.001481606462124141,0.018174253674355257,0.028276512486468723,0.010102258812113466,1.7618237977757896,58.333333333333336,0.04210563792881796,2026-07-22
2026-01-21,-0.004403890631435536,0.017176060904536616,0.025277050402797756,0.00810098949826114,0.493885334132731,58.333333333333336,0.04210563792881796,2026-07-22
2026-01-22,-0.0014373302783435848,0.018660448248661695,0.02822588116558127,0.009565432916919574,1.366328628857433,60.0,0.04210563792881796,2026-07-22
2026-01-23,-0.006341854647241019,0.016829905390361145,0.02483231038374,0.008002404993378856,0.4143106849326041,60.0,0.03596019516032858,2026-07-22
2026-01-26,-0.014469822909038421,0.019264769853318642,0.026722188160540186,0.007457418307221544,0.08351043275206281,60.0,0.03596019516032858,2026-07-22
2026-01-27,-0.007170286160588346,0.01779246645826295,0.02582554832969696,0.00803308187143401,0.4368602609682208,60.0,0.03596019516032858,2026-07-22
2026-01-28,-0.0150723845943731,0.02161744830607344,0.029106553262018595,0.007489104955945156,0.09948606489524259,60.0,0.03596019516032858,2026-07-22
2026-01-29,0.006694732404834314,0.016190106564311885,0.025034564046604868,0.008844457482292983,0.9344025079474233,61.66666666666667,0.03596019516032858,2026-07-22
2026-01-30,0.0077466418362737155,0.015957774247855244,0.030032475905458923,0.014074701657603678,3.6853000115331502,61.66666666666667,0.021665805126903397,2026-07-22
2026-02-02,-0.012323404627564205,0.021531353167434913,0.030140142743370492,0.008608789575935579,0.5981877201458444,63.33333333333333,0.021665805126903397,2026-07-22
2026-02-03,0.0038195405480210276,0.01600966749890302,0.024310349297350244,0.008300681798447222,0.4018148841358848,65.0,0.021665805126903397,2026-07-22
2026-02-04,-0.01211536340575714,0.018967671456090223,0.02544863929163099,0.006480967835540766,-0.6543169548610878,65.0,0.021665805126903397,2026-07-22
2026-02-05,-0.004951351713435748,0.015667549500235176,0.022141817976175062,0.0064742684759398865,-0.667774920989495,65.0,0.021665805126903397,2026-07-22
2026-02-06,-0.015186024593842551,0.017113446045709458,0.023898686885262532,0.006785240839553074,-0.5221604340087055,65.0,0.024165883714361305,2026-07-22
2026-02-09,-0.0003816598214744227,0.01209122447390454,0.02043015146013264,0.008338926986228101,0.38416260449134576,66.66666666666666,0.024165883714361305,2026-07-22
2026-02-10,-0.00045018862333456866,0.014327895463393957,0.024307662262042274,0.009979766798648317,1.3214492302298673,66.66666666666666,0.024165883714361305,2026-07-22
2026-02-11,0.024412353266477727,0.019005777294301772,0.02444431831315404,0.0054385410188522686,-1.3252835279332325,65.0,0.024165883714361305,2026-07-22
2026-02-12,0.009594568272254245,0.014425282738194009,0.02367929185314366,0.009254009114949653,0.8658346978444533,66.66666666666666,0.024165883714361305,2026-07-22
2026-02-13,0.005512405668957943,0.012593549881735078,0.019403339253447893,0.006809789371712815,-0.5577888558080545,65.0,0.03961723787348127,2026-07-22
2026-02-23,0.0197632792241611,0.018278325770206296,0.024411765943596564,0.006133440173390268,-0.9504237393441438,65.0,0.03961723787348127,2026-07-22
2026-02-24,0.0040212027051726995,0.014247667259419491,0.021613108870315163,0.007365441610895671,-0.23556947121874405,63.33333333333333,0.03961723787348127,2026-07-22
2026-02-25,-0.0035928079587923545,0.014455490994469666,0.022641798810719833,0.008186307816250167,0.2427767927845652,63.33333333333333,0.03961723787348127,2026-07-22
2026-02-26,0.010064968214475778,0.017746462204353962,0.024562368811319485,0.006815906606965523,-0.5420166789336337,61.66666666666667,0.03961723787348127,2026-07-22
2026-02-27,0.0003670915707261191,0.016231655155939415,0.025905998974788326,0.00967434381884891,1.0902724237093104,61.66666666666667,0.04260477460549424,2026-07-22
2026-03-02,-0.018204251381406467,0.029410768758642545,0.04209251572985406,0.012681746971211518,2.6465161046146037,61.66666666666667,0.04260477460549424,2026-07-22
2026-03-03,-0.01785385407074358,0.025155301554371592,0.03674113480944858,0.011585833255076988,1.9802936771711845,61.66666666666667,0.04260477460549424,2026-07-22
2026-03-04,0.0028293457758363783,0.023487329744198843,0.03189908130157191,0.008411751557373066,0.2671974688721265,63.33333333333333,0.04260477460549424,2026-07-22
2026-03-05,-0.005367739664626225,0.01933138874647511,0.02891244547277345,0.009581056726298342,0.8711856430323507,63.33333333333333,0.04260477460549424,2026-07-22
2026-03-06,-0.02248812558404434,0.02152526650169395,0.028772901082464965,0.007247634580771014,-0.36387961910710137,61.66666666666667,0.0361780478719103,2026-07-22
2026-03-09,-0.06507941895194136,0.020710925310351277,0.03350186789972467,0.01279094258937339,2.4628823418551025,61.66666666666667,0.0361780478719103,2026-07-22
2026-03-10,0.014484598769353596,0.027394323674576247,0.037183437293695755,0.009789113619119508,0.905127409336101,61.66666666666667,0.0361780478719103,2026-07-22
2026-03-11,0.030780149457575012,0.021918732146046085,0.029648759200560548,0.007730027054514463,-0.15418984200537886,61.66666666666667,0.0361780478719103,2026-07-22
2026-03-12,-0.01083698809262068,0.01964792229705144,0.02958845765652623,0.00994053535947479,0.9470782188451378,61.66666666666667,0.0361780478719103,2026-07-22
2026-03-13,-0.007820497072431709,0.018964107992653485,0.02901988845569804,0.010055780463044554,0.982769629856483,61.66666666666667,0.14935485899110595,2026-07-22
2026-03-16,-0.0017863038249303909,0.016826317683192347,0.027348670376800416,0.010522352693608069,1.1776832027097366,61.66666666666667,0.14935485899110595,2026-07-22
2026-03-17,0.010087348881709923,0.01913827046117117,0.028675871117078196,0.009537600655907027,0.6607484839462857,63.33333333333333,0.14935485899110595,2026-07-22
2026-03-18,0.0020698244157424384,0.017148327873557818,0.02802586575481596,0.010877537881258142,1.293822138939792,63.33333333333333,0.14935485899110595,2026-07-22
2026-03-19,-0.008577280126967013,0.014875579368487912,0.02219010463171389,0.00731452526322598,-0.4868845385521034,63.33333333333333,0.14935485899110595,2026-07-22
2026-03-20,-0.03020369247791521,0.02667503218731169,0.03275784830820533,0.00608281612089364,-1.0727983628679783,61.66666666666667,0.1371247796569945,2026-07-22
2026-03-23,-0.034372894933275,0.023026367937852055,0.02899252759424969,0.005966159656397636,-1.0973106779126,60.0,0.1371247796569945,2026-07-22
2026-03-24,0.014831853290345975,0.017925627071221677,0.024482569303575237,0.00655694223235356,-0.8153459462986913,60.0,0.1371247796569945,2026-07-22
2026-03-25,0.02688927834923871,0.019540688851332377,0.026125371500060546,0.00658468264872817,-0.8250918754578855,60.0,0.1371247796569945,2026-07-22
2026-03-26,-0.008177591228990644,0.014533444972450649,0.023008626454628377,0.008475181482177728,0.10207815847154737,61.66666666666667,0.1371247796569945,2026-07-22
2026-03-27,0.01712847266558426,0.017953242979273993,0.025112972366358628,0.007159729387084635,-0.5526070458090458,60.0,0.18978247178534072,2026-07-22
2026-03-30,-0.00613342898134861,0.015593750378400311,0.024763421051798015,0.009169670673397703,0.4287159942495035,61.66666666666667,0.18978247178534072,2026-07-22
2026-03-31,0.0071877969853357815,0.01614704774825711,0.023826561914042445,0.007679514165785335,-0.34549867346660207,61.66666666666667,0.18978247178534072,2026-07-22
2026-04-01,0.016984275809351024,0.019723444262350898,0.027215392864049757,0.007491948601698859,-0.4721566762541054,61.66666666666667,0.18978247178534072,2026-07-22
2026-04-02,-0.004762380133064847,0.013863143691444287,0.021845310214990987,0.0079821665235467,-0.23056921785910467,61.66666666666667,0.18978247178534072,2026-07-22
2026-04-03,-0.006360557463329419,0.013498130490711987,0.01945838162540856,0.005960251134696571,-1.3132556779413191,61.66666666666667,0.1735256699550855,2026-07-22
2026-04-06,-0.005373981615638512,0.017199383786559875,0.025512087359618695,0.00831270357305882,-0.05396365535993491,60.0,0.1735256699550855,2026-07-22
2026-04-07,0.0015223971486397758,0.0132524225300041,0.022291455053520683,0.009039032523516583,0.3113273954786524,61.66666666666667,0.1735256699550855,2026-07-22
2026-04-08,0.04709872789918568,0.025518290304398655,0.03149571073712276,0.005977420432724107,-1.3282681657937538,61.66666666666667,0.1735256699550855,2026-07-22
2026-04-09,-0.011311946713728593,0.015479166539584364,0.0219637079610635,0.0064845414214791345,-1.0399167743487032,60.0,0.1735256699550855,2026-07-22
2026-04-10,0.007669806757721664,0.014822446979602376,0.021047761402153614,0.006225314422551238,-1.1385702697847173,58.333333333333336,0.19511857397064922,2026-07-22
2026-04-13,0.005120000000000013,0.012968208827171672,0.019625249284815745,0.006657040457644073,-0.8846135952974227,56.666666666666664,0.19511857397064922,2026-07-22
2026-04-14,0.00948856142265897,0.014142687736989144,0.019090300389459726,0.004947612652470582,-1.755029010679548,56.666666666666664,0.19511857397064922,2026-07-22
2026-04-15,0.014079351223495573,0.021564562972942007,0.0261691476258972,0.004604584652955192,-1.8548497976541705,55.00000000000001,0.19511857397064922,2026-07-22
2026-04-16,0.010651709105045315,0.018865763101060862,0.024798791800521327,0.005933028699460465,-1.1371170978543066,53.333333333333336,0.19511857397064922,2026-07-22
2026-04-17,-0.0014616749916199767,0.012032504188170598,0.01950429857865878,0.007471794390488182,-0.33345391370704597,51.66666666666667,0.2129612086917392,2026-07-22
2026-04-20,0.010973106533785915,0.016146099878060444,0.020909390803764662,0.004763290925704218,-1.6726836868010422,50.0,0.2129612086917392,2026-07-22
2026-04-21,-0.00197592958505477,0.01330648253843597,0.02125805536215049,0.00795157282371452,-0.03973710887768439,48.333333333333336,0.2129612086917392,2026-07-22
2026-04-22,0.01299168793769212,0.0197640603731845,0.02487399872934808,0.005109938356163579,-1.4407041701967815,46.666666666666664,0.2129612086917392,2026-07-22
2026-04-23,0.007031712701232928,0.018723579913196002,0.025507840789198825,0.006784260876002823,-0.5783006002653892,45.0,0.2129612086917392,2026-07-22
2026-04-24,-0.009126585256314268,0.015510158819162928,0.02285882186391456,0.007348663044751631,-0.2885007992033338,43.333333333333336,0.09248004975156224,2026-07-22
2026-04-28,0.012167550680141748,0.023616039774229082,0.03048370943816332,0.006867669663934237,-0.5245092630854745,41.66666666666667,0.09248004975156224,2026-07-22
2026-04-29,-0.011589474582053949,0.019071880532277846,0.026808646967104784,0.007736766434826937,-0.08567926014276638,40.0,0.09248004975156224,2026-07-22
2026-05-04,-2.1573809395381005e-05,0.013776756734515339,0.023897300569804405,0.010120543835289066,1.0785250843295908,40.0,0.09248004975156224,2026-07-22
2026-05-05,0.011213229345328646,0.01961500647034325,0.02400826161135334,0.004393255141010088,-1.6917278540761624,38.333333333333336,0.09248004975156224,2026-07-22
2026-05-06,0.008720697655812515,0.014180203101142472,0.02025325432206281,0.006073051220920337,-0.8772523749610371,36.666666666666664,0.09844870597308536,2026-07-22
2026-05-07,0.00941730118443318,0.018640328306637217,0.024610739124417618,0.005970410817780401,-0.9032578808177484,35.0,0.09844870597308536,2026-07-22
2026-05-08,0.003331569766528153,0.015231648890689453,0.024031982052745704,0.00880033316205625,0.5693787974610808,35.0,0.09844870597308536,2026-07-22
2026-05-11,-0.010373974741172631,0.01588868091835973,0.023730228185810824,0.007841547267451093,0.057953332687928794,36.666666666666664,0.09844870597308536,2026-07-22
2026-05-12,0.002954365602743314,0.01321703907149722,0.02338504882944696,0.010168009757949742,1.2310332545797555,38.333333333333336,0.09844870597308536,2026-07-22
2026-05-13,-0.0014360107306296,0.014228292101067777,0.02262280499879236,0.008394512897724584,0.2986155362440209,40.0,0.03278790596952153,2026-07-22
2026-05-14,0.014270137012279083,0.01720345182414514,0.021855219274504113,0.004651767450358973,-1.577999849200162,38.333333333333336,0.03278790596952153,2026-07-22
2026-05-15,-0.002004715756234954,0.013711791386864543,0.024302397166162917,0.010590605779298374,1.4245474936692115,38.333333333333336,0.03278790596952153,2026-07-22
2026-05-18,0.0032993338884264034,0.015442611385800756,0.022695182333435218,0.007252570947634462,-0.27846951690622496,38.333333333333336,0.03278790596952153,2026-07-22
2026-05-19,-0.007785511997261296,0.015817379097858183,0.025699216505800322,0.00988183740794214,1.0531546296518657,38.333333333333336,0.03278790596952153,2026-07-22
2026-05-20,0.00015682748453937911,0.018427481197335137,0.031519459452918494,0.013091978255583357,2.4914474443551824,40.0,0.025970177474328515,2026-07-22
2026-05-21,-0.008540530934597501,0.016761874042378857,0.025267767684146056,0.008505893641767199,0.26761424951326535,41.66666666666667,0.025970177474328515,2026-07-22
2026-05-22,-0.010417051067800442,0.017617273842529906,0.028589409039261524,0.010972135196731618,1.408155540218309,43.333333333333336,0.025970177474328515,2026-07-22
2026-05-25,0.004741280571936901,0.0157941071021867,0.025590006563615503,0.009795899461428805,0.8307349376235448,43.333333333333336,0.025970177474328515,2026-07-22
2026-05-26,-0.0009808963802272475,0.012822590716939055,0.02077342226532946,0.007950831548390404,-0.05115978044880536,43.333333333333336,0.025970177474328515,2026-07-22
2026-05-27,-0.0051746648409387586,0.014017220467699407,0.03365842977720398,0.01964120930950457,4.4288515865032645,43.333333333333336,0.005700697783983369,2026-07-22
2026-05-28,-0.005740411751839258,0.013325166625087051,0.02192303452349976,0.008597867898412707,0.175677736945248,43.333333333333336,0.005700697783983369,2026-07-22
2026-05-29,-9.658362263709197e-05,0.01543052859032184,0.03391791026310344,0.0184873816727816,3.634145881445033,43.333333333333336,0.005700697783983369,2026-07-22
2026-06-01,-0.010169091328636082,0.01799807339103606,0.026514578295853283,0.008516504904817222,0.08644635215888409,43.333333333333336,0.005700697783983369,2026-07-22
2026-06-02,-0.009796480423303389,0.016775608509791887,0.026724769986015647,0.00994916147622376,0.5932035468951863,43.333333333333336,0.005700697783983369,2026-07-22
2026-06-03,-0.0040843813476268975,0.01562330108132324,0.024554541756426115,0.008931240675102875,0.22171832928608443,45.0,0.0049250845910889995,2026-07-22
2026-06-04,0.006893859846839767,0.016498567355601908,0.026354605369489595,0.009856038013887687,0.5791251172783689,45.0,0.0049250845910889995,2026-07-22
2026-06-05,0.004012994458245878,0.015543083295750125,0.027818702149905856,0.01227561885415573,1.4198811444195754,45.0,0.0049250845910889995,2026-07-22
2026-06-08,-0.026303768557289775,0.02150338876228906,0.029183894974899163,0.007680506212610103,-0.2210301241065242,45.0,0.0049250845910889995,2026-07-22
2026-06-09,0.0014074045115133327,0.012205240790311574,0.022452077760660154,0.01024683697034858,0.6928739885494991,45.0,0.0049250845910889995,2026-07-22
2026-06-10,0.005945177212013153,0.01376056944309775,0.023897545759240742,0.010136976316142993,0.6529968787218582,45.0,0.006238449248864007,2026-07-22
2026-06-11,-0.002827505530268226,0.012374817122524938,0.020852070916969775,0.008477253794444837,0.07367441275778593,45.0,0.006238449248864007,2026-07-22
2026-06-12,-0.00386965490017277,0.012569539965157408,0.028483292421424448,0.01591375245626704,2.550348389877618,45.0,0.006238449248864007,2026-07-22
2026-06-15,0.00427538860826604,0.013994398147574015,0.02086653355306857,0.006872135405494554,-0.4890749521092465,43.333333333333336,0.006238449248864007,2026-07-22
2026-06-16,0.004796283019601999,0.012324159831632755,0.020407969829671822,0.008083809998039067,-0.08173467971944748,43.333333333333336,0.006238449248864007,2026-07-22
2026-06-17,-0.0009624213192915843,0.010986238295507555,0.01850055505053413,0.007514316755026576,-0.28479835007979964,43.333333333333336,0.007586406379836418,2026-07-22
2026-06-18,0.013437050160558073,0.02020324147713545,0.02525913373082639,0.005055892253690939,-1.1138344483301976,43.333333333333336,0.007586406379836418,2026-07-22
2026-06-19,-0.003245068206526258,0.011574128305360875,0.02305973214685282,0.011485603841491946,1.037279330969929,45.0,0.007586406379836418,2026-07-22
2026-06-22,0.0182951225795136,0.022800718616914194,0.026991732761108,0.004191014144193806,-1.394093760217584,45.0,0.007586406379836418,2026-07-22
2026-06-23,0.005990602343493467,0.01763474237934292,0.0240141760597904,0.00637943368044748,-0.6509019104022318,43.333333333333336,0.007586406379836418,2026-07-22
2026-06-24,0.004804605572914511,0.013658043333745443,0.02114846062615324,0.007490417292407799,-0.28408677560609363,43.333333333333336,0.00647738545928362,2026-07-22
2026-06-25,-0.007960511602645326,0.013453365996548127,0.019518927149586,0.006065561153037875,-0.7372222098754173,41.66666666666667,0.00647738545928362,2026-07-22
2026-06-26,0.004744856607642234,0.014775014163224328,0.02443715198370373,0.009662137820479403,0.4411606030240569,43.333333333333336,0.00647738545928362,2026-07-22
2026-06-29,-0.009049580375124933,0.01738351661172407,0.023859086904890997,0.006475570293166928,-0.6045831881617397,43.333333333333336,0.00647738545928362,2026-07-22
2026-06-30,0.0027170250731818335,0.011249717563917091,0.01901017489276254,0.0077604573288454475,-0.17986237393003396,43.333333333333336,0.00647738545928362,2026-07-22
2026-07-01,0.0038709469303928046,0.011859049390338718,0.01905532485823225,0.007196275467893533,-0.3740415786269855,43.333333333333336,0.005712494109988525,2026-07-22
2026-07-02,-0.00046058022397055254,0.010735602889667623,0.023922208581427466,0.013186605691759843,1.5478809340409319,45.0,0.005712494109988525,2026-07-22
2026-07-03,-0.0022878881238781457,0.011961525005384676,0.01902259460976369,0.007061069604379015,-0.42515759939761244,43.333333333333336,0.005712494109988525,2026-07-22
2026-07-06,-0.00997808901873165,0.014078922859905234,0.01994668999718983,0.005867767137284596,-0.8102594256194319,43.333333333333336,0.005712494109988525,2026-07-22
2026-07-07,0.0025766205587198776,0.011915180927500406,0.01910964963431608,0.007194468706815676,-0.3857993086659621,43.333333333333336,0.005712494109988525,2026-07-22
2026-07-08,0.0029487352901393926,0.013246949233445299,0.03270454544721142,0.019457596213766123,3.203583017400558,45.0,0.008470248911494655,2026-07-22
2026-07-09,-0.007013001024977039,0.012823055469082004,0.0200329388064201,0.007209883337338097,-0.41534694266599276,45.0,0.008470248911494655,2026-07-22
2026-07-10,-0.006714836746889885,0.013606987285767452,0.0223768993706543,0.008769912084886849,0.027265511566608214,46.666666666666664,0.008470248911494655,2026-07-22
2026-07-13,-0.015205049389063308,0.01576273493992006,0.02138388778998114,0.005621152850061081,-0.9232667277050584,46.666666666666664,0.008470248911494655,2026-07-22
2026-07-14,0.0033823186377421877,0.012291023616996063,0.019489413810219368,0.007198390193223304,-0.4578435759657428,46.666666666666664,0.008470248911494655,2026-07-22
2026-07-15,-0.01356669600305549,0.014303258137017289,0.01968945388346987,0.00538619574645258,-0.9866690575825253,46.666666666666664,0.013565030615790561,2026-07-22
2026-07-16,0.01241218324243043,0.01750341587344818,0.022919465742025743,0.005416049868577563,-0.9845069209609585,46.666666666666664,0.013565030615790561,2026-07-22
2026-07-17,-0.009305857313882782,0.01445400549913085,0.02095805421340024,0.0065040487142693885,-0.6482807719385532,46.666666666666664,0.013565030615790561,2026-07-22
2026-07-20,-0.024582505804358168,0.022177592514369092,0.027468802857970914,0.005291210343601822,-1.013391544284717,46.666666666666664,0.013565030615790561,2026-07-22
2026-07-21,-0.007427545583334805,0.016306261640490614,0.024375680896659063,0.008069419256168449,-0.18742317354357,46.666666666666664,0.013565030615790561,2026-07-22
